2000000000,32,0,0
2000000000,33,0,0
2000000000,34,0,0
2000000000,35,0,0
2000000000,36,0,0
2000000000,37,0,0
2000000000,38,0,0
2000000000,39,0,0
2000000000,40,0,0
2000000000,41,0,0
2000000000,42,0,0
2000000000,43,0,0
2000000000,44,0,0
2000000000,45,0,0
2000000000,46,0,0
2000000000,47,0,0
2000000000,48,0,0
2000000000,49,0,0
2000000000,50,0,0
2000000000,51,0,0
2000000000,52,0,0
2000000000,53,0,0
2000000000,54,0,0
2000000000,55,0,0
2000000000,56,0,0
2000000000,57,0,0
2000000000,58,0,0
2000000000,59,0,0
2000000000,60,0,0
2000000000,61,0,0
2000000000,62,0,0
2000000000,63,0,0
2000000000,64,0,0
2000000000,65,0,0
2000000000,66,0,0
2000000000,67,0,0
2000000000,68,0,0
2000000000,69,0,0
2000000000,70,0,0
2000000000,71,0,0
2000000000,72,0,0
2000000000,73,0,0
2000000000,74,0,0
2000000000,75,0,0
2000000000,76,0,0
2000000000,77,0,0
2000000000,78,0,0
2000000000,79,0,0
2000000000,80,0,0
2000000000,81,0,0
2000000000,82,0,0
2000000000,83,0,0
2000000000,84,0,0
2000000000,85,0,0
2000000000,86,0,0
2000000000,87,0,0
2000000000,88,0,0
2000000000,89,0,0
2000000000,90,0,0
2000000000,91,0,0
2000000000,92,0,0
2000000000,93,0,0
2000000000,94,0,0
2000000000,95,0,0
2000000000,96,0,0
2000000000,97,0,0
2000000000,98,0,0
2000000000,99,0,0
2000000000,100,0,0
2000000000,101,0,0
2000000000,102,0,0
2000000000,103,0,0
2000000000,104,0,0
2000000000,105,0,0
2000000000,106,0,0
2000000000,107,0,0
2000000000,108,0,0
2000000000,109,0,0
2000000000,110,0,0
2000000000,111,0,0
2000000000,112,0,0
2000000000,113,0,0
2000000000,114,0,0
2000000000,115,0,0
2000000000,116,0,0
2000000000,117,0,0
2000000000,118,0,0
2000000000,119,0,0
2000000000,120,0,0
2000000000,121,0,0
2000000000,122,0,0
2000000000,123,0,0
2000000000,124,0,0
2000000000,125,0,0
2000000000,126,0,0
2000000000,127,0,0
2000000000,128,0,0
2000000000,129,0,0
2000000000,130,0,0
2000000000,131,0,0
2000000000,132,0,0
2000000000,133,0,0
2000000000,134,0,0
2000000000,135,0,0
2000000000,136,0,0
2000000000,137,0,0
2000000000,138,0,0
2000000000,139,0,0
2000000000,140,0,0
2000000000,141,0,0
2000000000,142,0,0
2000000000,143,0,0
2000000000,144,0,0
2000000000,145,0,0
2000000000,146,0,0
2000000000,147,0,0
2000000000,148,0,0
2000000000,149,0,0
2000000000,150,0,0
2000000000,151,0,0
2000000000,152,0,0
2000000000,153,0,0
2000000000,154,0,0
2000000000,155,0,0
2000000000,156,0,0
2000000000,157,0,0
2000000000,158,0,0
2000000000,159,0,0
2000000000,160,0,0
2000000000,161,0,0
2000000000,162,0,0
2000000000,163,0,0
2000000000,164,0,0
2000000000,165,0,0
2000000000,166,0,0
2000000000,167,0,0
2000000000,168,0,0
2000000000,169,0,0
2000000000,170,0,0
2000000000,171,0,0
2000000000,172,0,0
2000000000,173,0,0
2000000000,174,0,0
2000000000,175,0,0
2000000000,176,0,0
2000000000,177,0,0
2000000000,178,0,0
2000000000,179,0,0
2000000000,180,0,0
2000000000,181,0,0
2000000000,182,0,0
2000000000,183,0,0
2000000000,184,0,0
2000000000,185,0,0
2000000000,186,0,0
2000000000,187,0,0
2000000000,188,0,0
2000000000,189,0,0
2000000000,190,0,0
2000000000,191,0,0
2000000000,192,0,0
2000000000,193,0,0
2000000000,194,0,0
2000000000,195,0,0
2000000000,196,0,0
2000000000,197,0,0
2000000000,198,0,0
2000000000,199,0,0
2000000000,200,0,0
2000000000,201,0,0
2000000000,202,0,0
2000000000,203,0,0
2000000000,204,0,0
2000000000,205,0,0
2000000000,206,0,0
2000000000,207,0,0
2000000000,208,0,0
2000000000,209,0,0
2000000000,210,0,0
2000000000,211,0,0
2000000000,212,0,0
2000000000,213,0,0
2000000000,214,0,0
2000000000,215,0,0
2000000000,216,0,0
2000000000,217,0,0
2000000000,218,0,0
2000000000,219,0,0
2000000000,220,0,0
2000000000,221,0,0
2000000000,222,0,0
2000000000,223,0,0
2000000000,224,0,0
2000000000,225,0,0
2000000000,226,0,0
2000000000,227,0,0
2000000000,228,0,0
2000000000,229,0,0
2000000000,230,0,0
2000000000,231,0,0
2000000000,232,0,0
2000000000,233,0,0
2000000000,234,0,0
2000000000,235,0,0
2000000000,236,0,0
2000000000,237,0,0
2000000000,238,0,0
2000000000,239,0,0
2000000000,240,0,0
2000000000,241,0,0
2000000000,242,0,0
2000000000,243,0,0
2000000000,244,0,0
2000000000,245,0,0
2000000000,246,0,0
2000000000,247,0,0
2000000000,248,0,0
2000000000,249,0,0
2000000000,250,0,0
2000000000,251,0,0
2000000000,252,0,0
2000000000,253,0,0
2000000000,254,0,0
2000000000,255,0,0
2000000000,256,0,0
2000000000,257,0,0
2000000000,258,0,0
2000000000,259,0,0
2000000000,260,0,0
2000000000,261,0,0
2000000000,262,0,0
2000000000,263,0,0
2000000000,264,0,0
2000000000,265,0,0
2000000000,266,0,0
2000000000,267,0,0
2000000000,268,0,0
2000000000,269,0,0
2000000000,270,0,0
2000000000,271,0,0
2000000000,272,0,0
2000000000,273,0,0
2000000000,274,0,0
2000000000,275,0,0
2000000000,276,0,0
2000000000,277,0,0
2000000000,278,0,0
2000000000,279,0,0
2000000000,280,0,0
2000000000,281,0,0
2000000000,282,0,0
2000000000,283,0,0
2000000000,284,0,0
2000000000,285,0,0
2000000000,286,0,0
2000000000,287,0,0
2000010000,32,0,0
2000010000,33,0,0
2000010000,34,1,1
2000010000,35,0,0
2000010000,36,0,0
2000010000,37,0,0
2000010000,38,0,0
2000010000,39,0,0
2000010000,40,0,0
2000010000,41,0,0
2000010000,42,0,0
2000010000,43,0,0
2000010000,44,0,0
2000010000,45,0,0
2000010000,46,0,0
2000010000,47,0,0
2000010000,48,0,0
2000010000,49,0,0
2000010000,50,0,0
2000010000,51,0,0
2000010000,52,0,0
2000010000,53,0,0
2000010000,54,0,0
2000010000,55,0,0
2000010000,56,0,0
2000010000,57,0,0
2000010000,58,0,0
2000010000,59,0,0
2000010000,60,0,0
2000010000,61,0,0
2000010000,62,0,0
2000010000,63,0,0
2000010000,64,0,0
2000010000,65,0,0
2000010000,66,0,0
2000010000,67,0,0
2000010000,68,0,0
2000010000,69,0,0
2000010000,70,0,0
2000010000,71,0,0
2000010000,72,0,0
2000010000,73,0,0
2000010000,74,0,0
2000010000,75,0,0
2000010000,76,0,0
2000010000,77,0,0
2000010000,78,0,0
2000010000,79,0,0
2000010000,80,0,0
2000010000,81,0,0
2000010000,82,0,0
2000010000,83,0,0
2000010000,84,0,0
2000010000,85,0,0
2000010000,86,0,0
2000010000,87,0,0
2000010000,88,0,0
2000010000,89,0,0
2000010000,90,0,0
2000010000,91,0,0
2000010000,92,0,0
2000010000,93,0,0
2000010000,94,0,0
2000010000,95,0,0
2000010000,96,0,0
2000010000,97,0,0
2000010000,98,0,0
2000010000,99,0,0
2000010000,100,0,0
2000010000,101,0,0
2000010000,102,0,0
2000010000,103,0,0
2000010000,104,0,0
2000010000,105,0,0
2000010000,106,0,0
2000010000,107,0,0
2000010000,108,0,0
2000010000,109,0,0
2000010000,110,0,0
2000010000,111,0,0
2000010000,112,0,0
2000010000,113,0,0
2000010000,114,0,0
2000010000,115,0,0
2000010000,116,0,0
2000010000,117,0,0
2000010000,118,0,0
2000010000,119,0,0
2000010000,120,1,1
2000010000,121,0,0
2000010000,122,0,0
2000010000,123,0,0
2000010000,124,0,0
2000010000,125,0,0
2000010000,126,0,0
2000010000,127,0,0
2000010000,128,0,0
2000010000,129,0,0
2000010000,130,0,0
2000010000,131,0,0
2000010000,132,0,0
2000010000,133,0,0
2000010000,134,0,0
2000010000,135,0,0
2000010000,136,0,0
2000010000,137,0,0
2000010000,138,0,0
2000010000,139,0,0
2000010000,140,1,1
2000010000,141,0,0
2000010000,142,0,0
2000010000,143,0,0
2000010000,144,0,0
2000010000,145,0,0
2000010000,146,0,0
2000010000,147,0,0
2000010000,148,0,0
2000010000,149,0,0
2000010000,150,0,0
2000010000,151,0,0
2000010000,152,0,0
2000010000,153,0,0
2000010000,154,0,0
2000010000,155,0,0
2000010000,156,0,0
2000010000,157,0,0
2000010000,158,0,0
2000010000,159,0,0
2000010000,160,0,0
2000010000,161,0,0
2000010000,162,0,0
2000010000,163,0,0
2000010000,164,0,0
2000010000,165,0,0
2000010000,166,0,0
2000010000,167,0,0
2000010000,168,0,0
2000010000,169,0,0
2000010000,170,0,0
2000010000,171,0,0
2000010000,172,0,0
2000010000,173,0,0
2000010000,174,0,0
2000010000,175,0,0
2000010000,176,0,0
2000010000,177,0,0
2000010000,178,0,0
2000010000,179,0,0
2000010000,180,0,0
2000010000,181,0,0
2000010000,182,0,0
2000010000,183,0,0
2000010000,184,0,0
2000010000,185,0,0
2000010000,186,0,0
2000010000,187,0,0
2000010000,188,0,0
2000010000,189,0,0
2000010000,190,1,1
2000010000,191,0,0
2000010000,192,0,0
2000010000,193,0,0
2000010000,194,0,0
2000010000,195,0,0
2000010000,196,0,0
2000010000,197,0,0
2000010000,198,0,0
2000010000,199,0,0
2000010000,200,0,0
2000010000,201,0,0
2000010000,202,0,0
2000010000,203,0,0
2000010000,204,0,0
2000010000,205,0,0
2000010000,206,0,0
2000010000,207,0,0
2000010000,208,0,0
2000010000,209,0,0
2000010000,210,0,0
2000010000,211,0,0
2000010000,212,0,0
2000010000,213,0,0
2000010000,214,0,0
2000010000,215,0,0
2000010000,216,0,0
2000010000,217,0,0
2000010000,218,0,0
2000010000,219,0,0
2000010000,220,0,0
2000010000,221,0,0
2000010000,222,0,0
2000010000,223,0,0
2000010000,224,0,0
2000010000,225,0,0
2000010000,226,0,0
2000010000,227,0,0
2000010000,228,0,0
2000010000,229,0,0
2000010000,230,0,0
2000010000,231,0,0
2000010000,232,0,0
2000010000,233,0,0
2000010000,234,0,0
2000010000,235,0,0
2000010000,236,0,0
2000010000,237,0,0
2000010000,238,0,0
2000010000,239,0,0
2000010000,240,0,0
2000010000,241,0,0
2000010000,242,0,0
2000010000,243,0,0
2000010000,244,0,0
2000010000,245,0,0
2000010000,246,0,0
2000010000,247,0,0
2000010000,248,0,0
2000010000,249,0,0
2000010000,250,0,0
2000010000,251,0,0
2000010000,252,0,0
2000010000,253,0,0
2000010000,254,0,0
2000010000,255,0,0
2000010000,256,0,0
2000010000,257,0,0
2000010000,258,0,0
2000010000,259,0,0
2000010000,260,0,0
2000010000,261,0,0
2000010000,262,0,0
2000010000,263,0,0
2000010000,264,0,0
2000010000,265,0,0
2000010000,266,0,0
2000010000,267,0,0
2000010000,268,0,0
2000010000,269,0,0
2000010000,270,0,0
2000010000,271,0,0
2000010000,272,0,0
2000010000,273,0,0
2000010000,274,0,0
2000010000,275,0,0
2000010000,276,0,0
2000010000,277,0,0
2000010000,278,0,0
2000010000,279,0,0
2000010000,280,0,0
2000010000,281,0,0
2000010000,282,0,0
2000010000,283,0,0
2000010000,284,0,0
2000010000,285,0,0
2000010000,286,0,0
2000010000,287,0,0
2000020000,32,0,0
2000020000,33,0,0
2000020000,34,1,1
2000020000,35,0,0
2000020000,36,0,0
2000020000,37,0,0
2000020000,38,0,0
2000020000,39,0,0
2000020000,40,0,0
2000020000,41,0,0
2000020000,42,0,0
2000020000,43,0,0
2000020000,44,0,0
2000020000,45,0,0
2000020000,46,0,0
2000020000,47,0,0
2000020000,48,0,0
2000020000,49,0,0
2000020000,50,0,0
2000020000,51,0,0
2000020000,52,0,0
2000020000,53,0,0
2000020000,54,0,0
2000020000,55,0,0
2000020000,56,0,0
2000020000,57,0,0
2000020000,58,0,0
2000020000,59,0,0
2000020000,60,0,0
2000020000,61,0,0
2000020000,62,0,0
2000020000,63,0,0
2000020000,64,0,0
2000020000,65,0,0
2000020000,66,0,0
2000020000,67,0,0
2000020000,68,0,0
2000020000,69,0,0
2000020000,70,0,0
2000020000,71,0,0
2000020000,72,0,0
2000020000,73,0,0
2000020000,74,0,0
2000020000,75,0,0
2000020000,76,0,0
2000020000,77,0,0
2000020000,78,0,0
2000020000,79,0,0
2000020000,80,0,0
2000020000,81,0,0
2000020000,82,0,0
2000020000,83,0,0
2000020000,84,0,0
2000020000,85,0,0
2000020000,86,0,0
2000020000,87,0,0
2000020000,88,0,0
2000020000,89,0,0
2000020000,90,0,0
2000020000,91,0,0
2000020000,92,0,0
2000020000,93,0,0
2000020000,94,0,0
2000020000,95,0,0
2000020000,96,0,0
2000020000,97,0,0
2000020000,98,0,0
2000020000,99,0,0
2000020000,100,0,0
2000020000,101,0,0
2000020000,102,0,0
2000020000,103,0,0
2000020000,104,0,0
2000020000,105,0,0
2000020000,106,0,0
2000020000,107,0,0
2000020000,108,0,0
2000020000,109,0,0
2000020000,110,0,0
2000020000,111,0,0
2000020000,112,0,0
2000020000,113,0,0
2000020000,114,0,0
2000020000,115,0,0
2000020000,116,0,0
2000020000,117,0,0
2000020000,118,0,0
2000020000,119,0,0
2000020000,120,1,1
2000020000,121,0,0
2000020000,122,0,0
2000020000,123,0,0
2000020000,124,0,0
2000020000,125,0,0
2000020000,126,0,0
2000020000,127,0,0
2000020000,128,0,0
2000020000,129,0,0
2000020000,130,0,0
2000020000,131,0,0
2000020000,132,0,0
2000020000,133,0,0
2000020000,134,0,0
2000020000,135,0,0
2000020000,136,0,0
2000020000,137,0,0
2000020000,138,0,0
2000020000,139,0,0
2000020000,140,1,1
2000020000,141,0,0
2000020000,142,0,0
2000020000,143,0,0
2000020000,144,0,0
2000020000,145,0,0
2000020000,146,0,0
2000020000,147,0,0
2000020000,148,0,0
2000020000,149,0,0
2000020000,150,0,0
2000020000,151,0,0
2000020000,152,0,0
2000020000,153,0,0
2000020000,154,0,0
2000020000,155,0,0
2000020000,156,0,0
2000020000,157,0,0
2000020000,158,0,0
2000020000,159,0,0
2000020000,160,0,0
2000020000,161,0,0
2000020000,162,0,0
2000020000,163,0,0
2000020000,164,0,0
2000020000,165,0,0
2000020000,166,0,0
2000020000,167,0,0
2000020000,168,0,0
2000020000,169,0,0
2000020000,170,0,0
2000020000,171,0,0
2000020000,172,0,0
2000020000,173,0,0
2000020000,174,0,0
2000020000,175,0,0
2000020000,176,0,0
2000020000,177,0,0
2000020000,178,0,0
2000020000,179,0,0
2000020000,180,0,0
2000020000,181,0,0
2000020000,182,0,0
2000020000,183,0,0
2000020000,184,0,0
2000020000,185,0,0
2000020000,186,0,0
2000020000,187,0,0
2000020000,188,0,0
2000020000,189,0,0
2000020000,190,1,1
2000020000,191,0,0
2000020000,192,0,0
2000020000,193,0,0
2000020000,194,0,0
2000020000,195,0,0
2000020000,196,0,0
2000020000,197,0,0
2000020000,198,0,0
2000020000,199,0,0
2000020000,200,0,0
2000020000,201,0,0
2000020000,202,0,0
2000020000,203,0,0
2000020000,204,0,0
2000020000,205,0,0
2000020000,206,0,0
2000020000,207,0,0
2000020000,208,0,0
2000020000,209,0,0
2000020000,210,0,0
2000020000,211,0,0
2000020000,212,0,0
2000020000,213,0,0
2000020000,214,0,0
2000020000,215,0,0
2000020000,216,0,0
2000020000,217,0,0
2000020000,218,0,0
2000020000,219,0,0
2000020000,220,0,0
2000020000,221,0,0
2000020000,222,0,0
2000020000,223,0,0
2000020000,224,0,0
2000020000,225,0,0
2000020000,226,0,0
2000020000,227,0,0
2000020000,228,0,0
2000020000,229,0,0
2000020000,230,0,0
2000020000,231,0,0
2000020000,232,0,0
2000020000,233,0,0
2000020000,234,0,0
2000020000,235,0,0
2000020000,236,0,0
2000020000,237,0,0
2000020000,238,0,0
2000020000,239,0,0
2000020000,240,0,0
2000020000,241,0,0
2000020000,242,0,0
2000020000,243,0,0
2000020000,244,0,0
2000020000,245,0,0
2000020000,246,0,0
2000020000,247,0,0
2000020000,248,0,0
2000020000,249,0,0
2000020000,250,0,0
2000020000,251,0,0
2000020000,252,0,0
2000020000,253,0,0
2000020000,254,0,0
2000020000,255,0,0
2000020000,256,0,0
2000020000,257,0,0
2000020000,258,0,0
2000020000,259,0,0
2000020000,260,0,0
2000020000,261,0,0
2000020000,262,0,0
2000020000,263,0,0
2000020000,264,0,0
2000020000,265,0,0
2000020000,266,0,0
2000020000,267,0,0
2000020000,268,0,0
2000020000,269,0,0
2000020000,270,0,0
2000020000,271,0,0
2000020000,272,0,0
2000020000,273,0,0
2000020000,274,0,0
2000020000,275,0,0
2000020000,276,0,0
2000020000,277,0,0
2000020000,278,0,0
2000020000,279,0,0
2000020000,280,0,0
2000020000,281,0,0
2000020000,282,0,0
2000020000,283,0,0
2000020000,284,0,0
2000020000,285,0,0
2000020000,286,0,0
2000020000,287,0,0
2000030000,32,0,0
2000030000,33,0,0
2000030000,34,1,1
2000030000,35,0,0
2000030000,36,0,0
2000030000,37,0,0
2000030000,38,0,0
2000030000,39,0,0
2000030000,40,0,0
2000030000,41,0,0
2000030000,42,0,0
2000030000,43,0,0
2000030000,44,0,0
2000030000,45,0,0
2000030000,46,0,0
2000030000,47,0,0
2000030000,48,0,0
2000030000,49,0,0
2000030000,50,0,0
2000030000,51,0,0
2000030000,52,0,0
2000030000,53,0,0
2000030000,54,0,0
2000030000,55,0,0
2000030000,56,0,0
2000030000,57,0,0
2000030000,58,0,0
2000030000,59,0,0
2000030000,60,0,0
2000030000,61,0,0
2000030000,62,0,0
2000030000,63,0,0
2000030000,64,0,0
2000030000,65,0,0
2000030000,66,0,0
2000030000,67,0,0
2000030000,68,0,0
2000030000,69,0,0
2000030000,70,0,0
2000030000,71,0,0
2000030000,72,0,0
2000030000,73,0,0
2000030000,74,0,0
2000030000,75,0,0
2000030000,76,0,0
2000030000,77,0,0
2000030000,78,0,0
2000030000,79,0,0
2000030000,80,0,0
2000030000,81,0,0
2000030000,82,0,0
2000030000,83,0,0
2000030000,84,0,0
2000030000,85,0,0
2000030000,86,0,0
2000030000,87,0,0
2000030000,88,0,0
2000030000,89,0,0
2000030000,90,0,0
2000030000,91,0,0
2000030000,92,0,0
2000030000,93,0,0
2000030000,94,0,0
2000030000,95,0,0
2000030000,96,0,0
2000030000,97,0,0
2000030000,98,0,0
2000030000,99,0,0
2000030000,100,0,0
2000030000,101,0,0
2000030000,102,0,0
2000030000,103,0,0
2000030000,104,0,0
2000030000,105,0,0
2000030000,106,0,0
2000030000,107,0,0
2000030000,108,0,0
2000030000,109,0,0
2000030000,110,0,0
2000030000,111,0,0
2000030000,112,0,0
2000030000,113,0,0
2000030000,114,0,0
2000030000,115,0,0
2000030000,116,0,0
2000030000,117,0,0
2000030000,118,0,0
2000030000,119,0,0
2000030000,120,1,1
2000030000,121,0,0
2000030000,122,0,0
2000030000,123,0,0
2000030000,124,0,0
2000030000,125,0,0
2000030000,126,0,0
2000030000,127,0,0
2000030000,128,0,0
2000030000,129,0,0
2000030000,130,0,0
2000030000,131,0,0
2000030000,132,0,0
2000030000,133,0,0
2000030000,134,0,0
2000030000,135,0,0
2000030000,136,0,0
2000030000,137,0,0
2000030000,138,0,0
2000030000,139,0,0
2000030000,140,1,1
2000030000,141,0,0
2000030000,142,0,0
2000030000,143,0,0
2000030000,144,0,0
2000030000,145,0,0
2000030000,146,0,0
2000030000,147,0,0
2000030000,148,0,0
2000030000,149,0,0
2000030000,150,0,0
2000030000,151,0,0
2000030000,152,0,0
2000030000,153,0,0
2000030000,154,0,0
2000030000,155,0,0
2000030000,156,0,0
2000030000,157,0,0
2000030000,158,0,0
2000030000,159,0,0
2000030000,160,0,0
2000030000,161,0,0
2000030000,162,0,0
2000030000,163,0,0
2000030000,164,0,0
2000030000,165,0,0
2000030000,166,0,0
2000030000,167,0,0
2000030000,168,0,0
2000030000,169,0,0
2000030000,170,0,0
2000030000,171,0,0
2000030000,172,0,0
2000030000,173,0,0
2000030000,174,0,0
2000030000,175,0,0
2000030000,176,0,0
2000030000,177,0,0
2000030000,178,0,0
2000030000,179,0,0
2000030000,180,0,0
2000030000,181,0,0
2000030000,182,0,0
2000030000,183,0,0
2000030000,184,0,0
2000030000,185,0,0
2000030000,186,0,0
2000030000,187,0,0
2000030000,188,0,0
2000030000,189,0,0
2000030000,190,1,1
2000030000,191,0,0
2000030000,192,0,0
2000030000,193,0,0
2000030000,194,0,0
2000030000,195,0,0
2000030000,196,0,0
2000030000,197,0,0
2000030000,198,0,0
2000030000,199,0,0
2000030000,200,0,0
2000030000,201,0,0
2000030000,202,0,0
2000030000,203,0,0
2000030000,204,0,0
2000030000,205,0,0
2000030000,206,0,0
2000030000,207,0,0
2000030000,208,0,0
2000030000,209,0,0
2000030000,210,0,0
2000030000,211,0,0
2000030000,212,0,0
2000030000,213,0,0
2000030000,214,0,0
2000030000,215,0,0
2000030000,216,0,0
2000030000,217,0,0
2000030000,218,0,0
2000030000,219,0,0
2000030000,220,0,0
2000030000,221,0,0
2000030000,222,0,0
2000030000,223,0,0
2000030000,224,0,0
2000030000,225,0,0
2000030000,226,0,0
2000030000,227,0,0
2000030000,228,0,0
2000030000,229,0,0
2000030000,230,0,0
2000030000,231,0,0
2000030000,232,0,0
2000030000,233,0,0
2000030000,234,0,0
2000030000,235,0,0
2000030000,236,0,0
2000030000,237,0,0
2000030000,238,0,0
2000030000,239,0,0
2000030000,240,0,0
2000030000,241,0,0
2000030000,242,0,0
2000030000,243,0,0
2000030000,244,0,0
2000030000,245,0,0
2000030000,246,0,0
2000030000,247,0,0
2000030000,248,0,0
2000030000,249,0,0
2000030000,250,0,0
2000030000,251,0,0
2000030000,252,0,0
2000030000,253,0,0
2000030000,254,0,0
2000030000,255,0,0
2000030000,256,0,0
2000030000,257,0,0
2000030000,258,0,0
2000030000,259,0,0
2000030000,260,0,0
2000030000,261,0,0
2000030000,262,0,0
2000030000,263,0,0
2000030000,264,0,0
2000030000,265,0,0
2000030000,266,0,0
2000030000,267,0,0
2000030000,268,0,0
2000030000,269,0,0
2000030000,270,0,0
2000030000,271,0,0
2000030000,272,0,0
2000030000,273,0,0
2000030000,274,0,0
2000030000,275,0,0
2000030000,276,0,0
2000030000,277,0,0
2000030000,278,0,0
2000030000,279,0,0
2000030000,280,0,0
2000030000,281,0,0
2000030000,282,0,0
2000030000,283,0,0
2000030000,284,0,0
2000030000,285,0,0
2000030000,286,0,0
2000030000,287,0,0
2000040000,32,0,0
2000040000,33,0,0
2000040000,34,1,1
2000040000,35,0,0
2000040000,36,0,0
2000040000,37,0,0
2000040000,38,0,0
2000040000,39,0,0
2000040000,40,0,0
2000040000,41,0,0
2000040000,42,0,0
2000040000,43,0,0
2000040000,44,0,0
2000040000,45,0,0
2000040000,46,0,0
2000040000,47,0,0
2000040000,48,0,0
2000040000,49,0,0
2000040000,50,0,0
2000040000,51,0,0
2000040000,52,0,0
2000040000,53,0,0
2000040000,54,0,0
2000040000,55,0,0
2000040000,56,0,0
2000040000,57,0,0
2000040000,58,0,0
2000040000,59,0,0
2000040000,60,0,0
2000040000,61,0,0
2000040000,62,0,0
2000040000,63,0,0
2000040000,64,0,0
2000040000,65,0,0
2000040000,66,0,0
2000040000,67,0,0
2000040000,68,0,0
2000040000,69,0,0
2000040000,70,0,0
2000040000,71,0,0
2000040000,72,0,0
2000040000,73,0,0
2000040000,74,0,0
2000040000,75,0,0
2000040000,76,0,0
2000040000,77,0,0
2000040000,78,0,0
2000040000,79,0,0
2000040000,80,0,0
2000040000,81,0,0
2000040000,82,0,0
2000040000,83,0,0
2000040000,84,0,0
2000040000,85,0,0
2000040000,86,0,0
2000040000,87,0,0
2000040000,88,0,0
2000040000,89,0,0
2000040000,90,0,0
2000040000,91,0,0
2000040000,92,0,0
2000040000,93,0,0
2000040000,94,0,0
2000040000,95,0,0
2000040000,96,0,0
2000040000,97,0,0
2000040000,98,0,0
2000040000,99,0,0
2000040000,100,0,0
2000040000,101,0,0
2000040000,102,0,0
2000040000,103,0,0
2000040000,104,0,0
2000040000,105,0,0
2000040000,106,0,0
2000040000,107,0,0
2000040000,108,0,0
2000040000,109,0,0
2000040000,110,0,0
2000040000,111,0,0
2000040000,112,0,0
2000040000,113,0,0
2000040000,114,0,0
2000040000,115,0,0
2000040000,116,0,0
2000040000,117,0,0
2000040000,118,0,0
2000040000,119,0,0
2000040000,120,1,1
2000040000,121,0,0
2000040000,122,0,0
2000040000,123,0,0
2000040000,124,0,0
2000040000,125,0,0
2000040000,126,0,0
2000040000,127,0,0
2000040000,128,0,0
2000040000,129,0,0
2000040000,130,0,0
2000040000,131,0,0
2000040000,132,0,0
2000040000,133,0,0
2000040000,134,0,0
2000040000,135,0,0
2000040000,136,0,0
2000040000,137,0,0
2000040000,138,0,0
2000040000,139,0,0
2000040000,140,1,1
2000040000,141,0,0
2000040000,142,0,0
2000040000,143,0,0
2000040000,144,0,0
2000040000,145,0,0
2000040000,146,0,0
2000040000,147,0,0
2000040000,148,0,0
2000040000,149,0,0
2000040000,150,0,0
2000040000,151,0,0
2000040000,152,0,0
2000040000,153,0,0
2000040000,154,0,0
2000040000,155,0,0
2000040000,156,0,0
2000040000,157,0,0
2000040000,158,0,0
2000040000,159,0,0
2000040000,160,0,0
2000040000,161,0,0
2000040000,162,0,0
2000040000,163,0,0
2000040000,164,0,0
2000040000,165,0,0
2000040000,166,0,0
2000040000,167,0,0
2000040000,168,0,0
2000040000,169,0,0
2000040000,170,0,0
2000040000,171,0,0
2000040000,172,0,0
2000040000,173,0,0
2000040000,174,0,0
2000040000,175,0,0
2000040000,176,0,0
2000040000,177,0,0
2000040000,178,0,0
2000040000,179,0,0
2000040000,180,0,0
2000040000,181,0,0
2000040000,182,0,0
2000040000,183,0,0
2000040000,184,0,0
2000040000,185,0,0
2000040000,186,0,0
2000040000,187,0,0
2000040000,188,0,0
2000040000,189,0,0
2000040000,190,1,1
2000040000,191,0,0
2000040000,192,0,0
2000040000,193,0,0
2000040000,194,0,0
2000040000,195,0,0
2000040000,196,0,0
2000040000,197,0,0
2000040000,198,0,0
2000040000,199,0,0
2000040000,200,0,0
2000040000,201,0,0
2000040000,202,0,0
2000040000,203,0,0
2000040000,204,0,0
2000040000,205,0,0
2000040000,206,0,0
2000040000,207,0,0
2000040000,208,0,0
2000040000,209,0,0
2000040000,210,0,0
2000040000,211,0,0
2000040000,212,0,0
2000040000,213,0,0
2000040000,214,0,0
2000040000,215,0,0
2000040000,216,0,0
2000040000,217,0,0
2000040000,218,0,0
2000040000,219,0,0
2000040000,220,0,0
2000040000,221,0,0
2000040000,222,0,0
2000040000,223,0,0
2000040000,224,0,0
2000040000,225,0,0
2000040000,226,0,0
2000040000,227,0,0
2000040000,228,0,0
2000040000,229,0,0
2000040000,230,0,0
2000040000,231,0,0
2000040000,232,0,0
2000040000,233,0,0
2000040000,234,0,0
2000040000,235,0,0
2000040000,236,0,0
2000040000,237,0,0
2000040000,238,0,0
2000040000,239,0,0
2000040000,240,0,0
2000040000,241,0,0
2000040000,242,0,0
2000040000,243,0,0
2000040000,244,0,0
2000040000,245,0,0
2000040000,246,0,0
2000040000,247,0,0
2000040000,248,0,0
2000040000,249,0,0
2000040000,250,0,0
2000040000,251,0,0
2000040000,252,0,0
2000040000,253,0,0
2000040000,254,0,0
2000040000,255,0,0
2000040000,256,0,0
2000040000,257,0,0
2000040000,258,0,0
2000040000,259,0,0
2000040000,260,0,0
2000040000,261,0,0
2000040000,262,0,0
2000040000,263,0,0
2000040000,264,0,0
2000040000,265,0,0
2000040000,266,0,0
2000040000,267,0,0
2000040000,268,0,0
2000040000,269,0,0
2000040000,270,0,0
2000040000,271,0,0
2000040000,272,0,0
2000040000,273,0,0
2000040000,274,0,0
2000040000,275,0,0
2000040000,276,0,0
2000040000,277,0,0
2000040000,278,0,0
2000040000,279,0,0
2000040000,280,0,0
2000040000,281,0,0
2000040000,282,0,0
2000040000,283,0,0
2000040000,284,0,0
2000040000,285,0,0
2000040000,286,0,0
2000040000,287,0,0
2000050000,32,0,0
2000050000,33,0,0
2000050000,34,1,1
2000050000,35,0,0
2000050000,36,0,0
2000050000,37,0,0
2000050000,38,0,0
2000050000,39,0,0
2000050000,40,0,0
2000050000,41,0,0
2000050000,42,0,0
2000050000,43,0,0
2000050000,44,0,0
2000050000,45,0,0
2000050000,46,0,0
2000050000,47,0,0
2000050000,48,0,0
2000050000,49,0,0
2000050000,50,0,0
2000050000,51,0,0
2000050000,52,0,0
2000050000,53,0,0
2000050000,54,0,0
2000050000,55,0,0
2000050000,56,0,0
2000050000,57,0,0
2000050000,58,0,0
2000050000,59,0,0
2000050000,60,0,0
2000050000,61,0,0
2000050000,62,0,0
2000050000,63,0,0
2000050000,64,0,0
2000050000,65,0,0
2000050000,66,0,0
2000050000,67,0,0
2000050000,68,0,0
2000050000,69,0,0
2000050000,70,0,0
2000050000,71,0,0
2000050000,72,0,0
2000050000,73,0,0
2000050000,74,0,0
2000050000,75,0,0
2000050000,76,0,0
2000050000,77,0,0
2000050000,78,0,0
2000050000,79,0,0
2000050000,80,0,0
2000050000,81,0,0
2000050000,82,0,0
2000050000,83,0,0
2000050000,84,0,0
2000050000,85,0,0
2000050000,86,0,0
2000050000,87,0,0
2000050000,88,0,0
2000050000,89,0,0
2000050000,90,0,0
2000050000,91,0,0
2000050000,92,0,0
2000050000,93,0,0
2000050000,94,0,0
2000050000,95,0,0
2000050000,96,0,0
2000050000,97,0,0
2000050000,98,0,0
2000050000,99,0,0
2000050000,100,0,0
2000050000,101,0,0
2000050000,102,0,0
2000050000,103,0,0
2000050000,104,0,0
2000050000,105,0,0
2000050000,106,0,0
2000050000,107,0,0
2000050000,108,0,0
2000050000,109,0,0
2000050000,110,0,0
2000050000,111,0,0
2000050000,112,0,0
2000050000,113,0,0
2000050000,114,0,0
2000050000,115,0,0
2000050000,116,0,0
2000050000,117,0,0
2000050000,118,0,0
2000050000,119,0,0
2000050000,120,1,1
2000050000,121,0,0
2000050000,122,0,0
2000050000,123,0,0
2000050000,124,0,0
2000050000,125,0,0
2000050000,126,0,0
2000050000,127,0,0
2000050000,128,0,0
2000050000,129,0,0
2000050000,130,0,0
2000050000,131,0,0
2000050000,132,0,0
2000050000,133,0,0
2000050000,134,0,0
2000050000,135,0,0
2000050000,136,0,0
2000050000,137,0,0
2000050000,138,0,0
2000050000,139,0,0
2000050000,140,1,1
2000050000,141,0,0
2000050000,142,0,0
2000050000,143,0,0
2000050000,144,0,0
2000050000,145,0,0
2000050000,146,0,0
2000050000,147,0,0
2000050000,148,0,0
2000050000,149,0,0
2000050000,150,0,0
2000050000,151,0,0
2000050000,152,0,0
2000050000,153,0,0
2000050000,154,0,0
2000050000,155,0,0
2000050000,156,0,0
2000050000,157,0,0
2000050000,158,0,0
2000050000,159,0,0
2000050000,160,0,0
2000050000,161,0,0
2000050000,162,0,0
2000050000,163,0,0
2000050000,164,0,0
2000050000,165,0,0
2000050000,166,0,0
2000050000,167,0,0
2000050000,168,0,0
2000050000,169,0,0
2000050000,170,0,0
2000050000,171,0,0
2000050000,172,0,0
2000050000,173,0,0
2000050000,174,0,0
2000050000,175,0,0
2000050000,176,0,0
2000050000,177,0,0
2000050000,178,0,0
2000050000,179,0,0
2000050000,180,0,0
2000050000,181,0,0
2000050000,182,0,0
2000050000,183,0,0
2000050000,184,0,0
2000050000,185,0,0
2000050000,186,0,0
2000050000,187,0,0
2000050000,188,0,0
2000050000,189,0,0
2000050000,190,1,1
2000050000,191,0,0
2000050000,192,0,0
2000050000,193,0,0
2000050000,194,0,0
2000050000,195,0,0
2000050000,196,0,0
2000050000,197,0,0
2000050000,198,0,0
2000050000,199,0,0
2000050000,200,0,0
2000050000,201,0,0
2000050000,202,0,0
2000050000,203,0,0
2000050000,204,0,0
2000050000,205,0,0
2000050000,206,0,0
2000050000,207,0,0
2000050000,208,0,0
2000050000,209,0,0
2000050000,210,0,0
2000050000,211,0,0
2000050000,212,0,0
2000050000,213,0,0
2000050000,214,0,0
2000050000,215,0,0
2000050000,216,0,0
2000050000,217,0,0
2000050000,218,0,0
2000050000,219,0,0
2000050000,220,0,0
2000050000,221,0,0
2000050000,222,0,0
2000050000,223,0,0
2000050000,224,0,0
2000050000,225,0,0
2000050000,226,0,0
2000050000,227,0,0
2000050000,228,0,0
2000050000,229,0,0
2000050000,230,0,0
2000050000,231,0,0
2000050000,232,0,0
2000050000,233,0,0
2000050000,234,0,0
2000050000,235,0,0
2000050000,236,0,0
2000050000,237,0,0
2000050000,238,0,0
2000050000,239,0,0
2000050000,240,0,0
2000050000,241,0,0
2000050000,242,0,0
2000050000,243,0,0
2000050000,244,0,0
2000050000,245,0,0
2000050000,246,0,0
2000050000,247,0,0
2000050000,248,0,0
2000050000,249,0,0
2000050000,250,0,0
2000050000,251,0,0
2000050000,252,0,0
2000050000,253,0,0
2000050000,254,0,0
2000050000,255,0,0
2000050000,256,0,0
2000050000,257,0,0
2000050000,258,0,0
2000050000,259,0,0
2000050000,260,0,0
2000050000,261,0,0
2000050000,262,0,0
2000050000,263,0,0
2000050000,264,0,0
2000050000,265,0,0
2000050000,266,0,0
2000050000,267,0,0
2000050000,268,0,0
2000050000,269,0,0
2000050000,270,0,0
2000050000,271,0,0
2000050000,272,0,0
2000050000,273,0,0
2000050000,274,0,0
2000050000,275,0,0
2000050000,276,0,0
2000050000,277,0,0
2000050000,278,0,0
2000050000,279,0,0
2000050000,280,0,0
2000050000,281,0,0
2000050000,282,0,0
2000050000,283,0,0
2000050000,284,0,0
2000050000,285,0,0
2000050000,286,0,0
2000050000,287,0,0
2000060000,32,0,0
2000060000,33,0,0
2000060000,34,1,1
2000060000,35,0,0
2000060000,36,0,0
2000060000,37,0,0
2000060000,38,0,0
2000060000,39,0,0
2000060000,40,0,0
2000060000,41,0,0
2000060000,42,0,0
2000060000,43,0,0
2000060000,44,0,0
2000060000,45,0,0
2000060000,46,0,0
2000060000,47,0,0
2000060000,48,0,0
2000060000,49,0,0
2000060000,50,0,0
2000060000,51,0,0
2000060000,52,0,0
2000060000,53,0,0
2000060000,54,0,0
2000060000,55,0,0
2000060000,56,0,0
2000060000,57,0,0
2000060000,58,0,0
2000060000,59,0,0
2000060000,60,0,0
2000060000,61,0,0
2000060000,62,0,0
2000060000,63,0,0
2000060000,64,0,0
2000060000,65,0,0
2000060000,66,0,0
2000060000,67,0,0
2000060000,68,0,0
2000060000,69,0,0
2000060000,70,0,0
2000060000,71,0,0
2000060000,72,0,0
2000060000,73,0,0
2000060000,74,0,0
2000060000,75,0,0
2000060000,76,0,0
2000060000,77,0,0
2000060000,78,0,0
2000060000,79,0,0
2000060000,80,0,0
2000060000,81,0,0
2000060000,82,0,0
2000060000,83,0,0
2000060000,84,0,0
2000060000,85,0,0
2000060000,86,0,0
2000060000,87,0,0
2000060000,88,0,0
2000060000,89,0,0
2000060000,90,0,0
2000060000,91,0,0
2000060000,92,0,0
2000060000,93,0,0
2000060000,94,0,0
2000060000,95,0,0
2000060000,96,0,0
2000060000,97,0,0
2000060000,98,0,0
2000060000,99,0,0
2000060000,100,0,0
2000060000,101,0,0
2000060000,102,0,0
2000060000,103,0,0
2000060000,104,0,0
2000060000,105,0,0
2000060000,106,0,0
2000060000,107,0,0
2000060000,108,0,0
2000060000,109,0,0
2000060000,110,0,0
2000060000,111,0,0
2000060000,112,0,0
2000060000,113,0,0
2000060000,114,0,0
2000060000,115,0,0
2000060000,116,0,0
2000060000,117,0,0
2000060000,118,0,0
2000060000,119,0,0
2000060000,120,1,1
2000060000,121,0,0
2000060000,122,0,0
2000060000,123,0,0
2000060000,124,0,0
2000060000,125,0,0
2000060000,126,0,0
2000060000,127,0,0
2000060000,128,0,0
2000060000,129,0,0
2000060000,130,0,0
2000060000,131,0,0
2000060000,132,0,0
2000060000,133,0,0
2000060000,134,0,0
2000060000,135,0,0
2000060000,136,0,0
2000060000,137,0,0
2000060000,138,0,0
2000060000,139,0,0
2000060000,140,1,1
2000060000,141,0,0
2000060000,142,0,0
2000060000,143,0,0
2000060000,144,0,0
2000060000,145,0,0
2000060000,146,0,0
2000060000,147,0,0
2000060000,148,0,0
2000060000,149,0,0
2000060000,150,0,0
2000060000,151,0,0
2000060000,152,0,0
2000060000,153,0,0
2000060000,154,0,0
2000060000,155,0,0
2000060000,156,0,0
2000060000,157,0,0
2000060000,158,0,0
2000060000,159,0,0
2000060000,160,0,0
2000060000,161,0,0
2000060000,162,0,0
2000060000,163,0,0
2000060000,164,0,0
2000060000,165,0,0
2000060000,166,0,0
2000060000,167,0,0
2000060000,168,0,0
2000060000,169,0,0
2000060000,170,0,0
2000060000,171,0,0
2000060000,172,0,0
2000060000,173,0,0
2000060000,174,0,0
2000060000,175,0,0
2000060000,176,0,0
2000060000,177,0,0
2000060000,178,0,0
2000060000,179,0,0
2000060000,180,0,0
2000060000,181,0,0
2000060000,182,0,0
2000060000,183,0,0
2000060000,184,0,0
2000060000,185,0,0
2000060000,186,0,0
2000060000,187,0,0
2000060000,188,0,0
2000060000,189,0,0
2000060000,190,1,1
2000060000,191,0,0
2000060000,192,0,0
2000060000,193,0,0
2000060000,194,0,0
2000060000,195,0,0
2000060000,196,0,0
2000060000,197,0,0
2000060000,198,0,0
2000060000,199,0,0
2000060000,200,0,0
2000060000,201,0,0
2000060000,202,0,0
2000060000,203,0,0
2000060000,204,0,0
2000060000,205,0,0
2000060000,206,0,0
2000060000,207,0,0
2000060000,208,0,0
2000060000,209,0,0
2000060000,210,0,0
2000060000,211,0,0
2000060000,212,0,0
2000060000,213,0,0
2000060000,214,0,0
2000060000,215,0,0
2000060000,216,0,0
2000060000,217,0,0
2000060000,218,0,0
2000060000,219,0,0
2000060000,220,0,0
2000060000,221,0,0
2000060000,222,0,0
2000060000,223,0,0
2000060000,224,0,0
2000060000,225,0,0
2000060000,226,0,0
2000060000,227,0,0
2000060000,228,0,0
2000060000,229,0,0
2000060000,230,0,0
2000060000,231,0,0
2000060000,232,0,0
2000060000,233,0,0
2000060000,234,0,0
2000060000,235,0,0
2000060000,236,0,0
2000060000,237,0,0
2000060000,238,0,0
2000060000,239,0,0
2000060000,240,0,0
2000060000,241,0,0
2000060000,242,0,0
2000060000,243,0,0
2000060000,244,0,0
2000060000,245,0,0
2000060000,246,0,0
2000060000,247,0,0
2000060000,248,0,0
2000060000,249,0,0
2000060000,250,0,0
2000060000,251,0,0
2000060000,252,0,0
2000060000,253,0,0
2000060000,254,0,0
2000060000,255,0,0
2000060000,256,0,0
2000060000,257,0,0
2000060000,258,0,0
2000060000,259,0,0
2000060000,260,0,0
2000060000,261,0,0
2000060000,262,0,0
2000060000,263,0,0
2000060000,264,0,0
2000060000,265,0,0
2000060000,266,0,0
2000060000,267,0,0
2000060000,268,0,0
2000060000,269,0,0
2000060000,270,0,0
2000060000,271,0,0
2000060000,272,0,0
2000060000,273,0,0
2000060000,274,0,0
2000060000,275,0,0
2000060000,276,0,0
2000060000,277,0,0
2000060000,278,0,0
2000060000,279,0,0
2000060000,280,0,0
2000060000,281,0,0
2000060000,282,0,0
2000060000,283,0,0
2000060000,284,0,0
2000060000,285,0,0
2000060000,286,0,0
2000060000,287,0,0
2000070000,32,0,0
2000070000,33,0,0
2000070000,34,1,1
2000070000,35,0,0
2000070000,36,0,0
2000070000,37,0,0
2000070000,38,0,0
2000070000,39,0,0
2000070000,40,0,0
2000070000,41,0,0
2000070000,42,0,0
2000070000,43,0,0
2000070000,44,0,0
2000070000,45,0,0
2000070000,46,0,0
2000070000,47,0,0
2000070000,48,0,0
2000070000,49,0,0
2000070000,50,0,0
2000070000,51,0,0
2000070000,52,0,0
2000070000,53,0,0
2000070000,54,0,0
2000070000,55,0,0
2000070000,56,0,0
2000070000,57,0,0
2000070000,58,0,0
2000070000,59,0,0
2000070000,60,0,0
2000070000,61,0,0
2000070000,62,0,0
2000070000,63,0,0
2000070000,64,0,0
2000070000,65,0,0
2000070000,66,0,0
2000070000,67,0,0
2000070000,68,0,0
2000070000,69,0,0
2000070000,70,0,0
2000070000,71,0,0
2000070000,72,0,0
2000070000,73,0,0
2000070000,74,0,0
2000070000,75,0,0
2000070000,76,0,0
2000070000,77,0,0
2000070000,78,0,0
2000070000,79,0,0
2000070000,80,0,0
2000070000,81,0,0
2000070000,82,0,0
2000070000,83,0,0
2000070000,84,0,0
2000070000,85,0,0
2000070000,86,0,0
2000070000,87,0,0
2000070000,88,0,0
2000070000,89,0,0
2000070000,90,0,0
2000070000,91,0,0
2000070000,92,0,0
2000070000,93,0,0
2000070000,94,0,0
2000070000,95,0,0
2000070000,96,0,0
2000070000,97,0,0
2000070000,98,0,0
2000070000,99,0,0
2000070000,100,0,0
2000070000,101,0,0
2000070000,102,0,0
2000070000,103,0,0
2000070000,104,0,0
2000070000,105,0,0
2000070000,106,0,0
2000070000,107,0,0
2000070000,108,0,0
2000070000,109,0,0
2000070000,110,0,0
2000070000,111,0,0
2000070000,112,0,0
2000070000,113,0,0
2000070000,114,0,0
2000070000,115,0,0
2000070000,116,0,0
2000070000,117,0,0
2000070000,118,0,0
2000070000,119,0,0
2000070000,120,1,1
2000070000,121,0,0
2000070000,122,0,0
2000070000,123,0,0
2000070000,124,0,0
2000070000,125,0,0
2000070000,126,0,0
2000070000,127,0,0
2000070000,128,0,0
2000070000,129,0,0
2000070000,130,0,0
2000070000,131,0,0
2000070000,132,0,0
2000070000,133,0,0
2000070000,134,0,0
2000070000,135,0,0
2000070000,136,0,0
2000070000,137,0,0
2000070000,138,0,0
2000070000,139,0,0
2000070000,140,1,1
2000070000,141,0,0
2000070000,142,0,0
2000070000,143,0,0
2000070000,144,0,0
2000070000,145,0,0
2000070000,146,0,0
2000070000,147,0,0
2000070000,148,0,0
2000070000,149,0,0
2000070000,150,0,0
2000070000,151,0,0
2000070000,152,0,0
2000070000,153,0,0
2000070000,154,0,0
2000070000,155,0,0
2000070000,156,0,0
2000070000,157,0,0
2000070000,158,0,0
2000070000,159,0,0
2000070000,160,0,0
2000070000,161,0,0
2000070000,162,0,0
2000070000,163,0,0
2000070000,164,0,0
2000070000,165,0,0
2000070000,166,0,0
2000070000,167,0,0
2000070000,168,0,0
2000070000,169,0,0
2000070000,170,0,0
2000070000,171,0,0
2000070000,172,0,0
2000070000,173,0,0
2000070000,174,0,0
2000070000,175,0,0
2000070000,176,0,0
2000070000,177,0,0
2000070000,178,0,0
2000070000,179,0,0
2000070000,180,0,0
2000070000,181,0,0
2000070000,182,0,0
2000070000,183,0,0
2000070000,184,0,0
2000070000,185,0,0
2000070000,186,0,0
2000070000,187,0,0
2000070000,188,0,0
2000070000,189,0,0
2000070000,190,1,1
2000070000,191,0,0
2000070000,192,0,0
2000070000,193,0,0
2000070000,194,0,0
2000070000,195,0,0
2000070000,196,0,0
2000070000,197,0,0
2000070000,198,0,0
2000070000,199,0,0
2000070000,200,0,0
2000070000,201,0,0
2000070000,202,0,0
2000070000,203,0,0
2000070000,204,0,0
2000070000,205,0,0
2000070000,206,0,0
2000070000,207,0,0
2000070000,208,0,0
2000070000,209,0,0
2000070000,210,0,0
2000070000,211,0,0
2000070000,212,0,0
2000070000,213,0,0
2000070000,214,0,0
2000070000,215,0,0
2000070000,216,0,0
2000070000,217,0,0
2000070000,218,0,0
2000070000,219,0,0
2000070000,220,0,0
2000070000,221,0,0
2000070000,222,0,0
2000070000,223,0,0
2000070000,224,0,0
2000070000,225,0,0
2000070000,226,0,0
2000070000,227,0,0
2000070000,228,0,0
2000070000,229,0,0
2000070000,230,0,0
2000070000,231,0,0
2000070000,232,0,0
2000070000,233,0,0
2000070000,234,0,0
2000070000,235,0,0
2000070000,236,0,0
2000070000,237,0,0
2000070000,238,0,0
2000070000,239,0,0
2000070000,240,0,0
2000070000,241,0,0
2000070000,242,0,0
2000070000,243,0,0
2000070000,244,0,0
2000070000,245,0,0
2000070000,246,0,0
2000070000,247,0,0
2000070000,248,0,0
2000070000,249,0,0
2000070000,250,0,0
2000070000,251,0,0
2000070000,252,0,0
2000070000,253,0,0
2000070000,254,0,0
2000070000,255,0,0
2000070000,256,0,0
2000070000,257,0,0
2000070000,258,0,0
2000070000,259,0,0
2000070000,260,0,0
2000070000,261,0,0
2000070000,262,0,0
2000070000,263,0,0
2000070000,264,0,0
2000070000,265,0,0
2000070000,266,0,0
2000070000,267,0,0
2000070000,268,0,0
2000070000,269,0,0
2000070000,270,0,0
2000070000,271,0,0
2000070000,272,0,0
2000070000,273,0,0
2000070000,274,0,0
2000070000,275,0,0
2000070000,276,0,0
2000070000,277,0,0
2000070000,278,0,0
2000070000,279,0,0
2000070000,280,0,0
2000070000,281,0,0
2000070000,282,0,0
2000070000,283,0,0
2000070000,284,0,0
2000070000,285,0,0
2000070000,286,0,0
2000070000,287,0,0
2000080000,32,0,0
2000080000,33,0,0
2000080000,34,1,1
2000080000,35,0,0
2000080000,36,0,0
2000080000,37,0,0
2000080000,38,0,0
2000080000,39,0,0
2000080000,40,0,0
2000080000,41,0,0
2000080000,42,0,0
2000080000,43,0,0
2000080000,44,0,0
2000080000,45,0,0
2000080000,46,0,0
2000080000,47,0,0
2000080000,48,0,0
2000080000,49,0,0
2000080000,50,0,0
2000080000,51,0,0
2000080000,52,0,0
2000080000,53,0,0
2000080000,54,0,0
2000080000,55,0,0
2000080000,56,0,0
2000080000,57,0,0
2000080000,58,0,0
2000080000,59,0,0
2000080000,60,0,0
2000080000,61,0,0
2000080000,62,0,0
2000080000,63,0,0
2000080000,64,0,0
2000080000,65,0,0
2000080000,66,0,0
2000080000,67,0,0
2000080000,68,0,0
2000080000,69,0,0
2000080000,70,0,0
2000080000,71,0,0
2000080000,72,0,0
2000080000,73,0,0
2000080000,74,0,0
2000080000,75,0,0
2000080000,76,0,0
2000080000,77,0,0
2000080000,78,0,0
2000080000,79,0,0
2000080000,80,0,0
2000080000,81,0,0
2000080000,82,0,0
2000080000,83,0,0
2000080000,84,0,0
2000080000,85,0,0
2000080000,86,0,0
2000080000,87,0,0
2000080000,88,0,0
2000080000,89,0,0
2000080000,90,0,0
2000080000,91,0,0
2000080000,92,0,0
2000080000,93,0,0
2000080000,94,0,0
2000080000,95,0,0
2000080000,96,0,0
2000080000,97,0,0
2000080000,98,0,0
2000080000,99,0,0
2000080000,100,0,0
2000080000,101,0,0
2000080000,102,0,0
2000080000,103,0,0
2000080000,104,0,0
2000080000,105,0,0
2000080000,106,0,0
2000080000,107,0,0
2000080000,108,0,0
2000080000,109,0,0
2000080000,110,0,0
2000080000,111,0,0
2000080000,112,0,0
2000080000,113,0,0
2000080000,114,0,0
2000080000,115,0,0
2000080000,116,0,0
2000080000,117,0,0
2000080000,118,0,0
2000080000,119,0,0
2000080000,120,1,1
2000080000,121,0,0
2000080000,122,0,0
2000080000,123,0,0
2000080000,124,0,0
2000080000,125,0,0
2000080000,126,0,0
2000080000,127,0,0
2000080000,128,0,0
2000080000,129,0,0
2000080000,130,0,0
2000080000,131,0,0
2000080000,132,0,0
2000080000,133,0,0
2000080000,134,0,0
2000080000,135,0,0
2000080000,136,0,0
2000080000,137,0,0
2000080000,138,0,0
2000080000,139,0,0
2000080000,140,1,1
2000080000,141,0,0
2000080000,142,0,0
2000080000,143,0,0
2000080000,144,0,0
2000080000,145,0,0
2000080000,146,0,0
2000080000,147,0,0
2000080000,148,0,0
2000080000,149,0,0
2000080000,150,0,0
2000080000,151,0,0
2000080000,152,0,0
2000080000,153,0,0
2000080000,154,0,0
2000080000,155,0,0
2000080000,156,0,0
2000080000,157,0,0
2000080000,158,0,0
2000080000,159,0,0
2000080000,160,0,0
2000080000,161,0,0
2000080000,162,0,0
2000080000,163,0,0
2000080000,164,0,0
2000080000,165,0,0
2000080000,166,0,0
2000080000,167,0,0
2000080000,168,0,0
2000080000,169,0,0
2000080000,170,0,0
2000080000,171,0,0
2000080000,172,0,0
2000080000,173,0,0
2000080000,174,0,0
2000080000,175,0,0
2000080000,176,0,0
2000080000,177,0,0
2000080000,178,0,0
2000080000,179,0,0
2000080000,180,0,0
2000080000,181,0,0
2000080000,182,0,0
2000080000,183,0,0
2000080000,184,0,0
2000080000,185,0,0
2000080000,186,0,0
2000080000,187,0,0
2000080000,188,0,0
2000080000,189,0,0
2000080000,190,1,1
2000080000,191,0,0
2000080000,192,0,0
2000080000,193,0,0
2000080000,194,0,0
2000080000,195,0,0
2000080000,196,0,0
2000080000,197,0,0
2000080000,198,0,0
2000080000,199,0,0
2000080000,200,0,0
2000080000,201,0,0
2000080000,202,0,0
2000080000,203,0,0
2000080000,204,0,0
2000080000,205,0,0
2000080000,206,0,0
2000080000,207,0,0
2000080000,208,0,0
2000080000,209,0,0
2000080000,210,0,0
2000080000,211,0,0
2000080000,212,0,0
2000080000,213,0,0
2000080000,214,0,0
2000080000,215,0,0
2000080000,216,0,0
2000080000,217,0,0
2000080000,218,0,0
2000080000,219,0,0
2000080000,220,0,0
2000080000,221,0,0
2000080000,222,0,0
2000080000,223,0,0
2000080000,224,0,0
2000080000,225,0,0
2000080000,226,0,0
2000080000,227,0,0
2000080000,228,0,0
2000080000,229,0,0
2000080000,230,0,0
2000080000,231,0,0
2000080000,232,0,0
2000080000,233,0,0
2000080000,234,0,0
2000080000,235,0,0
2000080000,236,0,0
2000080000,237,0,0
2000080000,238,0,0
2000080000,239,0,0
2000080000,240,0,0
2000080000,241,0,0
2000080000,242,0,0
2000080000,243,0,0
2000080000,244,0,0
2000080000,245,0,0
2000080000,246,0,0
2000080000,247,0,0
2000080000,248,0,0
2000080000,249,0,0
2000080000,250,0,0
2000080000,251,0,0
2000080000,252,0,0
2000080000,253,0,0
2000080000,254,0,0
2000080000,255,0,0
2000080000,256,0,0
2000080000,257,0,0
2000080000,258,0,0
2000080000,259,0,0
2000080000,260,0,0
2000080000,261,0,0
2000080000,262,0,0
2000080000,263,0,0
2000080000,264,0,0
2000080000,265,0,0
2000080000,266,0,0
2000080000,267,0,0
2000080000,268,0,0
2000080000,269,0,0
2000080000,270,0,0
2000080000,271,0,0
2000080000,272,0,0
2000080000,273,0,0
2000080000,274,0,0
2000080000,275,0,0
2000080000,276,0,0
2000080000,277,0,0
2000080000,278,0,0
2000080000,279,0,0
2000080000,280,0,0
2000080000,281,0,0
2000080000,282,0,0
2000080000,283,0,0
2000080000,284,0,0
2000080000,285,0,0
2000080000,286,0,0
2000080000,287,0,0
2000090000,32,0,0
2000090000,33,0,0
2000090000,34,1,1
2000090000,35,0,0
2000090000,36,0,0
2000090000,37,0,0
2000090000,38,0,0
2000090000,39,0,0
2000090000,40,0,0
2000090000,41,0,0
2000090000,42,0,0
2000090000,43,0,0
2000090000,44,0,0
2000090000,45,0,0
2000090000,46,0,0
2000090000,47,0,0
2000090000,48,0,0
2000090000,49,0,0
2000090000,50,0,0
2000090000,51,0,0
2000090000,52,0,0
2000090000,53,0,0
2000090000,54,0,0
2000090000,55,0,0
2000090000,56,0,0
2000090000,57,0,0
2000090000,58,0,0
2000090000,59,0,0
2000090000,60,0,0
2000090000,61,0,0
2000090000,62,0,0
2000090000,63,0,0
2000090000,64,0,0
2000090000,65,0,0
2000090000,66,0,0
2000090000,67,0,0
2000090000,68,0,0
2000090000,69,0,0
2000090000,70,0,0
2000090000,71,0,0
2000090000,72,0,0
2000090000,73,0,0
2000090000,74,0,0
2000090000,75,0,0
2000090000,76,0,0
2000090000,77,0,0
2000090000,78,0,0
2000090000,79,0,0
2000090000,80,0,0
2000090000,81,0,0
2000090000,82,0,0
2000090000,83,0,0
2000090000,84,0,0
2000090000,85,0,0
2000090000,86,0,0
2000090000,87,0,0
2000090000,88,0,0
2000090000,89,0,0
2000090000,90,0,0
2000090000,91,0,0
2000090000,92,0,0
2000090000,93,0,0
2000090000,94,0,0
2000090000,95,0,0
2000090000,96,0,0
2000090000,97,0,0
2000090000,98,0,0
2000090000,99,0,0
2000090000,100,0,0
2000090000,101,0,0
2000090000,102,0,0
2000090000,103,0,0
2000090000,104,0,0
2000090000,105,0,0
2000090000,106,0,0
2000090000,107,0,0
2000090000,108,0,0
2000090000,109,0,0
2000090000,110,0,0
2000090000,111,0,0
2000090000,112,0,0
2000090000,113,0,0
2000090000,114,0,0
2000090000,115,0,0
2000090000,116,0,0
2000090000,117,0,0
2000090000,118,0,0
2000090000,119,0,0
2000090000,120,1,1
2000090000,121,0,0
2000090000,122,0,0
2000090000,123,0,0
2000090000,124,0,0
2000090000,125,0,0
2000090000,126,0,0
2000090000,127,0,0
2000090000,128,0,0
2000090000,129,0,0
2000090000,130,0,0
2000090000,131,0,0
2000090000,132,0,0
2000090000,133,0,0
2000090000,134,0,0
2000090000,135,0,0
2000090000,136,0,0
2000090000,137,0,0
2000090000,138,0,0
2000090000,139,0,0
2000090000,140,1,1
2000090000,141,0,0
2000090000,142,0,0
2000090000,143,0,0
2000090000,144,0,0
2000090000,145,0,0
2000090000,146,0,0
2000090000,147,0,0
2000090000,148,0,0
2000090000,149,0,0
2000090000,150,0,0
2000090000,151,0,0
2000090000,152,0,0
2000090000,153,0,0
2000090000,154,0,0
2000090000,155,0,0
2000090000,156,0,0
2000090000,157,0,0
2000090000,158,0,0
2000090000,159,0,0
2000090000,160,0,0
2000090000,161,0,0
2000090000,162,0,0
2000090000,163,0,0
2000090000,164,0,0
2000090000,165,0,0
2000090000,166,0,0
2000090000,167,0,0
2000090000,168,0,0
2000090000,169,0,0
2000090000,170,0,0
2000090000,171,0,0
2000090000,172,0,0
2000090000,173,0,0
2000090000,174,0,0
2000090000,175,0,0
2000090000,176,0,0
2000090000,177,0,0
2000090000,178,0,0
2000090000,179,0,0
2000090000,180,0,0
2000090000,181,0,0
2000090000,182,0,0
2000090000,183,0,0
2000090000,184,0,0
2000090000,185,0,0
2000090000,186,0,0
2000090000,187,0,0
2000090000,188,0,0
2000090000,189,0,0
2000090000,190,1,1
2000090000,191,0,0
2000090000,192,0,0
2000090000,193,0,0
2000090000,194,0,0
2000090000,195,0,0
2000090000,196,0,0
2000090000,197,0,0
2000090000,198,0,0
2000090000,199,0,0
2000090000,200,0,0
2000090000,201,0,0
2000090000,202,0,0
2000090000,203,0,0
2000090000,204,0,0
2000090000,205,0,0
2000090000,206,0,0
2000090000,207,0,0
2000090000,208,0,0
2000090000,209,0,0
2000090000,210,0,0
2000090000,211,0,0
2000090000,212,0,0
2000090000,213,0,0
2000090000,214,0,0
2000090000,215,0,0
2000090000,216,0,0
2000090000,217,0,0
2000090000,218,0,0
2000090000,219,0,0
2000090000,220,0,0
2000090000,221,0,0
2000090000,222,0,0
2000090000,223,0,0
2000090000,224,0,0
2000090000,225,0,0
2000090000,226,0,0
2000090000,227,0,0
2000090000,228,0,0
2000090000,229,0,0
2000090000,230,0,0
2000090000,231,0,0
2000090000,232,0,0
2000090000,233,0,0
2000090000,234,0,0
2000090000,235,0,0
2000090000,236,0,0
2000090000,237,0,0
2000090000,238,0,0
2000090000,239,0,0
2000090000,240,0,0
2000090000,241,0,0
2000090000,242,0,0
2000090000,243,0,0
2000090000,244,0,0
2000090000,245,0,0
2000090000,246,0,0
2000090000,247,0,0
2000090000,248,0,0
2000090000,249,0,0
2000090000,250,0,0
2000090000,251,0,0
2000090000,252,0,0
2000090000,253,0,0
2000090000,254,0,0
2000090000,255,0,0
2000090000,256,0,0
2000090000,257,0,0
2000090000,258,0,0
2000090000,259,0,0
2000090000,260,0,0
2000090000,261,0,0
2000090000,262,0,0
2000090000,263,0,0
2000090000,264,0,0
2000090000,265,0,0
2000090000,266,0,0
2000090000,267,0,0
2000090000,268,0,0
2000090000,269,0,0
2000090000,270,0,0
2000090000,271,0,0
2000090000,272,0,0
2000090000,273,0,0
2000090000,274,0,0
2000090000,275,0,0
2000090000,276,0,0
2000090000,277,0,0
2000090000,278,0,0
2000090000,279,0,0
2000090000,280,0,0
2000090000,281,0,0
2000090000,282,0,0
2000090000,283,0,0
2000090000,284,0,0
2000090000,285,0,0
2000090000,286,0,0
2000090000,287,0,0
2000100000,32,0,0
2000100000,33,0,0
2000100000,34,1,1
2000100000,35,0,0
2000100000,36,0,0
2000100000,37,0,0
2000100000,38,0,0
2000100000,39,0,0
2000100000,40,0,0
2000100000,41,0,0
2000100000,42,0,0
2000100000,43,0,0
2000100000,44,0,0
2000100000,45,0,0
2000100000,46,0,0
2000100000,47,0,0
2000100000,48,0,0
2000100000,49,0,0
2000100000,50,0,0
2000100000,51,0,0
2000100000,52,0,0
2000100000,53,0,0
2000100000,54,0,0
2000100000,55,0,0
2000100000,56,0,0
2000100000,57,0,0
2000100000,58,0,0
2000100000,59,0,0
2000100000,60,0,0
2000100000,61,0,0
2000100000,62,0,0
2000100000,63,0,0
2000100000,64,0,0
2000100000,65,0,0
2000100000,66,0,0
2000100000,67,0,0
2000100000,68,0,0
2000100000,69,0,0
2000100000,70,0,0
2000100000,71,0,0
2000100000,72,0,0
2000100000,73,0,0
2000100000,74,0,0
2000100000,75,0,0
2000100000,76,0,0
2000100000,77,0,0
2000100000,78,0,0
2000100000,79,0,0
2000100000,80,0,0
2000100000,81,0,0
2000100000,82,0,0
2000100000,83,0,0
2000100000,84,0,0
2000100000,85,0,0
2000100000,86,0,0
2000100000,87,0,0
2000100000,88,0,0
2000100000,89,0,0
2000100000,90,0,0
2000100000,91,0,0
2000100000,92,0,0
2000100000,93,0,0
2000100000,94,0,0
2000100000,95,0,0
2000100000,96,0,0
2000100000,97,0,0
2000100000,98,0,0
2000100000,99,0,0
2000100000,100,0,0
2000100000,101,0,0
2000100000,102,0,0
2000100000,103,0,0
2000100000,104,0,0
2000100000,105,0,0
2000100000,106,0,0
2000100000,107,0,0
2000100000,108,0,0
2000100000,109,0,0
2000100000,110,0,0
2000100000,111,0,0
2000100000,112,0,0
2000100000,113,0,0
2000100000,114,0,0
2000100000,115,0,0
2000100000,116,0,0
2000100000,117,0,0
2000100000,118,0,0
2000100000,119,0,0
2000100000,120,1,1
2000100000,121,0,0
2000100000,122,0,0
2000100000,123,0,0
2000100000,124,0,0
2000100000,125,0,0
2000100000,126,0,0
2000100000,127,0,0
2000100000,128,0,0
2000100000,129,0,0
2000100000,130,0,0
2000100000,131,0,0
2000100000,132,0,0
2000100000,133,0,0
2000100000,134,0,0
2000100000,135,0,0
2000100000,136,0,0
2000100000,137,0,0
2000100000,138,0,0
2000100000,139,0,0
2000100000,140,1,1
2000100000,141,0,0
2000100000,142,0,0
2000100000,143,0,0
2000100000,144,0,0
2000100000,145,0,0
2000100000,146,0,0
2000100000,147,0,0
2000100000,148,0,0
2000100000,149,0,0
2000100000,150,0,0
2000100000,151,0,0
2000100000,152,0,0
2000100000,153,0,0
2000100000,154,0,0
2000100000,155,0,0
2000100000,156,0,0
2000100000,157,0,0
2000100000,158,0,0
2000100000,159,0,0
2000100000,160,0,0
2000100000,161,0,0
2000100000,162,0,0
2000100000,163,0,0
2000100000,164,0,0
2000100000,165,0,0
2000100000,166,0,0
2000100000,167,0,0
2000100000,168,0,0
2000100000,169,0,0
2000100000,170,0,0
2000100000,171,0,0
2000100000,172,0,0
2000100000,173,0,0
2000100000,174,0,0
2000100000,175,0,0
2000100000,176,0,0
2000100000,177,0,0
2000100000,178,0,0
2000100000,179,0,0
2000100000,180,0,0
2000100000,181,0,0
2000100000,182,0,0
2000100000,183,0,0
2000100000,184,0,0
2000100000,185,0,0
2000100000,186,0,0
2000100000,187,0,0
2000100000,188,0,0
2000100000,189,0,0
2000100000,190,1,1
2000100000,191,0,0
2000100000,192,0,0
2000100000,193,0,0
2000100000,194,0,0
2000100000,195,0,0
2000100000,196,0,0
2000100000,197,0,0
2000100000,198,0,0
2000100000,199,0,0
2000100000,200,0,0
2000100000,201,0,0
2000100000,202,0,0
2000100000,203,0,0
2000100000,204,0,0
2000100000,205,0,0
2000100000,206,0,0
2000100000,207,0,0
2000100000,208,0,0
2000100000,209,0,0
2000100000,210,0,0
2000100000,211,0,0
2000100000,212,0,0
2000100000,213,0,0
2000100000,214,0,0
2000100000,215,0,0
2000100000,216,0,0
2000100000,217,0,0
2000100000,218,0,0
2000100000,219,0,0
2000100000,220,0,0
2000100000,221,0,0
2000100000,222,0,0
2000100000,223,0,0
2000100000,224,0,0
2000100000,225,0,0
2000100000,226,0,0
2000100000,227,0,0
2000100000,228,0,0
2000100000,229,0,0
2000100000,230,0,0
2000100000,231,0,0
2000100000,232,0,0
2000100000,233,0,0
2000100000,234,0,0
2000100000,235,0,0
2000100000,236,0,0
2000100000,237,0,0
2000100000,238,0,0
2000100000,239,0,0
2000100000,240,0,0
2000100000,241,0,0
2000100000,242,0,0
2000100000,243,0,0
2000100000,244,0,0
2000100000,245,0,0
2000100000,246,0,0
2000100000,247,0,0
2000100000,248,0,0
2000100000,249,0,0
2000100000,250,0,0
2000100000,251,0,0
2000100000,252,0,0
2000100000,253,0,0
2000100000,254,0,0
2000100000,255,0,0
2000100000,256,0,0
2000100000,257,0,0
2000100000,258,0,0
2000100000,259,0,0
2000100000,260,0,0
2000100000,261,0,0
2000100000,262,0,0
2000100000,263,0,0
2000100000,264,0,0
2000100000,265,0,0
2000100000,266,0,0
2000100000,267,0,0
2000100000,268,0,0
2000100000,269,0,0
2000100000,270,0,0
2000100000,271,0,0
2000100000,272,0,0
2000100000,273,0,0
2000100000,274,0,0
2000100000,275,0,0
2000100000,276,0,0
2000100000,277,0,0
2000100000,278,0,0
2000100000,279,0,0
2000100000,280,0,0
2000100000,281,0,0
2000100000,282,0,0
2000100000,283,0,0
2000100000,284,0,0
2000100000,285,0,0
2000100000,286,0,0
2000100000,287,0,0
2000110000,32,0,0
2000110000,33,0,0
2000110000,34,1,1
2000110000,35,0,0
2000110000,36,0,0
2000110000,37,0,0
2000110000,38,0,0
2000110000,39,0,0
2000110000,40,0,0
2000110000,41,0,0
2000110000,42,0,0
2000110000,43,0,0
2000110000,44,0,0
2000110000,45,0,0
2000110000,46,0,0
2000110000,47,0,0
2000110000,48,0,0
2000110000,49,0,0
2000110000,50,0,0
2000110000,51,0,0
2000110000,52,0,0
2000110000,53,0,0
2000110000,54,0,0
2000110000,55,0,0
2000110000,56,0,0
2000110000,57,0,0
2000110000,58,0,0
2000110000,59,0,0
2000110000,60,0,0
2000110000,61,0,0
2000110000,62,0,0
2000110000,63,0,0
2000110000,64,0,0
2000110000,65,0,0
2000110000,66,0,0
2000110000,67,0,0
2000110000,68,0,0
2000110000,69,0,0
2000110000,70,0,0
2000110000,71,0,0
2000110000,72,0,0
2000110000,73,0,0
2000110000,74,0,0
2000110000,75,0,0
2000110000,76,0,0
2000110000,77,0,0
2000110000,78,0,0
2000110000,79,0,0
2000110000,80,0,0
2000110000,81,0,0
2000110000,82,0,0
2000110000,83,0,0
2000110000,84,0,0
2000110000,85,0,0
2000110000,86,0,0
2000110000,87,0,0
2000110000,88,0,0
2000110000,89,0,0
2000110000,90,0,0
2000110000,91,0,0
2000110000,92,0,0
2000110000,93,0,0
2000110000,94,0,0
2000110000,95,0,0
2000110000,96,0,0
2000110000,97,0,0
2000110000,98,0,0
2000110000,99,0,0
2000110000,100,0,0
2000110000,101,0,0
2000110000,102,0,0
2000110000,103,0,0
2000110000,104,0,0
2000110000,105,0,0
2000110000,106,0,0
2000110000,107,0,0
2000110000,108,0,0
2000110000,109,0,0
2000110000,110,0,0
2000110000,111,0,0
2000110000,112,0,0
2000110000,113,0,0
2000110000,114,0,0
2000110000,115,0,0
2000110000,116,0,0
2000110000,117,0,0
2000110000,118,0,0
2000110000,119,0,0
2000110000,120,1,1
2000110000,121,0,0
2000110000,122,0,0
2000110000,123,0,0
2000110000,124,0,0
2000110000,125,0,0
2000110000,126,0,0
2000110000,127,0,0
2000110000,128,0,0
2000110000,129,0,0
2000110000,130,0,0
2000110000,131,0,0
2000110000,132,0,0
2000110000,133,0,0
2000110000,134,0,0
2000110000,135,0,0
2000110000,136,0,0
2000110000,137,0,0
2000110000,138,0,0
2000110000,139,0,0
2000110000,140,1,1
2000110000,141,0,0
2000110000,142,0,0
2000110000,143,0,0
2000110000,144,0,0
2000110000,145,0,0
2000110000,146,0,0
2000110000,147,0,0
2000110000,148,0,0
2000110000,149,0,0
2000110000,150,0,0
2000110000,151,0,0
2000110000,152,0,0
2000110000,153,0,0
2000110000,154,0,0
2000110000,155,0,0
2000110000,156,0,0
2000110000,157,0,0
2000110000,158,0,0
2000110000,159,0,0
2000110000,160,0,0
2000110000,161,0,0
2000110000,162,0,0
2000110000,163,0,0
2000110000,164,0,0
2000110000,165,0,0
2000110000,166,0,0
2000110000,167,0,0
2000110000,168,0,0
2000110000,169,0,0
2000110000,170,0,0
2000110000,171,0,0
2000110000,172,0,0
2000110000,173,0,0
2000110000,174,0,0
2000110000,175,0,0
2000110000,176,0,0
2000110000,177,0,0
2000110000,178,0,0
2000110000,179,0,0
2000110000,180,0,0
2000110000,181,0,0
2000110000,182,0,0
2000110000,183,0,0
2000110000,184,0,0
2000110000,185,0,0
2000110000,186,0,0
2000110000,187,0,0
2000110000,188,0,0
2000110000,189,0,0
2000110000,190,1,1
2000110000,191,0,0
2000110000,192,0,0
2000110000,193,0,0
2000110000,194,0,0
2000110000,195,0,0
2000110000,196,0,0
2000110000,197,0,0
2000110000,198,0,0
2000110000,199,0,0
2000110000,200,0,0
2000110000,201,0,0
2000110000,202,0,0
2000110000,203,0,0
2000110000,204,0,0
2000110000,205,0,0
2000110000,206,0,0
2000110000,207,0,0
2000110000,208,0,0
2000110000,209,0,0
2000110000,210,0,0
2000110000,211,0,0
2000110000,212,0,0
2000110000,213,0,0
2000110000,214,0,0
2000110000,215,0,0
2000110000,216,0,0
2000110000,217,0,0
2000110000,218,0,0
2000110000,219,0,0
2000110000,220,0,0
2000110000,221,0,0
2000110000,222,0,0
2000110000,223,0,0
2000110000,224,0,0
2000110000,225,0,0
2000110000,226,0,0
2000110000,227,0,0
2000110000,228,0,0
2000110000,229,0,0
2000110000,230,0,0
2000110000,231,0,0
2000110000,232,0,0
2000110000,233,0,0
2000110000,234,0,0
2000110000,235,0,0
2000110000,236,0,0
2000110000,237,0,0
2000110000,238,0,0
2000110000,239,0,0
2000110000,240,0,0
2000110000,241,0,0
2000110000,242,0,0
2000110000,243,0,0
2000110000,244,0,0
2000110000,245,0,0
2000110000,246,0,0
2000110000,247,0,0
2000110000,248,0,0
2000110000,249,0,0
2000110000,250,0,0
2000110000,251,0,0
2000110000,252,0,0
2000110000,253,0,0
2000110000,254,0,0
2000110000,255,0,0
2000110000,256,0,0
2000110000,257,0,0
2000110000,258,0,0
2000110000,259,0,0
2000110000,260,0,0
2000110000,261,0,0
2000110000,262,0,0
2000110000,263,0,0
2000110000,264,0,0
2000110000,265,0,0
2000110000,266,0,0
2000110000,267,0,0
2000110000,268,0,0
2000110000,269,0,0
2000110000,270,0,0
2000110000,271,0,0
2000110000,272,0,0
2000110000,273,0,0
2000110000,274,0,0
2000110000,275,0,0
2000110000,276,0,0
2000110000,277,0,0
2000110000,278,0,0
2000110000,279,0,0
2000110000,280,0,0
2000110000,281,0,0
2000110000,282,0,0
2000110000,283,0,0
2000110000,284,0,0
2000110000,285,0,0
2000110000,286,0,0
2000110000,287,0,0
2000120000,32,0,0
2000120000,33,0,0
2000120000,34,1,1
2000120000,35,0,0
2000120000,36,0,0
2000120000,37,0,0
2000120000,38,0,0
2000120000,39,0,0
2000120000,40,0,0
2000120000,41,0,0
2000120000,42,0,0
2000120000,43,0,0
2000120000,44,0,0
2000120000,45,0,0
2000120000,46,0,0
2000120000,47,0,0
2000120000,48,0,0
2000120000,49,0,0
2000120000,50,0,0
2000120000,51,0,0
2000120000,52,0,0
2000120000,53,0,0
2000120000,54,0,0
2000120000,55,0,0
2000120000,56,0,0
2000120000,57,0,0
2000120000,58,0,0
2000120000,59,0,0
2000120000,60,0,0
2000120000,61,0,0
2000120000,62,0,0
2000120000,63,0,0
2000120000,64,0,0
2000120000,65,0,0
2000120000,66,0,0
2000120000,67,0,0
2000120000,68,0,0
2000120000,69,0,0
2000120000,70,0,0
2000120000,71,0,0
2000120000,72,0,0
2000120000,73,0,0
2000120000,74,0,0
2000120000,75,0,0
2000120000,76,0,0
2000120000,77,0,0
2000120000,78,0,0
2000120000,79,0,0
2000120000,80,0,0
2000120000,81,0,0
2000120000,82,0,0
2000120000,83,0,0
2000120000,84,0,0
2000120000,85,0,0
2000120000,86,0,0
2000120000,87,0,0
2000120000,88,0,0
2000120000,89,0,0
2000120000,90,0,0
2000120000,91,0,0
2000120000,92,0,0
2000120000,93,0,0
2000120000,94,0,0
2000120000,95,0,0
2000120000,96,0,0
2000120000,97,0,0
2000120000,98,0,0
2000120000,99,0,0
2000120000,100,0,0
2000120000,101,0,0
2000120000,102,0,0
2000120000,103,0,0
2000120000,104,0,0
2000120000,105,0,0
2000120000,106,0,0
2000120000,107,0,0
2000120000,108,0,0
2000120000,109,0,0
2000120000,110,0,0
2000120000,111,0,0
2000120000,112,0,0
2000120000,113,0,0
2000120000,114,0,0
2000120000,115,0,0
2000120000,116,0,0
2000120000,117,0,0
2000120000,118,0,0
2000120000,119,0,0
2000120000,120,1,1
2000120000,121,0,0
2000120000,122,0,0
2000120000,123,0,0
2000120000,124,0,0
2000120000,125,0,0
2000120000,126,0,0
2000120000,127,0,0
2000120000,128,0,0
2000120000,129,0,0
2000120000,130,0,0
2000120000,131,0,0
2000120000,132,0,0
2000120000,133,0,0
2000120000,134,0,0
2000120000,135,0,0
2000120000,136,0,0
2000120000,137,0,0
2000120000,138,0,0
2000120000,139,0,0
2000120000,140,1,1
2000120000,141,0,0
2000120000,142,0,0
2000120000,143,0,0
2000120000,144,0,0
2000120000,145,0,0
2000120000,146,0,0
2000120000,147,0,0
2000120000,148,0,0
2000120000,149,0,0
2000120000,150,0,0
2000120000,151,0,0
2000120000,152,0,0
2000120000,153,0,0
2000120000,154,0,0
2000120000,155,0,0
2000120000,156,0,0
2000120000,157,0,0
2000120000,158,0,0
2000120000,159,0,0
2000120000,160,0,0
2000120000,161,0,0
2000120000,162,0,0
2000120000,163,0,0
2000120000,164,0,0
2000120000,165,0,0
2000120000,166,0,0
2000120000,167,0,0
2000120000,168,0,0
2000120000,169,0,0
2000120000,170,0,0
2000120000,171,0,0
2000120000,172,0,0
2000120000,173,0,0
2000120000,174,0,0
2000120000,175,0,0
2000120000,176,0,0
2000120000,177,0,0
2000120000,178,0,0
2000120000,179,0,0
2000120000,180,0,0
2000120000,181,0,0
2000120000,182,0,0
2000120000,183,0,0
2000120000,184,0,0
2000120000,185,0,0
2000120000,186,0,0
2000120000,187,0,0
2000120000,188,0,0
2000120000,189,0,0
2000120000,190,1,1
2000120000,191,0,0
2000120000,192,0,0
2000120000,193,0,0
2000120000,194,0,0
2000120000,195,0,0
2000120000,196,0,0
2000120000,197,0,0
2000120000,198,0,0
2000120000,199,0,0
2000120000,200,0,0
2000120000,201,0,0
2000120000,202,0,0
2000120000,203,0,0
2000120000,204,0,0
2000120000,205,0,0
2000120000,206,0,0
2000120000,207,0,0
2000120000,208,0,0
2000120000,209,0,0
2000120000,210,0,0
2000120000,211,0,0
2000120000,212,0,0
2000120000,213,0,0
2000120000,214,0,0
2000120000,215,0,0
2000120000,216,0,0
2000120000,217,0,0
2000120000,218,0,0
2000120000,219,0,0
2000120000,220,0,0
2000120000,221,0,0
2000120000,222,0,0
2000120000,223,0,0
2000120000,224,0,0
2000120000,225,0,0
2000120000,226,0,0
2000120000,227,0,0
2000120000,228,0,0
2000120000,229,0,0
2000120000,230,0,0
2000120000,231,0,0
2000120000,232,0,0
2000120000,233,0,0
2000120000,234,0,0
2000120000,235,0,0
2000120000,236,0,0
2000120000,237,0,0
2000120000,238,0,0
2000120000,239,0,0
2000120000,240,0,0
2000120000,241,0,0
2000120000,242,0,0
2000120000,243,0,0
2000120000,244,0,0
2000120000,245,0,0
2000120000,246,0,0
2000120000,247,0,0
2000120000,248,0,0
2000120000,249,0,0
2000120000,250,0,0
2000120000,251,0,0
2000120000,252,0,0
2000120000,253,0,0
2000120000,254,0,0
2000120000,255,0,0
2000120000,256,0,0
2000120000,257,0,0
2000120000,258,0,0
2000120000,259,0,0
2000120000,260,0,0
2000120000,261,0,0
2000120000,262,0,0
2000120000,263,0,0
2000120000,264,0,0
2000120000,265,0,0
2000120000,266,0,0
2000120000,267,0,0
2000120000,268,0,0
2000120000,269,0,0
2000120000,270,0,0
2000120000,271,0,0
2000120000,272,0,0
2000120000,273,0,0
2000120000,274,0,0
2000120000,275,0,0
2000120000,276,0,0
2000120000,277,0,0
2000120000,278,0,0
2000120000,279,0,0
2000120000,280,0,0
2000120000,281,0,0
2000120000,282,0,0
2000120000,283,0,0
2000120000,284,0,0
2000120000,285,0,0
2000120000,286,0,0
2000120000,287,0,0
2000130000,32,0,0
2000130000,33,0,0
2000130000,34,1,1
2000130000,35,0,0
2000130000,36,0,0
2000130000,37,0,0
2000130000,38,0,0
2000130000,39,0,0
2000130000,40,0,0
2000130000,41,0,0
2000130000,42,0,0
2000130000,43,0,0
2000130000,44,0,0
2000130000,45,0,0
2000130000,46,0,0
2000130000,47,0,0
2000130000,48,0,0
2000130000,49,0,0
2000130000,50,0,0
2000130000,51,0,0
2000130000,52,0,0
2000130000,53,0,0
2000130000,54,0,0
2000130000,55,0,0
2000130000,56,0,0
2000130000,57,0,0
2000130000,58,0,0
2000130000,59,0,0
2000130000,60,0,0
2000130000,61,0,0
2000130000,62,0,0
2000130000,63,0,0
2000130000,64,0,0
2000130000,65,0,0
2000130000,66,0,0
2000130000,67,0,0
2000130000,68,0,0
2000130000,69,0,0
2000130000,70,0,0
2000130000,71,0,0
2000130000,72,0,0
2000130000,73,0,0
2000130000,74,0,0
2000130000,75,0,0
2000130000,76,0,0
2000130000,77,0,0
2000130000,78,0,0
2000130000,79,0,0
2000130000,80,0,0
2000130000,81,0,0
2000130000,82,0,0
2000130000,83,0,0
2000130000,84,0,0
2000130000,85,0,0
2000130000,86,0,0
2000130000,87,0,0
2000130000,88,0,0
2000130000,89,0,0
2000130000,90,0,0
2000130000,91,0,0
2000130000,92,0,0
2000130000,93,0,0
2000130000,94,0,0
2000130000,95,0,0
2000130000,96,0,0
2000130000,97,0,0
2000130000,98,0,0
2000130000,99,0,0
2000130000,100,0,0
2000130000,101,0,0
2000130000,102,0,0
2000130000,103,0,0
2000130000,104,0,0
2000130000,105,0,0
2000130000,106,0,0
2000130000,107,0,0
2000130000,108,0,0
2000130000,109,0,0
2000130000,110,0,0
2000130000,111,0,0
2000130000,112,0,0
2000130000,113,0,0
2000130000,114,0,0
2000130000,115,0,0
2000130000,116,0,0
2000130000,117,0,0
2000130000,118,0,0
2000130000,119,0,0
2000130000,120,1,1
2000130000,121,0,0
2000130000,122,0,0
2000130000,123,0,0
2000130000,124,0,0
2000130000,125,0,0
2000130000,126,0,0
2000130000,127,0,0
2000130000,128,0,0
2000130000,129,0,0
2000130000,130,0,0
2000130000,131,0,0
2000130000,132,0,0
2000130000,133,0,0
2000130000,134,0,0
2000130000,135,0,0
2000130000,136,0,0
2000130000,137,0,0
2000130000,138,0,0
2000130000,139,0,0
2000130000,140,1,1
2000130000,141,0,0
2000130000,142,0,0
2000130000,143,0,0
2000130000,144,0,0
2000130000,145,0,0
2000130000,146,0,0
2000130000,147,0,0
2000130000,148,0,0
2000130000,149,0,0
2000130000,150,0,0
2000130000,151,0,0
2000130000,152,0,0
2000130000,153,0,0
2000130000,154,0,0
2000130000,155,0,0
2000130000,156,0,0
2000130000,157,0,0
2000130000,158,0,0
2000130000,159,0,0
2000130000,160,0,0
2000130000,161,0,0
2000130000,162,0,0
2000130000,163,0,0
2000130000,164,0,0
2000130000,165,0,0
2000130000,166,0,0
2000130000,167,0,0
2000130000,168,0,0
2000130000,169,0,0
2000130000,170,0,0
2000130000,171,0,0
2000130000,172,0,0
2000130000,173,0,0
2000130000,174,0,0
2000130000,175,0,0
2000130000,176,0,0
2000130000,177,0,0
2000130000,178,0,0
2000130000,179,0,0
2000130000,180,0,0
2000130000,181,0,0
2000130000,182,0,0
2000130000,183,0,0
2000130000,184,0,0
2000130000,185,0,0
2000130000,186,0,0
2000130000,187,0,0
2000130000,188,0,0
2000130000,189,0,0
2000130000,190,1,1
2000130000,191,0,0
2000130000,192,0,0
2000130000,193,0,0
2000130000,194,0,0
2000130000,195,0,0
2000130000,196,0,0
2000130000,197,0,0
2000130000,198,0,0
2000130000,199,0,0
2000130000,200,0,0
2000130000,201,0,0
2000130000,202,0,0
2000130000,203,0,0
2000130000,204,0,0
2000130000,205,0,0
2000130000,206,0,0
2000130000,207,0,0
2000130000,208,0,0
2000130000,209,0,0
2000130000,210,0,0
2000130000,211,0,0
2000130000,212,0,0
2000130000,213,0,0
2000130000,214,0,0
2000130000,215,0,0
2000130000,216,0,0
2000130000,217,0,0
2000130000,218,0,0
2000130000,219,0,0
2000130000,220,0,0
2000130000,221,0,0
2000130000,222,0,0
2000130000,223,0,0
2000130000,224,0,0
2000130000,225,0,0
2000130000,226,0,0
2000130000,227,0,0
2000130000,228,0,0
2000130000,229,0,0
2000130000,230,0,0
2000130000,231,0,0
2000130000,232,0,0
2000130000,233,0,0
2000130000,234,0,0
2000130000,235,0,0
2000130000,236,0,0
2000130000,237,0,0
2000130000,238,0,0
2000130000,239,0,0
2000130000,240,0,0
2000130000,241,0,0
2000130000,242,0,0
2000130000,243,0,0
2000130000,244,0,0
2000130000,245,0,0
2000130000,246,0,0
2000130000,247,0,0
2000130000,248,0,0
2000130000,249,0,0
2000130000,250,0,0
2000130000,251,0,0
2000130000,252,0,0
2000130000,253,0,0
2000130000,254,0,0
2000130000,255,0,0
2000130000,256,0,0
2000130000,257,0,0
2000130000,258,0,0
2000130000,259,0,0
2000130000,260,0,0
2000130000,261,0,0
2000130000,262,0,0
2000130000,263,0,0
2000130000,264,0,0
2000130000,265,0,0
2000130000,266,0,0
2000130000,267,0,0
2000130000,268,0,0
2000130000,269,0,0
2000130000,270,0,0
2000130000,271,0,0
2000130000,272,0,0
2000130000,273,0,0
2000130000,274,0,0
2000130000,275,0,0
2000130000,276,0,0
2000130000,277,0,0
2000130000,278,0,0
2000130000,279,0,0
2000130000,280,0,0
2000130000,281,0,0
2000130000,282,0,0
2000130000,283,0,0
2000130000,284,0,0
2000130000,285,0,0
2000130000,286,0,0
2000130000,287,0,0
2000140000,32,0,0
2000140000,33,0,0
2000140000,34,1,1
2000140000,35,0,0
2000140000,36,0,0
2000140000,37,0,0
2000140000,38,0,0
2000140000,39,0,0
2000140000,40,0,0
2000140000,41,0,0
2000140000,42,0,0
2000140000,43,0,0
2000140000,44,0,0
2000140000,45,0,0
2000140000,46,0,0
2000140000,47,0,0
2000140000,48,0,0
2000140000,49,0,0
2000140000,50,0,0
2000140000,51,0,0
2000140000,52,0,0
2000140000,53,0,0
2000140000,54,0,0
2000140000,55,0,0
2000140000,56,0,0
2000140000,57,0,0
2000140000,58,0,0
2000140000,59,0,0
2000140000,60,0,0
2000140000,61,0,0
2000140000,62,0,0
2000140000,63,0,0
2000140000,64,0,0
2000140000,65,0,0
2000140000,66,0,0
2000140000,67,0,0
2000140000,68,0,0
2000140000,69,0,0
2000140000,70,0,0
2000140000,71,0,0
2000140000,72,0,0
2000140000,73,0,0
2000140000,74,0,0
2000140000,75,0,0
2000140000,76,0,0
2000140000,77,0,0
2000140000,78,0,0
2000140000,79,0,0
2000140000,80,0,0
2000140000,81,0,0
2000140000,82,0,0
2000140000,83,0,0
2000140000,84,0,0
2000140000,85,0,0
2000140000,86,0,0
2000140000,87,0,0
2000140000,88,0,0
2000140000,89,0,0
2000140000,90,0,0
2000140000,91,0,0
2000140000,92,0,0
2000140000,93,0,0
2000140000,94,0,0
2000140000,95,0,0
2000140000,96,0,0
2000140000,97,0,0
2000140000,98,0,0
2000140000,99,0,0
2000140000,100,0,0
2000140000,101,0,0
2000140000,102,0,0
2000140000,103,0,0
2000140000,104,0,0
2000140000,105,0,0
2000140000,106,0,0
2000140000,107,0,0
2000140000,108,0,0
2000140000,109,0,0
2000140000,110,0,0
2000140000,111,0,0
2000140000,112,0,0
2000140000,113,0,0
2000140000,114,0,0
2000140000,115,0,0
2000140000,116,0,0
2000140000,117,0,0
2000140000,118,0,0
2000140000,119,0,0
2000140000,120,1,1
2000140000,121,0,0
2000140000,122,0,0
2000140000,123,0,0
2000140000,124,0,0
2000140000,125,0,0
2000140000,126,0,0
2000140000,127,0,0
2000140000,128,0,0
2000140000,129,0,0
2000140000,130,0,0
2000140000,131,0,0
2000140000,132,0,0
2000140000,133,0,0
2000140000,134,0,0
2000140000,135,0,0
2000140000,136,0,0
2000140000,137,0,0
2000140000,138,0,0
2000140000,139,0,0
2000140000,140,1,1
2000140000,141,0,0
2000140000,142,0,0
2000140000,143,0,0
2000140000,144,0,0
2000140000,145,0,0
2000140000,146,0,0
2000140000,147,0,0
2000140000,148,0,0
2000140000,149,0,0
2000140000,150,0,0
2000140000,151,0,0
2000140000,152,0,0
2000140000,153,0,0
2000140000,154,0,0
2000140000,155,0,0
2000140000,156,0,0
2000140000,157,0,0
2000140000,158,0,0
2000140000,159,0,0
2000140000,160,0,0
2000140000,161,0,0
2000140000,162,0,0
2000140000,163,0,0
2000140000,164,0,0
2000140000,165,0,0
2000140000,166,0,0
2000140000,167,0,0
2000140000,168,0,0
2000140000,169,0,0
2000140000,170,0,0
2000140000,171,0,0
2000140000,172,0,0
2000140000,173,0,0
2000140000,174,0,0
2000140000,175,0,0
2000140000,176,0,0
2000140000,177,0,0
2000140000,178,0,0
2000140000,179,0,0
2000140000,180,0,0
2000140000,181,0,0
2000140000,182,0,0
2000140000,183,0,0
2000140000,184,0,0
2000140000,185,0,0
2000140000,186,0,0
2000140000,187,0,0
2000140000,188,0,0
2000140000,189,0,0
2000140000,190,1,1
2000140000,191,0,0
2000140000,192,0,0
2000140000,193,0,0
2000140000,194,0,0
2000140000,195,0,0
2000140000,196,0,0
2000140000,197,0,0
2000140000,198,0,0
2000140000,199,0,0
2000140000,200,0,0
2000140000,201,0,0
2000140000,202,0,0
2000140000,203,0,0
2000140000,204,0,0
2000140000,205,0,0
2000140000,206,0,0
2000140000,207,0,0
2000140000,208,0,0
2000140000,209,0,0
2000140000,210,0,0
2000140000,211,0,0
2000140000,212,0,0
2000140000,213,0,0
2000140000,214,0,0
2000140000,215,0,0
2000140000,216,0,0
2000140000,217,0,0
2000140000,218,0,0
2000140000,219,0,0
2000140000,220,0,0
2000140000,221,0,0
2000140000,222,0,0
2000140000,223,0,0
2000140000,224,0,0
2000140000,225,0,0
2000140000,226,0,0
2000140000,227,0,0
2000140000,228,0,0
2000140000,229,0,0
2000140000,230,0,0
2000140000,231,0,0
2000140000,232,0,0
2000140000,233,0,0
2000140000,234,0,0
2000140000,235,0,0
2000140000,236,0,0
2000140000,237,0,0
2000140000,238,0,0
2000140000,239,0,0
2000140000,240,0,0
2000140000,241,0,0
2000140000,242,0,0
2000140000,243,0,0
2000140000,244,0,0
2000140000,245,0,0
2000140000,246,0,0
2000140000,247,0,0
2000140000,248,0,0
2000140000,249,0,0
2000140000,250,0,0
2000140000,251,0,0
2000140000,252,0,0
2000140000,253,0,0
2000140000,254,0,0
2000140000,255,0,0
2000140000,256,0,0
2000140000,257,0,0
2000140000,258,0,0
2000140000,259,0,0
2000140000,260,0,0
2000140000,261,0,0
2000140000,262,0,0
2000140000,263,0,0
2000140000,264,0,0
2000140000,265,0,0
2000140000,266,0,0
2000140000,267,0,0
2000140000,268,0,0
2000140000,269,0,0
2000140000,270,0,0
2000140000,271,0,0
2000140000,272,0,0
2000140000,273,0,0
2000140000,274,0,0
2000140000,275,0,0
2000140000,276,0,0
2000140000,277,0,0
2000140000,278,0,0
2000140000,279,0,0
2000140000,280,0,0
2000140000,281,0,0
2000140000,282,0,0
2000140000,283,0,0
2000140000,284,0,0
2000140000,285,0,0
2000140000,286,0,0
2000140000,287,0,0
2000150000,32,0,0
2000150000,33,0,0
2000150000,34,1,1
2000150000,35,0,0
2000150000,36,0,0
2000150000,37,0,0
2000150000,38,0,0
2000150000,39,0,0
2000150000,40,0,0
2000150000,41,0,0
2000150000,42,0,0
2000150000,43,0,0
2000150000,44,0,0
2000150000,45,0,0
2000150000,46,0,0
2000150000,47,0,0
2000150000,48,0,0
2000150000,49,0,0
2000150000,50,0,0
2000150000,51,0,0
2000150000,52,0,0
2000150000,53,0,0
2000150000,54,0,0
2000150000,55,0,0
2000150000,56,0,0
2000150000,57,0,0
2000150000,58,0,0
2000150000,59,0,0
2000150000,60,0,0
2000150000,61,0,0
2000150000,62,0,0
2000150000,63,0,0
2000150000,64,0,0
2000150000,65,0,0
2000150000,66,0,0
2000150000,67,0,0
2000150000,68,0,0
2000150000,69,0,0
2000150000,70,0,0
2000150000,71,0,0
2000150000,72,0,0
2000150000,73,0,0
2000150000,74,0,0
2000150000,75,0,0
2000150000,76,0,0
2000150000,77,0,0
2000150000,78,0,0
2000150000,79,0,0
2000150000,80,0,0
2000150000,81,0,0
2000150000,82,0,0
2000150000,83,0,0
2000150000,84,0,0
2000150000,85,0,0
2000150000,86,0,0
2000150000,87,0,0
2000150000,88,0,0
2000150000,89,0,0
2000150000,90,0,0
2000150000,91,0,0
2000150000,92,0,0
2000150000,93,0,0
2000150000,94,0,0
2000150000,95,0,0
2000150000,96,0,0
2000150000,97,0,0
2000150000,98,0,0
2000150000,99,0,0
2000150000,100,0,0
2000150000,101,0,0
2000150000,102,0,0
2000150000,103,0,0
2000150000,104,0,0
2000150000,105,0,0
2000150000,106,0,0
2000150000,107,0,0
2000150000,108,0,0
2000150000,109,0,0
2000150000,110,0,0
2000150000,111,0,0
2000150000,112,0,0
2000150000,113,0,0
2000150000,114,0,0
2000150000,115,0,0
2000150000,116,0,0
2000150000,117,0,0
2000150000,118,0,0
2000150000,119,0,0
2000150000,120,1,1
2000150000,121,0,0
2000150000,122,0,0
2000150000,123,0,0
2000150000,124,0,0
2000150000,125,0,0
2000150000,126,0,0
2000150000,127,0,0
2000150000,128,0,0
2000150000,129,0,0
2000150000,130,0,0
2000150000,131,0,0
2000150000,132,0,0
2000150000,133,0,0
2000150000,134,0,0
2000150000,135,0,0
2000150000,136,0,0
2000150000,137,0,0
2000150000,138,0,0
2000150000,139,0,0
2000150000,140,1,1
2000150000,141,0,0
2000150000,142,0,0
2000150000,143,0,0
2000150000,144,0,0
2000150000,145,0,0
2000150000,146,0,0
2000150000,147,0,0
2000150000,148,0,0
2000150000,149,0,0
2000150000,150,0,0
2000150000,151,0,0
2000150000,152,0,0
2000150000,153,0,0
2000150000,154,0,0
2000150000,155,0,0
2000150000,156,0,0
2000150000,157,0,0
2000150000,158,0,0
2000150000,159,0,0
2000150000,160,0,0
2000150000,161,0,0
2000150000,162,0,0
2000150000,163,0,0
2000150000,164,0,0
2000150000,165,0,0
2000150000,166,0,0
2000150000,167,0,0
2000150000,168,0,0
2000150000,169,0,0
2000150000,170,0,0
2000150000,171,0,0
2000150000,172,0,0
2000150000,173,0,0
2000150000,174,0,0
2000150000,175,0,0
2000150000,176,0,0
2000150000,177,0,0
2000150000,178,0,0
2000150000,179,0,0
2000150000,180,0,0
2000150000,181,0,0
2000150000,182,0,0
2000150000,183,0,0
2000150000,184,0,0
2000150000,185,0,0
2000150000,186,0,0
2000150000,187,0,0
2000150000,188,0,0
2000150000,189,0,0
2000150000,190,1,1
2000150000,191,0,0
2000150000,192,0,0
2000150000,193,0,0
2000150000,194,0,0
2000150000,195,0,0
2000150000,196,0,0
2000150000,197,0,0
2000150000,198,0,0
2000150000,199,0,0
2000150000,200,0,0
2000150000,201,0,0
2000150000,202,0,0
2000150000,203,0,0
2000150000,204,0,0
2000150000,205,0,0
2000150000,206,0,0
2000150000,207,0,0
2000150000,208,0,0
2000150000,209,0,0
2000150000,210,0,0
2000150000,211,0,0
2000150000,212,0,0
2000150000,213,0,0
2000150000,214,0,0
2000150000,215,0,0
2000150000,216,0,0
2000150000,217,0,0
2000150000,218,0,0
2000150000,219,0,0
2000150000,220,0,0
2000150000,221,0,0
2000150000,222,0,0
2000150000,223,0,0
2000150000,224,0,0
2000150000,225,0,0
2000150000,226,0,0
2000150000,227,0,0
2000150000,228,0,0
2000150000,229,0,0
2000150000,230,0,0
2000150000,231,0,0
2000150000,232,0,0
2000150000,233,0,0
2000150000,234,0,0
2000150000,235,0,0
2000150000,236,0,0
2000150000,237,0,0
2000150000,238,0,0
2000150000,239,0,0
2000150000,240,0,0
2000150000,241,0,0
2000150000,242,0,0
2000150000,243,0,0
2000150000,244,0,0
2000150000,245,0,0
2000150000,246,0,0
2000150000,247,0,0
2000150000,248,0,0
2000150000,249,0,0
2000150000,250,0,0
2000150000,251,0,0
2000150000,252,0,0
2000150000,253,0,0
2000150000,254,0,0
2000150000,255,0,0
2000150000,256,0,0
2000150000,257,0,0
2000150000,258,0,0
2000150000,259,0,0
2000150000,260,0,0
2000150000,261,0,0
2000150000,262,0,0
2000150000,263,0,0
2000150000,264,0,0
2000150000,265,0,0
2000150000,266,0,0
2000150000,267,0,0
2000150000,268,0,0
2000150000,269,0,0
2000150000,270,0,0
2000150000,271,0,0
2000150000,272,0,0
2000150000,273,0,0
2000150000,274,0,0
2000150000,275,0,0
2000150000,276,0,0
2000150000,277,0,0
2000150000,278,0,0
2000150000,279,0,0
2000150000,280,0,0
2000150000,281,0,0
2000150000,282,0,0
2000150000,283,0,0
2000150000,284,0,0
2000150000,285,0,0
2000150000,286,0,0
2000150000,287,0,0
2000160000,32,0,0
2000160000,33,0,0
2000160000,34,1,1
2000160000,35,0,0
2000160000,36,0,0
2000160000,37,0,0
2000160000,38,0,0
2000160000,39,0,0
2000160000,40,0,0
2000160000,41,0,0
2000160000,42,0,0
2000160000,43,0,0
2000160000,44,0,0
2000160000,45,0,0
2000160000,46,0,0
2000160000,47,0,0
2000160000,48,0,0
2000160000,49,0,0
2000160000,50,0,0
2000160000,51,0,0
2000160000,52,0,0
2000160000,53,0,0
2000160000,54,0,0
2000160000,55,0,0
2000160000,56,0,0
2000160000,57,0,0
2000160000,58,0,0
2000160000,59,0,0
2000160000,60,0,0
2000160000,61,0,0
2000160000,62,0,0
2000160000,63,0,0
2000160000,64,0,0
2000160000,65,0,0
2000160000,66,0,0
2000160000,67,0,0
2000160000,68,0,0
2000160000,69,0,0
2000160000,70,0,0
2000160000,71,0,0
2000160000,72,0,0
2000160000,73,0,0
2000160000,74,0,0
2000160000,75,0,0
2000160000,76,0,0
2000160000,77,0,0
2000160000,78,0,0
2000160000,79,0,0
2000160000,80,0,0
2000160000,81,0,0
2000160000,82,0,0
2000160000,83,0,0
2000160000,84,0,0
2000160000,85,0,0
2000160000,86,0,0
2000160000,87,0,0
2000160000,88,0,0
2000160000,89,0,0
2000160000,90,0,0
2000160000,91,0,0
2000160000,92,0,0
2000160000,93,0,0
2000160000,94,0,0
2000160000,95,0,0
2000160000,96,0,0
2000160000,97,0,0
2000160000,98,0,0
2000160000,99,0,0
2000160000,100,0,0
2000160000,101,0,0
2000160000,102,0,0
2000160000,103,0,0
2000160000,104,0,0
2000160000,105,0,0
2000160000,106,0,0
2000160000,107,0,0
2000160000,108,0,0
2000160000,109,0,0
2000160000,110,0,0
2000160000,111,0,0
2000160000,112,0,0
2000160000,113,0,0
2000160000,114,0,0
2000160000,115,0,0
2000160000,116,0,0
2000160000,117,0,0
2000160000,118,0,0
2000160000,119,0,0
2000160000,120,1,1
2000160000,121,0,0
2000160000,122,0,0
2000160000,123,0,0
2000160000,124,0,0
2000160000,125,0,0
2000160000,126,0,0
2000160000,127,0,0
2000160000,128,0,0
2000160000,129,0,0
2000160000,130,0,0
2000160000,131,0,0
2000160000,132,0,0
2000160000,133,0,0
2000160000,134,0,0
2000160000,135,0,0
2000160000,136,0,0
2000160000,137,0,0
2000160000,138,0,0
2000160000,139,0,0
2000160000,140,1,1
2000160000,141,0,0
2000160000,142,0,0
2000160000,143,0,0
2000160000,144,0,0
2000160000,145,0,0
2000160000,146,0,0
2000160000,147,0,0
2000160000,148,0,0
2000160000,149,0,0
2000160000,150,0,0
2000160000,151,0,0
2000160000,152,0,0
2000160000,153,0,0
2000160000,154,0,0
2000160000,155,0,0
2000160000,156,0,0
2000160000,157,0,0
2000160000,158,0,0
2000160000,159,0,0
2000160000,160,0,0
2000160000,161,0,0
2000160000,162,0,0
2000160000,163,0,0
2000160000,164,0,0
2000160000,165,0,0
2000160000,166,0,0
2000160000,167,0,0
2000160000,168,0,0
2000160000,169,0,0
2000160000,170,0,0
2000160000,171,0,0
2000160000,172,0,0
2000160000,173,0,0
2000160000,174,0,0
2000160000,175,0,0
2000160000,176,0,0
2000160000,177,0,0
2000160000,178,0,0
2000160000,179,0,0
2000160000,180,0,0
2000160000,181,0,0
2000160000,182,0,0
2000160000,183,0,0
2000160000,184,0,0
2000160000,185,0,0
2000160000,186,0,0
2000160000,187,0,0
2000160000,188,0,0
2000160000,189,0,0
2000160000,190,1,1
2000160000,191,0,0
2000160000,192,0,0
2000160000,193,0,0
2000160000,194,0,0
2000160000,195,0,0
2000160000,196,0,0
2000160000,197,0,0
2000160000,198,0,0
2000160000,199,0,0
2000160000,200,0,0
2000160000,201,0,0
2000160000,202,0,0
2000160000,203,0,0
2000160000,204,0,0
2000160000,205,0,0
2000160000,206,0,0
2000160000,207,0,0
2000160000,208,0,0
2000160000,209,0,0
2000160000,210,0,0
2000160000,211,0,0
2000160000,212,0,0
2000160000,213,0,0
2000160000,214,0,0
2000160000,215,0,0
2000160000,216,0,0
2000160000,217,0,0
2000160000,218,0,0
2000160000,219,0,0
2000160000,220,0,0
2000160000,221,0,0
2000160000,222,0,0
2000160000,223,0,0
2000160000,224,0,0
2000160000,225,0,0
2000160000,226,0,0
2000160000,227,0,0
2000160000,228,0,0
2000160000,229,0,0
2000160000,230,0,0
2000160000,231,0,0
2000160000,232,0,0
2000160000,233,0,0
2000160000,234,0,0
2000160000,235,0,0
2000160000,236,0,0
2000160000,237,0,0
2000160000,238,0,0
2000160000,239,0,0
2000160000,240,0,0
2000160000,241,0,0
2000160000,242,0,0
2000160000,243,0,0
2000160000,244,0,0
2000160000,245,0,0
2000160000,246,0,0
2000160000,247,0,0
2000160000,248,0,0
2000160000,249,0,0
2000160000,250,0,0
2000160000,251,0,0
2000160000,252,0,0
2000160000,253,0,0
2000160000,254,0,0
2000160000,255,0,0
2000160000,256,0,0
2000160000,257,0,0
2000160000,258,0,0
2000160000,259,0,0
2000160000,260,0,0
2000160000,261,0,0
2000160000,262,0,0
2000160000,263,0,0
2000160000,264,0,0
2000160000,265,0,0
2000160000,266,0,0
2000160000,267,0,0
2000160000,268,0,0
2000160000,269,0,0
2000160000,270,0,0
2000160000,271,0,0
2000160000,272,0,0
2000160000,273,0,0
2000160000,274,0,0
2000160000,275,0,0
2000160000,276,0,0
2000160000,277,0,0
2000160000,278,0,0
2000160000,279,0,0
2000160000,280,0,0
2000160000,281,0,0
2000160000,282,0,0
2000160000,283,0,0
2000160000,284,0,0
2000160000,285,0,0
2000160000,286,0,0
2000160000,287,0,0
2000170000,32,0,0
2000170000,33,0,0
2000170000,34,1,1
2000170000,35,0,0
2000170000,36,0,0
2000170000,37,0,0
2000170000,38,0,0
2000170000,39,0,0
2000170000,40,0,0
2000170000,41,0,0
2000170000,42,0,0
2000170000,43,0,0
2000170000,44,0,0
2000170000,45,0,0
2000170000,46,0,0
2000170000,47,0,0
2000170000,48,0,0
2000170000,49,0,0
2000170000,50,0,0
2000170000,51,0,0
2000170000,52,0,0
2000170000,53,0,0
2000170000,54,0,0
2000170000,55,0,0
2000170000,56,0,0
2000170000,57,0,0
2000170000,58,0,0
2000170000,59,0,0
2000170000,60,0,0
2000170000,61,0,0
2000170000,62,0,0
2000170000,63,0,0
2000170000,64,0,0
2000170000,65,0,0
2000170000,66,0,0
2000170000,67,0,0
2000170000,68,0,0
2000170000,69,0,0
2000170000,70,0,0
2000170000,71,0,0
2000170000,72,0,0
2000170000,73,0,0
2000170000,74,0,0
2000170000,75,0,0
2000170000,76,0,0
2000170000,77,0,0
2000170000,78,0,0
2000170000,79,0,0
2000170000,80,0,0
2000170000,81,0,0
2000170000,82,0,0
2000170000,83,0,0
2000170000,84,0,0
2000170000,85,0,0
2000170000,86,0,0
2000170000,87,0,0
2000170000,88,0,0
2000170000,89,0,0
2000170000,90,0,0
2000170000,91,0,0
2000170000,92,0,0
2000170000,93,0,0
2000170000,94,0,0
2000170000,95,0,0
2000170000,96,0,0
2000170000,97,0,0
2000170000,98,0,0
2000170000,99,0,0
2000170000,100,0,0
2000170000,101,0,0
2000170000,102,0,0
2000170000,103,0,0
2000170000,104,0,0
2000170000,105,0,0
2000170000,106,0,0
2000170000,107,0,0
2000170000,108,0,0
2000170000,109,0,0
2000170000,110,0,0
2000170000,111,0,0
2000170000,112,0,0
2000170000,113,0,0
2000170000,114,0,0
2000170000,115,0,0
2000170000,116,0,0
2000170000,117,0,0
2000170000,118,0,0
2000170000,119,0,0
2000170000,120,1,1
2000170000,121,0,0
2000170000,122,0,0
2000170000,123,0,0
2000170000,124,0,0
2000170000,125,0,0
2000170000,126,0,0
2000170000,127,0,0
2000170000,128,0,0
2000170000,129,0,0
2000170000,130,0,0
2000170000,131,0,0
2000170000,132,0,0
2000170000,133,0,0
2000170000,134,0,0
2000170000,135,0,0
2000170000,136,0,0
2000170000,137,0,0
2000170000,138,0,0
2000170000,139,0,0
2000170000,140,1,1
2000170000,141,0,0
2000170000,142,0,0
2000170000,143,0,0
2000170000,144,0,0
2000170000,145,0,0
2000170000,146,0,0
2000170000,147,0,0
2000170000,148,0,0
2000170000,149,0,0
2000170000,150,0,0
2000170000,151,0,0
2000170000,152,0,0
2000170000,153,0,0
2000170000,154,0,0
2000170000,155,0,0
2000170000,156,0,0
2000170000,157,0,0
2000170000,158,0,0
2000170000,159,0,0
2000170000,160,0,0
2000170000,161,0,0
2000170000,162,0,0
2000170000,163,0,0
2000170000,164,0,0
2000170000,165,0,0
2000170000,166,0,0
2000170000,167,0,0
2000170000,168,0,0
2000170000,169,0,0
2000170000,170,0,0
2000170000,171,0,0
2000170000,172,0,0
2000170000,173,0,0
2000170000,174,0,0
2000170000,175,0,0
2000170000,176,0,0
2000170000,177,0,0
2000170000,178,0,0
2000170000,179,0,0
2000170000,180,0,0
2000170000,181,0,0
2000170000,182,0,0
2000170000,183,0,0
2000170000,184,0,0
2000170000,185,0,0
2000170000,186,0,0
2000170000,187,0,0
2000170000,188,0,0
2000170000,189,0,0
2000170000,190,1,1
2000170000,191,0,0
2000170000,192,0,0
2000170000,193,0,0
2000170000,194,0,0
2000170000,195,0,0
2000170000,196,0,0
2000170000,197,0,0
2000170000,198,0,0
2000170000,199,0,0
2000170000,200,0,0
2000170000,201,0,0
2000170000,202,0,0
2000170000,203,0,0
2000170000,204,0,0
2000170000,205,0,0
2000170000,206,0,0
2000170000,207,0,0
2000170000,208,0,0
2000170000,209,0,0
2000170000,210,0,0
2000170000,211,0,0
2000170000,212,0,0
2000170000,213,0,0
2000170000,214,0,0
2000170000,215,0,0
2000170000,216,0,0
2000170000,217,0,0
2000170000,218,0,0
2000170000,219,0,0
2000170000,220,0,0
2000170000,221,0,0
2000170000,222,0,0
2000170000,223,0,0
2000170000,224,0,0
2000170000,225,0,0
2000170000,226,0,0
2000170000,227,0,0
2000170000,228,0,0
2000170000,229,0,0
2000170000,230,0,0
2000170000,231,0,0
2000170000,232,0,0
2000170000,233,0,0
2000170000,234,0,0
2000170000,235,0,0
2000170000,236,0,0
2000170000,237,0,0
2000170000,238,0,0
2000170000,239,0,0
2000170000,240,0,0
2000170000,241,0,0
2000170000,242,0,0
2000170000,243,0,0
2000170000,244,0,0
2000170000,245,0,0
2000170000,246,0,0
2000170000,247,0,0
2000170000,248,0,0
2000170000,249,0,0
2000170000,250,0,0
2000170000,251,0,0
2000170000,252,0,0
2000170000,253,0,0
2000170000,254,0,0
2000170000,255,0,0
2000170000,256,0,0
2000170000,257,0,0
2000170000,258,0,0
2000170000,259,0,0
2000170000,260,0,0
2000170000,261,0,0
2000170000,262,0,0
2000170000,263,0,0
2000170000,264,0,0
2000170000,265,0,0
2000170000,266,0,0
2000170000,267,0,0
2000170000,268,0,0
2000170000,269,0,0
2000170000,270,0,0
2000170000,271,0,0
2000170000,272,0,0
2000170000,273,0,0
2000170000,274,0,0
2000170000,275,0,0
2000170000,276,0,0
2000170000,277,0,0
2000170000,278,0,0
2000170000,279,0,0
2000170000,280,0,0
2000170000,281,0,0
2000170000,282,0,0
2000170000,283,0,0
2000170000,284,0,0
2000170000,285,0,0
2000170000,286,0,0
2000170000,287,0,0
2000180000,32,0,0
2000180000,33,0,0
2000180000,34,1,1
2000180000,35,0,0
2000180000,36,0,0
2000180000,37,0,0
2000180000,38,0,0
2000180000,39,0,0
2000180000,40,0,0
2000180000,41,0,0
2000180000,42,0,0
2000180000,43,0,0
2000180000,44,0,0
2000180000,45,0,0
2000180000,46,0,0
2000180000,47,0,0
2000180000,48,0,0
2000180000,49,0,0
2000180000,50,0,0
2000180000,51,0,0
2000180000,52,0,0
2000180000,53,0,0
2000180000,54,0,0
2000180000,55,0,0
2000180000,56,0,0
2000180000,57,0,0
2000180000,58,0,0
2000180000,59,0,0
2000180000,60,0,0
2000180000,61,0,0
2000180000,62,0,0
2000180000,63,0,0
2000180000,64,0,0
2000180000,65,0,0
2000180000,66,0,0
2000180000,67,0,0
2000180000,68,0,0
2000180000,69,0,0
2000180000,70,0,0
2000180000,71,0,0
2000180000,72,0,0
2000180000,73,0,0
2000180000,74,0,0
2000180000,75,0,0
2000180000,76,0,0
2000180000,77,0,0
2000180000,78,0,0
2000180000,79,0,0
2000180000,80,0,0
2000180000,81,0,0
2000180000,82,0,0
2000180000,83,0,0
2000180000,84,0,0
2000180000,85,0,0
2000180000,86,0,0
2000180000,87,0,0
2000180000,88,0,0
2000180000,89,0,0
2000180000,90,0,0
2000180000,91,0,0
2000180000,92,0,0
2000180000,93,0,0
2000180000,94,0,0
2000180000,95,0,0
2000180000,96,0,0
2000180000,97,0,0
2000180000,98,0,0
2000180000,99,0,0
2000180000,100,0,0
2000180000,101,0,0
2000180000,102,0,0
2000180000,103,0,0
2000180000,104,0,0
2000180000,105,0,0
2000180000,106,0,0
2000180000,107,0,0
2000180000,108,0,0
2000180000,109,0,0
2000180000,110,0,0
2000180000,111,0,0
2000180000,112,0,0
2000180000,113,0,0
2000180000,114,0,0
2000180000,115,0,0
2000180000,116,0,0
2000180000,117,0,0
2000180000,118,0,0
2000180000,119,0,0
2000180000,120,1,1
2000180000,121,0,0
2000180000,122,0,0
2000180000,123,0,0
2000180000,124,0,0
2000180000,125,0,0
2000180000,126,0,0
2000180000,127,0,0
2000180000,128,0,0
2000180000,129,0,0
2000180000,130,0,0
2000180000,131,0,0
2000180000,132,0,0
2000180000,133,0,0
2000180000,134,0,0
2000180000,135,0,0
2000180000,136,0,0
2000180000,137,0,0
2000180000,138,0,0
2000180000,139,0,0
2000180000,140,1,1
2000180000,141,0,0
2000180000,142,0,0
2000180000,143,0,0
2000180000,144,0,0
2000180000,145,0,0
2000180000,146,0,0
2000180000,147,0,0
2000180000,148,0,0
2000180000,149,0,0
2000180000,150,0,0
2000180000,151,0,0
2000180000,152,0,0
2000180000,153,0,0
2000180000,154,0,0
2000180000,155,0,0
2000180000,156,0,0
2000180000,157,0,0
2000180000,158,0,0
2000180000,159,0,0
2000180000,160,0,0
2000180000,161,0,0
2000180000,162,0,0
2000180000,163,0,0
2000180000,164,0,0
2000180000,165,0,0
2000180000,166,0,0
2000180000,167,0,0
2000180000,168,0,0
2000180000,169,0,0
2000180000,170,0,0
2000180000,171,0,0
2000180000,172,0,0
2000180000,173,0,0
2000180000,174,0,0
2000180000,175,0,0
2000180000,176,0,0
2000180000,177,0,0
2000180000,178,0,0
2000180000,179,0,0
2000180000,180,0,0
2000180000,181,0,0
2000180000,182,0,0
2000180000,183,0,0
2000180000,184,0,0
2000180000,185,0,0
2000180000,186,0,0
2000180000,187,0,0
2000180000,188,0,0
2000180000,189,0,0
2000180000,190,1,1
2000180000,191,0,0
2000180000,192,0,0
2000180000,193,0,0
2000180000,194,0,0
2000180000,195,0,0
2000180000,196,0,0
2000180000,197,0,0
2000180000,198,0,0
2000180000,199,0,0
2000180000,200,0,0
2000180000,201,0,0
2000180000,202,0,0
2000180000,203,0,0
2000180000,204,0,0
2000180000,205,0,0
2000180000,206,0,0
2000180000,207,0,0
2000180000,208,0,0
2000180000,209,0,0
2000180000,210,0,0
2000180000,211,0,0
2000180000,212,0,0
2000180000,213,0,0
2000180000,214,0,0
2000180000,215,0,0
2000180000,216,0,0
2000180000,217,0,0
2000180000,218,0,0
2000180000,219,0,0
2000180000,220,0,0
2000180000,221,0,0
2000180000,222,0,0
2000180000,223,0,0
2000180000,224,0,0
2000180000,225,0,0
2000180000,226,0,0
2000180000,227,0,0
2000180000,228,0,0
2000180000,229,0,0
2000180000,230,0,0
2000180000,231,0,0
2000180000,232,0,0
2000180000,233,0,0
2000180000,234,0,0
2000180000,235,0,0
2000180000,236,0,0
2000180000,237,0,0
2000180000,238,0,0
2000180000,239,0,0
2000180000,240,0,0
2000180000,241,0,0
2000180000,242,0,0
2000180000,243,0,0
2000180000,244,0,0
2000180000,245,0,0
2000180000,246,0,0
2000180000,247,0,0
2000180000,248,0,0
2000180000,249,0,0
2000180000,250,0,0
2000180000,251,0,0
2000180000,252,0,0
2000180000,253,0,0
2000180000,254,0,0
2000180000,255,0,0
2000180000,256,0,0
2000180000,257,0,0
2000180000,258,0,0
2000180000,259,0,0
2000180000,260,0,0
2000180000,261,0,0
2000180000,262,0,0
2000180000,263,0,0
2000180000,264,0,0
2000180000,265,0,0
2000180000,266,0,0
2000180000,267,0,0
2000180000,268,0,0
2000180000,269,0,0
2000180000,270,0,0
2000180000,271,0,0
2000180000,272,0,0
2000180000,273,0,0
2000180000,274,0,0
2000180000,275,0,0
2000180000,276,0,0
2000180000,277,0,0
2000180000,278,0,0
2000180000,279,0,0
2000180000,280,0,0
2000180000,281,0,0
2000180000,282,0,0
2000180000,283,0,0
2000180000,284,0,0
2000180000,285,0,0
2000180000,286,0,0
2000180000,287,0,0
2000190000,32,0,0
2000190000,33,0,0
2000190000,34,1,1
2000190000,35,0,0
2000190000,36,0,0
2000190000,37,0,0
2000190000,38,0,0
2000190000,39,0,0
2000190000,40,0,0
2000190000,41,0,0
2000190000,42,0,0
2000190000,43,0,0
2000190000,44,0,0
2000190000,45,0,0
2000190000,46,0,0
2000190000,47,0,0
2000190000,48,0,0
2000190000,49,0,0
2000190000,50,0,0
2000190000,51,0,0
2000190000,52,0,0
2000190000,53,0,0
2000190000,54,0,0
2000190000,55,0,0
2000190000,56,0,0
2000190000,57,0,0
2000190000,58,0,0
2000190000,59,0,0
2000190000,60,0,0
2000190000,61,0,0
2000190000,62,0,0
2000190000,63,0,0
2000190000,64,0,0
2000190000,65,0,0
2000190000,66,0,0
2000190000,67,0,0
2000190000,68,0,0
2000190000,69,0,0
2000190000,70,0,0
2000190000,71,0,0
2000190000,72,0,0
2000190000,73,0,0
2000190000,74,0,0
2000190000,75,0,0
2000190000,76,0,0
2000190000,77,0,0
2000190000,78,0,0
2000190000,79,0,0
2000190000,80,0,0
2000190000,81,0,0
2000190000,82,0,0
2000190000,83,0,0
2000190000,84,0,0
2000190000,85,0,0
2000190000,86,0,0
2000190000,87,0,0
2000190000,88,0,0
2000190000,89,0,0
2000190000,90,0,0
2000190000,91,0,0
2000190000,92,0,0
2000190000,93,0,0
2000190000,94,0,0
2000190000,95,0,0
2000190000,96,0,0
2000190000,97,0,0
2000190000,98,0,0
2000190000,99,0,0
2000190000,100,0,0
2000190000,101,0,0
2000190000,102,0,0
2000190000,103,0,0
2000190000,104,0,0
2000190000,105,0,0
2000190000,106,0,0
2000190000,107,0,0
2000190000,108,0,0
2000190000,109,0,0
2000190000,110,0,0
2000190000,111,0,0
2000190000,112,0,0
2000190000,113,0,0
2000190000,114,0,0
2000190000,115,0,0
2000190000,116,0,0
2000190000,117,0,0
2000190000,118,0,0
2000190000,119,0,0
2000190000,120,1,1
2000190000,121,0,0
2000190000,122,0,0
2000190000,123,0,0
2000190000,124,0,0
2000190000,125,0,0
2000190000,126,0,0
2000190000,127,0,0
2000190000,128,0,0
2000190000,129,0,0
2000190000,130,0,0
2000190000,131,0,0
2000190000,132,0,0
2000190000,133,0,0
2000190000,134,0,0
2000190000,135,0,0
2000190000,136,0,0
2000190000,137,0,0
2000190000,138,0,0
2000190000,139,0,0
2000190000,140,1,1
2000190000,141,0,0
2000190000,142,0,0
2000190000,143,0,0
2000190000,144,0,0
2000190000,145,0,0
2000190000,146,0,0
2000190000,147,0,0
2000190000,148,0,0
2000190000,149,0,0
2000190000,150,0,0
2000190000,151,0,0
2000190000,152,0,0
2000190000,153,0,0
2000190000,154,0,0
2000190000,155,0,0
2000190000,156,0,0
2000190000,157,0,0
2000190000,158,0,0
2000190000,159,0,0
2000190000,160,0,0
2000190000,161,0,0
2000190000,162,0,0
2000190000,163,0,0
2000190000,164,0,0
2000190000,165,0,0
2000190000,166,0,0
2000190000,167,0,0
2000190000,168,0,0
2000190000,169,0,0
2000190000,170,0,0
2000190000,171,0,0
2000190000,172,0,0
2000190000,173,0,0
2000190000,174,0,0
2000190000,175,0,0
2000190000,176,0,0
2000190000,177,0,0
2000190000,178,0,0
2000190000,179,0,0
2000190000,180,0,0
2000190000,181,0,0
2000190000,182,0,0
2000190000,183,0,0
2000190000,184,0,0
2000190000,185,0,0
2000190000,186,0,0
2000190000,187,0,0
2000190000,188,0,0
2000190000,189,0,0
2000190000,190,1,1
2000190000,191,0,0
2000190000,192,0,0
2000190000,193,0,0
2000190000,194,0,0
2000190000,195,0,0
2000190000,196,0,0
2000190000,197,0,0
2000190000,198,0,0
2000190000,199,0,0
2000190000,200,0,0
2000190000,201,0,0
2000190000,202,0,0
2000190000,203,0,0
2000190000,204,0,0
2000190000,205,0,0
2000190000,206,0,0
2000190000,207,0,0
2000190000,208,0,0
2000190000,209,0,0
2000190000,210,0,0
2000190000,211,0,0
2000190000,212,0,0
2000190000,213,0,0
2000190000,214,0,0
2000190000,215,0,0
2000190000,216,0,0
2000190000,217,0,0
2000190000,218,0,0
2000190000,219,0,0
2000190000,220,0,0
2000190000,221,0,0
2000190000,222,0,0
2000190000,223,0,0
2000190000,224,0,0
2000190000,225,0,0
2000190000,226,0,0
2000190000,227,0,0
2000190000,228,0,0
2000190000,229,0,0
2000190000,230,0,0
2000190000,231,0,0
2000190000,232,0,0
2000190000,233,0,0
2000190000,234,0,0
2000190000,235,0,0
2000190000,236,0,0
2000190000,237,0,0
2000190000,238,0,0
2000190000,239,0,0
2000190000,240,0,0
2000190000,241,0,0
2000190000,242,0,0
2000190000,243,0,0
2000190000,244,0,0
2000190000,245,0,0
2000190000,246,0,0
2000190000,247,0,0
2000190000,248,0,0
2000190000,249,0,0
2000190000,250,0,0
2000190000,251,0,0
2000190000,252,0,0
2000190000,253,0,0
2000190000,254,0,0
2000190000,255,0,0
2000190000,256,0,0
2000190000,257,0,0
2000190000,258,0,0
2000190000,259,0,0
2000190000,260,0,0
2000190000,261,0,0
2000190000,262,0,0
2000190000,263,0,0
2000190000,264,0,0
2000190000,265,0,0
2000190000,266,0,0
2000190000,267,0,0
2000190000,268,0,0
2000190000,269,0,0
2000190000,270,0,0
2000190000,271,0,0
2000190000,272,0,0
2000190000,273,0,0
2000190000,274,0,0
2000190000,275,0,0
2000190000,276,0,0
2000190000,277,0,0
2000190000,278,0,0
2000190000,279,0,0
2000190000,280,0,0
2000190000,281,0,0
2000190000,282,0,0
2000190000,283,0,0
2000190000,284,0,0
2000190000,285,0,0
2000190000,286,0,0
2000190000,287,0,0
2000200000,32,0,0
2000200000,33,0,0
2000200000,34,1,1
2000200000,35,0,0
2000200000,36,0,0
2000200000,37,0,0
2000200000,38,0,0
2000200000,39,0,0
2000200000,40,0,0
2000200000,41,0,0
2000200000,42,0,0
2000200000,43,0,0
2000200000,44,0,0
2000200000,45,0,0
2000200000,46,0,0
2000200000,47,0,0
2000200000,48,0,0
2000200000,49,0,0
2000200000,50,0,0
2000200000,51,0,0
2000200000,52,0,0
2000200000,53,0,0
2000200000,54,0,0
2000200000,55,0,0
2000200000,56,0,0
2000200000,57,0,0
2000200000,58,0,0
2000200000,59,0,0
2000200000,60,0,0
2000200000,61,0,0
2000200000,62,0,0
2000200000,63,0,0
2000200000,64,0,0
2000200000,65,0,0
2000200000,66,0,0
2000200000,67,0,0
2000200000,68,0,0
2000200000,69,0,0
2000200000,70,0,0
2000200000,71,0,0
2000200000,72,0,0
2000200000,73,0,0
2000200000,74,0,0
2000200000,75,0,0
2000200000,76,0,0
2000200000,77,0,0
2000200000,78,0,0
2000200000,79,0,0
2000200000,80,0,0
2000200000,81,0,0
2000200000,82,0,0
2000200000,83,0,0
2000200000,84,0,0
2000200000,85,0,0
2000200000,86,0,0
2000200000,87,0,0
2000200000,88,0,0
2000200000,89,0,0
2000200000,90,0,0
2000200000,91,0,0
2000200000,92,0,0
2000200000,93,0,0
2000200000,94,0,0
2000200000,95,0,0
2000200000,96,0,0
2000200000,97,0,0
2000200000,98,0,0
2000200000,99,0,0
2000200000,100,0,0
2000200000,101,0,0
2000200000,102,0,0
2000200000,103,0,0
2000200000,104,0,0
2000200000,105,0,0
2000200000,106,0,0
2000200000,107,0,0
2000200000,108,0,0
2000200000,109,0,0
2000200000,110,0,0
2000200000,111,0,0
2000200000,112,0,0
2000200000,113,0,0
2000200000,114,0,0
2000200000,115,0,0
2000200000,116,0,0
2000200000,117,0,0
2000200000,118,0,0
2000200000,119,0,0
2000200000,120,1,1
2000200000,121,0,0
2000200000,122,0,0
2000200000,123,0,0
2000200000,124,0,0
2000200000,125,0,0
2000200000,126,0,0
2000200000,127,0,0
2000200000,128,0,0
2000200000,129,0,0
2000200000,130,0,0
2000200000,131,0,0
2000200000,132,0,0
2000200000,133,0,0
2000200000,134,0,0
2000200000,135,0,0
2000200000,136,0,0
2000200000,137,0,0
2000200000,138,0,0
2000200000,139,0,0
2000200000,140,1,1
2000200000,141,0,0
2000200000,142,0,0
2000200000,143,0,0
2000200000,144,0,0
2000200000,145,0,0
2000200000,146,0,0
2000200000,147,0,0
2000200000,148,0,0
2000200000,149,0,0
2000200000,150,0,0
2000200000,151,0,0
2000200000,152,0,0
2000200000,153,0,0
2000200000,154,0,0
2000200000,155,0,0
2000200000,156,0,0
2000200000,157,0,0
2000200000,158,0,0
2000200000,159,0,0
2000200000,160,0,0
2000200000,161,0,0
2000200000,162,0,0
2000200000,163,0,0
2000200000,164,0,0
2000200000,165,0,0
2000200000,166,0,0
2000200000,167,0,0
2000200000,168,0,0
2000200000,169,0,0
2000200000,170,0,0
2000200000,171,0,0
2000200000,172,0,0
2000200000,173,0,0
2000200000,174,0,0
2000200000,175,0,0
2000200000,176,0,0
2000200000,177,0,0
2000200000,178,0,0
2000200000,179,0,0
2000200000,180,0,0
2000200000,181,0,0
2000200000,182,0,0
2000200000,183,0,0
2000200000,184,0,0
2000200000,185,0,0
2000200000,186,0,0
2000200000,187,0,0
2000200000,188,0,0
2000200000,189,0,0
2000200000,190,1,1
2000200000,191,0,0
2000200000,192,0,0
2000200000,193,0,0
2000200000,194,0,0
2000200000,195,0,0
2000200000,196,0,0
2000200000,197,0,0
2000200000,198,0,0
2000200000,199,0,0
2000200000,200,0,0
2000200000,201,0,0
2000200000,202,0,0
2000200000,203,0,0
2000200000,204,0,0
2000200000,205,0,0
2000200000,206,0,0
2000200000,207,0,0
2000200000,208,0,0
2000200000,209,0,0
2000200000,210,0,0
2000200000,211,0,0
2000200000,212,0,0
2000200000,213,0,0
2000200000,214,0,0
2000200000,215,0,0
2000200000,216,0,0
2000200000,217,0,0
2000200000,218,0,0
2000200000,219,0,0
2000200000,220,0,0
2000200000,221,0,0
2000200000,222,0,0
2000200000,223,0,0
2000200000,224,0,0
2000200000,225,0,0
2000200000,226,0,0
2000200000,227,0,0
2000200000,228,0,0
2000200000,229,0,0
2000200000,230,0,0
2000200000,231,0,0
2000200000,232,0,0
2000200000,233,0,0
2000200000,234,0,0
2000200000,235,0,0
2000200000,236,0,0
2000200000,237,0,0
2000200000,238,0,0
2000200000,239,0,0
2000200000,240,0,0
2000200000,241,0,0
2000200000,242,0,0
2000200000,243,0,0
2000200000,244,0,0
2000200000,245,0,0
2000200000,246,0,0
2000200000,247,0,0
2000200000,248,0,0
2000200000,249,0,0
2000200000,250,0,0
2000200000,251,0,0
2000200000,252,0,0
2000200000,253,0,0
2000200000,254,0,0
2000200000,255,0,0
2000200000,256,0,0
2000200000,257,0,0
2000200000,258,0,0
2000200000,259,0,0
2000200000,260,0,0
2000200000,261,0,0
2000200000,262,0,0
2000200000,263,0,0
2000200000,264,0,0
2000200000,265,0,0
2000200000,266,0,0
2000200000,267,0,0
2000200000,268,0,0
2000200000,269,0,0
2000200000,270,0,0
2000200000,271,0,0
2000200000,272,0,0
2000200000,273,0,0
2000200000,274,0,0
2000200000,275,0,0
2000200000,276,0,0
2000200000,277,0,0
2000200000,278,0,0
2000200000,279,0,0
2000200000,280,0,0
2000200000,281,0,0
2000200000,282,0,0
2000200000,283,0,0
2000200000,284,0,0
2000200000,285,0,0
2000200000,286,0,0
2000200000,287,0,0
2000210000,32,0,0
2000210000,33,0,0
2000210000,34,1,1
2000210000,35,0,0
2000210000,36,0,0
2000210000,37,0,0
2000210000,38,0,0
2000210000,39,0,0
2000210000,40,0,0
2000210000,41,0,0
2000210000,42,0,0
2000210000,43,0,0
2000210000,44,0,0
2000210000,45,0,0
2000210000,46,0,0
2000210000,47,0,0
2000210000,48,0,0
2000210000,49,0,0
2000210000,50,0,0
2000210000,51,0,0
2000210000,52,0,0
2000210000,53,0,0
2000210000,54,0,0
2000210000,55,0,0
2000210000,56,0,0
2000210000,57,0,0
2000210000,58,0,0
2000210000,59,0,0
2000210000,60,0,0
2000210000,61,0,0
2000210000,62,0,0
2000210000,63,0,0
2000210000,64,0,0
2000210000,65,0,0
2000210000,66,0,0
2000210000,67,0,0
2000210000,68,0,0
2000210000,69,0,0
2000210000,70,0,0
2000210000,71,0,0
2000210000,72,0,0
2000210000,73,0,0
2000210000,74,0,0
2000210000,75,0,0
2000210000,76,0,0
2000210000,77,0,0
2000210000,78,0,0
2000210000,79,0,0
2000210000,80,0,0
2000210000,81,0,0
2000210000,82,0,0
2000210000,83,0,0
2000210000,84,0,0
2000210000,85,0,0
2000210000,86,0,0
2000210000,87,0,0
2000210000,88,0,0
2000210000,89,0,0
2000210000,90,0,0
2000210000,91,0,0
2000210000,92,0,0
2000210000,93,0,0
2000210000,94,0,0
2000210000,95,0,0
2000210000,96,0,0
2000210000,97,0,0
2000210000,98,0,0
2000210000,99,0,0
2000210000,100,0,0
2000210000,101,0,0
2000210000,102,0,0
2000210000,103,0,0
2000210000,104,0,0
2000210000,105,0,0
2000210000,106,0,0
2000210000,107,0,0
2000210000,108,0,0
2000210000,109,0,0
2000210000,110,0,0
2000210000,111,0,0
2000210000,112,0,0
2000210000,113,0,0
2000210000,114,0,0
2000210000,115,0,0
2000210000,116,0,0
2000210000,117,0,0
2000210000,118,0,0
2000210000,119,0,0
2000210000,120,1,1
2000210000,121,0,0
2000210000,122,0,0
2000210000,123,0,0
2000210000,124,0,0
2000210000,125,0,0
2000210000,126,0,0
2000210000,127,0,0
2000210000,128,0,0
2000210000,129,0,0
2000210000,130,0,0
2000210000,131,0,0
2000210000,132,0,0
2000210000,133,0,0
2000210000,134,0,0
2000210000,135,0,0
2000210000,136,0,0
2000210000,137,0,0
2000210000,138,0,0
2000210000,139,0,0
2000210000,140,1,1
2000210000,141,0,0
2000210000,142,0,0
2000210000,143,0,0
2000210000,144,0,0
2000210000,145,0,0
2000210000,146,0,0
2000210000,147,0,0
2000210000,148,0,0
2000210000,149,0,0
2000210000,150,0,0
2000210000,151,0,0
2000210000,152,0,0
2000210000,153,0,0
2000210000,154,0,0
2000210000,155,0,0
2000210000,156,0,0
2000210000,157,0,0
2000210000,158,0,0
2000210000,159,0,0
2000210000,160,0,0
2000210000,161,0,0
2000210000,162,0,0
2000210000,163,0,0
2000210000,164,0,0
2000210000,165,0,0
2000210000,166,0,0
2000210000,167,0,0
2000210000,168,0,0
2000210000,169,0,0
2000210000,170,0,0
2000210000,171,0,0
2000210000,172,0,0
2000210000,173,0,0
2000210000,174,0,0
2000210000,175,0,0
2000210000,176,0,0
2000210000,177,0,0
2000210000,178,0,0
2000210000,179,0,0
2000210000,180,0,0
2000210000,181,0,0
2000210000,182,0,0
2000210000,183,0,0
2000210000,184,0,0
2000210000,185,0,0
2000210000,186,0,0
2000210000,187,0,0
2000210000,188,0,0
2000210000,189,0,0
2000210000,190,1,1
2000210000,191,0,0
2000210000,192,0,0
2000210000,193,0,0
2000210000,194,0,0
2000210000,195,0,0
2000210000,196,0,0
2000210000,197,0,0
2000210000,198,0,0
2000210000,199,0,0
2000210000,200,0,0
2000210000,201,0,0
2000210000,202,0,0
2000210000,203,0,0
2000210000,204,0,0
2000210000,205,0,0
2000210000,206,0,0
2000210000,207,0,0
2000210000,208,0,0
2000210000,209,0,0
2000210000,210,0,0
2000210000,211,0,0
2000210000,212,0,0
2000210000,213,0,0
2000210000,214,0,0
2000210000,215,0,0
2000210000,216,0,0
2000210000,217,0,0
2000210000,218,0,0
2000210000,219,0,0
2000210000,220,0,0
2000210000,221,0,0
2000210000,222,0,0
2000210000,223,0,0
2000210000,224,0,0
2000210000,225,0,0
2000210000,226,0,0
2000210000,227,0,0
2000210000,228,0,0
2000210000,229,0,0
2000210000,230,0,0
2000210000,231,0,0
2000210000,232,0,0
2000210000,233,0,0
2000210000,234,0,0
2000210000,235,0,0
2000210000,236,0,0
2000210000,237,0,0
2000210000,238,0,0
2000210000,239,0,0
2000210000,240,0,0
2000210000,241,0,0
2000210000,242,0,0
2000210000,243,0,0
2000210000,244,0,0
2000210000,245,0,0
2000210000,246,0,0
2000210000,247,0,0
2000210000,248,0,0
2000210000,249,0,0
2000210000,250,0,0
2000210000,251,0,0
2000210000,252,0,0
2000210000,253,0,0
2000210000,254,0,0
2000210000,255,0,0
2000210000,256,0,0
2000210000,257,0,0
2000210000,258,0,0
2000210000,259,0,0
2000210000,260,0,0
2000210000,261,0,0
2000210000,262,0,0
2000210000,263,0,0
2000210000,264,0,0
2000210000,265,0,0
2000210000,266,0,0
2000210000,267,0,0
2000210000,268,0,0
2000210000,269,0,0
2000210000,270,0,0
2000210000,271,0,0
2000210000,272,0,0
2000210000,273,0,0
2000210000,274,0,0
2000210000,275,0,0
2000210000,276,0,0
2000210000,277,0,0
2000210000,278,0,0
2000210000,279,0,0
2000210000,280,0,0
2000210000,281,0,0
2000210000,282,0,0
2000210000,283,0,0
2000210000,284,0,0
2000210000,285,0,0
2000210000,286,0,0
2000210000,287,0,0
2000220000,32,0,0
2000220000,33,0,0
2000220000,34,1,1
2000220000,35,0,0
2000220000,36,0,0
2000220000,37,0,0
2000220000,38,0,0
2000220000,39,0,0
2000220000,40,0,0
2000220000,41,0,0
2000220000,42,0,0
2000220000,43,0,0
2000220000,44,0,0
2000220000,45,0,0
2000220000,46,0,0
2000220000,47,0,0
2000220000,48,0,0
2000220000,49,0,0
2000220000,50,0,0
2000220000,51,0,0
2000220000,52,0,0
2000220000,53,0,0
2000220000,54,0,0
2000220000,55,0,0
2000220000,56,0,0
2000220000,57,0,0
2000220000,58,0,0
2000220000,59,0,0
2000220000,60,0,0
2000220000,61,0,0
2000220000,62,0,0
2000220000,63,0,0
2000220000,64,0,0
2000220000,65,0,0
2000220000,66,0,0
2000220000,67,0,0
2000220000,68,0,0
2000220000,69,0,0
2000220000,70,0,0
2000220000,71,0,0
2000220000,72,0,0
2000220000,73,0,0
2000220000,74,0,0
2000220000,75,0,0
2000220000,76,0,0
2000220000,77,0,0
2000220000,78,0,0
2000220000,79,0,0
2000220000,80,0,0
2000220000,81,0,0
2000220000,82,0,0
2000220000,83,0,0
2000220000,84,0,0
2000220000,85,0,0
2000220000,86,0,0
2000220000,87,0,0
2000220000,88,0,0
2000220000,89,0,0
2000220000,90,0,0
2000220000,91,0,0
2000220000,92,0,0
2000220000,93,0,0
2000220000,94,0,0
2000220000,95,0,0
2000220000,96,0,0
2000220000,97,0,0
2000220000,98,0,0
2000220000,99,0,0
2000220000,100,0,0
2000220000,101,0,0
2000220000,102,0,0
2000220000,103,0,0
2000220000,104,0,0
2000220000,105,0,0
2000220000,106,0,0
2000220000,107,0,0
2000220000,108,0,0
2000220000,109,0,0
2000220000,110,0,0
2000220000,111,0,0
2000220000,112,0,0
2000220000,113,0,0
2000220000,114,0,0
2000220000,115,0,0
2000220000,116,0,0
2000220000,117,0,0
2000220000,118,0,0
2000220000,119,0,0
2000220000,120,1,1
2000220000,121,0,0
2000220000,122,0,0
2000220000,123,0,0
2000220000,124,0,0
2000220000,125,0,0
2000220000,126,0,0
2000220000,127,0,0
2000220000,128,0,0
2000220000,129,0,0
2000220000,130,0,0
2000220000,131,0,0
2000220000,132,0,0
2000220000,133,0,0
2000220000,134,0,0
2000220000,135,0,0
2000220000,136,0,0
2000220000,137,0,0
2000220000,138,0,0
2000220000,139,0,0
2000220000,140,1,1
2000220000,141,0,0
2000220000,142,0,0
2000220000,143,0,0
2000220000,144,0,0
2000220000,145,0,0
2000220000,146,0,0
2000220000,147,0,0
2000220000,148,0,0
2000220000,149,0,0
2000220000,150,0,0
2000220000,151,0,0
2000220000,152,0,0
2000220000,153,0,0
2000220000,154,0,0
2000220000,155,0,0
2000220000,156,0,0
2000220000,157,0,0
2000220000,158,0,0
2000220000,159,0,0
2000220000,160,0,0
2000220000,161,0,0
2000220000,162,0,0
2000220000,163,0,0
2000220000,164,0,0
2000220000,165,0,0
2000220000,166,0,0
2000220000,167,0,0
2000220000,168,0,0
2000220000,169,0,0
2000220000,170,0,0
2000220000,171,0,0
2000220000,172,0,0
2000220000,173,0,0
2000220000,174,0,0
2000220000,175,0,0
2000220000,176,0,0
2000220000,177,0,0
2000220000,178,0,0
2000220000,179,0,0
2000220000,180,0,0
2000220000,181,0,0
2000220000,182,0,0
2000220000,183,0,0
2000220000,184,0,0
2000220000,185,0,0
2000220000,186,0,0
2000220000,187,0,0
2000220000,188,0,0
2000220000,189,0,0
2000220000,190,1,1
2000220000,191,0,0
2000220000,192,0,0
2000220000,193,0,0
2000220000,194,0,0
2000220000,195,0,0
2000220000,196,0,0
2000220000,197,0,0
2000220000,198,0,0
2000220000,199,0,0
2000220000,200,0,0
2000220000,201,0,0
2000220000,202,0,0
2000220000,203,0,0
2000220000,204,0,0
2000220000,205,0,0
2000220000,206,0,0
2000220000,207,0,0
2000220000,208,0,0
2000220000,209,0,0
2000220000,210,0,0
2000220000,211,0,0
2000220000,212,0,0
2000220000,213,0,0
2000220000,214,0,0
2000220000,215,0,0
2000220000,216,0,0
2000220000,217,0,0
2000220000,218,0,0
2000220000,219,0,0
2000220000,220,0,0
2000220000,221,0,0
2000220000,222,0,0
2000220000,223,0,0
2000220000,224,0,0
2000220000,225,0,0
2000220000,226,0,0
2000220000,227,0,0
2000220000,228,0,0
2000220000,229,0,0
2000220000,230,0,0
2000220000,231,0,0
2000220000,232,0,0
2000220000,233,0,0
2000220000,234,0,0
2000220000,235,0,0
2000220000,236,0,0
2000220000,237,0,0
2000220000,238,0,0
2000220000,239,0,0
2000220000,240,0,0
2000220000,241,0,0
2000220000,242,0,0
2000220000,243,0,0
2000220000,244,0,0
2000220000,245,0,0
2000220000,246,0,0
2000220000,247,0,0
2000220000,248,0,0
2000220000,249,0,0
2000220000,250,0,0
2000220000,251,0,0
2000220000,252,0,0
2000220000,253,0,0
2000220000,254,0,0
2000220000,255,0,0
2000220000,256,0,0
2000220000,257,0,0
2000220000,258,0,0
2000220000,259,0,0
2000220000,260,0,0
2000220000,261,0,0
2000220000,262,0,0
2000220000,263,0,0
2000220000,264,0,0
2000220000,265,0,0
2000220000,266,0,0
2000220000,267,0,0
2000220000,268,0,0
2000220000,269,0,0
2000220000,270,0,0
2000220000,271,0,0
2000220000,272,0,0
2000220000,273,0,0
2000220000,274,0,0
2000220000,275,0,0
2000220000,276,0,0
2000220000,277,0,0
2000220000,278,0,0
2000220000,279,0,0
2000220000,280,0,0
2000220000,281,0,0
2000220000,282,0,0
2000220000,283,0,0
2000220000,284,0,0
2000220000,285,0,0
2000220000,286,0,0
2000220000,287,0,0
2000230000,32,0,0
2000230000,33,0,0
2000230000,34,1,1
2000230000,35,0,0
2000230000,36,0,0
2000230000,37,0,0
2000230000,38,0,0
2000230000,39,0,0
2000230000,40,0,0
2000230000,41,0,0
2000230000,42,0,0
2000230000,43,0,0
2000230000,44,0,0
2000230000,45,0,0
2000230000,46,0,0
2000230000,47,0,0
2000230000,48,0,0
2000230000,49,0,0
2000230000,50,0,0
2000230000,51,0,0
2000230000,52,0,0
2000230000,53,0,0
2000230000,54,0,0
2000230000,55,0,0
2000230000,56,0,0
2000230000,57,0,0
2000230000,58,0,0
2000230000,59,0,0
2000230000,60,0,0
2000230000,61,0,0
2000230000,62,0,0
2000230000,63,0,0
2000230000,64,0,0
2000230000,65,0,0
2000230000,66,0,0
2000230000,67,0,0
2000230000,68,0,0
2000230000,69,0,0
2000230000,70,0,0
2000230000,71,0,0
2000230000,72,0,0
2000230000,73,0,0
2000230000,74,0,0
2000230000,75,0,0
2000230000,76,0,0
2000230000,77,0,0
2000230000,78,0,0
2000230000,79,0,0
2000230000,80,0,0
2000230000,81,0,0
2000230000,82,0,0
2000230000,83,0,0
2000230000,84,0,0
2000230000,85,0,0
2000230000,86,0,0
2000230000,87,0,0
2000230000,88,0,0
2000230000,89,0,0
2000230000,90,0,0
2000230000,91,0,0
2000230000,92,0,0
2000230000,93,0,0
2000230000,94,0,0
2000230000,95,0,0
2000230000,96,0,0
2000230000,97,0,0
2000230000,98,0,0
2000230000,99,0,0
2000230000,100,0,0
2000230000,101,0,0
2000230000,102,0,0
2000230000,103,0,0
2000230000,104,0,0
2000230000,105,0,0
2000230000,106,0,0
2000230000,107,0,0
2000230000,108,0,0
2000230000,109,0,0
2000230000,110,0,0
2000230000,111,0,0
2000230000,112,0,0
2000230000,113,0,0
2000230000,114,0,0
2000230000,115,0,0
2000230000,116,0,0
2000230000,117,0,0
2000230000,118,0,0
2000230000,119,0,0
2000230000,120,1,1
2000230000,121,0,0
2000230000,122,0,0
2000230000,123,0,0
2000230000,124,0,0
2000230000,125,0,0
2000230000,126,0,0
2000230000,127,0,0
2000230000,128,0,0
2000230000,129,0,0
2000230000,130,0,0
2000230000,131,0,0
2000230000,132,0,0
2000230000,133,0,0
2000230000,134,0,0
2000230000,135,0,0
2000230000,136,0,0
2000230000,137,0,0
2000230000,138,0,0
2000230000,139,0,0
2000230000,140,1,1
2000230000,141,0,0
2000230000,142,0,0
2000230000,143,0,0
2000230000,144,0,0
2000230000,145,0,0
2000230000,146,0,0
2000230000,147,0,0
2000230000,148,0,0
2000230000,149,0,0
2000230000,150,0,0
2000230000,151,0,0
2000230000,152,0,0
2000230000,153,0,0
2000230000,154,0,0
2000230000,155,0,0
2000230000,156,0,0
2000230000,157,0,0
2000230000,158,0,0
2000230000,159,0,0
2000230000,160,0,0
2000230000,161,0,0
2000230000,162,0,0
2000230000,163,0,0
2000230000,164,0,0
2000230000,165,0,0
2000230000,166,0,0
2000230000,167,0,0
2000230000,168,0,0
2000230000,169,0,0
2000230000,170,0,0
2000230000,171,0,0
2000230000,172,0,0
2000230000,173,0,0
2000230000,174,0,0
2000230000,175,0,0
2000230000,176,0,0
2000230000,177,0,0
2000230000,178,0,0
2000230000,179,0,0
2000230000,180,0,0
2000230000,181,0,0
2000230000,182,0,0
2000230000,183,0,0
2000230000,184,0,0
2000230000,185,0,0
2000230000,186,0,0
2000230000,187,0,0
2000230000,188,0,0
2000230000,189,0,0
2000230000,190,1,1
2000230000,191,0,0
2000230000,192,0,0
2000230000,193,0,0
2000230000,194,0,0
2000230000,195,0,0
2000230000,196,0,0
2000230000,197,0,0
2000230000,198,0,0
2000230000,199,0,0
2000230000,200,0,0
2000230000,201,0,0
2000230000,202,0,0
2000230000,203,0,0
2000230000,204,0,0
2000230000,205,0,0
2000230000,206,0,0
2000230000,207,0,0
2000230000,208,0,0
2000230000,209,0,0
2000230000,210,0,0
2000230000,211,0,0
2000230000,212,0,0
2000230000,213,0,0
2000230000,214,0,0
2000230000,215,0,0
2000230000,216,0,0
2000230000,217,0,0
2000230000,218,0,0
2000230000,219,0,0
2000230000,220,0,0
2000230000,221,0,0
2000230000,222,0,0
2000230000,223,0,0
2000230000,224,0,0
2000230000,225,0,0
2000230000,226,0,0
2000230000,227,0,0
2000230000,228,0,0
2000230000,229,0,0
2000230000,230,0,0
2000230000,231,0,0
2000230000,232,0,0
2000230000,233,0,0
2000230000,234,0,0
2000230000,235,0,0
2000230000,236,0,0
2000230000,237,0,0
2000230000,238,0,0
2000230000,239,0,0
2000230000,240,0,0
2000230000,241,0,0
2000230000,242,0,0
2000230000,243,0,0
2000230000,244,0,0
2000230000,245,0,0
2000230000,246,0,0
2000230000,247,0,0
2000230000,248,0,0
2000230000,249,0,0
2000230000,250,0,0
2000230000,251,0,0
2000230000,252,0,0
2000230000,253,0,0
2000230000,254,0,0
2000230000,255,0,0
2000230000,256,0,0
2000230000,257,0,0
2000230000,258,0,0
2000230000,259,0,0
2000230000,260,0,0
2000230000,261,0,0
2000230000,262,0,0
2000230000,263,0,0
2000230000,264,0,0
2000230000,265,0,0
2000230000,266,0,0
2000230000,267,0,0
2000230000,268,0,0
2000230000,269,0,0
2000230000,270,0,0
2000230000,271,0,0
2000230000,272,0,0
2000230000,273,0,0
2000230000,274,0,0
2000230000,275,0,0
2000230000,276,0,0
2000230000,277,0,0
2000230000,278,0,0
2000230000,279,0,0
2000230000,280,0,0
2000230000,281,0,0
2000230000,282,0,0
2000230000,283,0,0
2000230000,284,0,0
2000230000,285,0,0
2000230000,286,0,0
2000230000,287,0,0
2000240000,32,0,0
2000240000,33,0,0
2000240000,34,1,1
2000240000,35,0,0
2000240000,36,0,0
2000240000,37,0,0
2000240000,38,0,0
2000240000,39,0,0
2000240000,40,0,0
2000240000,41,0,0
2000240000,42,0,0
2000240000,43,0,0
2000240000,44,0,0
2000240000,45,0,0
2000240000,46,0,0
2000240000,47,0,0
2000240000,48,0,0
2000240000,49,0,0
2000240000,50,0,0
2000240000,51,0,0
2000240000,52,0,0
2000240000,53,0,0
2000240000,54,0,0
2000240000,55,0,0
2000240000,56,0,0
2000240000,57,0,0
2000240000,58,0,0
2000240000,59,0,0
2000240000,60,0,0
2000240000,61,0,0
2000240000,62,0,0
2000240000,63,0,0
2000240000,64,0,0
2000240000,65,0,0
2000240000,66,0,0
2000240000,67,0,0
2000240000,68,0,0
2000240000,69,0,0
2000240000,70,0,0
2000240000,71,0,0
2000240000,72,0,0
2000240000,73,0,0
2000240000,74,0,0
2000240000,75,0,0
2000240000,76,0,0
2000240000,77,0,0
2000240000,78,0,0
2000240000,79,0,0
2000240000,80,0,0
2000240000,81,0,0
2000240000,82,0,0
2000240000,83,0,0
2000240000,84,0,0
2000240000,85,0,0
2000240000,86,0,0
2000240000,87,0,0
2000240000,88,0,0
2000240000,89,0,0
2000240000,90,0,0
2000240000,91,0,0
2000240000,92,0,0
2000240000,93,0,0
2000240000,94,0,0
2000240000,95,0,0
2000240000,96,0,0
2000240000,97,0,0
2000240000,98,0,0
2000240000,99,0,0
2000240000,100,0,0
2000240000,101,0,0
2000240000,102,0,0
2000240000,103,0,0
2000240000,104,0,0
2000240000,105,0,0
2000240000,106,0,0
2000240000,107,0,0
2000240000,108,0,0
2000240000,109,0,0
2000240000,110,0,0
2000240000,111,0,0
2000240000,112,0,0
2000240000,113,0,0
2000240000,114,0,0
2000240000,115,0,0
2000240000,116,0,0
2000240000,117,0,0
2000240000,118,0,0
2000240000,119,0,0
2000240000,120,1,1
2000240000,121,0,0
2000240000,122,0,0
2000240000,123,0,0
2000240000,124,0,0
2000240000,125,0,0
2000240000,126,0,0
2000240000,127,0,0
2000240000,128,0,0
2000240000,129,0,0
2000240000,130,0,0
2000240000,131,0,0
2000240000,132,0,0
2000240000,133,0,0
2000240000,134,0,0
2000240000,135,0,0
2000240000,136,0,0
2000240000,137,0,0
2000240000,138,0,0
2000240000,139,0,0
2000240000,140,1,1
2000240000,141,0,0
2000240000,142,0,0
2000240000,143,0,0
2000240000,144,0,0
2000240000,145,0,0
2000240000,146,0,0
2000240000,147,0,0
2000240000,148,0,0
2000240000,149,0,0
2000240000,150,0,0
2000240000,151,0,0
2000240000,152,0,0
2000240000,153,0,0
2000240000,154,0,0
2000240000,155,0,0
2000240000,156,0,0
2000240000,157,0,0
2000240000,158,0,0
2000240000,159,0,0
2000240000,160,0,0
2000240000,161,0,0
2000240000,162,0,0
2000240000,163,0,0
2000240000,164,0,0
2000240000,165,0,0
2000240000,166,0,0
2000240000,167,0,0
2000240000,168,0,0
2000240000,169,0,0
2000240000,170,0,0
2000240000,171,0,0
2000240000,172,0,0
2000240000,173,0,0
2000240000,174,0,0
2000240000,175,0,0
2000240000,176,0,0
2000240000,177,0,0
2000240000,178,0,0
2000240000,179,0,0
2000240000,180,0,0
2000240000,181,0,0
2000240000,182,0,0
2000240000,183,0,0
2000240000,184,0,0
2000240000,185,0,0
2000240000,186,0,0
2000240000,187,0,0
2000240000,188,0,0
2000240000,189,0,0
2000240000,190,1,1
2000240000,191,0,0
2000240000,192,0,0
2000240000,193,0,0
2000240000,194,0,0
2000240000,195,0,0
2000240000,196,0,0
2000240000,197,0,0
2000240000,198,0,0
2000240000,199,0,0
2000240000,200,0,0
2000240000,201,0,0
2000240000,202,0,0
2000240000,203,0,0
2000240000,204,0,0
2000240000,205,0,0
2000240000,206,0,0
2000240000,207,0,0
2000240000,208,0,0
2000240000,209,0,0
2000240000,210,0,0
2000240000,211,0,0
2000240000,212,0,0
2000240000,213,0,0
2000240000,214,0,0
2000240000,215,0,0
2000240000,216,0,0
2000240000,217,0,0
2000240000,218,0,0
2000240000,219,0,0
2000240000,220,0,0
2000240000,221,0,0
2000240000,222,0,0
2000240000,223,0,0
2000240000,224,0,0
2000240000,225,0,0
2000240000,226,0,0
2000240000,227,0,0
2000240000,228,0,0
2000240000,229,0,0
2000240000,230,0,0
2000240000,231,0,0
2000240000,232,0,0
2000240000,233,0,0
2000240000,234,0,0
2000240000,235,0,0
2000240000,236,0,0
2000240000,237,0,0
2000240000,238,0,0
2000240000,239,0,0
2000240000,240,0,0
2000240000,241,0,0
2000240000,242,0,0
2000240000,243,0,0
2000240000,244,0,0
2000240000,245,0,0
2000240000,246,0,0
2000240000,247,0,0
2000240000,248,0,0
2000240000,249,0,0
2000240000,250,0,0
2000240000,251,0,0
2000240000,252,0,0
2000240000,253,0,0
2000240000,254,0,0
2000240000,255,0,0
2000240000,256,0,0
2000240000,257,0,0
2000240000,258,0,0
2000240000,259,0,0
2000240000,260,0,0
2000240000,261,0,0
2000240000,262,0,0
2000240000,263,0,0
2000240000,264,0,0
2000240000,265,0,0
2000240000,266,0,0
2000240000,267,0,0
2000240000,268,0,0
2000240000,269,0,0
2000240000,270,0,0
2000240000,271,0,0
2000240000,272,0,0
2000240000,273,0,0
2000240000,274,0,0
2000240000,275,0,0
2000240000,276,0,0
2000240000,277,0,0
2000240000,278,0,0
2000240000,279,0,0
2000240000,280,0,0
2000240000,281,0,0
2000240000,282,0,0
2000240000,283,0,0
2000240000,284,0,0
2000240000,285,0,0
2000240000,286,0,0
2000240000,287,0,0
2000250000,32,0,0
2000250000,33,0,0
2000250000,34,1,1
2000250000,35,0,0
2000250000,36,0,0
2000250000,37,0,0
2000250000,38,0,0
2000250000,39,0,0
2000250000,40,0,0
2000250000,41,0,0
2000250000,42,0,0
2000250000,43,0,0
2000250000,44,0,0
2000250000,45,0,0
2000250000,46,0,0
2000250000,47,0,0
2000250000,48,0,0
2000250000,49,0,0
2000250000,50,0,0
2000250000,51,0,0
2000250000,52,0,0
2000250000,53,0,0
2000250000,54,0,0
2000250000,55,0,0
2000250000,56,0,0
2000250000,57,0,0
2000250000,58,0,0
2000250000,59,0,0
2000250000,60,0,0
2000250000,61,0,0
2000250000,62,0,0
2000250000,63,0,0
2000250000,64,0,0
2000250000,65,0,0
2000250000,66,0,0
2000250000,67,0,0
2000250000,68,0,0
2000250000,69,0,0
2000250000,70,0,0
2000250000,71,0,0
2000250000,72,0,0
2000250000,73,0,0
2000250000,74,0,0
2000250000,75,0,0
2000250000,76,0,0
2000250000,77,0,0
2000250000,78,0,0
2000250000,79,0,0
2000250000,80,0,0
2000250000,81,0,0
2000250000,82,0,0
2000250000,83,0,0
2000250000,84,0,0
2000250000,85,0,0
2000250000,86,0,0
2000250000,87,0,0
2000250000,88,0,0
2000250000,89,0,0
2000250000,90,0,0
2000250000,91,0,0
2000250000,92,0,0
2000250000,93,0,0
2000250000,94,0,0
2000250000,95,0,0
2000250000,96,0,0
2000250000,97,0,0
2000250000,98,0,0
2000250000,99,0,0
2000250000,100,0,0
2000250000,101,0,0
2000250000,102,0,0
2000250000,103,0,0
2000250000,104,0,0
2000250000,105,0,0
2000250000,106,0,0
2000250000,107,0,0
2000250000,108,0,0
2000250000,109,0,0
2000250000,110,0,0
2000250000,111,0,0
2000250000,112,0,0
2000250000,113,0,0
2000250000,114,0,0
2000250000,115,0,0
2000250000,116,0,0
2000250000,117,0,0
2000250000,118,0,0
2000250000,119,0,0
2000250000,120,1,1
2000250000,121,0,0
2000250000,122,0,0
2000250000,123,0,0
2000250000,124,0,0
2000250000,125,0,0
2000250000,126,0,0
2000250000,127,0,0
2000250000,128,0,0
2000250000,129,0,0
2000250000,130,0,0
2000250000,131,0,0
2000250000,132,0,0
2000250000,133,0,0
2000250000,134,0,0
2000250000,135,0,0
2000250000,136,0,0
2000250000,137,0,0
2000250000,138,0,0
2000250000,139,0,0
2000250000,140,1,1
2000250000,141,0,0
2000250000,142,0,0
2000250000,143,0,0
2000250000,144,0,0
2000250000,145,0,0
2000250000,146,0,0
2000250000,147,0,0
2000250000,148,0,0
2000250000,149,0,0
2000250000,150,0,0
2000250000,151,0,0
2000250000,152,0,0
2000250000,153,0,0
2000250000,154,0,0
2000250000,155,0,0
2000250000,156,0,0
2000250000,157,0,0
2000250000,158,0,0
2000250000,159,0,0
2000250000,160,0,0
2000250000,161,0,0
2000250000,162,0,0
2000250000,163,0,0
2000250000,164,0,0
2000250000,165,0,0
2000250000,166,0,0
2000250000,167,0,0
2000250000,168,0,0
2000250000,169,0,0
2000250000,170,0,0
2000250000,171,0,0
2000250000,172,0,0
2000250000,173,0,0
2000250000,174,0,0
2000250000,175,0,0
2000250000,176,0,0
2000250000,177,0,0
2000250000,178,0,0
2000250000,179,0,0
2000250000,180,0,0
2000250000,181,0,0
2000250000,182,0,0
2000250000,183,0,0
2000250000,184,0,0
2000250000,185,0,0
2000250000,186,0,0
2000250000,187,0,0
2000250000,188,0,0
2000250000,189,0,0
2000250000,190,1,1
2000250000,191,0,0
2000250000,192,0,0
2000250000,193,0,0
2000250000,194,0,0
2000250000,195,0,0
2000250000,196,0,0
2000250000,197,0,0
2000250000,198,0,0
2000250000,199,0,0
2000250000,200,0,0
2000250000,201,0,0
2000250000,202,0,0
2000250000,203,0,0
2000250000,204,0,0
2000250000,205,0,0
2000250000,206,0,0
2000250000,207,0,0
2000250000,208,0,0
2000250000,209,0,0
2000250000,210,0,0
2000250000,211,0,0
2000250000,212,0,0
2000250000,213,0,0
2000250000,214,0,0
2000250000,215,0,0
2000250000,216,0,0
2000250000,217,0,0
2000250000,218,0,0
2000250000,219,0,0
2000250000,220,0,0
2000250000,221,0,0
2000250000,222,0,0
2000250000,223,0,0
2000250000,224,0,0
2000250000,225,0,0
2000250000,226,0,0
2000250000,227,0,0
2000250000,228,0,0
2000250000,229,0,0
2000250000,230,0,0
2000250000,231,0,0
2000250000,232,0,0
2000250000,233,0,0
2000250000,234,0,0
2000250000,235,0,0
2000250000,236,0,0
2000250000,237,0,0
2000250000,238,0,0
2000250000,239,0,0
2000250000,240,0,0
2000250000,241,0,0
2000250000,242,0,0
2000250000,243,0,0
2000250000,244,0,0
2000250000,245,0,0
2000250000,246,0,0
2000250000,247,0,0
2000250000,248,0,0
2000250000,249,0,0
2000250000,250,0,0
2000250000,251,0,0
2000250000,252,0,0
2000250000,253,0,0
2000250000,254,0,0
2000250000,255,0,0
2000250000,256,0,0
2000250000,257,0,0
2000250000,258,0,0
2000250000,259,0,0
2000250000,260,0,0
2000250000,261,0,0
2000250000,262,0,0
2000250000,263,0,0
2000250000,264,0,0
2000250000,265,0,0
2000250000,266,0,0
2000250000,267,0,0
2000250000,268,0,0
2000250000,269,0,0
2000250000,270,0,0
2000250000,271,0,0
2000250000,272,0,0
2000250000,273,0,0
2000250000,274,0,0
2000250000,275,0,0
2000250000,276,0,0
2000250000,277,0,0
2000250000,278,0,0
2000250000,279,0,0
2000250000,280,0,0
2000250000,281,0,0
2000250000,282,0,0
2000250000,283,0,0
2000250000,284,0,0
2000250000,285,0,0
2000250000,286,0,0
2000250000,287,0,0
2000260000,32,0,0
2000260000,33,0,0
2000260000,34,1,1
2000260000,35,0,0
2000260000,36,0,0
2000260000,37,0,0
2000260000,38,0,0
2000260000,39,0,0
2000260000,40,0,0
2000260000,41,0,0
2000260000,42,0,0
2000260000,43,0,0
2000260000,44,0,0
2000260000,45,0,0
2000260000,46,0,0
2000260000,47,0,0
2000260000,48,0,0
2000260000,49,0,0
2000260000,50,0,0
2000260000,51,0,0
2000260000,52,0,0
2000260000,53,0,0
2000260000,54,0,0
2000260000,55,0,0
2000260000,56,0,0
2000260000,57,0,0
2000260000,58,0,0
2000260000,59,0,0
2000260000,60,0,0
2000260000,61,0,0
2000260000,62,0,0
2000260000,63,0,0
2000260000,64,0,0
2000260000,65,0,0
2000260000,66,0,0
2000260000,67,0,0
2000260000,68,0,0
2000260000,69,0,0
2000260000,70,0,0
2000260000,71,0,0
2000260000,72,0,0
2000260000,73,0,0
2000260000,74,0,0
2000260000,75,0,0
2000260000,76,0,0
2000260000,77,0,0
2000260000,78,0,0
2000260000,79,0,0
2000260000,80,0,0
2000260000,81,0,0
2000260000,82,0,0
2000260000,83,0,0
2000260000,84,0,0
2000260000,85,0,0
2000260000,86,0,0
2000260000,87,0,0
2000260000,88,0,0
2000260000,89,0,0
2000260000,90,0,0
2000260000,91,0,0
2000260000,92,0,0
2000260000,93,0,0
2000260000,94,0,0
2000260000,95,0,0
2000260000,96,0,0
2000260000,97,0,0
2000260000,98,0,0
2000260000,99,0,0
2000260000,100,0,0
2000260000,101,0,0
2000260000,102,0,0
2000260000,103,0,0
2000260000,104,0,0
2000260000,105,0,0
2000260000,106,0,0
2000260000,107,0,0
2000260000,108,0,0
2000260000,109,0,0
2000260000,110,0,0
2000260000,111,0,0
2000260000,112,0,0
2000260000,113,0,0
2000260000,114,0,0
2000260000,115,0,0
2000260000,116,0,0
2000260000,117,0,0
2000260000,118,0,0
2000260000,119,0,0
2000260000,120,1,1
2000260000,121,0,0
2000260000,122,0,0
2000260000,123,0,0
2000260000,124,0,0
2000260000,125,0,0
2000260000,126,0,0
2000260000,127,0,0
2000260000,128,0,0
2000260000,129,0,0
2000260000,130,0,0
2000260000,131,0,0
2000260000,132,0,0
2000260000,133,0,0
2000260000,134,0,0
2000260000,135,0,0
2000260000,136,0,0
2000260000,137,0,0
2000260000,138,0,0
2000260000,139,0,0
2000260000,140,1,1
2000260000,141,0,0
2000260000,142,0,0
2000260000,143,0,0
2000260000,144,0,0
2000260000,145,0,0
2000260000,146,0,0
2000260000,147,0,0
2000260000,148,0,0
2000260000,149,0,0
2000260000,150,0,0
2000260000,151,0,0
2000260000,152,0,0
2000260000,153,0,0
2000260000,154,0,0
2000260000,155,0,0
2000260000,156,0,0
2000260000,157,0,0
2000260000,158,0,0
2000260000,159,0,0
2000260000,160,0,0
2000260000,161,0,0
2000260000,162,0,0
2000260000,163,0,0
2000260000,164,0,0
2000260000,165,0,0
2000260000,166,0,0
2000260000,167,0,0
2000260000,168,0,0
2000260000,169,0,0
2000260000,170,0,0
2000260000,171,0,0
2000260000,172,0,0
2000260000,173,0,0
2000260000,174,0,0
2000260000,175,0,0
2000260000,176,0,0
2000260000,177,0,0
2000260000,178,0,0
2000260000,179,0,0
2000260000,180,0,0
2000260000,181,0,0
2000260000,182,0,0
2000260000,183,0,0
2000260000,184,0,0
2000260000,185,0,0
2000260000,186,0,0
2000260000,187,0,0
2000260000,188,0,0
2000260000,189,0,0
2000260000,190,1,1
2000260000,191,0,0
2000260000,192,0,0
2000260000,193,0,0
2000260000,194,0,0
2000260000,195,0,0
2000260000,196,0,0
2000260000,197,0,0
2000260000,198,0,0
2000260000,199,0,0
2000260000,200,0,0
2000260000,201,0,0
2000260000,202,0,0
2000260000,203,0,0
2000260000,204,0,0
2000260000,205,0,0
2000260000,206,0,0
2000260000,207,0,0
2000260000,208,0,0
2000260000,209,0,0
2000260000,210,0,0
2000260000,211,0,0
2000260000,212,0,0
2000260000,213,0,0
2000260000,214,0,0
2000260000,215,0,0
2000260000,216,0,0
2000260000,217,0,0
2000260000,218,0,0
2000260000,219,0,0
2000260000,220,0,0
2000260000,221,0,0
2000260000,222,0,0
2000260000,223,0,0
2000260000,224,0,0
2000260000,225,0,0
2000260000,226,0,0
2000260000,227,0,0
2000260000,228,0,0
2000260000,229,0,0
2000260000,230,0,0
2000260000,231,0,0
2000260000,232,0,0
2000260000,233,0,0
2000260000,234,0,0
2000260000,235,0,0
2000260000,236,0,0
2000260000,237,0,0
2000260000,238,0,0
2000260000,239,0,0
2000260000,240,0,0
2000260000,241,0,0
2000260000,242,0,0
2000260000,243,0,0
2000260000,244,0,0
2000260000,245,0,0
2000260000,246,0,0
2000260000,247,0,0
2000260000,248,0,0
2000260000,249,0,0
2000260000,250,0,0
2000260000,251,0,0
2000260000,252,0,0
2000260000,253,0,0
2000260000,254,0,0
2000260000,255,0,0
2000260000,256,0,0
2000260000,257,0,0
2000260000,258,0,0
2000260000,259,0,0
2000260000,260,0,0
2000260000,261,0,0
2000260000,262,0,0
2000260000,263,0,0
2000260000,264,0,0
2000260000,265,0,0
2000260000,266,0,0
2000260000,267,0,0
2000260000,268,0,0
2000260000,269,0,0
2000260000,270,0,0
2000260000,271,0,0
2000260000,272,0,0
2000260000,273,0,0
2000260000,274,0,0
2000260000,275,0,0
2000260000,276,0,0
2000260000,277,0,0
2000260000,278,0,0
2000260000,279,0,0
2000260000,280,0,0
2000260000,281,0,0
2000260000,282,0,0
2000260000,283,0,0
2000260000,284,0,0
2000260000,285,0,0
2000260000,286,0,0
2000260000,287,0,0
2000270000,32,0,0
2000270000,33,0,0
2000270000,34,1,1
2000270000,35,0,0
2000270000,36,0,0
2000270000,37,0,0
2000270000,38,0,0
2000270000,39,0,0
2000270000,40,0,0
2000270000,41,0,0
2000270000,42,0,0
2000270000,43,0,0
2000270000,44,0,0
2000270000,45,0,0
2000270000,46,0,0
2000270000,47,0,0
2000270000,48,0,0
2000270000,49,0,0
2000270000,50,0,0
2000270000,51,0,0
2000270000,52,0,0
2000270000,53,0,0
2000270000,54,0,0
2000270000,55,0,0
2000270000,56,0,0
2000270000,57,0,0
2000270000,58,0,0
2000270000,59,0,0
2000270000,60,0,0
2000270000,61,0,0
2000270000,62,0,0
2000270000,63,0,0
2000270000,64,0,0
2000270000,65,0,0
2000270000,66,0,0
2000270000,67,0,0
2000270000,68,0,0
2000270000,69,0,0
2000270000,70,0,0
2000270000,71,0,0
2000270000,72,0,0
2000270000,73,0,0
2000270000,74,0,0
2000270000,75,0,0
2000270000,76,0,0
2000270000,77,0,0
2000270000,78,0,0
2000270000,79,0,0
2000270000,80,0,0
2000270000,81,0,0
2000270000,82,0,0
2000270000,83,0,0
2000270000,84,0,0
2000270000,85,0,0
2000270000,86,0,0
2000270000,87,0,0
2000270000,88,0,0
2000270000,89,0,0
2000270000,90,0,0
2000270000,91,0,0
2000270000,92,0,0
2000270000,93,0,0
2000270000,94,0,0
2000270000,95,0,0
2000270000,96,0,0
2000270000,97,0,0
2000270000,98,0,0
2000270000,99,0,0
2000270000,100,0,0
2000270000,101,0,0
2000270000,102,0,0
2000270000,103,0,0
2000270000,104,0,0
2000270000,105,0,0
2000270000,106,0,0
2000270000,107,0,0
2000270000,108,0,0
2000270000,109,0,0
2000270000,110,0,0
2000270000,111,0,0
2000270000,112,0,0
2000270000,113,0,0
2000270000,114,0,0
2000270000,115,0,0
2000270000,116,0,0
2000270000,117,0,0
2000270000,118,0,0
2000270000,119,0,0
2000270000,120,1,1
2000270000,121,0,0
2000270000,122,0,0
2000270000,123,0,0
2000270000,124,0,0
2000270000,125,0,0
2000270000,126,0,0
2000270000,127,0,0
2000270000,128,0,0
2000270000,129,0,0
2000270000,130,0,0
2000270000,131,0,0
2000270000,132,0,0
2000270000,133,0,0
2000270000,134,0,0
2000270000,135,0,0
2000270000,136,0,0
2000270000,137,0,0
2000270000,138,0,0
2000270000,139,0,0
2000270000,140,1,1
2000270000,141,0,0
2000270000,142,0,0
2000270000,143,0,0
2000270000,144,0,0
2000270000,145,0,0
2000270000,146,0,0
2000270000,147,0,0
2000270000,148,0,0
2000270000,149,0,0
2000270000,150,0,0
2000270000,151,0,0
2000270000,152,0,0
2000270000,153,0,0
2000270000,154,0,0
2000270000,155,0,0
2000270000,156,0,0
2000270000,157,0,0
2000270000,158,0,0
2000270000,159,0,0
2000270000,160,0,0
2000270000,161,0,0
2000270000,162,0,0
2000270000,163,0,0
2000270000,164,0,0
2000270000,165,0,0
2000270000,166,0,0
2000270000,167,0,0
2000270000,168,0,0
2000270000,169,0,0
2000270000,170,0,0
2000270000,171,0,0
2000270000,172,0,0
2000270000,173,0,0
2000270000,174,0,0
2000270000,175,0,0
2000270000,176,0,0
2000270000,177,0,0
2000270000,178,0,0
2000270000,179,0,0
2000270000,180,0,0
2000270000,181,0,0
2000270000,182,0,0
2000270000,183,0,0
2000270000,184,0,0
2000270000,185,0,0
2000270000,186,0,0
2000270000,187,0,0
2000270000,188,0,0
2000270000,189,0,0
2000270000,190,1,1
2000270000,191,0,0
2000270000,192,0,0
2000270000,193,0,0
2000270000,194,0,0
2000270000,195,0,0
2000270000,196,0,0
2000270000,197,0,0
2000270000,198,0,0
2000270000,199,0,0
2000270000,200,0,0
2000270000,201,0,0
2000270000,202,0,0
2000270000,203,0,0
2000270000,204,0,0
2000270000,205,0,0
2000270000,206,0,0
2000270000,207,0,0
2000270000,208,0,0
2000270000,209,0,0
2000270000,210,0,0
2000270000,211,0,0
2000270000,212,0,0
2000270000,213,0,0
2000270000,214,0,0
2000270000,215,0,0
2000270000,216,0,0
2000270000,217,0,0
2000270000,218,0,0
2000270000,219,0,0
2000270000,220,0,0
2000270000,221,0,0
2000270000,222,0,0
2000270000,223,0,0
2000270000,224,0,0
2000270000,225,0,0
2000270000,226,0,0
2000270000,227,0,0
2000270000,228,0,0
2000270000,229,0,0
2000270000,230,0,0
2000270000,231,0,0
2000270000,232,0,0
2000270000,233,0,0
2000270000,234,0,0
2000270000,235,0,0
2000270000,236,0,0
2000270000,237,0,0
2000270000,238,0,0
2000270000,239,0,0
2000270000,240,0,0
2000270000,241,0,0
2000270000,242,0,0
2000270000,243,0,0
2000270000,244,0,0
2000270000,245,0,0
2000270000,246,0,0
2000270000,247,0,0
2000270000,248,0,0
2000270000,249,0,0
2000270000,250,0,0
2000270000,251,0,0
2000270000,252,0,0
2000270000,253,0,0
2000270000,254,0,0
2000270000,255,0,0
2000270000,256,0,0
2000270000,257,0,0
2000270000,258,0,0
2000270000,259,0,0
2000270000,260,0,0
2000270000,261,0,0
2000270000,262,0,0
2000270000,263,0,0
2000270000,264,0,0
2000270000,265,0,0
2000270000,266,0,0
2000270000,267,0,0
2000270000,268,0,0
2000270000,269,0,0
2000270000,270,0,0
2000270000,271,0,0
2000270000,272,0,0
2000270000,273,0,0
2000270000,274,0,0
2000270000,275,0,0
2000270000,276,0,0
2000270000,277,0,0
2000270000,278,0,0
2000270000,279,0,0
2000270000,280,0,0
2000270000,281,0,0
2000270000,282,0,0
2000270000,283,0,0
2000270000,284,0,0
2000270000,285,0,0
2000270000,286,0,0
2000270000,287,0,0
2000280000,32,0,0
2000280000,33,0,0
2000280000,34,1,1
2000280000,35,0,0
2000280000,36,0,0
2000280000,37,0,0
2000280000,38,0,0
2000280000,39,0,0
2000280000,40,0,0
2000280000,41,0,0
2000280000,42,0,0
2000280000,43,0,0
2000280000,44,0,0
2000280000,45,0,0
2000280000,46,0,0
2000280000,47,0,0
2000280000,48,0,0
2000280000,49,0,0
2000280000,50,0,0
2000280000,51,0,0
2000280000,52,0,0
2000280000,53,0,0
2000280000,54,0,0
2000280000,55,0,0
2000280000,56,0,0
2000280000,57,0,0
2000280000,58,0,0
2000280000,59,0,0
2000280000,60,0,0
2000280000,61,0,0
2000280000,62,0,0
2000280000,63,0,0
2000280000,64,0,0
2000280000,65,0,0
2000280000,66,0,0
2000280000,67,0,0
2000280000,68,0,0
2000280000,69,0,0
2000280000,70,0,0
2000280000,71,0,0
2000280000,72,0,0
2000280000,73,0,0
2000280000,74,0,0
2000280000,75,0,0
2000280000,76,0,0
2000280000,77,0,0
2000280000,78,0,0
2000280000,79,0,0
2000280000,80,0,0
2000280000,81,0,0
2000280000,82,0,0
2000280000,83,0,0
2000280000,84,0,0
2000280000,85,0,0
2000280000,86,0,0
2000280000,87,0,0
2000280000,88,0,0
2000280000,89,0,0
2000280000,90,0,0
2000280000,91,0,0
2000280000,92,0,0
2000280000,93,0,0
2000280000,94,0,0
2000280000,95,0,0
2000280000,96,0,0
2000280000,97,0,0
2000280000,98,0,0
2000280000,99,0,0
2000280000,100,0,0
2000280000,101,0,0
2000280000,102,0,0
2000280000,103,0,0
2000280000,104,0,0
2000280000,105,0,0
2000280000,106,0,0
2000280000,107,0,0
2000280000,108,0,0
2000280000,109,0,0
2000280000,110,0,0
2000280000,111,0,0
2000280000,112,0,0
2000280000,113,0,0
2000280000,114,0,0
2000280000,115,0,0
2000280000,116,0,0
2000280000,117,0,0
2000280000,118,0,0
2000280000,119,0,0
2000280000,120,1,1
2000280000,121,0,0
2000280000,122,0,0
2000280000,123,0,0
2000280000,124,0,0
2000280000,125,0,0
2000280000,126,0,0
2000280000,127,0,0
2000280000,128,0,0
2000280000,129,0,0
2000280000,130,0,0
2000280000,131,0,0
2000280000,132,0,0
2000280000,133,0,0
2000280000,134,0,0
2000280000,135,0,0
2000280000,136,0,0
2000280000,137,0,0
2000280000,138,0,0
2000280000,139,0,0
2000280000,140,1,1
2000280000,141,0,0
2000280000,142,0,0
2000280000,143,0,0
2000280000,144,0,0
2000280000,145,0,0
2000280000,146,0,0
2000280000,147,0,0
2000280000,148,0,0
2000280000,149,0,0
2000280000,150,0,0
2000280000,151,0,0
2000280000,152,0,0
2000280000,153,0,0
2000280000,154,0,0
2000280000,155,0,0
2000280000,156,0,0
2000280000,157,0,0
2000280000,158,0,0
2000280000,159,0,0
2000280000,160,0,0
2000280000,161,0,0
2000280000,162,0,0
2000280000,163,0,0
2000280000,164,0,0
2000280000,165,0,0
2000280000,166,0,0
2000280000,167,0,0
2000280000,168,0,0
2000280000,169,0,0
2000280000,170,0,0
2000280000,171,0,0
2000280000,172,0,0
2000280000,173,0,0
2000280000,174,0,0
2000280000,175,0,0
2000280000,176,0,0
2000280000,177,0,0
2000280000,178,0,0
2000280000,179,0,0
2000280000,180,0,0
2000280000,181,0,0
2000280000,182,0,0
2000280000,183,0,0
2000280000,184,0,0
2000280000,185,0,0
2000280000,186,0,0
2000280000,187,0,0
2000280000,188,0,0
2000280000,189,0,0
2000280000,190,1,1
2000280000,191,0,0
2000280000,192,0,0
2000280000,193,0,0
2000280000,194,0,0
2000280000,195,0,0
2000280000,196,0,0
2000280000,197,0,0
2000280000,198,0,0
2000280000,199,0,0
2000280000,200,0,0
2000280000,201,0,0
2000280000,202,0,0
2000280000,203,0,0
2000280000,204,0,0
2000280000,205,0,0
2000280000,206,0,0
2000280000,207,0,0
2000280000,208,0,0
2000280000,209,0,0
2000280000,210,0,0
2000280000,211,0,0
2000280000,212,0,0
2000280000,213,0,0
2000280000,214,0,0
2000280000,215,0,0
2000280000,216,0,0
2000280000,217,0,0
2000280000,218,0,0
2000280000,219,0,0
2000280000,220,0,0
2000280000,221,0,0
2000280000,222,0,0
2000280000,223,0,0
2000280000,224,0,0
2000280000,225,0,0
2000280000,226,0,0
2000280000,227,0,0
2000280000,228,0,0
2000280000,229,0,0
2000280000,230,0,0
2000280000,231,0,0
2000280000,232,0,0
2000280000,233,0,0
2000280000,234,0,0
2000280000,235,0,0
2000280000,236,0,0
2000280000,237,0,0
2000280000,238,0,0
2000280000,239,0,0
2000280000,240,0,0
2000280000,241,0,0
2000280000,242,0,0
2000280000,243,0,0
2000280000,244,0,0
2000280000,245,0,0
2000280000,246,0,0
2000280000,247,0,0
2000280000,248,0,0
2000280000,249,0,0
2000280000,250,0,0
2000280000,251,0,0
2000280000,252,0,0
2000280000,253,0,0
2000280000,254,0,0
2000280000,255,0,0
2000280000,256,0,0
2000280000,257,0,0
2000280000,258,0,0
2000280000,259,0,0
2000280000,260,0,0
2000280000,261,0,0
2000280000,262,0,0
2000280000,263,0,0
2000280000,264,0,0
2000280000,265,0,0
2000280000,266,0,0
2000280000,267,0,0
2000280000,268,0,0
2000280000,269,0,0
2000280000,270,0,0
2000280000,271,0,0
2000280000,272,0,0
2000280000,273,0,0
2000280000,274,0,0
2000280000,275,0,0
2000280000,276,0,0
2000280000,277,0,0
2000280000,278,0,0
2000280000,279,0,0
2000280000,280,0,0
2000280000,281,0,0
2000280000,282,0,0
2000280000,283,0,0
2000280000,284,0,0
2000280000,285,0,0
2000280000,286,0,0
2000280000,287,0,0
2000290000,32,0,0
2000290000,33,0,0
2000290000,34,1,1
2000290000,35,0,0
2000290000,36,0,0
2000290000,37,0,0
2000290000,38,0,0
2000290000,39,0,0
2000290000,40,0,0
2000290000,41,0,0
2000290000,42,0,0
2000290000,43,0,0
2000290000,44,0,0
2000290000,45,0,0
2000290000,46,0,0
2000290000,47,0,0
2000290000,48,0,0
2000290000,49,0,0
2000290000,50,0,0
2000290000,51,0,0
2000290000,52,0,0
2000290000,53,0,0
2000290000,54,0,0
2000290000,55,0,0
2000290000,56,0,0
2000290000,57,0,0
2000290000,58,0,0
2000290000,59,0,0
2000290000,60,0,0
2000290000,61,0,0
2000290000,62,0,0
2000290000,63,0,0
2000290000,64,0,0
2000290000,65,0,0
2000290000,66,0,0
2000290000,67,0,0
2000290000,68,0,0
2000290000,69,0,0
2000290000,70,0,0
2000290000,71,0,0
2000290000,72,0,0
2000290000,73,0,0
2000290000,74,0,0
2000290000,75,0,0
2000290000,76,0,0
2000290000,77,0,0
2000290000,78,0,0
2000290000,79,0,0
2000290000,80,0,0
2000290000,81,0,0
2000290000,82,0,0
2000290000,83,0,0
2000290000,84,0,0
2000290000,85,0,0
2000290000,86,0,0
2000290000,87,0,0
2000290000,88,0,0
2000290000,89,0,0
2000290000,90,0,0
2000290000,91,0,0
2000290000,92,0,0
2000290000,93,0,0
2000290000,94,0,0
2000290000,95,0,0
2000290000,96,0,0
2000290000,97,0,0
2000290000,98,0,0
2000290000,99,0,0
2000290000,100,0,0
2000290000,101,0,0
2000290000,102,0,0
2000290000,103,0,0
2000290000,104,0,0
2000290000,105,0,0
2000290000,106,0,0
2000290000,107,0,0
2000290000,108,0,0
2000290000,109,0,0
2000290000,110,0,0
2000290000,111,0,0
2000290000,112,0,0
2000290000,113,0,0
2000290000,114,0,0
2000290000,115,0,0
2000290000,116,0,0
2000290000,117,0,0
2000290000,118,0,0
2000290000,119,0,0
2000290000,120,1,1
2000290000,121,0,0
2000290000,122,0,0
2000290000,123,0,0
2000290000,124,0,0
2000290000,125,0,0
2000290000,126,0,0
2000290000,127,0,0
2000290000,128,0,0
2000290000,129,0,0
2000290000,130,0,0
2000290000,131,0,0
2000290000,132,0,0
2000290000,133,0,0
2000290000,134,0,0
2000290000,135,0,0
2000290000,136,0,0
2000290000,137,0,0
2000290000,138,0,0
2000290000,139,0,0
2000290000,140,1,1
2000290000,141,0,0
2000290000,142,0,0
2000290000,143,0,0
2000290000,144,0,0
2000290000,145,0,0
2000290000,146,0,0
2000290000,147,0,0
2000290000,148,0,0
2000290000,149,0,0
2000290000,150,0,0
2000290000,151,0,0
2000290000,152,0,0
2000290000,153,0,0
2000290000,154,0,0
2000290000,155,0,0
2000290000,156,0,0
2000290000,157,0,0
2000290000,158,0,0
2000290000,159,0,0
2000290000,160,0,0
2000290000,161,0,0
2000290000,162,0,0
2000290000,163,0,0
2000290000,164,0,0
2000290000,165,0,0
2000290000,166,0,0
2000290000,167,0,0
2000290000,168,0,0
2000290000,169,0,0
2000290000,170,0,0
2000290000,171,0,0
2000290000,172,0,0
2000290000,173,0,0
2000290000,174,0,0
2000290000,175,0,0
2000290000,176,0,0
2000290000,177,0,0
2000290000,178,0,0
2000290000,179,0,0
2000290000,180,0,0
2000290000,181,0,0
2000290000,182,0,0
2000290000,183,0,0
2000290000,184,0,0
2000290000,185,0,0
2000290000,186,0,0
2000290000,187,0,0
2000290000,188,0,0
2000290000,189,0,0
2000290000,190,1,1
2000290000,191,0,0
2000290000,192,0,0
2000290000,193,0,0
2000290000,194,0,0
2000290000,195,0,0
2000290000,196,0,0
2000290000,197,0,0
2000290000,198,0,0
2000290000,199,0,0
2000290000,200,0,0
2000290000,201,0,0
2000290000,202,0,0
2000290000,203,0,0
2000290000,204,0,0
2000290000,205,0,0
2000290000,206,0,0
2000290000,207,0,0
2000290000,208,0,0
2000290000,209,0,0
2000290000,210,0,0
2000290000,211,0,0
2000290000,212,0,0
2000290000,213,0,0
2000290000,214,0,0
2000290000,215,0,0
2000290000,216,0,0
2000290000,217,0,0
2000290000,218,0,0
2000290000,219,0,0
2000290000,220,0,0
2000290000,221,0,0
2000290000,222,0,0
2000290000,223,0,0
2000290000,224,0,0
2000290000,225,0,0
2000290000,226,0,0
2000290000,227,0,0
2000290000,228,0,0
2000290000,229,0,0
2000290000,230,0,0
2000290000,231,0,0
2000290000,232,0,0
2000290000,233,0,0
2000290000,234,0,0
2000290000,235,0,0
2000290000,236,0,0
2000290000,237,0,0
2000290000,238,0,0
2000290000,239,0,0
2000290000,240,0,0
2000290000,241,0,0
2000290000,242,0,0
2000290000,243,0,0
2000290000,244,0,0
2000290000,245,0,0
2000290000,246,0,0
2000290000,247,0,0
2000290000,248,0,0
2000290000,249,0,0
2000290000,250,0,0
2000290000,251,0,0
2000290000,252,0,0
2000290000,253,0,0
2000290000,254,0,0
2000290000,255,0,0
2000290000,256,0,0
2000290000,257,0,0
2000290000,258,0,0
2000290000,259,0,0
2000290000,260,0,0
2000290000,261,0,0
2000290000,262,0,0
2000290000,263,0,0
2000290000,264,0,0
2000290000,265,0,0
2000290000,266,0,0
2000290000,267,0,0
2000290000,268,0,0
2000290000,269,0,0
2000290000,270,0,0
2000290000,271,0,0
2000290000,272,0,0
2000290000,273,0,0
2000290000,274,0,0
2000290000,275,0,0
2000290000,276,0,0
2000290000,277,0,0
2000290000,278,0,0
2000290000,279,0,0
2000290000,280,0,0
2000290000,281,0,0
2000290000,282,0,0
2000290000,283,0,0
2000290000,284,0,0
2000290000,285,0,0
2000290000,286,0,0
2000290000,287,0,0
2000300000,32,0,0
2000300000,33,0,0
2000300000,34,1,1
2000300000,35,0,0
2000300000,36,0,0
2000300000,37,0,0
2000300000,38,0,0
2000300000,39,0,0
2000300000,40,0,0
2000300000,41,0,0
2000300000,42,0,0
2000300000,43,0,0
2000300000,44,0,0
2000300000,45,0,0
2000300000,46,0,0
2000300000,47,0,0
2000300000,48,0,0
2000300000,49,0,0
2000300000,50,0,0
2000300000,51,0,0
2000300000,52,0,0
2000300000,53,0,0
2000300000,54,0,0
2000300000,55,0,0
2000300000,56,0,0
2000300000,57,0,0
2000300000,58,0,0
2000300000,59,0,0
2000300000,60,0,0
2000300000,61,0,0
2000300000,62,0,0
2000300000,63,0,0
2000300000,64,0,0
2000300000,65,0,0
2000300000,66,0,0
2000300000,67,0,0
2000300000,68,0,0
2000300000,69,0,0
2000300000,70,0,0
2000300000,71,0,0
2000300000,72,0,0
2000300000,73,0,0
2000300000,74,0,0
2000300000,75,0,0
2000300000,76,0,0
2000300000,77,0,0
2000300000,78,0,0
2000300000,79,0,0
2000300000,80,0,0
2000300000,81,0,0
2000300000,82,0,0
2000300000,83,0,0
2000300000,84,0,0
2000300000,85,0,0
2000300000,86,0,0
2000300000,87,0,0
2000300000,88,0,0
2000300000,89,0,0
2000300000,90,0,0
2000300000,91,0,0
2000300000,92,0,0
2000300000,93,0,0
2000300000,94,0,0
2000300000,95,0,0
2000300000,96,0,0
2000300000,97,0,0
2000300000,98,0,0
2000300000,99,0,0
2000300000,100,0,0
2000300000,101,0,0
2000300000,102,0,0
2000300000,103,0,0
2000300000,104,0,0
2000300000,105,0,0
2000300000,106,0,0
2000300000,107,0,0
2000300000,108,0,0
2000300000,109,0,0
2000300000,110,0,0
2000300000,111,0,0
2000300000,112,0,0
2000300000,113,0,0
2000300000,114,0,0
2000300000,115,0,0
2000300000,116,0,0
2000300000,117,0,0
2000300000,118,0,0
2000300000,119,0,0
2000300000,120,1,1
2000300000,121,0,0
2000300000,122,0,0
2000300000,123,0,0
2000300000,124,0,0
2000300000,125,0,0
2000300000,126,0,0
2000300000,127,0,0
2000300000,128,0,0
2000300000,129,0,0
2000300000,130,0,0
2000300000,131,0,0
2000300000,132,0,0
2000300000,133,0,0
2000300000,134,0,0
2000300000,135,0,0
2000300000,136,0,0
2000300000,137,0,0
2000300000,138,0,0
2000300000,139,0,0
2000300000,140,1,1
2000300000,141,0,0
2000300000,142,0,0
2000300000,143,0,0
2000300000,144,0,0
2000300000,145,0,0
2000300000,146,0,0
2000300000,147,0,0
2000300000,148,0,0
2000300000,149,0,0
2000300000,150,0,0
2000300000,151,0,0
2000300000,152,0,0
2000300000,153,0,0
2000300000,154,0,0
2000300000,155,0,0
2000300000,156,0,0
2000300000,157,0,0
2000300000,158,0,0
2000300000,159,0,0
2000300000,160,0,0
2000300000,161,0,0
2000300000,162,0,0
2000300000,163,0,0
2000300000,164,0,0
2000300000,165,0,0
2000300000,166,0,0
2000300000,167,0,0
2000300000,168,0,0
2000300000,169,0,0
2000300000,170,0,0
2000300000,171,0,0
2000300000,172,0,0
2000300000,173,0,0
2000300000,174,0,0
2000300000,175,0,0
2000300000,176,0,0
2000300000,177,0,0
2000300000,178,0,0
2000300000,179,0,0
2000300000,180,0,0
2000300000,181,0,0
2000300000,182,0,0
2000300000,183,0,0
2000300000,184,0,0
2000300000,185,0,0
2000300000,186,0,0
2000300000,187,0,0
2000300000,188,0,0
2000300000,189,0,0
2000300000,190,1,1
2000300000,191,0,0
2000300000,192,0,0
2000300000,193,0,0
2000300000,194,0,0
2000300000,195,0,0
2000300000,196,0,0
2000300000,197,0,0
2000300000,198,0,0
2000300000,199,0,0
2000300000,200,0,0
2000300000,201,0,0
2000300000,202,0,0
2000300000,203,0,0
2000300000,204,0,0
2000300000,205,0,0
2000300000,206,0,0
2000300000,207,0,0
2000300000,208,0,0
2000300000,209,0,0
2000300000,210,0,0
2000300000,211,0,0
2000300000,212,0,0
2000300000,213,0,0
2000300000,214,0,0
2000300000,215,0,0
2000300000,216,0,0
2000300000,217,0,0
2000300000,218,0,0
2000300000,219,0,0
2000300000,220,0,0
2000300000,221,0,0
2000300000,222,0,0
2000300000,223,0,0
2000300000,224,0,0
2000300000,225,0,0
2000300000,226,0,0
2000300000,227,0,0
2000300000,228,0,0
2000300000,229,0,0
2000300000,230,0,0
2000300000,231,0,0
2000300000,232,0,0
2000300000,233,0,0
2000300000,234,0,0
2000300000,235,0,0
2000300000,236,0,0
2000300000,237,0,0
2000300000,238,0,0
2000300000,239,0,0
2000300000,240,0,0
2000300000,241,0,0
2000300000,242,0,0
2000300000,243,0,0
2000300000,244,0,0
2000300000,245,0,0
2000300000,246,0,0
2000300000,247,0,0
2000300000,248,0,0
2000300000,249,0,0
2000300000,250,0,0
2000300000,251,0,0
2000300000,252,0,0
2000300000,253,0,0
2000300000,254,0,0
2000300000,255,0,0
2000300000,256,0,0
2000300000,257,0,0
2000300000,258,0,0
2000300000,259,0,0
2000300000,260,0,0
2000300000,261,0,0
2000300000,262,0,0
2000300000,263,0,0
2000300000,264,0,0
2000300000,265,0,0
2000300000,266,0,0
2000300000,267,0,0
2000300000,268,0,0
2000300000,269,0,0
2000300000,270,0,0
2000300000,271,0,0
2000300000,272,0,0
2000300000,273,0,0
2000300000,274,0,0
2000300000,275,0,0
2000300000,276,0,0
2000300000,277,0,0
2000300000,278,0,0
2000300000,279,0,0
2000300000,280,0,0
2000300000,281,0,0
2000300000,282,0,0
2000300000,283,0,0
2000300000,284,0,0
2000300000,285,0,0
2000300000,286,0,0
2000300000,287,0,0
2000310000,32,0,0
2000310000,33,0,0
2000310000,34,1,1
2000310000,35,0,0
2000310000,36,0,0
2000310000,37,0,0
2000310000,38,0,0
2000310000,39,0,0
2000310000,40,0,0
2000310000,41,0,0
2000310000,42,0,0
2000310000,43,0,0
2000310000,44,0,0
2000310000,45,0,0
2000310000,46,0,0
2000310000,47,0,0
2000310000,48,0,0
2000310000,49,0,0
2000310000,50,0,0
2000310000,51,0,0
2000310000,52,0,0
2000310000,53,0,0
2000310000,54,0,0
2000310000,55,0,0
2000310000,56,0,0
2000310000,57,0,0
2000310000,58,0,0
2000310000,59,0,0
2000310000,60,0,0
2000310000,61,0,0
2000310000,62,0,0
2000310000,63,0,0
2000310000,64,0,0
2000310000,65,0,0
2000310000,66,0,0
2000310000,67,0,0
2000310000,68,0,0
2000310000,69,0,0
2000310000,70,0,0
2000310000,71,0,0
2000310000,72,0,0
2000310000,73,0,0
2000310000,74,0,0
2000310000,75,0,0
2000310000,76,0,0
2000310000,77,0,0
2000310000,78,0,0
2000310000,79,0,0
2000310000,80,0,0
2000310000,81,0,0
2000310000,82,0,0
2000310000,83,0,0
2000310000,84,0,0
2000310000,85,0,0
2000310000,86,0,0
2000310000,87,0,0
2000310000,88,0,0
2000310000,89,0,0
2000310000,90,0,0
2000310000,91,0,0
2000310000,92,0,0
2000310000,93,0,0
2000310000,94,0,0
2000310000,95,0,0
2000310000,96,0,0
2000310000,97,0,0
2000310000,98,0,0
2000310000,99,0,0
2000310000,100,0,0
2000310000,101,0,0
2000310000,102,0,0
2000310000,103,0,0
2000310000,104,0,0
2000310000,105,0,0
2000310000,106,0,0
2000310000,107,0,0
2000310000,108,0,0
2000310000,109,0,0
2000310000,110,0,0
2000310000,111,0,0
2000310000,112,0,0
2000310000,113,0,0
2000310000,114,0,0
2000310000,115,0,0
2000310000,116,0,0
2000310000,117,0,0
2000310000,118,0,0
2000310000,119,0,0
2000310000,120,1,1
2000310000,121,0,0
2000310000,122,0,0
2000310000,123,0,0
2000310000,124,0,0
2000310000,125,0,0
2000310000,126,0,0
2000310000,127,0,0
2000310000,128,0,0
2000310000,129,0,0
2000310000,130,0,0
2000310000,131,0,0
2000310000,132,0,0
2000310000,133,0,0
2000310000,134,0,0
2000310000,135,0,0
2000310000,136,0,0
2000310000,137,0,0
2000310000,138,0,0
2000310000,139,0,0
2000310000,140,1,1
2000310000,141,0,0
2000310000,142,0,0
2000310000,143,0,0
2000310000,144,0,0
2000310000,145,0,0
2000310000,146,0,0
2000310000,147,0,0
2000310000,148,0,0
2000310000,149,0,0
2000310000,150,0,0
2000310000,151,0,0
2000310000,152,0,0
2000310000,153,0,0
2000310000,154,0,0
2000310000,155,0,0
2000310000,156,0,0
2000310000,157,0,0
2000310000,158,0,0
2000310000,159,0,0
2000310000,160,0,0
2000310000,161,0,0
2000310000,162,0,0
2000310000,163,0,0
2000310000,164,0,0
2000310000,165,0,0
2000310000,166,0,0
2000310000,167,0,0
2000310000,168,0,0
2000310000,169,0,0
2000310000,170,0,0
2000310000,171,0,0
2000310000,172,0,0
2000310000,173,0,0
2000310000,174,0,0
2000310000,175,0,0
2000310000,176,0,0
2000310000,177,0,0
2000310000,178,0,0
2000310000,179,0,0
2000310000,180,0,0
2000310000,181,0,0
2000310000,182,0,0
2000310000,183,0,0
2000310000,184,0,0
2000310000,185,0,0
2000310000,186,0,0
2000310000,187,0,0
2000310000,188,0,0
2000310000,189,0,0
2000310000,190,1,1
2000310000,191,0,0
2000310000,192,0,0
2000310000,193,0,0
2000310000,194,0,0
2000310000,195,0,0
2000310000,196,0,0
2000310000,197,0,0
2000310000,198,0,0
2000310000,199,0,0
2000310000,200,0,0
2000310000,201,0,0
2000310000,202,0,0
2000310000,203,0,0
2000310000,204,0,0
2000310000,205,0,0
2000310000,206,0,0
2000310000,207,0,0
2000310000,208,0,0
2000310000,209,0,0
2000310000,210,0,0
2000310000,211,0,0
2000310000,212,0,0
2000310000,213,0,0
2000310000,214,0,0
2000310000,215,0,0
2000310000,216,0,0
2000310000,217,0,0
2000310000,218,0,0
2000310000,219,0,0
2000310000,220,0,0
2000310000,221,0,0
2000310000,222,0,0
2000310000,223,0,0
2000310000,224,0,0
2000310000,225,0,0
2000310000,226,0,0
2000310000,227,0,0
2000310000,228,0,0
2000310000,229,0,0
2000310000,230,0,0
2000310000,231,0,0
2000310000,232,0,0
2000310000,233,0,0
2000310000,234,0,0
2000310000,235,0,0
2000310000,236,0,0
2000310000,237,0,0
2000310000,238,0,0
2000310000,239,0,0
2000310000,240,0,0
2000310000,241,0,0
2000310000,242,0,0
2000310000,243,0,0
2000310000,244,0,0
2000310000,245,0,0
2000310000,246,0,0
2000310000,247,0,0
2000310000,248,0,0
2000310000,249,0,0
2000310000,250,0,0
2000310000,251,0,0
2000310000,252,0,0
2000310000,253,0,0
2000310000,254,0,0
2000310000,255,0,0
2000310000,256,0,0
2000310000,257,0,0
2000310000,258,0,0
2000310000,259,0,0
2000310000,260,0,0
2000310000,261,0,0
2000310000,262,0,0
2000310000,263,0,0
2000310000,264,0,0
2000310000,265,0,0
2000310000,266,0,0
2000310000,267,0,0
2000310000,268,0,0
2000310000,269,0,0
2000310000,270,0,0
2000310000,271,0,0
2000310000,272,0,0
2000310000,273,0,0
2000310000,274,0,0
2000310000,275,0,0
2000310000,276,0,0
2000310000,277,0,0
2000310000,278,0,0
2000310000,279,0,0
2000310000,280,0,0
2000310000,281,0,0
2000310000,282,0,0
2000310000,283,0,0
2000310000,284,0,0
2000310000,285,0,0
2000310000,286,0,0
2000310000,287,0,0
2000320000,32,0,0
2000320000,33,0,0
2000320000,34,1,1
2000320000,35,0,0
2000320000,36,0,0
2000320000,37,0,0
2000320000,38,0,0
2000320000,39,0,0
2000320000,40,0,0
2000320000,41,0,0
2000320000,42,0,0
2000320000,43,0,0
2000320000,44,0,0
2000320000,45,0,0
2000320000,46,0,0
2000320000,47,0,0
2000320000,48,0,0
2000320000,49,0,0
2000320000,50,0,0
2000320000,51,0,0
2000320000,52,0,0
2000320000,53,0,0
2000320000,54,0,0
2000320000,55,0,0
2000320000,56,0,0
2000320000,57,0,0
2000320000,58,0,0
2000320000,59,0,0
2000320000,60,0,0
2000320000,61,0,0
2000320000,62,0,0
2000320000,63,0,0
2000320000,64,0,0
2000320000,65,0,0
2000320000,66,0,0
2000320000,67,0,0
2000320000,68,0,0
2000320000,69,0,0
2000320000,70,0,0
2000320000,71,0,0
2000320000,72,0,0
2000320000,73,0,0
2000320000,74,0,0
2000320000,75,0,0
2000320000,76,0,0
2000320000,77,0,0
2000320000,78,0,0
2000320000,79,0,0
2000320000,80,0,0
2000320000,81,0,0
2000320000,82,0,0
2000320000,83,0,0
2000320000,84,0,0
2000320000,85,0,0
2000320000,86,0,0
2000320000,87,0,0
2000320000,88,0,0
2000320000,89,0,0
2000320000,90,0,0
2000320000,91,0,0
2000320000,92,0,0
2000320000,93,0,0
2000320000,94,0,0
2000320000,95,0,0
2000320000,96,0,0
2000320000,97,0,0
2000320000,98,0,0
2000320000,99,0,0
2000320000,100,0,0
2000320000,101,0,0
2000320000,102,0,0
2000320000,103,0,0
2000320000,104,0,0
2000320000,105,0,0
2000320000,106,0,0
2000320000,107,0,0
2000320000,108,0,0
2000320000,109,0,0
2000320000,110,0,0
2000320000,111,0,0
2000320000,112,0,0
2000320000,113,0,0
2000320000,114,0,0
2000320000,115,0,0
2000320000,116,0,0
2000320000,117,0,0
2000320000,118,0,0
2000320000,119,0,0
2000320000,120,1,1
2000320000,121,0,0
2000320000,122,0,0
2000320000,123,0,0
2000320000,124,0,0
2000320000,125,0,0
2000320000,126,0,0
2000320000,127,0,0
2000320000,128,0,0
2000320000,129,0,0
2000320000,130,0,0
2000320000,131,0,0
2000320000,132,0,0
2000320000,133,0,0
2000320000,134,0,0
2000320000,135,0,0
2000320000,136,0,0
2000320000,137,0,0
2000320000,138,0,0
2000320000,139,0,0
2000320000,140,1,1
2000320000,141,0,0
2000320000,142,0,0
2000320000,143,0,0
2000320000,144,0,0
2000320000,145,0,0
2000320000,146,0,0
2000320000,147,0,0
2000320000,148,0,0
2000320000,149,0,0
2000320000,150,0,0
2000320000,151,0,0
2000320000,152,0,0
2000320000,153,0,0
2000320000,154,0,0
2000320000,155,0,0
2000320000,156,0,0
2000320000,157,0,0
2000320000,158,0,0
2000320000,159,0,0
2000320000,160,0,0
2000320000,161,0,0
2000320000,162,0,0
2000320000,163,0,0
2000320000,164,0,0
2000320000,165,0,0
2000320000,166,0,0
2000320000,167,0,0
2000320000,168,0,0
2000320000,169,0,0
2000320000,170,0,0
2000320000,171,0,0
2000320000,172,0,0
2000320000,173,0,0
2000320000,174,0,0
2000320000,175,0,0
2000320000,176,0,0
2000320000,177,0,0
2000320000,178,0,0
2000320000,179,0,0
2000320000,180,0,0
2000320000,181,0,0
2000320000,182,0,0
2000320000,183,0,0
2000320000,184,0,0
2000320000,185,0,0
2000320000,186,0,0
2000320000,187,0,0
2000320000,188,0,0
2000320000,189,0,0
2000320000,190,1,1
2000320000,191,0,0
2000320000,192,0,0
2000320000,193,0,0
2000320000,194,0,0
2000320000,195,0,0
2000320000,196,0,0
2000320000,197,0,0
2000320000,198,0,0
2000320000,199,0,0
2000320000,200,0,0
2000320000,201,0,0
2000320000,202,0,0
2000320000,203,0,0
2000320000,204,0,0
2000320000,205,0,0
2000320000,206,0,0
2000320000,207,0,0
2000320000,208,0,0
2000320000,209,0,0
2000320000,210,0,0
2000320000,211,0,0
2000320000,212,0,0
2000320000,213,0,0
2000320000,214,0,0
2000320000,215,0,0
2000320000,216,0,0
2000320000,217,0,0
2000320000,218,0,0
2000320000,219,0,0
2000320000,220,0,0
2000320000,221,0,0
2000320000,222,0,0
2000320000,223,0,0
2000320000,224,0,0
2000320000,225,0,0
2000320000,226,0,0
2000320000,227,0,0
2000320000,228,0,0
2000320000,229,0,0
2000320000,230,0,0
2000320000,231,0,0
2000320000,232,0,0
2000320000,233,0,0
2000320000,234,0,0
2000320000,235,0,0
2000320000,236,0,0
2000320000,237,0,0
2000320000,238,0,0
2000320000,239,0,0
2000320000,240,0,0
2000320000,241,0,0
2000320000,242,0,0
2000320000,243,0,0
2000320000,244,0,0
2000320000,245,0,0
2000320000,246,0,0
2000320000,247,0,0
2000320000,248,0,0
2000320000,249,0,0
2000320000,250,0,0
2000320000,251,0,0
2000320000,252,0,0
2000320000,253,0,0
2000320000,254,0,0
2000320000,255,0,0
2000320000,256,0,0
2000320000,257,0,0
2000320000,258,0,0
2000320000,259,0,0
2000320000,260,0,0
2000320000,261,0,0
2000320000,262,0,0
2000320000,263,0,0
2000320000,264,0,0
2000320000,265,0,0
2000320000,266,0,0
2000320000,267,0,0
2000320000,268,0,0
2000320000,269,0,0
2000320000,270,0,0
2000320000,271,0,0
2000320000,272,0,0
2000320000,273,0,0
2000320000,274,0,0
2000320000,275,0,0
2000320000,276,0,0
2000320000,277,0,0
2000320000,278,0,0
2000320000,279,0,0
2000320000,280,0,0
2000320000,281,0,0
2000320000,282,0,0
2000320000,283,0,0
2000320000,284,0,0
2000320000,285,0,0
2000320000,286,0,0
2000320000,287,0,0
2000330000,32,0,0
2000330000,33,0,0
2000330000,34,1,1
2000330000,35,0,0
2000330000,36,0,0
2000330000,37,0,0
2000330000,38,0,0
2000330000,39,0,0
2000330000,40,0,0
2000330000,41,0,0
2000330000,42,0,0
2000330000,43,0,0
2000330000,44,0,0
2000330000,45,0,0
2000330000,46,0,0
2000330000,47,0,0
2000330000,48,0,0
2000330000,49,0,0
2000330000,50,0,0
2000330000,51,0,0
2000330000,52,0,0
2000330000,53,0,0
2000330000,54,0,0
2000330000,55,0,0
2000330000,56,0,0
2000330000,57,0,0
2000330000,58,0,0
2000330000,59,0,0
2000330000,60,0,0
2000330000,61,0,0
2000330000,62,0,0
2000330000,63,0,0
2000330000,64,0,0
2000330000,65,0,0
2000330000,66,0,0
2000330000,67,0,0
2000330000,68,0,0
2000330000,69,0,0
2000330000,70,0,0
2000330000,71,0,0
2000330000,72,0,0
2000330000,73,0,0
2000330000,74,0,0
2000330000,75,0,0
2000330000,76,0,0
2000330000,77,0,0
2000330000,78,0,0
2000330000,79,0,0
2000330000,80,0,0
2000330000,81,0,0
2000330000,82,0,0
2000330000,83,0,0
2000330000,84,0,0
2000330000,85,0,0
2000330000,86,0,0
2000330000,87,0,0
2000330000,88,0,0
2000330000,89,0,0
2000330000,90,0,0
2000330000,91,0,0
2000330000,92,0,0
2000330000,93,0,0
2000330000,94,0,0
2000330000,95,0,0
2000330000,96,0,0
2000330000,97,0,0
2000330000,98,0,0
2000330000,99,0,0
2000330000,100,0,0
2000330000,101,0,0
2000330000,102,0,0
2000330000,103,0,0
2000330000,104,0,0
2000330000,105,0,0
2000330000,106,0,0
2000330000,107,0,0
2000330000,108,0,0
2000330000,109,0,0
2000330000,110,0,0
2000330000,111,0,0
2000330000,112,0,0
2000330000,113,0,0
2000330000,114,0,0
2000330000,115,0,0
2000330000,116,0,0
2000330000,117,0,0
2000330000,118,0,0
2000330000,119,0,0
2000330000,120,1,1
2000330000,121,0,0
2000330000,122,0,0
2000330000,123,0,0
2000330000,124,0,0
2000330000,125,0,0
2000330000,126,0,0
2000330000,127,0,0
2000330000,128,0,0
2000330000,129,0,0
2000330000,130,0,0
2000330000,131,0,0
2000330000,132,0,0
2000330000,133,0,0
2000330000,134,0,0
2000330000,135,0,0
2000330000,136,0,0
2000330000,137,0,0
2000330000,138,0,0
2000330000,139,0,0
2000330000,140,1,1
2000330000,141,0,0
2000330000,142,0,0
2000330000,143,0,0
2000330000,144,0,0
2000330000,145,0,0
2000330000,146,0,0
2000330000,147,0,0
2000330000,148,0,0
2000330000,149,0,0
2000330000,150,0,0
2000330000,151,0,0
2000330000,152,0,0
2000330000,153,0,0
2000330000,154,0,0
2000330000,155,0,0
2000330000,156,0,0
2000330000,157,0,0
2000330000,158,0,0
2000330000,159,0,0
2000330000,160,0,0
2000330000,161,0,0
2000330000,162,0,0
2000330000,163,0,0
2000330000,164,0,0
2000330000,165,0,0
2000330000,166,0,0
2000330000,167,0,0
2000330000,168,0,0
2000330000,169,0,0
2000330000,170,0,0
2000330000,171,0,0
2000330000,172,0,0
2000330000,173,0,0
2000330000,174,0,0
2000330000,175,0,0
2000330000,176,0,0
2000330000,177,0,0
2000330000,178,0,0
2000330000,179,0,0
2000330000,180,0,0
2000330000,181,0,0
2000330000,182,0,0
2000330000,183,0,0
2000330000,184,0,0
2000330000,185,0,0
2000330000,186,0,0
2000330000,187,0,0
2000330000,188,0,0
2000330000,189,0,0
2000330000,190,1,1
2000330000,191,0,0
2000330000,192,0,0
2000330000,193,0,0
2000330000,194,0,0
2000330000,195,0,0
2000330000,196,0,0
2000330000,197,0,0
2000330000,198,0,0
2000330000,199,0,0
2000330000,200,0,0
2000330000,201,0,0
2000330000,202,0,0
2000330000,203,0,0
2000330000,204,0,0
2000330000,205,0,0
2000330000,206,0,0
2000330000,207,0,0
2000330000,208,0,0
2000330000,209,0,0
2000330000,210,0,0
2000330000,211,0,0
2000330000,212,0,0
2000330000,213,0,0
2000330000,214,0,0
2000330000,215,0,0
2000330000,216,0,0
2000330000,217,0,0
2000330000,218,0,0
2000330000,219,0,0
2000330000,220,0,0
2000330000,221,0,0
2000330000,222,0,0
2000330000,223,0,0
2000330000,224,0,0
2000330000,225,0,0
2000330000,226,0,0
2000330000,227,0,0
2000330000,228,0,0
2000330000,229,0,0
2000330000,230,0,0
2000330000,231,0,0
2000330000,232,0,0
2000330000,233,0,0
2000330000,234,0,0
2000330000,235,0,0
2000330000,236,0,0
2000330000,237,0,0
2000330000,238,0,0
2000330000,239,0,0
2000330000,240,0,0
2000330000,241,0,0
2000330000,242,0,0
2000330000,243,0,0
2000330000,244,0,0
2000330000,245,0,0
2000330000,246,0,0
2000330000,247,0,0
2000330000,248,0,0
2000330000,249,0,0
2000330000,250,0,0
2000330000,251,0,0
2000330000,252,0,0
2000330000,253,0,0
2000330000,254,0,0
2000330000,255,0,0
2000330000,256,0,0
2000330000,257,0,0
2000330000,258,0,0
2000330000,259,0,0
2000330000,260,0,0
2000330000,261,0,0
2000330000,262,0,0
2000330000,263,0,0
2000330000,264,0,0
2000330000,265,0,0
2000330000,266,0,0
2000330000,267,0,0
2000330000,268,0,0
2000330000,269,0,0
2000330000,270,0,0
2000330000,271,0,0
2000330000,272,0,0
2000330000,273,0,0
2000330000,274,0,0
2000330000,275,0,0
2000330000,276,0,0
2000330000,277,0,0
2000330000,278,0,0
2000330000,279,0,0
2000330000,280,0,0
2000330000,281,0,0
2000330000,282,0,0
2000330000,283,0,0
2000330000,284,0,0
2000330000,285,0,0
2000330000,286,0,0
2000330000,287,0,0
2000340000,32,0,0
2000340000,33,0,0
2000340000,34,1,1
2000340000,35,0,0
2000340000,36,0,0
2000340000,37,0,0
2000340000,38,0,0
2000340000,39,0,0
2000340000,40,0,0
2000340000,41,0,0
2000340000,42,0,0
2000340000,43,0,0
2000340000,44,0,0
2000340000,45,0,0
2000340000,46,0,0
2000340000,47,0,0
2000340000,48,0,0
2000340000,49,0,0
2000340000,50,0,0
2000340000,51,0,0
2000340000,52,0,0
2000340000,53,0,0
2000340000,54,0,0
2000340000,55,0,0
2000340000,56,0,0
2000340000,57,0,0
2000340000,58,0,0
2000340000,59,0,0
2000340000,60,0,0
2000340000,61,0,0
2000340000,62,0,0
2000340000,63,0,0
2000340000,64,0,0
2000340000,65,0,0
2000340000,66,0,0
2000340000,67,0,0
2000340000,68,0,0
2000340000,69,0,0
2000340000,70,0,0
2000340000,71,0,0
2000340000,72,0,0
2000340000,73,0,0
2000340000,74,0,0
2000340000,75,0,0
2000340000,76,0,0
2000340000,77,0,0
2000340000,78,0,0
2000340000,79,0,0
2000340000,80,0,0
2000340000,81,0,0
2000340000,82,0,0
2000340000,83,0,0
2000340000,84,0,0
2000340000,85,0,0
2000340000,86,0,0
2000340000,87,0,0
2000340000,88,0,0
2000340000,89,0,0
2000340000,90,0,0
2000340000,91,0,0
2000340000,92,0,0
2000340000,93,0,0
2000340000,94,0,0
2000340000,95,0,0
2000340000,96,0,0
2000340000,97,0,0
2000340000,98,0,0
2000340000,99,0,0
2000340000,100,0,0
2000340000,101,0,0
2000340000,102,0,0
2000340000,103,0,0
2000340000,104,0,0
2000340000,105,0,0
2000340000,106,0,0
2000340000,107,0,0
2000340000,108,0,0
2000340000,109,0,0
2000340000,110,0,0
2000340000,111,0,0
2000340000,112,0,0
2000340000,113,0,0
2000340000,114,0,0
2000340000,115,0,0
2000340000,116,0,0
2000340000,117,0,0
2000340000,118,0,0
2000340000,119,0,0
2000340000,120,1,1
2000340000,121,0,0
2000340000,122,0,0
2000340000,123,0,0
2000340000,124,0,0
2000340000,125,0,0
2000340000,126,0,0
2000340000,127,0,0
2000340000,128,0,0
2000340000,129,0,0
2000340000,130,0,0
2000340000,131,0,0
2000340000,132,0,0
2000340000,133,0,0
2000340000,134,0,0
2000340000,135,0,0
2000340000,136,0,0
2000340000,137,0,0
2000340000,138,0,0
2000340000,139,0,0
2000340000,140,1,1
2000340000,141,0,0
2000340000,142,0,0
2000340000,143,0,0
2000340000,144,0,0
2000340000,145,0,0
2000340000,146,0,0
2000340000,147,0,0
2000340000,148,0,0
2000340000,149,0,0
2000340000,150,0,0
2000340000,151,0,0
2000340000,152,0,0
2000340000,153,0,0
2000340000,154,0,0
2000340000,155,0,0
2000340000,156,0,0
2000340000,157,0,0
2000340000,158,0,0
2000340000,159,0,0
2000340000,160,0,0
2000340000,161,0,0
2000340000,162,0,0
2000340000,163,0,0
2000340000,164,0,0
2000340000,165,0,0
2000340000,166,0,0
2000340000,167,0,0
2000340000,168,0,0
2000340000,169,0,0
2000340000,170,0,0
2000340000,171,0,0
2000340000,172,0,0
2000340000,173,0,0
2000340000,174,0,0
2000340000,175,0,0
2000340000,176,0,0
2000340000,177,0,0
2000340000,178,0,0
2000340000,179,0,0
2000340000,180,0,0
2000340000,181,0,0
2000340000,182,0,0
2000340000,183,0,0
2000340000,184,0,0
2000340000,185,0,0
2000340000,186,0,0
2000340000,187,0,0
2000340000,188,0,0
2000340000,189,0,0
2000340000,190,1,1
2000340000,191,0,0
2000340000,192,0,0
2000340000,193,0,0
2000340000,194,0,0
2000340000,195,0,0
2000340000,196,0,0
2000340000,197,0,0
2000340000,198,0,0
2000340000,199,0,0
2000340000,200,0,0
2000340000,201,0,0
2000340000,202,0,0
2000340000,203,0,0
2000340000,204,0,0
2000340000,205,0,0
2000340000,206,0,0
2000340000,207,0,0
2000340000,208,0,0
2000340000,209,0,0
2000340000,210,0,0
2000340000,211,0,0
2000340000,212,0,0
2000340000,213,0,0
2000340000,214,0,0
2000340000,215,0,0
2000340000,216,0,0
2000340000,217,0,0
2000340000,218,0,0
2000340000,219,0,0
2000340000,220,0,0
2000340000,221,0,0
2000340000,222,0,0
2000340000,223,0,0
2000340000,224,0,0
2000340000,225,0,0
2000340000,226,0,0
2000340000,227,0,0
2000340000,228,0,0
2000340000,229,0,0
2000340000,230,0,0
2000340000,231,0,0
2000340000,232,0,0
2000340000,233,0,0
2000340000,234,0,0
2000340000,235,0,0
2000340000,236,0,0
2000340000,237,0,0
2000340000,238,0,0
2000340000,239,0,0
2000340000,240,0,0
2000340000,241,0,0
2000340000,242,0,0
2000340000,243,0,0
2000340000,244,0,0
2000340000,245,0,0
2000340000,246,0,0
2000340000,247,0,0
2000340000,248,0,0
2000340000,249,0,0
2000340000,250,0,0
2000340000,251,0,0
2000340000,252,0,0
2000340000,253,0,0
2000340000,254,0,0
2000340000,255,0,0
2000340000,256,0,0
2000340000,257,0,0
2000340000,258,0,0
2000340000,259,0,0
2000340000,260,0,0
2000340000,261,0,0
2000340000,262,0,0
2000340000,263,0,0
2000340000,264,0,0
2000340000,265,0,0
2000340000,266,0,0
2000340000,267,0,0
2000340000,268,0,0
2000340000,269,0,0
2000340000,270,0,0
2000340000,271,0,0
2000340000,272,0,0
2000340000,273,0,0
2000340000,274,0,0
2000340000,275,0,0
2000340000,276,0,0
2000340000,277,0,0
2000340000,278,0,0
2000340000,279,0,0
2000340000,280,0,0
2000340000,281,0,0
2000340000,282,0,0
2000340000,283,0,0
2000340000,284,0,0
2000340000,285,0,0
2000340000,286,0,0
2000340000,287,0,0
2000350000,32,0,0
2000350000,33,0,0
2000350000,34,1,1
2000350000,35,0,0
2000350000,36,0,0
2000350000,37,0,0
2000350000,38,0,0
2000350000,39,0,0
2000350000,40,0,0
2000350000,41,0,0
2000350000,42,0,0
2000350000,43,0,0
2000350000,44,0,0
2000350000,45,0,0
2000350000,46,0,0
2000350000,47,0,0
2000350000,48,0,0
2000350000,49,0,0
2000350000,50,0,0
2000350000,51,0,0
2000350000,52,0,0
2000350000,53,0,0
2000350000,54,0,0
2000350000,55,0,0
2000350000,56,0,0
2000350000,57,0,0
2000350000,58,0,0
2000350000,59,0,0
2000350000,60,0,0
2000350000,61,0,0
2000350000,62,0,0
2000350000,63,0,0
2000350000,64,0,0
2000350000,65,0,0
2000350000,66,0,0
2000350000,67,0,0
2000350000,68,0,0
2000350000,69,0,0
2000350000,70,0,0
2000350000,71,0,0
2000350000,72,0,0
2000350000,73,0,0
2000350000,74,0,0
2000350000,75,0,0
2000350000,76,0,0
2000350000,77,0,0
2000350000,78,0,0
2000350000,79,0,0
2000350000,80,0,0
2000350000,81,0,0
2000350000,82,0,0
2000350000,83,0,0
2000350000,84,0,0
2000350000,85,0,0
2000350000,86,0,0
2000350000,87,0,0
2000350000,88,0,0
2000350000,89,0,0
2000350000,90,0,0
2000350000,91,0,0
2000350000,92,0,0
2000350000,93,0,0
2000350000,94,0,0
2000350000,95,0,0
2000350000,96,0,0
2000350000,97,0,0
2000350000,98,0,0
2000350000,99,0,0
2000350000,100,0,0
2000350000,101,0,0
2000350000,102,0,0
2000350000,103,0,0
2000350000,104,0,0
2000350000,105,0,0
2000350000,106,0,0
2000350000,107,0,0
2000350000,108,0,0
2000350000,109,0,0
2000350000,110,0,0
2000350000,111,0,0
2000350000,112,0,0
2000350000,113,0,0
2000350000,114,0,0
2000350000,115,0,0
2000350000,116,0,0
2000350000,117,0,0
2000350000,118,0,0
2000350000,119,0,0
2000350000,120,1,1
2000350000,121,0,0
2000350000,122,0,0
2000350000,123,0,0
2000350000,124,0,0
2000350000,125,0,0
2000350000,126,0,0
2000350000,127,0,0
2000350000,128,0,0
2000350000,129,0,0
2000350000,130,0,0
2000350000,131,0,0
2000350000,132,0,0
2000350000,133,0,0
2000350000,134,0,0
2000350000,135,0,0
2000350000,136,0,0
2000350000,137,0,0
2000350000,138,0,0
2000350000,139,0,0
2000350000,140,1,1
2000350000,141,0,0
2000350000,142,0,0
2000350000,143,0,0
2000350000,144,0,0
2000350000,145,0,0
2000350000,146,0,0
2000350000,147,0,0
2000350000,148,0,0
2000350000,149,0,0
2000350000,150,0,0
2000350000,151,0,0
2000350000,152,0,0
2000350000,153,0,0
2000350000,154,0,0
2000350000,155,0,0
2000350000,156,0,0
2000350000,157,0,0
2000350000,158,0,0
2000350000,159,0,0
2000350000,160,0,0
2000350000,161,0,0
2000350000,162,0,0
2000350000,163,0,0
2000350000,164,0,0
2000350000,165,0,0
2000350000,166,0,0
2000350000,167,0,0
2000350000,168,0,0
2000350000,169,0,0
2000350000,170,0,0
2000350000,171,0,0
2000350000,172,0,0
2000350000,173,0,0
2000350000,174,0,0
2000350000,175,0,0
2000350000,176,0,0
2000350000,177,0,0
2000350000,178,0,0
2000350000,179,0,0
2000350000,180,0,0
2000350000,181,0,0
2000350000,182,0,0
2000350000,183,0,0
2000350000,184,0,0
2000350000,185,0,0
2000350000,186,0,0
2000350000,187,0,0
2000350000,188,0,0
2000350000,189,0,0
2000350000,190,1,1
2000350000,191,0,0
2000350000,192,0,0
2000350000,193,0,0
2000350000,194,0,0
2000350000,195,0,0
2000350000,196,0,0
2000350000,197,0,0
2000350000,198,0,0
2000350000,199,0,0
2000350000,200,0,0
2000350000,201,0,0
2000350000,202,0,0
2000350000,203,0,0
2000350000,204,0,0
2000350000,205,0,0
2000350000,206,0,0
2000350000,207,0,0
2000350000,208,0,0
2000350000,209,0,0
2000350000,210,0,0
2000350000,211,0,0
2000350000,212,0,0
2000350000,213,0,0
2000350000,214,0,0
2000350000,215,0,0
2000350000,216,0,0
2000350000,217,0,0
2000350000,218,0,0
2000350000,219,0,0
2000350000,220,0,0
2000350000,221,0,0
2000350000,222,0,0
2000350000,223,0,0
2000350000,224,0,0
2000350000,225,0,0
2000350000,226,0,0
2000350000,227,0,0
2000350000,228,0,0
2000350000,229,0,0
2000350000,230,0,0
2000350000,231,0,0
2000350000,232,0,0
2000350000,233,0,0
2000350000,234,0,0
2000350000,235,0,0
2000350000,236,0,0
2000350000,237,0,0
2000350000,238,0,0
2000350000,239,0,0
2000350000,240,0,0
2000350000,241,0,0
2000350000,242,0,0
2000350000,243,0,0
2000350000,244,0,0
2000350000,245,0,0
2000350000,246,0,0
2000350000,247,0,0
2000350000,248,0,0
2000350000,249,0,0
2000350000,250,0,0
2000350000,251,0,0
2000350000,252,0,0
2000350000,253,0,0
2000350000,254,0,0
2000350000,255,0,0
2000350000,256,0,0
2000350000,257,0,0
2000350000,258,0,0
2000350000,259,0,0
2000350000,260,0,0
2000350000,261,0,0
2000350000,262,0,0
2000350000,263,0,0
2000350000,264,0,0
2000350000,265,0,0
2000350000,266,0,0
2000350000,267,0,0
2000350000,268,0,0
2000350000,269,0,0
2000350000,270,0,0
2000350000,271,0,0
2000350000,272,0,0
2000350000,273,0,0
2000350000,274,0,0
2000350000,275,0,0
2000350000,276,0,0
2000350000,277,0,0
2000350000,278,0,0
2000350000,279,0,0
2000350000,280,0,0
2000350000,281,0,0
2000350000,282,0,0
2000350000,283,0,0
2000350000,284,0,0
2000350000,285,0,0
2000350000,286,0,0
2000350000,287,0,0
2000360000,32,0,0
2000360000,33,0,0
2000360000,34,1,1
2000360000,35,0,0
2000360000,36,0,0
2000360000,37,0,0
2000360000,38,0,0
2000360000,39,0,0
2000360000,40,0,0
2000360000,41,0,0
2000360000,42,0,0
2000360000,43,0,0
2000360000,44,0,0
2000360000,45,0,0
2000360000,46,0,0
2000360000,47,0,0
2000360000,48,0,0
2000360000,49,0,0
2000360000,50,0,0
2000360000,51,0,0
2000360000,52,0,0
2000360000,53,0,0
2000360000,54,0,0
2000360000,55,0,0
2000360000,56,0,0
2000360000,57,0,0
2000360000,58,0,0
2000360000,59,0,0
2000360000,60,0,0
2000360000,61,0,0
2000360000,62,0,0
2000360000,63,0,0
2000360000,64,0,0
2000360000,65,0,0
2000360000,66,0,0
2000360000,67,0,0
2000360000,68,0,0
2000360000,69,0,0
2000360000,70,0,0
2000360000,71,0,0
2000360000,72,0,0
2000360000,73,0,0
2000360000,74,0,0
2000360000,75,0,0
2000360000,76,0,0
2000360000,77,0,0
2000360000,78,0,0
2000360000,79,0,0
2000360000,80,0,0
2000360000,81,0,0
2000360000,82,0,0
2000360000,83,0,0
2000360000,84,0,0
2000360000,85,0,0
2000360000,86,0,0
2000360000,87,0,0
2000360000,88,0,0
2000360000,89,0,0
2000360000,90,0,0
2000360000,91,0,0
2000360000,92,0,0
2000360000,93,0,0
2000360000,94,0,0
2000360000,95,0,0
2000360000,96,0,0
2000360000,97,0,0
2000360000,98,0,0
2000360000,99,0,0
2000360000,100,0,0
2000360000,101,0,0
2000360000,102,0,0
2000360000,103,0,0
2000360000,104,0,0
2000360000,105,0,0
2000360000,106,0,0
2000360000,107,0,0
2000360000,108,0,0
2000360000,109,0,0
2000360000,110,0,0
2000360000,111,0,0
2000360000,112,0,0
2000360000,113,0,0
2000360000,114,0,0
2000360000,115,0,0
2000360000,116,0,0
2000360000,117,0,0
2000360000,118,0,0
2000360000,119,0,0
2000360000,120,1,1
2000360000,121,0,0
2000360000,122,0,0
2000360000,123,0,0
2000360000,124,0,0
2000360000,125,0,0
2000360000,126,0,0
2000360000,127,0,0
2000360000,128,0,0
2000360000,129,0,0
2000360000,130,0,0
2000360000,131,0,0
2000360000,132,0,0
2000360000,133,0,0
2000360000,134,0,0
2000360000,135,0,0
2000360000,136,0,0
2000360000,137,0,0
2000360000,138,0,0
2000360000,139,0,0
2000360000,140,1,1
2000360000,141,0,0
2000360000,142,0,0
2000360000,143,0,0
2000360000,144,0,0
2000360000,145,0,0
2000360000,146,0,0
2000360000,147,0,0
2000360000,148,0,0
2000360000,149,0,0
2000360000,150,0,0
2000360000,151,0,0
2000360000,152,0,0
2000360000,153,0,0
2000360000,154,0,0
2000360000,155,0,0
2000360000,156,0,0
2000360000,157,0,0
2000360000,158,0,0
2000360000,159,0,0
2000360000,160,0,0
2000360000,161,0,0
2000360000,162,0,0
2000360000,163,0,0
2000360000,164,0,0
2000360000,165,0,0
2000360000,166,0,0
2000360000,167,0,0
2000360000,168,0,0
2000360000,169,0,0
2000360000,170,0,0
2000360000,171,0,0
2000360000,172,0,0
2000360000,173,0,0
2000360000,174,0,0
2000360000,175,0,0
2000360000,176,0,0
2000360000,177,0,0
2000360000,178,0,0
2000360000,179,0,0
2000360000,180,0,0
2000360000,181,0,0
2000360000,182,0,0
2000360000,183,0,0
2000360000,184,0,0
2000360000,185,0,0
2000360000,186,0,0
2000360000,187,0,0
2000360000,188,0,0
2000360000,189,0,0
2000360000,190,1,1
2000360000,191,0,0
2000360000,192,0,0
2000360000,193,0,0
2000360000,194,0,0
2000360000,195,0,0
2000360000,196,0,0
2000360000,197,0,0
2000360000,198,0,0
2000360000,199,0,0
2000360000,200,0,0
2000360000,201,0,0
2000360000,202,0,0
2000360000,203,0,0
2000360000,204,0,0
2000360000,205,0,0
2000360000,206,0,0
2000360000,207,0,0
2000360000,208,0,0
2000360000,209,0,0
2000360000,210,0,0
2000360000,211,0,0
2000360000,212,0,0
2000360000,213,0,0
2000360000,214,0,0
2000360000,215,0,0
2000360000,216,0,0
2000360000,217,0,0
2000360000,218,0,0
2000360000,219,0,0
2000360000,220,0,0
2000360000,221,0,0
2000360000,222,0,0
2000360000,223,0,0
2000360000,224,0,0
2000360000,225,0,0
2000360000,226,0,0
2000360000,227,0,0
2000360000,228,0,0
2000360000,229,0,0
2000360000,230,0,0
2000360000,231,0,0
2000360000,232,0,0
2000360000,233,0,0
2000360000,234,0,0
2000360000,235,0,0
2000360000,236,0,0
2000360000,237,0,0
2000360000,238,0,0
2000360000,239,0,0
2000360000,240,0,0
2000360000,241,0,0
2000360000,242,0,0
2000360000,243,0,0
2000360000,244,0,0
2000360000,245,0,0
2000360000,246,0,0
2000360000,247,0,0
2000360000,248,0,0
2000360000,249,0,0
2000360000,250,0,0
2000360000,251,0,0
2000360000,252,0,0
2000360000,253,0,0
2000360000,254,0,0
2000360000,255,0,0
2000360000,256,0,0
2000360000,257,0,0
2000360000,258,0,0
2000360000,259,0,0
2000360000,260,0,0
2000360000,261,0,0
2000360000,262,0,0
2000360000,263,0,0
2000360000,264,0,0
2000360000,265,0,0
2000360000,266,0,0
2000360000,267,0,0
2000360000,268,0,0
2000360000,269,0,0
2000360000,270,0,0
2000360000,271,0,0
2000360000,272,0,0
2000360000,273,0,0
2000360000,274,0,0
2000360000,275,0,0
2000360000,276,0,0
2000360000,277,0,0
2000360000,278,0,0
2000360000,279,0,0
2000360000,280,0,0
2000360000,281,0,0
2000360000,282,0,0
2000360000,283,0,0
2000360000,284,0,0
2000360000,285,0,0
2000360000,286,0,0
2000360000,287,0,0
2000370000,32,0,0
2000370000,33,0,0
2000370000,34,1,1
2000370000,35,0,0
2000370000,36,0,0
2000370000,37,0,0
2000370000,38,0,0
2000370000,39,0,0
2000370000,40,0,0
2000370000,41,0,0
2000370000,42,0,0
2000370000,43,0,0
2000370000,44,0,0
2000370000,45,0,0
2000370000,46,0,0
2000370000,47,0,0
2000370000,48,0,0
2000370000,49,0,0
2000370000,50,0,0
2000370000,51,0,0
2000370000,52,0,0
2000370000,53,0,0
2000370000,54,0,0
2000370000,55,0,0
2000370000,56,0,0
2000370000,57,0,0
2000370000,58,0,0
2000370000,59,0,0
2000370000,60,0,0
2000370000,61,0,0
2000370000,62,0,0
2000370000,63,0,0
2000370000,64,0,0
2000370000,65,0,0
2000370000,66,0,0
2000370000,67,0,0
2000370000,68,0,0
2000370000,69,0,0
2000370000,70,0,0
2000370000,71,0,0
2000370000,72,0,0
2000370000,73,0,0
2000370000,74,0,0
2000370000,75,0,0
2000370000,76,0,0
2000370000,77,0,0
2000370000,78,0,0
2000370000,79,0,0
2000370000,80,0,0
2000370000,81,0,0
2000370000,82,0,0
2000370000,83,0,0
2000370000,84,0,0
2000370000,85,0,0
2000370000,86,0,0
2000370000,87,0,0
2000370000,88,0,0
2000370000,89,0,0
2000370000,90,0,0
2000370000,91,0,0
2000370000,92,0,0
2000370000,93,0,0
2000370000,94,0,0
2000370000,95,0,0
2000370000,96,0,0
2000370000,97,0,0
2000370000,98,0,0
2000370000,99,0,0
2000370000,100,0,0
2000370000,101,0,0
2000370000,102,0,0
2000370000,103,0,0
2000370000,104,0,0
2000370000,105,0,0
2000370000,106,0,0
2000370000,107,0,0
2000370000,108,0,0
2000370000,109,0,0
2000370000,110,0,0
2000370000,111,0,0
2000370000,112,0,0
2000370000,113,0,0
2000370000,114,0,0
2000370000,115,0,0
2000370000,116,0,0
2000370000,117,0,0
2000370000,118,0,0
2000370000,119,0,0
2000370000,120,1,1
2000370000,121,0,0
2000370000,122,0,0
2000370000,123,0,0
2000370000,124,0,0
2000370000,125,0,0
2000370000,126,0,0
2000370000,127,0,0
2000370000,128,0,0
2000370000,129,0,0
2000370000,130,0,0
2000370000,131,0,0
2000370000,132,0,0
2000370000,133,0,0
2000370000,134,0,0
2000370000,135,0,0
2000370000,136,0,0
2000370000,137,0,0
2000370000,138,0,0
2000370000,139,0,0
2000370000,140,1,1
2000370000,141,0,0
2000370000,142,0,0
2000370000,143,0,0
2000370000,144,0,0
2000370000,145,0,0
2000370000,146,0,0
2000370000,147,0,0
2000370000,148,0,0
2000370000,149,0,0
2000370000,150,0,0
2000370000,151,0,0
2000370000,152,0,0
2000370000,153,0,0
2000370000,154,0,0
2000370000,155,0,0
2000370000,156,0,0
2000370000,157,0,0
2000370000,158,0,0
2000370000,159,0,0
2000370000,160,0,0
2000370000,161,0,0
2000370000,162,0,0
2000370000,163,0,0
2000370000,164,0,0
2000370000,165,0,0
2000370000,166,0,0
2000370000,167,0,0
2000370000,168,0,0
2000370000,169,0,0
2000370000,170,0,0
2000370000,171,0,0
2000370000,172,0,0
2000370000,173,0,0
2000370000,174,0,0
2000370000,175,0,0
2000370000,176,0,0
2000370000,177,0,0
2000370000,178,0,0
2000370000,179,0,0
2000370000,180,0,0
2000370000,181,0,0
2000370000,182,0,0
2000370000,183,0,0
2000370000,184,0,0
2000370000,185,0,0
2000370000,186,0,0
2000370000,187,0,0
2000370000,188,0,0
2000370000,189,0,0
2000370000,190,1,1
2000370000,191,0,0
2000370000,192,0,0
2000370000,193,0,0
2000370000,194,0,0
2000370000,195,0,0
2000370000,196,0,0
2000370000,197,0,0
2000370000,198,0,0
2000370000,199,0,0
2000370000,200,0,0
2000370000,201,0,0
2000370000,202,0,0
2000370000,203,0,0
2000370000,204,0,0
2000370000,205,0,0
2000370000,206,0,0
2000370000,207,0,0
2000370000,208,0,0
2000370000,209,0,0
2000370000,210,0,0
2000370000,211,0,0
2000370000,212,0,0
2000370000,213,0,0
2000370000,214,0,0
2000370000,215,0,0
2000370000,216,0,0
2000370000,217,0,0
2000370000,218,0,0
2000370000,219,0,0
2000370000,220,0,0
2000370000,221,0,0
2000370000,222,0,0
2000370000,223,0,0
2000370000,224,0,0
2000370000,225,0,0
2000370000,226,0,0
2000370000,227,0,0
2000370000,228,0,0
2000370000,229,0,0
2000370000,230,0,0
2000370000,231,0,0
2000370000,232,0,0
2000370000,233,0,0
2000370000,234,0,0
2000370000,235,0,0
2000370000,236,0,0
2000370000,237,0,0
2000370000,238,0,0
2000370000,239,0,0
2000370000,240,0,0
2000370000,241,0,0
2000370000,242,0,0
2000370000,243,0,0
2000370000,244,0,0
2000370000,245,0,0
2000370000,246,0,0
2000370000,247,0,0
2000370000,248,0,0
2000370000,249,0,0
2000370000,250,0,0
2000370000,251,0,0
2000370000,252,0,0
2000370000,253,0,0
2000370000,254,0,0
2000370000,255,0,0
2000370000,256,0,0
2000370000,257,0,0
2000370000,258,0,0
2000370000,259,0,0
2000370000,260,0,0
2000370000,261,0,0
2000370000,262,0,0
2000370000,263,0,0
2000370000,264,0,0
2000370000,265,0,0
2000370000,266,0,0
2000370000,267,0,0
2000370000,268,0,0
2000370000,269,0,0
2000370000,270,0,0
2000370000,271,0,0
2000370000,272,0,0
2000370000,273,0,0
2000370000,274,0,0
2000370000,275,0,0
2000370000,276,0,0
2000370000,277,0,0
2000370000,278,0,0
2000370000,279,0,0
2000370000,280,0,0
2000370000,281,0,0
2000370000,282,0,0
2000370000,283,0,0
2000370000,284,0,0
2000370000,285,0,0
2000370000,286,0,0
2000370000,287,0,0
2000380000,32,0,0
2000380000,33,0,0
2000380000,34,1,1
2000380000,35,0,0
2000380000,36,0,0
2000380000,37,0,0
2000380000,38,0,0
2000380000,39,0,0
2000380000,40,0,0
2000380000,41,0,0
2000380000,42,0,0
2000380000,43,0,0
2000380000,44,0,0
2000380000,45,0,0
2000380000,46,0,0
2000380000,47,0,0
2000380000,48,0,0
2000380000,49,0,0
2000380000,50,0,0
2000380000,51,0,0
2000380000,52,0,0
2000380000,53,0,0
2000380000,54,0,0
2000380000,55,0,0
2000380000,56,0,0
2000380000,57,0,0
2000380000,58,0,0
2000380000,59,0,0
2000380000,60,0,0
2000380000,61,0,0
2000380000,62,0,0
2000380000,63,0,0
2000380000,64,0,0
2000380000,65,0,0
2000380000,66,0,0
2000380000,67,0,0
2000380000,68,0,0
2000380000,69,0,0
2000380000,70,0,0
2000380000,71,0,0
2000380000,72,0,0
2000380000,73,0,0
2000380000,74,0,0
2000380000,75,0,0
2000380000,76,0,0
2000380000,77,0,0
2000380000,78,0,0
2000380000,79,0,0
2000380000,80,0,0
2000380000,81,0,0
2000380000,82,0,0
2000380000,83,0,0
2000380000,84,0,0
2000380000,85,0,0
2000380000,86,0,0
2000380000,87,0,0
2000380000,88,0,0
2000380000,89,0,0
2000380000,90,0,0
2000380000,91,0,0
2000380000,92,0,0
2000380000,93,0,0
2000380000,94,0,0
2000380000,95,0,0
2000380000,96,0,0
2000380000,97,0,0
2000380000,98,0,0
2000380000,99,0,0
2000380000,100,0,0
2000380000,101,0,0
2000380000,102,0,0
2000380000,103,0,0
2000380000,104,0,0
2000380000,105,0,0
2000380000,106,0,0
2000380000,107,0,0
2000380000,108,0,0
2000380000,109,0,0
2000380000,110,0,0
2000380000,111,0,0
2000380000,112,0,0
2000380000,113,0,0
2000380000,114,0,0
2000380000,115,0,0
2000380000,116,0,0
2000380000,117,0,0
2000380000,118,0,0
2000380000,119,0,0
2000380000,120,1,1
2000380000,121,0,0
2000380000,122,0,0
2000380000,123,0,0
2000380000,124,0,0
2000380000,125,0,0
2000380000,126,0,0
2000380000,127,0,0
2000380000,128,0,0
2000380000,129,0,0
2000380000,130,0,0
2000380000,131,0,0
2000380000,132,0,0
2000380000,133,0,0
2000380000,134,0,0
2000380000,135,0,0
2000380000,136,0,0
2000380000,137,0,0
2000380000,138,0,0
2000380000,139,0,0
2000380000,140,1,1
2000380000,141,0,0
2000380000,142,0,0
2000380000,143,0,0
2000380000,144,0,0
2000380000,145,0,0
2000380000,146,0,0
2000380000,147,0,0
2000380000,148,0,0
2000380000,149,0,0
2000380000,150,0,0
2000380000,151,0,0
2000380000,152,0,0
2000380000,153,0,0
2000380000,154,0,0
2000380000,155,0,0
2000380000,156,0,0
2000380000,157,0,0
2000380000,158,0,0
2000380000,159,0,0
2000380000,160,0,0
2000380000,161,0,0
2000380000,162,0,0
2000380000,163,0,0
2000380000,164,0,0
2000380000,165,0,0
2000380000,166,0,0
2000380000,167,0,0
2000380000,168,0,0
2000380000,169,0,0
2000380000,170,0,0
2000380000,171,0,0
2000380000,172,0,0
2000380000,173,0,0
2000380000,174,0,0
2000380000,175,0,0
2000380000,176,0,0
2000380000,177,0,0
2000380000,178,0,0
2000380000,179,0,0
2000380000,180,0,0
2000380000,181,0,0
2000380000,182,0,0
2000380000,183,0,0
2000380000,184,0,0
2000380000,185,0,0
2000380000,186,0,0
2000380000,187,0,0
2000380000,188,0,0
2000380000,189,0,0
2000380000,190,1,1
2000380000,191,0,0
2000380000,192,0,0
2000380000,193,0,0
2000380000,194,0,0
2000380000,195,0,0
2000380000,196,0,0
2000380000,197,0,0
2000380000,198,0,0
2000380000,199,0,0
2000380000,200,0,0
2000380000,201,0,0
2000380000,202,0,0
2000380000,203,0,0
2000380000,204,0,0
2000380000,205,0,0
2000380000,206,0,0
2000380000,207,0,0
2000380000,208,0,0
2000380000,209,0,0
2000380000,210,0,0
2000380000,211,0,0
2000380000,212,0,0
2000380000,213,0,0
2000380000,214,0,0
2000380000,215,0,0
2000380000,216,0,0
2000380000,217,0,0
2000380000,218,0,0
2000380000,219,0,0
2000380000,220,0,0
2000380000,221,0,0
2000380000,222,0,0
2000380000,223,0,0
2000380000,224,0,0
2000380000,225,0,0
2000380000,226,0,0
2000380000,227,0,0
2000380000,228,0,0
2000380000,229,0,0
2000380000,230,0,0
2000380000,231,0,0
2000380000,232,0,0
2000380000,233,0,0
2000380000,234,0,0
2000380000,235,0,0
2000380000,236,0,0
2000380000,237,0,0
2000380000,238,0,0
2000380000,239,0,0
2000380000,240,0,0
2000380000,241,0,0
2000380000,242,0,0
2000380000,243,0,0
2000380000,244,0,0
2000380000,245,0,0
2000380000,246,0,0
2000380000,247,0,0
2000380000,248,0,0
2000380000,249,0,0
2000380000,250,0,0
2000380000,251,0,0
2000380000,252,0,0
2000380000,253,0,0
2000380000,254,0,0
2000380000,255,0,0
2000380000,256,0,0
2000380000,257,0,0
2000380000,258,0,0
2000380000,259,0,0
2000380000,260,0,0
2000380000,261,0,0
2000380000,262,0,0
2000380000,263,0,0
2000380000,264,0,0
2000380000,265,0,0
2000380000,266,0,0
2000380000,267,0,0
2000380000,268,0,0
2000380000,269,0,0
2000380000,270,0,0
2000380000,271,0,0
2000380000,272,0,0
2000380000,273,0,0
2000380000,274,0,0
2000380000,275,0,0
2000380000,276,0,0
2000380000,277,0,0
2000380000,278,0,0
2000380000,279,0,0
2000380000,280,0,0
2000380000,281,0,0
2000380000,282,0,0
2000380000,283,0,0
2000380000,284,0,0
2000380000,285,0,0
2000380000,286,0,0
2000380000,287,0,0
2000390000,32,0,0
2000390000,33,0,0
2000390000,34,1,1
2000390000,35,0,0
2000390000,36,0,0
2000390000,37,0,0
2000390000,38,0,0
2000390000,39,0,0
2000390000,40,0,0
2000390000,41,0,0
2000390000,42,0,0
2000390000,43,0,0
2000390000,44,0,0
2000390000,45,0,0
2000390000,46,0,0
2000390000,47,0,0
2000390000,48,0,0
2000390000,49,0,0
2000390000,50,0,0
2000390000,51,0,0
2000390000,52,0,0
2000390000,53,0,0
2000390000,54,0,0
2000390000,55,0,0
2000390000,56,0,0
2000390000,57,0,0
2000390000,58,0,0
2000390000,59,0,0
2000390000,60,0,0
2000390000,61,0,0
2000390000,62,0,0
2000390000,63,0,0
2000390000,64,0,0
2000390000,65,0,0
2000390000,66,0,0
2000390000,67,0,0
2000390000,68,0,0
2000390000,69,0,0
2000390000,70,0,0
2000390000,71,0,0
2000390000,72,0,0
2000390000,73,0,0
2000390000,74,0,0
2000390000,75,0,0
2000390000,76,0,0
2000390000,77,0,0
2000390000,78,0,0
2000390000,79,0,0
2000390000,80,0,0
2000390000,81,0,0
2000390000,82,0,0
2000390000,83,0,0
2000390000,84,0,0
2000390000,85,0,0
2000390000,86,0,0
2000390000,87,0,0
2000390000,88,0,0
2000390000,89,0,0
2000390000,90,0,0
2000390000,91,0,0
2000390000,92,0,0
2000390000,93,0,0
2000390000,94,0,0
2000390000,95,0,0
2000390000,96,0,0
2000390000,97,0,0
2000390000,98,0,0
2000390000,99,0,0
2000390000,100,0,0
2000390000,101,0,0
2000390000,102,0,0
2000390000,103,0,0
2000390000,104,0,0
2000390000,105,0,0
2000390000,106,0,0
2000390000,107,0,0
2000390000,108,0,0
2000390000,109,0,0
2000390000,110,0,0
2000390000,111,0,0
2000390000,112,0,0
2000390000,113,0,0
2000390000,114,0,0
2000390000,115,0,0
2000390000,116,0,0
2000390000,117,0,0
2000390000,118,0,0
2000390000,119,0,0
2000390000,120,1,1
2000390000,121,0,0
2000390000,122,0,0
2000390000,123,0,0
2000390000,124,0,0
2000390000,125,0,0
2000390000,126,0,0
2000390000,127,0,0
2000390000,128,0,0
2000390000,129,0,0
2000390000,130,0,0
2000390000,131,0,0
2000390000,132,0,0
2000390000,133,0,0
2000390000,134,0,0
2000390000,135,0,0
2000390000,136,0,0
2000390000,137,0,0
2000390000,138,0,0
2000390000,139,0,0
2000390000,140,1,1
2000390000,141,0,0
2000390000,142,0,0
2000390000,143,0,0
2000390000,144,0,0
2000390000,145,0,0
2000390000,146,0,0
2000390000,147,0,0
2000390000,148,0,0
2000390000,149,0,0
2000390000,150,0,0
2000390000,151,0,0
2000390000,152,0,0
2000390000,153,0,0
2000390000,154,0,0
2000390000,155,0,0
2000390000,156,0,0
2000390000,157,0,0
2000390000,158,0,0
2000390000,159,0,0
2000390000,160,0,0
2000390000,161,0,0
2000390000,162,0,0
2000390000,163,0,0
2000390000,164,0,0
2000390000,165,0,0
2000390000,166,0,0
2000390000,167,0,0
2000390000,168,0,0
2000390000,169,0,0
2000390000,170,0,0
2000390000,171,0,0
2000390000,172,0,0
2000390000,173,0,0
2000390000,174,0,0
2000390000,175,0,0
2000390000,176,0,0
2000390000,177,0,0
2000390000,178,0,0
2000390000,179,0,0
2000390000,180,0,0
2000390000,181,0,0
2000390000,182,0,0
2000390000,183,0,0
2000390000,184,0,0
2000390000,185,0,0
2000390000,186,0,0
2000390000,187,0,0
2000390000,188,0,0
2000390000,189,0,0
2000390000,190,1,1
2000390000,191,0,0
2000390000,192,0,0
2000390000,193,0,0
2000390000,194,0,0
2000390000,195,0,0
2000390000,196,0,0
2000390000,197,0,0
2000390000,198,0,0
2000390000,199,0,0
2000390000,200,0,0
2000390000,201,0,0
2000390000,202,0,0
2000390000,203,0,0
2000390000,204,0,0
2000390000,205,0,0
2000390000,206,0,0
2000390000,207,0,0
2000390000,208,0,0
2000390000,209,0,0
2000390000,210,0,0
2000390000,211,0,0
2000390000,212,0,0
2000390000,213,0,0
2000390000,214,0,0
2000390000,215,0,0
2000390000,216,0,0
2000390000,217,0,0
2000390000,218,0,0
2000390000,219,0,0
2000390000,220,0,0
2000390000,221,0,0
2000390000,222,0,0
2000390000,223,0,0
2000390000,224,0,0
2000390000,225,0,0
2000390000,226,0,0
2000390000,227,0,0
2000390000,228,0,0
2000390000,229,0,0
2000390000,230,0,0
2000390000,231,0,0
2000390000,232,0,0
2000390000,233,0,0
2000390000,234,0,0
2000390000,235,0,0
2000390000,236,0,0
2000390000,237,0,0
2000390000,238,0,0
2000390000,239,0,0
2000390000,240,0,0
2000390000,241,0,0
2000390000,242,0,0
2000390000,243,0,0
2000390000,244,0,0
2000390000,245,0,0
2000390000,246,0,0
2000390000,247,0,0
2000390000,248,0,0
2000390000,249,0,0
2000390000,250,0,0
2000390000,251,0,0
2000390000,252,0,0
2000390000,253,0,0
2000390000,254,0,0
2000390000,255,0,0
2000390000,256,0,0
2000390000,257,0,0
2000390000,258,0,0
2000390000,259,0,0
2000390000,260,0,0
2000390000,261,0,0
2000390000,262,0,0
2000390000,263,0,0
2000390000,264,0,0
2000390000,265,0,0
2000390000,266,0,0
2000390000,267,0,0
2000390000,268,0,0
2000390000,269,0,0
2000390000,270,0,0
2000390000,271,0,0
2000390000,272,0,0
2000390000,273,0,0
2000390000,274,0,0
2000390000,275,0,0
2000390000,276,0,0
2000390000,277,0,0
2000390000,278,0,0
2000390000,279,0,0
2000390000,280,0,0
2000390000,281,0,0
2000390000,282,0,0
2000390000,283,0,0
2000390000,284,0,0
2000390000,285,0,0
2000390000,286,0,0
2000390000,287,0,0
2000400000,32,0,0
2000400000,33,0,0
2000400000,34,1,1
2000400000,35,0,0
2000400000,36,0,0
2000400000,37,0,0
2000400000,38,0,0
2000400000,39,0,0
2000400000,40,0,0
2000400000,41,0,0
2000400000,42,0,0
2000400000,43,0,0
2000400000,44,0,0
2000400000,45,0,0
2000400000,46,0,0
2000400000,47,0,0
2000400000,48,0,0
2000400000,49,0,0
2000400000,50,0,0
2000400000,51,0,0
2000400000,52,0,0
2000400000,53,0,0
2000400000,54,0,0
2000400000,55,0,0
2000400000,56,0,0
2000400000,57,0,0
2000400000,58,0,0
2000400000,59,0,0
2000400000,60,0,0
2000400000,61,0,0
2000400000,62,0,0
2000400000,63,0,0
2000400000,64,0,0
2000400000,65,0,0
2000400000,66,0,0
2000400000,67,0,0
2000400000,68,0,0
2000400000,69,0,0
2000400000,70,0,0
2000400000,71,0,0
2000400000,72,0,0
2000400000,73,0,0
2000400000,74,0,0
2000400000,75,0,0
2000400000,76,0,0
2000400000,77,0,0
2000400000,78,0,0
2000400000,79,0,0
2000400000,80,0,0
2000400000,81,0,0
2000400000,82,0,0
2000400000,83,0,0
2000400000,84,0,0
2000400000,85,0,0
2000400000,86,0,0
2000400000,87,0,0
2000400000,88,0,0
2000400000,89,0,0
2000400000,90,0,0
2000400000,91,0,0
2000400000,92,0,0
2000400000,93,0,0
2000400000,94,0,0
2000400000,95,0,0
2000400000,96,0,0
2000400000,97,0,0
2000400000,98,0,0
2000400000,99,0,0
2000400000,100,0,0
2000400000,101,0,0
2000400000,102,0,0
2000400000,103,0,0
2000400000,104,0,0
2000400000,105,0,0
2000400000,106,0,0
2000400000,107,0,0
2000400000,108,0,0
2000400000,109,0,0
2000400000,110,0,0
2000400000,111,0,0
2000400000,112,0,0
2000400000,113,0,0
2000400000,114,0,0
2000400000,115,0,0
2000400000,116,0,0
2000400000,117,0,0
2000400000,118,0,0
2000400000,119,0,0
2000400000,120,1,1
2000400000,121,0,0
2000400000,122,0,0
2000400000,123,0,0
2000400000,124,0,0
2000400000,125,0,0
2000400000,126,0,0
2000400000,127,0,0
2000400000,128,0,0
2000400000,129,0,0
2000400000,130,0,0
2000400000,131,0,0
2000400000,132,0,0
2000400000,133,0,0
2000400000,134,0,0
2000400000,135,0,0
2000400000,136,0,0
2000400000,137,0,0
2000400000,138,0,0
2000400000,139,0,0
2000400000,140,1,1
2000400000,141,0,0
2000400000,142,0,0
2000400000,143,0,0
2000400000,144,0,0
2000400000,145,0,0
2000400000,146,0,0
2000400000,147,0,0
2000400000,148,0,0
2000400000,149,0,0
2000400000,150,0,0
2000400000,151,0,0
2000400000,152,0,0
2000400000,153,0,0
2000400000,154,0,0
2000400000,155,0,0
2000400000,156,0,0
2000400000,157,0,0
2000400000,158,0,0
2000400000,159,0,0
2000400000,160,0,0
2000400000,161,0,0
2000400000,162,0,0
2000400000,163,0,0
2000400000,164,0,0
2000400000,165,0,0
2000400000,166,0,0
2000400000,167,0,0
2000400000,168,0,0
2000400000,169,0,0
2000400000,170,0,0
2000400000,171,0,0
2000400000,172,0,0
2000400000,173,0,0
2000400000,174,0,0
2000400000,175,0,0
2000400000,176,0,0
2000400000,177,0,0
2000400000,178,0,0
2000400000,179,0,0
2000400000,180,0,0
2000400000,181,0,0
2000400000,182,0,0
2000400000,183,0,0
2000400000,184,0,0
2000400000,185,0,0
2000400000,186,0,0
2000400000,187,0,0
2000400000,188,0,0
2000400000,189,0,0
2000400000,190,1,1
2000400000,191,0,0
2000400000,192,0,0
2000400000,193,0,0
2000400000,194,0,0
2000400000,195,0,0
2000400000,196,0,0
2000400000,197,0,0
2000400000,198,0,0
2000400000,199,0,0
2000400000,200,0,0
2000400000,201,0,0
2000400000,202,0,0
2000400000,203,0,0
2000400000,204,0,0
2000400000,205,0,0
2000400000,206,0,0
2000400000,207,0,0
2000400000,208,0,0
2000400000,209,0,0
2000400000,210,0,0
2000400000,211,0,0
2000400000,212,0,0
2000400000,213,0,0
2000400000,214,0,0
2000400000,215,0,0
2000400000,216,0,0
2000400000,217,0,0
2000400000,218,0,0
2000400000,219,0,0
2000400000,220,0,0
2000400000,221,0,0
2000400000,222,0,0
2000400000,223,0,0
2000400000,224,0,0
2000400000,225,0,0
2000400000,226,0,0
2000400000,227,0,0
2000400000,228,0,0
2000400000,229,0,0
2000400000,230,0,0
2000400000,231,0,0
2000400000,232,0,0
2000400000,233,0,0
2000400000,234,0,0
2000400000,235,0,0
2000400000,236,0,0
2000400000,237,0,0
2000400000,238,0,0
2000400000,239,0,0
2000400000,240,0,0
2000400000,241,0,0
2000400000,242,0,0
2000400000,243,0,0
2000400000,244,0,0
2000400000,245,0,0
2000400000,246,0,0
2000400000,247,0,0
2000400000,248,0,0
2000400000,249,0,0
2000400000,250,0,0
2000400000,251,0,0
2000400000,252,0,0
2000400000,253,0,0
2000400000,254,0,0
2000400000,255,0,0
2000400000,256,0,0
2000400000,257,0,0
2000400000,258,0,0
2000400000,259,0,0
2000400000,260,0,0
2000400000,261,0,0
2000400000,262,0,0
2000400000,263,0,0
2000400000,264,0,0
2000400000,265,0,0
2000400000,266,0,0
2000400000,267,0,0
2000400000,268,0,0
2000400000,269,0,0
2000400000,270,0,0
2000400000,271,0,0
2000400000,272,0,0
2000400000,273,0,0
2000400000,274,0,0
2000400000,275,0,0
2000400000,276,0,0
2000400000,277,0,0
2000400000,278,0,0
2000400000,279,0,0
2000400000,280,0,0
2000400000,281,0,0
2000400000,282,0,0
2000400000,283,0,0
2000400000,284,0,0
2000400000,285,0,0
2000400000,286,0,0
2000400000,287,0,0
2000410000,32,0,0
2000410000,33,0,0
2000410000,34,1,1
2000410000,35,0,0
2000410000,36,0,0
2000410000,37,0,0
2000410000,38,0,0
2000410000,39,0,0
2000410000,40,0,0
2000410000,41,0,0
2000410000,42,0,0
2000410000,43,0,0
2000410000,44,0,0
2000410000,45,0,0
2000410000,46,0,0
2000410000,47,0,0
2000410000,48,0,0
2000410000,49,0,0
2000410000,50,0,0
2000410000,51,0,0
2000410000,52,0,0
2000410000,53,0,0
2000410000,54,0,0
2000410000,55,0,0
2000410000,56,0,0
2000410000,57,0,0
2000410000,58,0,0
2000410000,59,0,0
2000410000,60,0,0
2000410000,61,0,0
2000410000,62,0,0
2000410000,63,0,0
2000410000,64,0,0
2000410000,65,0,0
2000410000,66,0,0
2000410000,67,0,0
2000410000,68,0,0
2000410000,69,0,0
2000410000,70,0,0
2000410000,71,0,0
2000410000,72,0,0
2000410000,73,0,0
2000410000,74,0,0
2000410000,75,0,0
2000410000,76,0,0
2000410000,77,0,0
2000410000,78,0,0
2000410000,79,0,0
2000410000,80,0,0
2000410000,81,0,0
2000410000,82,0,0
2000410000,83,0,0
2000410000,84,0,0
2000410000,85,0,0
2000410000,86,0,0
2000410000,87,0,0
2000410000,88,0,0
2000410000,89,0,0
2000410000,90,0,0
2000410000,91,0,0
2000410000,92,0,0
2000410000,93,0,0
2000410000,94,0,0
2000410000,95,0,0
2000410000,96,0,0
2000410000,97,0,0
2000410000,98,0,0
2000410000,99,0,0
2000410000,100,0,0
2000410000,101,0,0
2000410000,102,0,0
2000410000,103,0,0
2000410000,104,0,0
2000410000,105,0,0
2000410000,106,0,0
2000410000,107,0,0
2000410000,108,0,0
2000410000,109,0,0
2000410000,110,0,0
2000410000,111,0,0
2000410000,112,0,0
2000410000,113,0,0
2000410000,114,0,0
2000410000,115,0,0
2000410000,116,0,0
2000410000,117,0,0
2000410000,118,0,0
2000410000,119,0,0
2000410000,120,1,1
2000410000,121,0,0
2000410000,122,0,0
2000410000,123,0,0
2000410000,124,0,0
2000410000,125,0,0
2000410000,126,0,0
2000410000,127,0,0
2000410000,128,0,0
2000410000,129,0,0
2000410000,130,0,0
2000410000,131,0,0
2000410000,132,0,0
2000410000,133,0,0
2000410000,134,0,0
2000410000,135,0,0
2000410000,136,0,0
2000410000,137,0,0
2000410000,138,0,0
2000410000,139,0,0
2000410000,140,1,1
2000410000,141,0,0
2000410000,142,0,0
2000410000,143,0,0
2000410000,144,0,0
2000410000,145,0,0
2000410000,146,0,0
2000410000,147,0,0
2000410000,148,0,0
2000410000,149,0,0
2000410000,150,0,0
2000410000,151,0,0
2000410000,152,0,0
2000410000,153,0,0
2000410000,154,0,0
2000410000,155,0,0
2000410000,156,0,0
2000410000,157,0,0
2000410000,158,0,0
2000410000,159,0,0
2000410000,160,0,0
2000410000,161,0,0
2000410000,162,0,0
2000410000,163,0,0
2000410000,164,0,0
2000410000,165,0,0
2000410000,166,0,0
2000410000,167,0,0
2000410000,168,0,0
2000410000,169,0,0
2000410000,170,0,0
2000410000,171,0,0
2000410000,172,0,0
2000410000,173,0,0
2000410000,174,0,0
2000410000,175,0,0
2000410000,176,0,0
2000410000,177,0,0
2000410000,178,0,0
2000410000,179,0,0
2000410000,180,0,0
2000410000,181,0,0
2000410000,182,0,0
2000410000,183,0,0
2000410000,184,0,0
2000410000,185,0,0
2000410000,186,0,0
2000410000,187,0,0
2000410000,188,0,0
2000410000,189,0,0
2000410000,190,1,1
2000410000,191,0,0
2000410000,192,0,0
2000410000,193,0,0
2000410000,194,0,0
2000410000,195,0,0
2000410000,196,0,0
2000410000,197,0,0
2000410000,198,0,0
2000410000,199,0,0
2000410000,200,0,0
2000410000,201,0,0
2000410000,202,0,0
2000410000,203,0,0
2000410000,204,0,0
2000410000,205,0,0
2000410000,206,0,0
2000410000,207,0,0
2000410000,208,0,0
2000410000,209,0,0
2000410000,210,0,0
2000410000,211,0,0
2000410000,212,0,0
2000410000,213,0,0
2000410000,214,0,0
2000410000,215,0,0
2000410000,216,0,0
2000410000,217,0,0
2000410000,218,0,0
2000410000,219,0,0
2000410000,220,0,0
2000410000,221,0,0
2000410000,222,0,0
2000410000,223,0,0
2000410000,224,0,0
2000410000,225,0,0
2000410000,226,0,0
2000410000,227,0,0
2000410000,228,0,0
2000410000,229,0,0
2000410000,230,0,0
2000410000,231,0,0
2000410000,232,0,0
2000410000,233,0,0
2000410000,234,0,0
2000410000,235,0,0
2000410000,236,0,0
2000410000,237,0,0
2000410000,238,0,0
2000410000,239,0,0
2000410000,240,0,0
2000410000,241,0,0
2000410000,242,0,0
2000410000,243,0,0
2000410000,244,0,0
2000410000,245,0,0
2000410000,246,0,0
2000410000,247,0,0
2000410000,248,0,0
2000410000,249,0,0
2000410000,250,0,0
2000410000,251,0,0
2000410000,252,0,0
2000410000,253,0,0
2000410000,254,0,0
2000410000,255,0,0
2000410000,256,0,0
2000410000,257,0,0
2000410000,258,0,0
2000410000,259,0,0
2000410000,260,0,0
2000410000,261,0,0
2000410000,262,0,0
2000410000,263,0,0
2000410000,264,0,0
2000410000,265,0,0
2000410000,266,0,0
2000410000,267,0,0
2000410000,268,0,0
2000410000,269,0,0
2000410000,270,0,0
2000410000,271,0,0
2000410000,272,0,0
2000410000,273,0,0
2000410000,274,0,0
2000410000,275,0,0
2000410000,276,0,0
2000410000,277,0,0
2000410000,278,0,0
2000410000,279,0,0
2000410000,280,0,0
2000410000,281,0,0
2000410000,282,0,0
2000410000,283,0,0
2000410000,284,0,0
2000410000,285,0,0
2000410000,286,0,0
2000410000,287,0,0
2000420000,32,0,0
2000420000,33,0,0
2000420000,34,1,1
2000420000,35,0,0
2000420000,36,0,0
2000420000,37,0,0
2000420000,38,0,0
2000420000,39,0,0
2000420000,40,0,0
2000420000,41,0,0
2000420000,42,0,0
2000420000,43,0,0
2000420000,44,0,0
2000420000,45,0,0
2000420000,46,0,0
2000420000,47,0,0
2000420000,48,0,0
2000420000,49,0,0
2000420000,50,0,0
2000420000,51,0,0
2000420000,52,0,0
2000420000,53,0,0
2000420000,54,0,0
2000420000,55,0,0
2000420000,56,0,0
2000420000,57,0,0
2000420000,58,0,0
2000420000,59,0,0
2000420000,60,0,0
2000420000,61,0,0
2000420000,62,0,0
2000420000,63,0,0
2000420000,64,0,0
2000420000,65,0,0
2000420000,66,0,0
2000420000,67,0,0
2000420000,68,0,0
2000420000,69,0,0
2000420000,70,0,0
2000420000,71,0,0
2000420000,72,0,0
2000420000,73,0,0
2000420000,74,0,0
2000420000,75,0,0
2000420000,76,0,0
2000420000,77,0,0
2000420000,78,0,0
2000420000,79,0,0
2000420000,80,0,0
2000420000,81,0,0
2000420000,82,0,0
2000420000,83,0,0
2000420000,84,0,0
2000420000,85,0,0
2000420000,86,0,0
2000420000,87,0,0
2000420000,88,0,0
2000420000,89,0,0
2000420000,90,0,0
2000420000,91,0,0
2000420000,92,0,0
2000420000,93,0,0
2000420000,94,0,0
2000420000,95,0,0
2000420000,96,0,0
2000420000,97,0,0
2000420000,98,0,0
2000420000,99,0,0
2000420000,100,0,0
2000420000,101,0,0
2000420000,102,0,0
2000420000,103,0,0
2000420000,104,0,0
2000420000,105,0,0
2000420000,106,0,0
2000420000,107,0,0
2000420000,108,0,0
2000420000,109,0,0
2000420000,110,0,0
2000420000,111,0,0
2000420000,112,0,0
2000420000,113,0,0
2000420000,114,0,0
2000420000,115,0,0
2000420000,116,0,0
2000420000,117,0,0
2000420000,118,0,0
2000420000,119,0,0
2000420000,120,1,1
2000420000,121,0,0
2000420000,122,0,0
2000420000,123,0,0
2000420000,124,0,0
2000420000,125,0,0
2000420000,126,0,0
2000420000,127,0,0
2000420000,128,0,0
2000420000,129,0,0
2000420000,130,0,0
2000420000,131,0,0
2000420000,132,0,0
2000420000,133,0,0
2000420000,134,0,0
2000420000,135,0,0
2000420000,136,0,0
2000420000,137,0,0
2000420000,138,0,0
2000420000,139,0,0
2000420000,140,1,1
2000420000,141,0,0
2000420000,142,0,0
2000420000,143,0,0
2000420000,144,0,0
2000420000,145,0,0
2000420000,146,0,0
2000420000,147,0,0
2000420000,148,0,0
2000420000,149,0,0
2000420000,150,0,0
2000420000,151,0,0
2000420000,152,0,0
2000420000,153,0,0
2000420000,154,0,0
2000420000,155,0,0
2000420000,156,0,0
2000420000,157,0,0
2000420000,158,0,0
2000420000,159,0,0
2000420000,160,0,0
2000420000,161,0,0
2000420000,162,0,0
2000420000,163,0,0
2000420000,164,0,0
2000420000,165,0,0
2000420000,166,0,0
2000420000,167,0,0
2000420000,168,0,0
2000420000,169,0,0
2000420000,170,0,0
2000420000,171,0,0
2000420000,172,0,0
2000420000,173,0,0
2000420000,174,0,0
2000420000,175,0,0
2000420000,176,0,0
2000420000,177,0,0
2000420000,178,0,0
2000420000,179,0,0
2000420000,180,0,0
2000420000,181,0,0
2000420000,182,0,0
2000420000,183,0,0
2000420000,184,0,0
2000420000,185,0,0
2000420000,186,0,0
2000420000,187,0,0
2000420000,188,0,0
2000420000,189,0,0
2000420000,190,1,1
2000420000,191,0,0
2000420000,192,0,0
2000420000,193,0,0
2000420000,194,0,0
2000420000,195,0,0
2000420000,196,0,0
2000420000,197,0,0
2000420000,198,0,0
2000420000,199,0,0
2000420000,200,0,0
2000420000,201,0,0
2000420000,202,0,0
2000420000,203,0,0
2000420000,204,0,0
2000420000,205,0,0
2000420000,206,0,0
2000420000,207,0,0
2000420000,208,0,0
2000420000,209,0,0
2000420000,210,0,0
2000420000,211,0,0
2000420000,212,0,0
2000420000,213,0,0
2000420000,214,0,0
2000420000,215,0,0
2000420000,216,0,0
2000420000,217,0,0
2000420000,218,0,0
2000420000,219,0,0
2000420000,220,0,0
2000420000,221,0,0
2000420000,222,0,0
2000420000,223,0,0
2000420000,224,0,0
2000420000,225,0,0
2000420000,226,0,0
2000420000,227,0,0
2000420000,228,0,0
2000420000,229,0,0
2000420000,230,0,0
2000420000,231,0,0
2000420000,232,0,0
2000420000,233,0,0
2000420000,234,0,0
2000420000,235,0,0
2000420000,236,0,0
2000420000,237,0,0
2000420000,238,0,0
2000420000,239,0,0
2000420000,240,0,0
2000420000,241,0,0
2000420000,242,0,0
2000420000,243,0,0
2000420000,244,0,0
2000420000,245,0,0
2000420000,246,0,0
2000420000,247,0,0
2000420000,248,0,0
2000420000,249,0,0
2000420000,250,0,0
2000420000,251,0,0
2000420000,252,0,0
2000420000,253,0,0
2000420000,254,0,0
2000420000,255,0,0
2000420000,256,0,0
2000420000,257,0,0
2000420000,258,0,0
2000420000,259,0,0
2000420000,260,0,0
2000420000,261,0,0
2000420000,262,0,0
2000420000,263,0,0
2000420000,264,0,0
2000420000,265,0,0
2000420000,266,0,0
2000420000,267,0,0
2000420000,268,0,0
2000420000,269,0,0
2000420000,270,0,0
2000420000,271,0,0
2000420000,272,0,0
2000420000,273,0,0
2000420000,274,0,0
2000420000,275,0,0
2000420000,276,0,0
2000420000,277,0,0
2000420000,278,0,0
2000420000,279,0,0
2000420000,280,0,0
2000420000,281,0,0
2000420000,282,0,0
2000420000,283,0,0
2000420000,284,0,0
2000420000,285,0,0
2000420000,286,0,0
2000420000,287,0,0
2000430000,32,0,0
2000430000,33,0,0
2000430000,34,1,1
2000430000,35,0,0
2000430000,36,0,0
2000430000,37,0,0
2000430000,38,0,0
2000430000,39,0,0
2000430000,40,0,0
2000430000,41,0,0
2000430000,42,0,0
2000430000,43,0,0
2000430000,44,0,0
2000430000,45,0,0
2000430000,46,0,0
2000430000,47,0,0
2000430000,48,0,0
2000430000,49,0,0
2000430000,50,0,0
2000430000,51,0,0
2000430000,52,0,0
2000430000,53,0,0
2000430000,54,0,0
2000430000,55,0,0
2000430000,56,0,0
2000430000,57,0,0
2000430000,58,0,0
2000430000,59,0,0
2000430000,60,0,0
2000430000,61,0,0
2000430000,62,0,0
2000430000,63,0,0
2000430000,64,0,0
2000430000,65,0,0
2000430000,66,0,0
2000430000,67,0,0
2000430000,68,0,0
2000430000,69,0,0
2000430000,70,0,0
2000430000,71,0,0
2000430000,72,0,0
2000430000,73,0,0
2000430000,74,0,0
2000430000,75,0,0
2000430000,76,0,0
2000430000,77,0,0
2000430000,78,0,0
2000430000,79,0,0
2000430000,80,0,0
2000430000,81,0,0
2000430000,82,0,0
2000430000,83,0,0
2000430000,84,0,0
2000430000,85,0,0
2000430000,86,0,0
2000430000,87,0,0
2000430000,88,0,0
2000430000,89,0,0
2000430000,90,0,0
2000430000,91,0,0
2000430000,92,0,0
2000430000,93,0,0
2000430000,94,0,0
2000430000,95,0,0
2000430000,96,0,0
2000430000,97,0,0
2000430000,98,0,0
2000430000,99,0,0
2000430000,100,0,0
2000430000,101,0,0
2000430000,102,0,0
2000430000,103,0,0
2000430000,104,0,0
2000430000,105,0,0
2000430000,106,0,0
2000430000,107,0,0
2000430000,108,0,0
2000430000,109,0,0
2000430000,110,0,0
2000430000,111,0,0
2000430000,112,0,0
2000430000,113,0,0
2000430000,114,0,0
2000430000,115,0,0
2000430000,116,0,0
2000430000,117,0,0
2000430000,118,0,0
2000430000,119,0,0
2000430000,120,1,1
2000430000,121,0,0
2000430000,122,0,0
2000430000,123,0,0
2000430000,124,0,0
2000430000,125,0,0
2000430000,126,0,0
2000430000,127,0,0
2000430000,128,0,0
2000430000,129,0,0
2000430000,130,0,0
2000430000,131,0,0
2000430000,132,0,0
2000430000,133,0,0
2000430000,134,0,0
2000430000,135,0,0
2000430000,136,0,0
2000430000,137,0,0
2000430000,138,0,0
2000430000,139,0,0
2000430000,140,1,1
2000430000,141,0,0
2000430000,142,0,0
2000430000,143,0,0
2000430000,144,0,0
2000430000,145,0,0
2000430000,146,0,0
2000430000,147,0,0
2000430000,148,0,0
2000430000,149,0,0
2000430000,150,0,0
2000430000,151,0,0
2000430000,152,0,0
2000430000,153,0,0
2000430000,154,0,0
2000430000,155,0,0
2000430000,156,0,0
2000430000,157,0,0
2000430000,158,0,0
2000430000,159,0,0
2000430000,160,0,0
2000430000,161,0,0
2000430000,162,0,0
2000430000,163,0,0
2000430000,164,0,0
2000430000,165,0,0
2000430000,166,0,0
2000430000,167,0,0
2000430000,168,0,0
2000430000,169,0,0
2000430000,170,0,0
2000430000,171,0,0
2000430000,172,0,0
2000430000,173,0,0
2000430000,174,0,0
2000430000,175,0,0
2000430000,176,0,0
2000430000,177,0,0
2000430000,178,0,0
2000430000,179,0,0
2000430000,180,0,0
2000430000,181,0,0
2000430000,182,0,0
2000430000,183,0,0
2000430000,184,0,0
2000430000,185,0,0
2000430000,186,0,0
2000430000,187,0,0
2000430000,188,0,0
2000430000,189,0,0
2000430000,190,1,1
2000430000,191,0,0
2000430000,192,0,0
2000430000,193,0,0
2000430000,194,0,0
2000430000,195,0,0
2000430000,196,0,0
2000430000,197,0,0
2000430000,198,0,0
2000430000,199,0,0
2000430000,200,0,0
2000430000,201,0,0
2000430000,202,0,0
2000430000,203,0,0
2000430000,204,0,0
2000430000,205,0,0
2000430000,206,0,0
2000430000,207,0,0
2000430000,208,0,0
2000430000,209,0,0
2000430000,210,0,0
2000430000,211,0,0
2000430000,212,0,0
2000430000,213,0,0
2000430000,214,0,0
2000430000,215,0,0
2000430000,216,0,0
2000430000,217,0,0
2000430000,218,0,0
2000430000,219,0,0
2000430000,220,0,0
2000430000,221,0,0
2000430000,222,0,0
2000430000,223,0,0
2000430000,224,0,0
2000430000,225,0,0
2000430000,226,0,0
2000430000,227,0,0
2000430000,228,0,0
2000430000,229,0,0
2000430000,230,0,0
2000430000,231,0,0
2000430000,232,0,0
2000430000,233,0,0
2000430000,234,0,0
2000430000,235,0,0
2000430000,236,0,0
2000430000,237,0,0
2000430000,238,0,0
2000430000,239,0,0
2000430000,240,0,0
2000430000,241,0,0
2000430000,242,0,0
2000430000,243,0,0
2000430000,244,0,0
2000430000,245,0,0
2000430000,246,0,0
2000430000,247,0,0
2000430000,248,0,0
2000430000,249,0,0
2000430000,250,0,0
2000430000,251,0,0
2000430000,252,0,0
2000430000,253,0,0
2000430000,254,0,0
2000430000,255,0,0
2000430000,256,0,0
2000430000,257,0,0
2000430000,258,0,0
2000430000,259,0,0
2000430000,260,0,0
2000430000,261,0,0
2000430000,262,0,0
2000430000,263,0,0
2000430000,264,0,0
2000430000,265,0,0
2000430000,266,0,0
2000430000,267,0,0
2000430000,268,0,0
2000430000,269,0,0
2000430000,270,0,0
2000430000,271,0,0
2000430000,272,0,0
2000430000,273,0,0
2000430000,274,0,0
2000430000,275,0,0
2000430000,276,0,0
2000430000,277,0,0
2000430000,278,0,0
2000430000,279,0,0
2000430000,280,0,0
2000430000,281,0,0
2000430000,282,0,0
2000430000,283,0,0
2000430000,284,0,0
2000430000,285,0,0
2000430000,286,0,0
2000430000,287,0,0
2000440000,32,0,0
2000440000,33,0,0
2000440000,34,1,1
2000440000,35,0,0
2000440000,36,0,0
2000440000,37,0,0
2000440000,38,0,0
2000440000,39,0,0
2000440000,40,0,0
2000440000,41,0,0
2000440000,42,0,0
2000440000,43,0,0
2000440000,44,0,0
2000440000,45,0,0
2000440000,46,0,0
2000440000,47,0,0
2000440000,48,0,0
2000440000,49,0,0
2000440000,50,0,0
2000440000,51,0,0
2000440000,52,0,0
2000440000,53,0,0
2000440000,54,0,0
2000440000,55,0,0
2000440000,56,0,0
2000440000,57,0,0
2000440000,58,0,0
2000440000,59,0,0
2000440000,60,0,0
2000440000,61,0,0
2000440000,62,0,0
2000440000,63,0,0
2000440000,64,0,0
2000440000,65,0,0
2000440000,66,0,0
2000440000,67,0,0
2000440000,68,0,0
2000440000,69,0,0
2000440000,70,0,0
2000440000,71,0,0
2000440000,72,0,0
2000440000,73,0,0
2000440000,74,0,0
2000440000,75,0,0
2000440000,76,0,0
2000440000,77,0,0
2000440000,78,0,0
2000440000,79,0,0
2000440000,80,0,0
2000440000,81,0,0
2000440000,82,0,0
2000440000,83,0,0
2000440000,84,0,0
2000440000,85,0,0
2000440000,86,0,0
2000440000,87,0,0
2000440000,88,0,0
2000440000,89,0,0
2000440000,90,0,0
2000440000,91,0,0
2000440000,92,0,0
2000440000,93,0,0
2000440000,94,0,0
2000440000,95,0,0
2000440000,96,0,0
2000440000,97,0,0
2000440000,98,0,0
2000440000,99,0,0
2000440000,100,0,0
2000440000,101,0,0
2000440000,102,0,0
2000440000,103,0,0
2000440000,104,0,0
2000440000,105,0,0
2000440000,106,0,0
2000440000,107,0,0
2000440000,108,0,0
2000440000,109,0,0
2000440000,110,0,0
2000440000,111,0,0
2000440000,112,0,0
2000440000,113,0,0
2000440000,114,0,0
2000440000,115,0,0
2000440000,116,0,0
2000440000,117,0,0
2000440000,118,0,0
2000440000,119,0,0
2000440000,120,1,1
2000440000,121,0,0
2000440000,122,0,0
2000440000,123,0,0
2000440000,124,0,0
2000440000,125,0,0
2000440000,126,0,0
2000440000,127,0,0
2000440000,128,0,0
2000440000,129,0,0
2000440000,130,0,0
2000440000,131,0,0
2000440000,132,0,0
2000440000,133,0,0
2000440000,134,0,0
2000440000,135,0,0
2000440000,136,0,0
2000440000,137,0,0
2000440000,138,0,0
2000440000,139,0,0
2000440000,140,1,1
2000440000,141,0,0
2000440000,142,0,0
2000440000,143,0,0
2000440000,144,0,0
2000440000,145,0,0
2000440000,146,0,0
2000440000,147,0,0
2000440000,148,0,0
2000440000,149,0,0
2000440000,150,0,0
2000440000,151,0,0
2000440000,152,0,0
2000440000,153,0,0
2000440000,154,0,0
2000440000,155,0,0
2000440000,156,0,0
2000440000,157,0,0
2000440000,158,0,0
2000440000,159,0,0
2000440000,160,0,0
2000440000,161,0,0
2000440000,162,0,0
2000440000,163,0,0
2000440000,164,0,0
2000440000,165,0,0
2000440000,166,0,0
2000440000,167,0,0
2000440000,168,0,0
2000440000,169,0,0
2000440000,170,0,0
2000440000,171,0,0
2000440000,172,0,0
2000440000,173,0,0
2000440000,174,0,0
2000440000,175,0,0
2000440000,176,0,0
2000440000,177,0,0
2000440000,178,0,0
2000440000,179,0,0
2000440000,180,0,0
2000440000,181,0,0
2000440000,182,0,0
2000440000,183,0,0
2000440000,184,0,0
2000440000,185,0,0
2000440000,186,0,0
2000440000,187,0,0
2000440000,188,0,0
2000440000,189,0,0
2000440000,190,1,1
2000440000,191,0,0
2000440000,192,0,0
2000440000,193,0,0
2000440000,194,0,0
2000440000,195,0,0
2000440000,196,0,0
2000440000,197,0,0
2000440000,198,0,0
2000440000,199,0,0
2000440000,200,0,0
2000440000,201,0,0
2000440000,202,0,0
2000440000,203,0,0
2000440000,204,0,0
2000440000,205,0,0
2000440000,206,0,0
2000440000,207,0,0
2000440000,208,0,0
2000440000,209,0,0
2000440000,210,0,0
2000440000,211,0,0
2000440000,212,0,0
2000440000,213,0,0
2000440000,214,0,0
2000440000,215,0,0
2000440000,216,0,0
2000440000,217,0,0
2000440000,218,0,0
2000440000,219,0,0
2000440000,220,0,0
2000440000,221,0,0
2000440000,222,0,0
2000440000,223,0,0
2000440000,224,0,0
2000440000,225,0,0
2000440000,226,0,0
2000440000,227,0,0
2000440000,228,0,0
2000440000,229,0,0
2000440000,230,0,0
2000440000,231,0,0
2000440000,232,0,0
2000440000,233,0,0
2000440000,234,0,0
2000440000,235,0,0
2000440000,236,0,0
2000440000,237,0,0
2000440000,238,0,0
2000440000,239,0,0
2000440000,240,0,0
2000440000,241,0,0
2000440000,242,0,0
2000440000,243,0,0
2000440000,244,0,0
2000440000,245,0,0
2000440000,246,0,0
2000440000,247,0,0
2000440000,248,0,0
2000440000,249,0,0
2000440000,250,0,0
2000440000,251,0,0
2000440000,252,0,0
2000440000,253,0,0
2000440000,254,0,0
2000440000,255,0,0
2000440000,256,0,0
2000440000,257,0,0
2000440000,258,0,0
2000440000,259,0,0
2000440000,260,0,0
2000440000,261,0,0
2000440000,262,0,0
2000440000,263,0,0
2000440000,264,0,0
2000440000,265,0,0
2000440000,266,0,0
2000440000,267,0,0
2000440000,268,0,0
2000440000,269,0,0
2000440000,270,0,0
2000440000,271,0,0
2000440000,272,0,0
2000440000,273,0,0
2000440000,274,0,0
2000440000,275,0,0
2000440000,276,0,0
2000440000,277,0,0
2000440000,278,0,0
2000440000,279,0,0
2000440000,280,0,0
2000440000,281,0,0
2000440000,282,0,0
2000440000,283,0,0
2000440000,284,0,0
2000440000,285,0,0
2000440000,286,0,0
2000440000,287,0,0
2000450000,32,0,0
2000450000,33,0,0
2000450000,34,1,1
2000450000,35,0,0
2000450000,36,0,0
2000450000,37,0,0
2000450000,38,0,0
2000450000,39,0,0
2000450000,40,0,0
2000450000,41,0,0
2000450000,42,0,0
2000450000,43,0,0
2000450000,44,0,0
2000450000,45,0,0
2000450000,46,0,0
2000450000,47,0,0
2000450000,48,0,0
2000450000,49,0,0
2000450000,50,0,0
2000450000,51,0,0
2000450000,52,0,0
2000450000,53,0,0
2000450000,54,0,0
2000450000,55,0,0
2000450000,56,0,0
2000450000,57,0,0
2000450000,58,0,0
2000450000,59,0,0
2000450000,60,0,0
2000450000,61,0,0
2000450000,62,0,0
2000450000,63,0,0
2000450000,64,0,0
2000450000,65,0,0
2000450000,66,0,0
2000450000,67,0,0
2000450000,68,0,0
2000450000,69,0,0
2000450000,70,0,0
2000450000,71,0,0
2000450000,72,0,0
2000450000,73,0,0
2000450000,74,0,0
2000450000,75,0,0
2000450000,76,0,0
2000450000,77,0,0
2000450000,78,0,0
2000450000,79,0,0
2000450000,80,0,0
2000450000,81,0,0
2000450000,82,0,0
2000450000,83,0,0
2000450000,84,0,0
2000450000,85,0,0
2000450000,86,0,0
2000450000,87,0,0
2000450000,88,0,0
2000450000,89,0,0
2000450000,90,0,0
2000450000,91,0,0
2000450000,92,0,0
2000450000,93,0,0
2000450000,94,0,0
2000450000,95,0,0
2000450000,96,0,0
2000450000,97,0,0
2000450000,98,0,0
2000450000,99,0,0
2000450000,100,0,0
2000450000,101,0,0
2000450000,102,0,0
2000450000,103,0,0
2000450000,104,0,0
2000450000,105,0,0
2000450000,106,0,0
2000450000,107,0,0
2000450000,108,0,0
2000450000,109,0,0
2000450000,110,0,0
2000450000,111,0,0
2000450000,112,0,0
2000450000,113,0,0
2000450000,114,0,0
2000450000,115,0,0
2000450000,116,0,0
2000450000,117,0,0
2000450000,118,0,0
2000450000,119,0,0
2000450000,120,1,1
2000450000,121,0,0
2000450000,122,0,0
2000450000,123,0,0
2000450000,124,0,0
2000450000,125,0,0
2000450000,126,0,0
2000450000,127,0,0
2000450000,128,0,0
2000450000,129,0,0
2000450000,130,0,0
2000450000,131,0,0
2000450000,132,0,0
2000450000,133,0,0
2000450000,134,0,0
2000450000,135,0,0
2000450000,136,0,0
2000450000,137,0,0
2000450000,138,0,0
2000450000,139,0,0
2000450000,140,1,1
2000450000,141,0,0
2000450000,142,0,0
2000450000,143,0,0
2000450000,144,0,0
2000450000,145,0,0
2000450000,146,0,0
2000450000,147,0,0
2000450000,148,0,0
2000450000,149,0,0
2000450000,150,0,0
2000450000,151,0,0
2000450000,152,0,0
2000450000,153,0,0
2000450000,154,0,0
2000450000,155,0,0
2000450000,156,0,0
2000450000,157,0,0
2000450000,158,0,0
2000450000,159,0,0
2000450000,160,0,0
2000450000,161,0,0
2000450000,162,0,0
2000450000,163,0,0
2000450000,164,0,0
2000450000,165,0,0
2000450000,166,0,0
2000450000,167,0,0
2000450000,168,0,0
2000450000,169,0,0
2000450000,170,0,0
2000450000,171,0,0
2000450000,172,0,0
2000450000,173,0,0
2000450000,174,0,0
2000450000,175,0,0
2000450000,176,0,0
2000450000,177,0,0
2000450000,178,0,0
2000450000,179,0,0
2000450000,180,0,0
2000450000,181,0,0
2000450000,182,0,0
2000450000,183,0,0
2000450000,184,0,0
2000450000,185,0,0
2000450000,186,0,0
2000450000,187,0,0
2000450000,188,0,0
2000450000,189,0,0
2000450000,190,1,1
2000450000,191,0,0
2000450000,192,0,0
2000450000,193,0,0
2000450000,194,0,0
2000450000,195,0,0
2000450000,196,0,0
2000450000,197,0,0
2000450000,198,0,0
2000450000,199,0,0
2000450000,200,0,0
2000450000,201,0,0
2000450000,202,0,0
2000450000,203,0,0
2000450000,204,0,0
2000450000,205,0,0
2000450000,206,0,0
2000450000,207,0,0
2000450000,208,0,0
2000450000,209,0,0
2000450000,210,0,0
2000450000,211,0,0
2000450000,212,0,0
2000450000,213,0,0
2000450000,214,0,0
2000450000,215,0,0
2000450000,216,0,0
2000450000,217,0,0
2000450000,218,0,0
2000450000,219,0,0
2000450000,220,0,0
2000450000,221,0,0
2000450000,222,0,0
2000450000,223,0,0
2000450000,224,0,0
2000450000,225,0,0
2000450000,226,0,0
2000450000,227,0,0
2000450000,228,0,0
2000450000,229,0,0
2000450000,230,0,0
2000450000,231,0,0
2000450000,232,0,0
2000450000,233,0,0
2000450000,234,0,0
2000450000,235,0,0
2000450000,236,0,0
2000450000,237,0,0
2000450000,238,0,0
2000450000,239,0,0
2000450000,240,0,0
2000450000,241,0,0
2000450000,242,0,0
2000450000,243,0,0
2000450000,244,0,0
2000450000,245,0,0
2000450000,246,0,0
2000450000,247,0,0
2000450000,248,0,0
2000450000,249,0,0
2000450000,250,0,0
2000450000,251,0,0
2000450000,252,0,0
2000450000,253,0,0
2000450000,254,0,0
2000450000,255,0,0
2000450000,256,0,0
2000450000,257,0,0
2000450000,258,0,0
2000450000,259,0,0
2000450000,260,0,0
2000450000,261,0,0
2000450000,262,0,0
2000450000,263,0,0
2000450000,264,0,0
2000450000,265,0,0
2000450000,266,0,0
2000450000,267,0,0
2000450000,268,0,0
2000450000,269,0,0
2000450000,270,0,0
2000450000,271,0,0
2000450000,272,0,0
2000450000,273,0,0
2000450000,274,0,0
2000450000,275,0,0
2000450000,276,0,0
2000450000,277,0,0
2000450000,278,0,0
2000450000,279,0,0
2000450000,280,0,0
2000450000,281,0,0
2000450000,282,0,0
2000450000,283,0,0
2000450000,284,0,0
2000450000,285,0,0
2000450000,286,0,0
2000450000,287,0,0
2000460000,32,0,0
2000460000,33,0,0
2000460000,34,1,1
2000460000,35,0,0
2000460000,36,0,0
2000460000,37,0,0
2000460000,38,0,0
2000460000,39,0,0
2000460000,40,0,0
2000460000,41,0,0
2000460000,42,0,0
2000460000,43,0,0
2000460000,44,0,0
2000460000,45,0,0
2000460000,46,0,0
2000460000,47,0,0
2000460000,48,0,0
2000460000,49,0,0
2000460000,50,0,0
2000460000,51,0,0
2000460000,52,0,0
2000460000,53,0,0
2000460000,54,0,0
2000460000,55,0,0
2000460000,56,0,0
2000460000,57,0,0
2000460000,58,0,0
2000460000,59,0,0
2000460000,60,0,0
2000460000,61,0,0
2000460000,62,0,0
2000460000,63,0,0
2000460000,64,0,0
2000460000,65,0,0
2000460000,66,0,0
2000460000,67,0,0
2000460000,68,0,0
2000460000,69,0,0
2000460000,70,0,0
2000460000,71,0,0
2000460000,72,0,0
2000460000,73,0,0
2000460000,74,0,0
2000460000,75,0,0
2000460000,76,0,0
2000460000,77,0,0
2000460000,78,0,0
2000460000,79,0,0
2000460000,80,0,0
2000460000,81,0,0
2000460000,82,0,0
2000460000,83,0,0
2000460000,84,0,0
2000460000,85,0,0
2000460000,86,0,0
2000460000,87,0,0
2000460000,88,0,0
2000460000,89,0,0
2000460000,90,0,0
2000460000,91,0,0
2000460000,92,0,0
2000460000,93,0,0
2000460000,94,0,0
2000460000,95,0,0
2000460000,96,0,0
2000460000,97,0,0
2000460000,98,0,0
2000460000,99,0,0
2000460000,100,0,0
2000460000,101,0,0
2000460000,102,0,0
2000460000,103,0,0
2000460000,104,0,0
2000460000,105,0,0
2000460000,106,0,0
2000460000,107,0,0
2000460000,108,0,0
2000460000,109,0,0
2000460000,110,0,0
2000460000,111,0,0
2000460000,112,0,0
2000460000,113,0,0
2000460000,114,0,0
2000460000,115,0,0
2000460000,116,0,0
2000460000,117,0,0
2000460000,118,0,0
2000460000,119,0,0
2000460000,120,1,1
2000460000,121,0,0
2000460000,122,0,0
2000460000,123,0,0
2000460000,124,0,0
2000460000,125,0,0
2000460000,126,0,0
2000460000,127,0,0
2000460000,128,0,0
2000460000,129,0,0
2000460000,130,0,0
2000460000,131,0,0
2000460000,132,0,0
2000460000,133,0,0
2000460000,134,0,0
2000460000,135,0,0
2000460000,136,0,0
2000460000,137,0,0
2000460000,138,0,0
2000460000,139,0,0
2000460000,140,1,1
2000460000,141,0,0
2000460000,142,0,0
2000460000,143,0,0
2000460000,144,0,0
2000460000,145,0,0
2000460000,146,0,0
2000460000,147,0,0
2000460000,148,0,0
2000460000,149,0,0
2000460000,150,0,0
2000460000,151,0,0
2000460000,152,0,0
2000460000,153,0,0
2000460000,154,0,0
2000460000,155,0,0
2000460000,156,0,0
2000460000,157,0,0
2000460000,158,0,0
2000460000,159,0,0
2000460000,160,0,0
2000460000,161,0,0
2000460000,162,0,0
2000460000,163,0,0
2000460000,164,0,0
2000460000,165,0,0
2000460000,166,0,0
2000460000,167,0,0
2000460000,168,0,0
2000460000,169,0,0
2000460000,170,0,0
2000460000,171,0,0
2000460000,172,0,0
2000460000,173,0,0
2000460000,174,0,0
2000460000,175,0,0
2000460000,176,0,0
2000460000,177,0,0
2000460000,178,0,0
2000460000,179,0,0
2000460000,180,0,0
2000460000,181,0,0
2000460000,182,0,0
2000460000,183,0,0
2000460000,184,0,0
2000460000,185,0,0
2000460000,186,0,0
2000460000,187,0,0
2000460000,188,0,0
2000460000,189,0,0
2000460000,190,1,1
2000460000,191,0,0
2000460000,192,0,0
2000460000,193,0,0
2000460000,194,0,0
2000460000,195,0,0
2000460000,196,0,0
2000460000,197,0,0
2000460000,198,0,0
2000460000,199,0,0
2000460000,200,0,0
2000460000,201,0,0
2000460000,202,0,0
2000460000,203,0,0
2000460000,204,0,0
2000460000,205,0,0
2000460000,206,0,0
2000460000,207,0,0
2000460000,208,0,0
2000460000,209,0,0
2000460000,210,0,0
2000460000,211,0,0
2000460000,212,0,0
2000460000,213,0,0
2000460000,214,0,0
2000460000,215,0,0
2000460000,216,0,0
2000460000,217,0,0
2000460000,218,0,0
2000460000,219,0,0
2000460000,220,0,0
2000460000,221,0,0
2000460000,222,0,0
2000460000,223,0,0
2000460000,224,0,0
2000460000,225,0,0
2000460000,226,0,0
2000460000,227,0,0
2000460000,228,0,0
2000460000,229,0,0
2000460000,230,0,0
2000460000,231,0,0
2000460000,232,0,0
2000460000,233,0,0
2000460000,234,0,0
2000460000,235,0,0
2000460000,236,0,0
2000460000,237,0,0
2000460000,238,0,0
2000460000,239,0,0
2000460000,240,0,0
2000460000,241,0,0
2000460000,242,0,0
2000460000,243,0,0
2000460000,244,0,0
2000460000,245,0,0
2000460000,246,0,0
2000460000,247,0,0
2000460000,248,0,0
2000460000,249,0,0
2000460000,250,0,0
2000460000,251,0,0
2000460000,252,0,0
2000460000,253,0,0
2000460000,254,0,0
2000460000,255,0,0
2000460000,256,0,0
2000460000,257,0,0
2000460000,258,0,0
2000460000,259,0,0
2000460000,260,0,0
2000460000,261,0,0
2000460000,262,0,0
2000460000,263,0,0
2000460000,264,0,0
2000460000,265,0,0
2000460000,266,0,0
2000460000,267,0,0
2000460000,268,0,0
2000460000,269,0,0
2000460000,270,0,0
2000460000,271,0,0
2000460000,272,0,0
2000460000,273,0,0
2000460000,274,0,0
2000460000,275,0,0
2000460000,276,0,0
2000460000,277,0,0
2000460000,278,0,0
2000460000,279,0,0
2000460000,280,0,0
2000460000,281,0,0
2000460000,282,0,0
2000460000,283,0,0
2000460000,284,0,0
2000460000,285,0,0
2000460000,286,0,0
2000460000,287,0,0
2000470000,32,0,0
2000470000,33,0,0
2000470000,34,1,1
2000470000,35,0,0
2000470000,36,0,0
2000470000,37,0,0
2000470000,38,0,0
2000470000,39,0,0
2000470000,40,0,0
2000470000,41,0,0
2000470000,42,0,0
2000470000,43,0,0
2000470000,44,0,0
2000470000,45,0,0
2000470000,46,0,0
2000470000,47,0,0
2000470000,48,0,0
2000470000,49,0,0
2000470000,50,0,0
2000470000,51,0,0
2000470000,52,0,0
2000470000,53,0,0
2000470000,54,0,0
2000470000,55,0,0
2000470000,56,0,0
2000470000,57,0,0
2000470000,58,0,0
2000470000,59,0,0
2000470000,60,0,0
2000470000,61,0,0
2000470000,62,0,0
2000470000,63,0,0
2000470000,64,0,0
2000470000,65,0,0
2000470000,66,0,0
2000470000,67,0,0
2000470000,68,0,0
2000470000,69,0,0
2000470000,70,0,0
2000470000,71,0,0
2000470000,72,0,0
2000470000,73,0,0
2000470000,74,0,0
2000470000,75,0,0
2000470000,76,0,0
2000470000,77,0,0
2000470000,78,0,0
2000470000,79,0,0
2000470000,80,0,0
2000470000,81,0,0
2000470000,82,0,0
2000470000,83,0,0
2000470000,84,0,0
2000470000,85,0,0
2000470000,86,0,0
2000470000,87,0,0
2000470000,88,0,0
2000470000,89,0,0
2000470000,90,0,0
2000470000,91,0,0
2000470000,92,0,0
2000470000,93,0,0
2000470000,94,0,0
2000470000,95,0,0
2000470000,96,0,0
2000470000,97,0,0
2000470000,98,0,0
2000470000,99,0,0
2000470000,100,0,0
2000470000,101,0,0
2000470000,102,0,0
2000470000,103,0,0
2000470000,104,0,0
2000470000,105,0,0
2000470000,106,0,0
2000470000,107,0,0
2000470000,108,0,0
2000470000,109,0,0
2000470000,110,0,0
2000470000,111,0,0
2000470000,112,0,0
2000470000,113,0,0
2000470000,114,0,0
2000470000,115,0,0
2000470000,116,0,0
2000470000,117,0,0
2000470000,118,0,0
2000470000,119,0,0
2000470000,120,1,1
2000470000,121,0,0
2000470000,122,0,0
2000470000,123,0,0
2000470000,124,0,0
2000470000,125,0,0
2000470000,126,0,0
2000470000,127,0,0
2000470000,128,0,0
2000470000,129,0,0
2000470000,130,0,0
2000470000,131,0,0
2000470000,132,0,0
2000470000,133,0,0
2000470000,134,0,0
2000470000,135,0,0
2000470000,136,0,0
2000470000,137,0,0
2000470000,138,0,0
2000470000,139,0,0
2000470000,140,1,1
2000470000,141,0,0
2000470000,142,0,0
2000470000,143,0,0
2000470000,144,0,0
2000470000,145,0,0
2000470000,146,0,0
2000470000,147,0,0
2000470000,148,0,0
2000470000,149,0,0
2000470000,150,0,0
2000470000,151,0,0
2000470000,152,0,0
2000470000,153,0,0
2000470000,154,0,0
2000470000,155,0,0
2000470000,156,0,0
2000470000,157,0,0
2000470000,158,0,0
2000470000,159,0,0
2000470000,160,0,0
2000470000,161,0,0
2000470000,162,0,0
2000470000,163,0,0
2000470000,164,0,0
2000470000,165,0,0
2000470000,166,0,0
2000470000,167,0,0
2000470000,168,0,0
2000470000,169,0,0
2000470000,170,0,0
2000470000,171,0,0
2000470000,172,0,0
2000470000,173,0,0
2000470000,174,0,0
2000470000,175,0,0
2000470000,176,0,0
2000470000,177,0,0
2000470000,178,0,0
2000470000,179,0,0
2000470000,180,0,0
2000470000,181,0,0
2000470000,182,0,0
2000470000,183,0,0
2000470000,184,0,0
2000470000,185,0,0
2000470000,186,0,0
2000470000,187,0,0
2000470000,188,0,0
2000470000,189,0,0
2000470000,190,1,1
2000470000,191,0,0
2000470000,192,0,0
2000470000,193,0,0
2000470000,194,0,0
2000470000,195,0,0
2000470000,196,0,0
2000470000,197,0,0
2000470000,198,0,0
2000470000,199,0,0
2000470000,200,0,0
2000470000,201,0,0
2000470000,202,0,0
2000470000,203,0,0
2000470000,204,0,0
2000470000,205,0,0
2000470000,206,0,0
2000470000,207,0,0
2000470000,208,0,0
2000470000,209,0,0
2000470000,210,0,0
2000470000,211,0,0
2000470000,212,0,0
2000470000,213,0,0
2000470000,214,0,0
2000470000,215,0,0
2000470000,216,0,0
2000470000,217,0,0
2000470000,218,0,0
2000470000,219,0,0
2000470000,220,0,0
2000470000,221,0,0
2000470000,222,0,0
2000470000,223,0,0
2000470000,224,0,0
2000470000,225,0,0
2000470000,226,0,0
2000470000,227,0,0
2000470000,228,0,0
2000470000,229,0,0
2000470000,230,0,0
2000470000,231,0,0
2000470000,232,0,0
2000470000,233,0,0
2000470000,234,0,0
2000470000,235,0,0
2000470000,236,0,0
2000470000,237,0,0
2000470000,238,0,0
2000470000,239,0,0
2000470000,240,0,0
2000470000,241,0,0
2000470000,242,0,0
2000470000,243,0,0
2000470000,244,0,0
2000470000,245,0,0
2000470000,246,0,0
2000470000,247,0,0
2000470000,248,0,0
2000470000,249,0,0
2000470000,250,0,0
2000470000,251,0,0
2000470000,252,0,0
2000470000,253,0,0
2000470000,254,0,0
2000470000,255,0,0
2000470000,256,0,0
2000470000,257,0,0
2000470000,258,0,0
2000470000,259,0,0
2000470000,260,0,0
2000470000,261,0,0
2000470000,262,0,0
2000470000,263,0,0
2000470000,264,0,0
2000470000,265,0,0
2000470000,266,0,0
2000470000,267,0,0
2000470000,268,0,0
2000470000,269,0,0
2000470000,270,0,0
2000470000,271,0,0
2000470000,272,0,0
2000470000,273,0,0
2000470000,274,0,0
2000470000,275,0,0
2000470000,276,0,0
2000470000,277,0,0
2000470000,278,0,0
2000470000,279,0,0
2000470000,280,0,0
2000470000,281,0,0
2000470000,282,0,0
2000470000,283,0,0
2000470000,284,0,0
2000470000,285,0,0
2000470000,286,0,0
2000470000,287,0,0
2000480000,32,0,0
2000480000,33,0,0
2000480000,34,1,1
2000480000,35,0,0
2000480000,36,0,0
2000480000,37,0,0
2000480000,38,0,0
2000480000,39,0,0
2000480000,40,0,0
2000480000,41,0,0
2000480000,42,0,0
2000480000,43,0,0
2000480000,44,0,0
2000480000,45,0,0
2000480000,46,0,0
2000480000,47,0,0
2000480000,48,0,0
2000480000,49,0,0
2000480000,50,0,0
2000480000,51,0,0
2000480000,52,0,0
2000480000,53,0,0
2000480000,54,0,0
2000480000,55,0,0
2000480000,56,0,0
2000480000,57,0,0
2000480000,58,0,0
2000480000,59,0,0
2000480000,60,0,0
2000480000,61,0,0
2000480000,62,0,0
2000480000,63,0,0
2000480000,64,0,0
2000480000,65,0,0
2000480000,66,0,0
2000480000,67,0,0
2000480000,68,0,0
2000480000,69,0,0
2000480000,70,0,0
2000480000,71,0,0
2000480000,72,0,0
2000480000,73,0,0
2000480000,74,0,0
2000480000,75,0,0
2000480000,76,0,0
2000480000,77,0,0
2000480000,78,0,0
2000480000,79,0,0
2000480000,80,0,0
2000480000,81,0,0
2000480000,82,0,0
2000480000,83,0,0
2000480000,84,0,0
2000480000,85,0,0
2000480000,86,0,0
2000480000,87,0,0
2000480000,88,0,0
2000480000,89,0,0
2000480000,90,0,0
2000480000,91,0,0
2000480000,92,0,0
2000480000,93,0,0
2000480000,94,0,0
2000480000,95,0,0
2000480000,96,0,0
2000480000,97,0,0
2000480000,98,0,0
2000480000,99,0,0
2000480000,100,0,0
2000480000,101,0,0
2000480000,102,0,0
2000480000,103,0,0
2000480000,104,0,0
2000480000,105,0,0
2000480000,106,0,0
2000480000,107,0,0
2000480000,108,0,0
2000480000,109,0,0
2000480000,110,0,0
2000480000,111,0,0
2000480000,112,0,0
2000480000,113,0,0
2000480000,114,0,0
2000480000,115,0,0
2000480000,116,0,0
2000480000,117,0,0
2000480000,118,0,0
2000480000,119,0,0
2000480000,120,1,1
2000480000,121,0,0
2000480000,122,0,0
2000480000,123,0,0
2000480000,124,0,0
2000480000,125,0,0
2000480000,126,0,0
2000480000,127,0,0
2000480000,128,0,0
2000480000,129,0,0
2000480000,130,0,0
2000480000,131,0,0
2000480000,132,0,0
2000480000,133,0,0
2000480000,134,0,0
2000480000,135,0,0
2000480000,136,0,0
2000480000,137,0,0
2000480000,138,0,0
2000480000,139,0,0
2000480000,140,1,1
2000480000,141,0,0
2000480000,142,0,0
2000480000,143,0,0
2000480000,144,0,0
2000480000,145,0,0
2000480000,146,0,0
2000480000,147,0,0
2000480000,148,0,0
2000480000,149,0,0
2000480000,150,0,0
2000480000,151,0,0
2000480000,152,0,0
2000480000,153,0,0
2000480000,154,0,0
2000480000,155,0,0
2000480000,156,0,0
2000480000,157,0,0
2000480000,158,0,0
2000480000,159,0,0
2000480000,160,0,0
2000480000,161,0,0
2000480000,162,0,0
2000480000,163,0,0
2000480000,164,0,0
2000480000,165,0,0
2000480000,166,0,0
2000480000,167,0,0
2000480000,168,0,0
2000480000,169,0,0
2000480000,170,0,0
2000480000,171,0,0
2000480000,172,0,0
2000480000,173,0,0
2000480000,174,0,0
2000480000,175,0,0
2000480000,176,0,0
2000480000,177,0,0
2000480000,178,0,0
2000480000,179,0,0
2000480000,180,0,0
2000480000,181,0,0
2000480000,182,0,0
2000480000,183,0,0
2000480000,184,0,0
2000480000,185,0,0
2000480000,186,0,0
2000480000,187,0,0
2000480000,188,0,0
2000480000,189,0,0
2000480000,190,1,1
2000480000,191,0,0
2000480000,192,0,0
2000480000,193,0,0
2000480000,194,0,0
2000480000,195,0,0
2000480000,196,0,0
2000480000,197,0,0
2000480000,198,0,0
2000480000,199,0,0
2000480000,200,0,0
2000480000,201,0,0
2000480000,202,0,0
2000480000,203,0,0
2000480000,204,0,0
2000480000,205,0,0
2000480000,206,0,0
2000480000,207,0,0
2000480000,208,0,0
2000480000,209,0,0
2000480000,210,0,0
2000480000,211,0,0
2000480000,212,0,0
2000480000,213,0,0
2000480000,214,0,0
2000480000,215,0,0
2000480000,216,0,0
2000480000,217,0,0
2000480000,218,0,0
2000480000,219,0,0
2000480000,220,0,0
2000480000,221,0,0
2000480000,222,0,0
2000480000,223,0,0
2000480000,224,0,0
2000480000,225,0,0
2000480000,226,0,0
2000480000,227,0,0
2000480000,228,0,0
2000480000,229,0,0
2000480000,230,0,0
2000480000,231,0,0
2000480000,232,0,0
2000480000,233,0,0
2000480000,234,0,0
2000480000,235,0,0
2000480000,236,0,0
2000480000,237,0,0
2000480000,238,0,0
2000480000,239,0,0
2000480000,240,0,0
2000480000,241,0,0
2000480000,242,0,0
2000480000,243,0,0
2000480000,244,0,0
2000480000,245,0,0
2000480000,246,0,0
2000480000,247,0,0
2000480000,248,0,0
2000480000,249,0,0
2000480000,250,0,0
2000480000,251,0,0
2000480000,252,0,0
2000480000,253,0,0
2000480000,254,0,0
2000480000,255,0,0
2000480000,256,0,0
2000480000,257,0,0
2000480000,258,0,0
2000480000,259,0,0
2000480000,260,0,0
2000480000,261,0,0
2000480000,262,0,0
2000480000,263,0,0
2000480000,264,0,0
2000480000,265,0,0
2000480000,266,0,0
2000480000,267,0,0
2000480000,268,0,0
2000480000,269,0,0
2000480000,270,0,0
2000480000,271,0,0
2000480000,272,0,0
2000480000,273,0,0
2000480000,274,0,0
2000480000,275,0,0
2000480000,276,0,0
2000480000,277,0,0
2000480000,278,0,0
2000480000,279,0,0
2000480000,280,0,0
2000480000,281,0,0
2000480000,282,0,0
2000480000,283,0,0
2000480000,284,0,0
2000480000,285,0,0
2000480000,286,0,0
2000480000,287,0,0
2000490000,32,0,0
2000490000,33,0,0
2000490000,34,1,1
2000490000,35,0,0
2000490000,36,0,0
2000490000,37,0,0
2000490000,38,0,0
2000490000,39,0,0
2000490000,40,0,0
2000490000,41,0,0
2000490000,42,0,0
2000490000,43,0,0
2000490000,44,0,0
2000490000,45,0,0
2000490000,46,0,0
2000490000,47,0,0
2000490000,48,0,0
2000490000,49,0,0
2000490000,50,0,0
2000490000,51,0,0
2000490000,52,0,0
2000490000,53,0,0
2000490000,54,0,0
2000490000,55,0,0
2000490000,56,0,0
2000490000,57,0,0
2000490000,58,0,0
2000490000,59,0,0
2000490000,60,0,0
2000490000,61,0,0
2000490000,62,0,0
2000490000,63,0,0
2000490000,64,0,0
2000490000,65,0,0
2000490000,66,0,0
2000490000,67,0,0
2000490000,68,0,0
2000490000,69,0,0
2000490000,70,0,0
2000490000,71,0,0
2000490000,72,0,0
2000490000,73,0,0
2000490000,74,0,0
2000490000,75,0,0
2000490000,76,0,0
2000490000,77,0,0
2000490000,78,0,0
2000490000,79,0,0
2000490000,80,0,0
2000490000,81,0,0
2000490000,82,0,0
2000490000,83,0,0
2000490000,84,0,0
2000490000,85,0,0
2000490000,86,0,0
2000490000,87,0,0
2000490000,88,0,0
2000490000,89,0,0
2000490000,90,0,0
2000490000,91,0,0
2000490000,92,0,0
2000490000,93,0,0
2000490000,94,0,0
2000490000,95,0,0
2000490000,96,0,0
2000490000,97,0,0
2000490000,98,0,0
2000490000,99,0,0
2000490000,100,0,0
2000490000,101,0,0
2000490000,102,0,0
2000490000,103,0,0
2000490000,104,0,0
2000490000,105,0,0
2000490000,106,0,0
2000490000,107,0,0
2000490000,108,0,0
2000490000,109,0,0
2000490000,110,0,0
2000490000,111,0,0
2000490000,112,0,0
2000490000,113,0,0
2000490000,114,0,0
2000490000,115,0,0
2000490000,116,0,0
2000490000,117,0,0
2000490000,118,0,0
2000490000,119,0,0
2000490000,120,1,1
2000490000,121,0,0
2000490000,122,0,0
2000490000,123,0,0
2000490000,124,0,0
2000490000,125,0,0
2000490000,126,0,0
2000490000,127,0,0
2000490000,128,0,0
2000490000,129,0,0
2000490000,130,0,0
2000490000,131,0,0
2000490000,132,0,0
2000490000,133,0,0
2000490000,134,0,0
2000490000,135,0,0
2000490000,136,0,0
2000490000,137,0,0
2000490000,138,0,0
2000490000,139,0,0
2000490000,140,1,1
2000490000,141,0,0
2000490000,142,0,0
2000490000,143,0,0
2000490000,144,0,0
2000490000,145,0,0
2000490000,146,0,0
2000490000,147,0,0
2000490000,148,0,0
2000490000,149,0,0
2000490000,150,0,0
2000490000,151,0,0
2000490000,152,0,0
2000490000,153,0,0
2000490000,154,0,0
2000490000,155,0,0
2000490000,156,0,0
2000490000,157,0,0
2000490000,158,0,0
2000490000,159,0,0
2000490000,160,0,0
2000490000,161,0,0
2000490000,162,0,0
2000490000,163,0,0
2000490000,164,0,0
2000490000,165,0,0
2000490000,166,0,0
2000490000,167,0,0
2000490000,168,0,0
2000490000,169,0,0
2000490000,170,0,0
2000490000,171,0,0
2000490000,172,0,0
2000490000,173,0,0
2000490000,174,0,0
2000490000,175,0,0
2000490000,176,0,0
2000490000,177,0,0
2000490000,178,0,0
2000490000,179,0,0
2000490000,180,0,0
2000490000,181,0,0
2000490000,182,0,0
2000490000,183,0,0
2000490000,184,0,0
2000490000,185,0,0
2000490000,186,0,0
2000490000,187,0,0
2000490000,188,0,0
2000490000,189,0,0
2000490000,190,1,1
2000490000,191,0,0
2000490000,192,0,0
2000490000,193,0,0
2000490000,194,0,0
2000490000,195,0,0
2000490000,196,0,0
2000490000,197,0,0
2000490000,198,0,0
2000490000,199,0,0
2000490000,200,0,0
2000490000,201,0,0
2000490000,202,0,0
2000490000,203,0,0
2000490000,204,0,0
2000490000,205,0,0
2000490000,206,0,0
2000490000,207,0,0
2000490000,208,0,0
2000490000,209,0,0
2000490000,210,0,0
2000490000,211,0,0
2000490000,212,0,0
2000490000,213,0,0
2000490000,214,0,0
2000490000,215,0,0
2000490000,216,0,0
2000490000,217,0,0
2000490000,218,0,0
2000490000,219,0,0
2000490000,220,0,0
2000490000,221,0,0
2000490000,222,0,0
2000490000,223,0,0
2000490000,224,0,0
2000490000,225,0,0
2000490000,226,0,0
2000490000,227,0,0
2000490000,228,0,0
2000490000,229,0,0
2000490000,230,0,0
2000490000,231,0,0
2000490000,232,0,0
2000490000,233,0,0
2000490000,234,0,0
2000490000,235,0,0
2000490000,236,0,0
2000490000,237,0,0
2000490000,238,0,0
2000490000,239,0,0
2000490000,240,0,0
2000490000,241,0,0
2000490000,242,0,0
2000490000,243,0,0
2000490000,244,0,0
2000490000,245,0,0
2000490000,246,0,0
2000490000,247,0,0
2000490000,248,0,0
2000490000,249,0,0
2000490000,250,0,0
2000490000,251,0,0
2000490000,252,0,0
2000490000,253,0,0
2000490000,254,0,0
2000490000,255,0,0
2000490000,256,0,0
2000490000,257,0,0
2000490000,258,0,0
2000490000,259,0,0
2000490000,260,0,0
2000490000,261,0,0
2000490000,262,0,0
2000490000,263,0,0
2000490000,264,0,0
2000490000,265,0,0
2000490000,266,0,0
2000490000,267,0,0
2000490000,268,0,0
2000490000,269,0,0
2000490000,270,0,0
2000490000,271,0,0
2000490000,272,0,0
2000490000,273,0,0
2000490000,274,0,0
2000490000,275,0,0
2000490000,276,0,0
2000490000,277,0,0
2000490000,278,0,0
2000490000,279,0,0
2000490000,280,0,0
2000490000,281,0,0
2000490000,282,0,0
2000490000,283,0,0
2000490000,284,0,0
2000490000,285,0,0
2000490000,286,0,0
2000490000,287,0,0
2000500000,32,0,0
2000500000,33,0,0
2000500000,34,1,1
2000500000,35,0,0
2000500000,36,0,0
2000500000,37,0,0
2000500000,38,0,0
2000500000,39,0,0
2000500000,40,0,0
2000500000,41,0,0
2000500000,42,0,0
2000500000,43,0,0
2000500000,44,0,0
2000500000,45,0,0
2000500000,46,0,0
2000500000,47,0,0
2000500000,48,0,0
2000500000,49,0,0
2000500000,50,0,0
2000500000,51,0,0
2000500000,52,0,0
2000500000,53,0,0
2000500000,54,0,0
2000500000,55,0,0
2000500000,56,0,0
2000500000,57,0,0
2000500000,58,0,0
2000500000,59,0,0
2000500000,60,0,0
2000500000,61,0,0
2000500000,62,0,0
2000500000,63,0,0
2000500000,64,0,0
2000500000,65,0,0
2000500000,66,0,0
2000500000,67,0,0
2000500000,68,0,0
2000500000,69,0,0
2000500000,70,0,0
2000500000,71,0,0
2000500000,72,0,0
2000500000,73,0,0
2000500000,74,0,0
2000500000,75,0,0
2000500000,76,0,0
2000500000,77,0,0
2000500000,78,0,0
2000500000,79,0,0
2000500000,80,0,0
2000500000,81,0,0
2000500000,82,0,0
2000500000,83,0,0
2000500000,84,0,0
2000500000,85,0,0
2000500000,86,0,0
2000500000,87,0,0
2000500000,88,0,0
2000500000,89,0,0
2000500000,90,0,0
2000500000,91,0,0
2000500000,92,0,0
2000500000,93,0,0
2000500000,94,0,0
2000500000,95,0,0
2000500000,96,0,0
2000500000,97,0,0
2000500000,98,0,0
2000500000,99,0,0
2000500000,100,0,0
2000500000,101,0,0
2000500000,102,0,0
2000500000,103,0,0
2000500000,104,0,0
2000500000,105,0,0
2000500000,106,0,0
2000500000,107,0,0
2000500000,108,0,0
2000500000,109,0,0
2000500000,110,0,0
2000500000,111,0,0
2000500000,112,0,0
2000500000,113,0,0
2000500000,114,0,0
2000500000,115,0,0
2000500000,116,0,0
2000500000,117,0,0
2000500000,118,0,0
2000500000,119,0,0
2000500000,120,1,1
2000500000,121,0,0
2000500000,122,0,0
2000500000,123,0,0
2000500000,124,0,0
2000500000,125,0,0
2000500000,126,0,0
2000500000,127,0,0
2000500000,128,0,0
2000500000,129,0,0
2000500000,130,0,0
2000500000,131,0,0
2000500000,132,0,0
2000500000,133,0,0
2000500000,134,0,0
2000500000,135,0,0
2000500000,136,0,0
2000500000,137,0,0
2000500000,138,0,0
2000500000,139,0,0
2000500000,140,1,1
2000500000,141,0,0
2000500000,142,0,0
2000500000,143,0,0
2000500000,144,0,0
2000500000,145,0,0
2000500000,146,0,0
2000500000,147,0,0
2000500000,148,0,0
2000500000,149,0,0
2000500000,150,0,0
2000500000,151,0,0
2000500000,152,0,0
2000500000,153,0,0
2000500000,154,0,0
2000500000,155,0,0
2000500000,156,0,0
2000500000,157,0,0
2000500000,158,0,0
2000500000,159,0,0
2000500000,160,0,0
2000500000,161,0,0
2000500000,162,0,0
2000500000,163,0,0
2000500000,164,0,0
2000500000,165,0,0
2000500000,166,0,0
2000500000,167,0,0
2000500000,168,0,0
2000500000,169,0,0
2000500000,170,0,0
2000500000,171,0,0
2000500000,172,0,0
2000500000,173,0,0
2000500000,174,0,0
2000500000,175,0,0
2000500000,176,0,0
2000500000,177,0,0
2000500000,178,0,0
2000500000,179,0,0
2000500000,180,0,0
2000500000,181,0,0
2000500000,182,0,0
2000500000,183,0,0
2000500000,184,0,0
2000500000,185,0,0
2000500000,186,0,0
2000500000,187,0,0
2000500000,188,0,0
2000500000,189,0,0
2000500000,190,1,1
2000500000,191,0,0
2000500000,192,0,0
2000500000,193,0,0
2000500000,194,0,0
2000500000,195,0,0
2000500000,196,0,0
2000500000,197,0,0
2000500000,198,0,0
2000500000,199,0,0
2000500000,200,0,0
2000500000,201,0,0
2000500000,202,0,0
2000500000,203,0,0
2000500000,204,0,0
2000500000,205,0,0
2000500000,206,0,0
2000500000,207,0,0
2000500000,208,0,0
2000500000,209,0,0
2000500000,210,0,0
2000500000,211,0,0
2000500000,212,0,0
2000500000,213,0,0
2000500000,214,0,0
2000500000,215,0,0
2000500000,216,0,0
2000500000,217,0,0
2000500000,218,0,0
2000500000,219,0,0
2000500000,220,0,0
2000500000,221,0,0
2000500000,222,0,0
2000500000,223,0,0
2000500000,224,0,0
2000500000,225,0,0
2000500000,226,0,0
2000500000,227,0,0
2000500000,228,0,0
2000500000,229,0,0
2000500000,230,0,0
2000500000,231,0,0
2000500000,232,0,0
2000500000,233,0,0
2000500000,234,0,0
2000500000,235,0,0
2000500000,236,0,0
2000500000,237,0,0
2000500000,238,0,0
2000500000,239,0,0
2000500000,240,0,0
2000500000,241,0,0
2000500000,242,0,0
2000500000,243,0,0
2000500000,244,0,0
2000500000,245,0,0
2000500000,246,0,0
2000500000,247,0,0
2000500000,248,0,0
2000500000,249,0,0
2000500000,250,0,0
2000500000,251,0,0
2000500000,252,0,0
2000500000,253,0,0
2000500000,254,0,0
2000500000,255,0,0
2000500000,256,0,0
2000500000,257,0,0
2000500000,258,0,0
2000500000,259,0,0
2000500000,260,0,0
2000500000,261,0,0
2000500000,262,0,0
2000500000,263,0,0
2000500000,264,0,0
2000500000,265,0,0
2000500000,266,0,0
2000500000,267,0,0
2000500000,268,0,0
2000500000,269,0,0
2000500000,270,0,0
2000500000,271,0,0
2000500000,272,0,0
2000500000,273,0,0
2000500000,274,0,0
2000500000,275,0,0
2000500000,276,0,0
2000500000,277,0,0
2000500000,278,0,0
2000500000,279,0,0
2000500000,280,0,0
2000500000,281,0,0
2000500000,282,0,0
2000500000,283,0,0
2000500000,284,0,0
2000500000,285,0,0
2000500000,286,0,0
2000500000,287,0,0
2000510000,32,0,0
2000510000,33,0,0
2000510000,34,1,1
2000510000,35,0,0
2000510000,36,0,0
2000510000,37,0,0
2000510000,38,0,0
2000510000,39,0,0
2000510000,40,0,0
2000510000,41,0,0
2000510000,42,0,0
2000510000,43,0,0
2000510000,44,0,0
2000510000,45,0,0
2000510000,46,0,0
2000510000,47,0,0
2000510000,48,0,0
2000510000,49,0,0
2000510000,50,0,0
2000510000,51,0,0
2000510000,52,0,0
2000510000,53,0,0
2000510000,54,0,0
2000510000,55,0,0
2000510000,56,0,0
2000510000,57,0,0
2000510000,58,0,0
2000510000,59,0,0
2000510000,60,0,0
2000510000,61,0,0
2000510000,62,0,0
2000510000,63,0,0
2000510000,64,0,0
2000510000,65,0,0
2000510000,66,0,0
2000510000,67,0,0
2000510000,68,0,0
2000510000,69,0,0
2000510000,70,0,0
2000510000,71,0,0
2000510000,72,0,0
2000510000,73,0,0
2000510000,74,0,0
2000510000,75,0,0
2000510000,76,0,0
2000510000,77,0,0
2000510000,78,0,0
2000510000,79,0,0
2000510000,80,0,0
2000510000,81,0,0
2000510000,82,0,0
2000510000,83,0,0
2000510000,84,0,0
2000510000,85,0,0
2000510000,86,0,0
2000510000,87,0,0
2000510000,88,0,0
2000510000,89,0,0
2000510000,90,0,0
2000510000,91,0,0
2000510000,92,0,0
2000510000,93,0,0
2000510000,94,0,0
2000510000,95,0,0
2000510000,96,0,0
2000510000,97,0,0
2000510000,98,0,0
2000510000,99,0,0
2000510000,100,0,0
2000510000,101,0,0
2000510000,102,0,0
2000510000,103,0,0
2000510000,104,0,0
2000510000,105,0,0
2000510000,106,0,0
2000510000,107,0,0
2000510000,108,0,0
2000510000,109,0,0
2000510000,110,0,0
2000510000,111,0,0
2000510000,112,0,0
2000510000,113,0,0
2000510000,114,0,0
2000510000,115,0,0
2000510000,116,0,0
2000510000,117,0,0
2000510000,118,0,0
2000510000,119,0,0
2000510000,120,1,1
2000510000,121,0,0
2000510000,122,0,0
2000510000,123,0,0
2000510000,124,0,0
2000510000,125,0,0
2000510000,126,0,0
2000510000,127,0,0
2000510000,128,0,0
2000510000,129,0,0
2000510000,130,0,0
2000510000,131,0,0
2000510000,132,0,0
2000510000,133,0,0
2000510000,134,0,0
2000510000,135,0,0
2000510000,136,0,0
2000510000,137,0,0
2000510000,138,0,0
2000510000,139,0,0
2000510000,140,1,1
2000510000,141,0,0
2000510000,142,0,0
2000510000,143,0,0
2000510000,144,0,0
2000510000,145,0,0
2000510000,146,0,0
2000510000,147,0,0
2000510000,148,0,0
2000510000,149,0,0
2000510000,150,0,0
2000510000,151,0,0
2000510000,152,0,0
2000510000,153,0,0
2000510000,154,0,0
2000510000,155,0,0
2000510000,156,0,0
2000510000,157,0,0
2000510000,158,0,0
2000510000,159,0,0
2000510000,160,0,0
2000510000,161,0,0
2000510000,162,0,0
2000510000,163,0,0
2000510000,164,0,0
2000510000,165,0,0
2000510000,166,0,0
2000510000,167,0,0
2000510000,168,0,0
2000510000,169,0,0
2000510000,170,0,0
2000510000,171,0,0
2000510000,172,0,0
2000510000,173,0,0
2000510000,174,0,0
2000510000,175,0,0
2000510000,176,0,0
2000510000,177,0,0
2000510000,178,0,0
2000510000,179,0,0
2000510000,180,0,0
2000510000,181,0,0
2000510000,182,0,0
2000510000,183,0,0
2000510000,184,0,0
2000510000,185,0,0
2000510000,186,0,0
2000510000,187,0,0
2000510000,188,0,0
2000510000,189,0,0
2000510000,190,1,1
2000510000,191,0,0
2000510000,192,0,0
2000510000,193,0,0
2000510000,194,0,0
2000510000,195,0,0
2000510000,196,0,0
2000510000,197,0,0
2000510000,198,0,0
2000510000,199,0,0
2000510000,200,0,0
2000510000,201,0,0
2000510000,202,0,0
2000510000,203,0,0
2000510000,204,0,0
2000510000,205,0,0
2000510000,206,0,0
2000510000,207,0,0
2000510000,208,0,0
2000510000,209,0,0
2000510000,210,0,0
2000510000,211,0,0
2000510000,212,0,0
2000510000,213,0,0
2000510000,214,0,0
2000510000,215,0,0
2000510000,216,0,0
2000510000,217,0,0
2000510000,218,0,0
2000510000,219,0,0
2000510000,220,0,0
2000510000,221,0,0
2000510000,222,0,0
2000510000,223,0,0
2000510000,224,0,0
2000510000,225,0,0
2000510000,226,0,0
2000510000,227,0,0
2000510000,228,0,0
2000510000,229,0,0
2000510000,230,0,0
2000510000,231,0,0
2000510000,232,0,0
2000510000,233,0,0
2000510000,234,0,0
2000510000,235,0,0
2000510000,236,0,0
2000510000,237,0,0
2000510000,238,0,0
2000510000,239,0,0
2000510000,240,0,0
2000510000,241,0,0
2000510000,242,0,0
2000510000,243,0,0
2000510000,244,0,0
2000510000,245,0,0
2000510000,246,0,0
2000510000,247,0,0
2000510000,248,0,0
2000510000,249,0,0
2000510000,250,0,0
2000510000,251,0,0
2000510000,252,0,0
2000510000,253,0,0
2000510000,254,0,0
2000510000,255,0,0
2000510000,256,0,0
2000510000,257,0,0
2000510000,258,0,0
2000510000,259,0,0
2000510000,260,0,0
2000510000,261,0,0
2000510000,262,0,0
2000510000,263,0,0
2000510000,264,0,0
2000510000,265,0,0
2000510000,266,0,0
2000510000,267,0,0
2000510000,268,0,0
2000510000,269,0,0
2000510000,270,0,0
2000510000,271,0,0
2000510000,272,0,0
2000510000,273,0,0
2000510000,274,0,0
2000510000,275,0,0
2000510000,276,0,0
2000510000,277,0,0
2000510000,278,0,0
2000510000,279,0,0
2000510000,280,0,0
2000510000,281,0,0
2000510000,282,0,0
2000510000,283,0,0
2000510000,284,0,0
2000510000,285,0,0
2000510000,286,0,0
2000510000,287,0,0
2000520000,32,0,0
2000520000,33,0,0
2000520000,34,1,1
2000520000,35,0,0
2000520000,36,0,0
2000520000,37,0,0
2000520000,38,0,0
2000520000,39,0,0
2000520000,40,0,0
2000520000,41,0,0
2000520000,42,0,0
2000520000,43,0,0
2000520000,44,0,0
2000520000,45,0,0
2000520000,46,0,0
2000520000,47,0,0
2000520000,48,0,0
2000520000,49,0,0
2000520000,50,0,0
2000520000,51,0,0
2000520000,52,0,0
2000520000,53,0,0
2000520000,54,0,0
2000520000,55,0,0
2000520000,56,0,0
2000520000,57,0,0
2000520000,58,0,0
2000520000,59,0,0
2000520000,60,0,0
2000520000,61,0,0
2000520000,62,0,0
2000520000,63,0,0
2000520000,64,0,0
2000520000,65,0,0
2000520000,66,0,0
2000520000,67,0,0
2000520000,68,0,0
2000520000,69,0,0
2000520000,70,0,0
2000520000,71,0,0
2000520000,72,0,0
2000520000,73,0,0
2000520000,74,0,0
2000520000,75,0,0
2000520000,76,0,0
2000520000,77,0,0
2000520000,78,0,0
2000520000,79,0,0
2000520000,80,0,0
2000520000,81,0,0
2000520000,82,0,0
2000520000,83,0,0
2000520000,84,0,0
2000520000,85,0,0
2000520000,86,0,0
2000520000,87,0,0
2000520000,88,0,0
2000520000,89,0,0
2000520000,90,0,0
2000520000,91,0,0
2000520000,92,0,0
2000520000,93,0,0
2000520000,94,0,0
2000520000,95,0,0
2000520000,96,0,0
2000520000,97,0,0
2000520000,98,0,0
2000520000,99,0,0
2000520000,100,0,0
2000520000,101,0,0
2000520000,102,0,0
2000520000,103,0,0
2000520000,104,0,0
2000520000,105,0,0
2000520000,106,0,0
2000520000,107,0,0
2000520000,108,0,0
2000520000,109,0,0
2000520000,110,0,0
2000520000,111,0,0
2000520000,112,0,0
2000520000,113,0,0
2000520000,114,0,0
2000520000,115,0,0
2000520000,116,0,0
2000520000,117,0,0
2000520000,118,0,0
2000520000,119,0,0
2000520000,120,1,1
2000520000,121,0,0
2000520000,122,0,0
2000520000,123,0,0
2000520000,124,0,0
2000520000,125,0,0
2000520000,126,0,0
2000520000,127,0,0
2000520000,128,0,0
2000520000,129,0,0
2000520000,130,0,0
2000520000,131,0,0
2000520000,132,0,0
2000520000,133,0,0
2000520000,134,0,0
2000520000,135,0,0
2000520000,136,0,0
2000520000,137,0,0
2000520000,138,0,0
2000520000,139,0,0
2000520000,140,1,1
2000520000,141,0,0
2000520000,142,0,0
2000520000,143,0,0
2000520000,144,0,0
2000520000,145,0,0
2000520000,146,0,0
2000520000,147,0,0
2000520000,148,0,0
2000520000,149,0,0
2000520000,150,0,0
2000520000,151,0,0
2000520000,152,0,0
2000520000,153,0,0
2000520000,154,0,0
2000520000,155,0,0
2000520000,156,0,0
2000520000,157,0,0
2000520000,158,0,0
2000520000,159,0,0
2000520000,160,0,0
2000520000,161,0,0
2000520000,162,0,0
2000520000,163,0,0
2000520000,164,0,0
2000520000,165,0,0
2000520000,166,0,0
2000520000,167,0,0
2000520000,168,0,0
2000520000,169,0,0
2000520000,170,0,0
2000520000,171,0,0
2000520000,172,0,0
2000520000,173,0,0
2000520000,174,0,0
2000520000,175,0,0
2000520000,176,0,0
2000520000,177,0,0
2000520000,178,0,0
2000520000,179,0,0
2000520000,180,0,0
2000520000,181,0,0
2000520000,182,0,0
2000520000,183,0,0
2000520000,184,0,0
2000520000,185,0,0
2000520000,186,0,0
2000520000,187,0,0
2000520000,188,0,0
2000520000,189,0,0
2000520000,190,1,1
2000520000,191,0,0
2000520000,192,0,0
2000520000,193,0,0
2000520000,194,0,0
2000520000,195,0,0
2000520000,196,0,0
2000520000,197,0,0
2000520000,198,0,0
2000520000,199,0,0
2000520000,200,0,0
2000520000,201,0,0
2000520000,202,0,0
2000520000,203,0,0
2000520000,204,0,0
2000520000,205,0,0
2000520000,206,0,0
2000520000,207,0,0
2000520000,208,0,0
2000520000,209,0,0
2000520000,210,0,0
2000520000,211,0,0
2000520000,212,0,0
2000520000,213,0,0
2000520000,214,0,0
2000520000,215,0,0
2000520000,216,0,0
2000520000,217,0,0
2000520000,218,0,0
2000520000,219,0,0
2000520000,220,0,0
2000520000,221,0,0
2000520000,222,0,0
2000520000,223,0,0
2000520000,224,0,0
2000520000,225,0,0
2000520000,226,0,0
2000520000,227,0,0
2000520000,228,0,0
2000520000,229,0,0
2000520000,230,0,0
2000520000,231,0,0
2000520000,232,0,0
2000520000,233,0,0
2000520000,234,0,0
2000520000,235,0,0
2000520000,236,0,0
2000520000,237,0,0
2000520000,238,0,0
2000520000,239,0,0
2000520000,240,0,0
2000520000,241,0,0
2000520000,242,0,0
2000520000,243,0,0
2000520000,244,0,0
2000520000,245,0,0
2000520000,246,0,0
2000520000,247,0,0
2000520000,248,0,0
2000520000,249,0,0
2000520000,250,0,0
2000520000,251,0,0
2000520000,252,0,0
2000520000,253,0,0
2000520000,254,0,0
2000520000,255,0,0
2000520000,256,0,0
2000520000,257,0,0
2000520000,258,0,0
2000520000,259,0,0
2000520000,260,0,0
2000520000,261,0,0
2000520000,262,0,0
2000520000,263,0,0
2000520000,264,0,0
2000520000,265,0,0
2000520000,266,0,0
2000520000,267,0,0
2000520000,268,0,0
2000520000,269,0,0
2000520000,270,0,0
2000520000,271,0,0
2000520000,272,0,0
2000520000,273,0,0
2000520000,274,0,0
2000520000,275,0,0
2000520000,276,0,0
2000520000,277,0,0
2000520000,278,0,0
2000520000,279,0,0
2000520000,280,0,0
2000520000,281,0,0
2000520000,282,0,0
2000520000,283,0,0
2000520000,284,0,0
2000520000,285,0,0
2000520000,286,0,0
2000520000,287,0,0
2000530000,32,0,0
2000530000,33,0,0
2000530000,34,1,1
2000530000,35,0,0
2000530000,36,0,0
2000530000,37,0,0
2000530000,38,0,0
2000530000,39,0,0
2000530000,40,0,0
2000530000,41,0,0
2000530000,42,0,0
2000530000,43,0,0
2000530000,44,0,0
2000530000,45,0,0
2000530000,46,0,0
2000530000,47,0,0
2000530000,48,0,0
2000530000,49,0,0
2000530000,50,0,0
2000530000,51,0,0
2000530000,52,0,0
2000530000,53,0,0
2000530000,54,0,0
2000530000,55,0,0
2000530000,56,0,0
2000530000,57,0,0
2000530000,58,0,0
2000530000,59,0,0
2000530000,60,0,0
2000530000,61,0,0
2000530000,62,0,0
2000530000,63,0,0
2000530000,64,0,0
2000530000,65,0,0
2000530000,66,0,0
2000530000,67,0,0
2000530000,68,0,0
2000530000,69,0,0
2000530000,70,0,0
2000530000,71,0,0
2000530000,72,0,0
2000530000,73,0,0
2000530000,74,0,0
2000530000,75,0,0
2000530000,76,0,0
2000530000,77,0,0
2000530000,78,0,0
2000530000,79,0,0
2000530000,80,0,0
2000530000,81,0,0
2000530000,82,0,0
2000530000,83,0,0
2000530000,84,0,0
2000530000,85,0,0
2000530000,86,0,0
2000530000,87,0,0
2000530000,88,0,0
2000530000,89,0,0
2000530000,90,0,0
2000530000,91,0,0
2000530000,92,0,0
2000530000,93,0,0
2000530000,94,0,0
2000530000,95,0,0
2000530000,96,0,0
2000530000,97,0,0
2000530000,98,0,0
2000530000,99,0,0
2000530000,100,0,0
2000530000,101,0,0
2000530000,102,0,0
2000530000,103,0,0
2000530000,104,0,0
2000530000,105,0,0
2000530000,106,0,0
2000530000,107,0,0
2000530000,108,0,0
2000530000,109,0,0
2000530000,110,0,0
2000530000,111,0,0
2000530000,112,0,0
2000530000,113,0,0
2000530000,114,0,0
2000530000,115,0,0
2000530000,116,0,0
2000530000,117,0,0
2000530000,118,0,0
2000530000,119,0,0
2000530000,120,1,1
2000530000,121,0,0
2000530000,122,0,0
2000530000,123,0,0
2000530000,124,0,0
2000530000,125,0,0
2000530000,126,0,0
2000530000,127,0,0
2000530000,128,0,0
2000530000,129,0,0
2000530000,130,0,0
2000530000,131,0,0
2000530000,132,0,0
2000530000,133,0,0
2000530000,134,0,0
2000530000,135,0,0
2000530000,136,0,0
2000530000,137,0,0
2000530000,138,0,0
2000530000,139,0,0
2000530000,140,1,1
2000530000,141,0,0
2000530000,142,0,0
2000530000,143,0,0
2000530000,144,0,0
2000530000,145,0,0
2000530000,146,0,0
2000530000,147,0,0
2000530000,148,0,0
2000530000,149,0,0
2000530000,150,0,0
2000530000,151,0,0
2000530000,152,0,0
2000530000,153,0,0
2000530000,154,0,0
2000530000,155,0,0
2000530000,156,0,0
2000530000,157,0,0
2000530000,158,0,0
2000530000,159,0,0
2000530000,160,0,0
2000530000,161,0,0
2000530000,162,0,0
2000530000,163,0,0
2000530000,164,0,0
2000530000,165,0,0
2000530000,166,0,0
2000530000,167,0,0
2000530000,168,0,0
2000530000,169,0,0
2000530000,170,0,0
2000530000,171,0,0
2000530000,172,0,0
2000530000,173,0,0
2000530000,174,0,0
2000530000,175,0,0
2000530000,176,0,0
2000530000,177,0,0
2000530000,178,0,0
2000530000,179,0,0
2000530000,180,0,0
2000530000,181,0,0
2000530000,182,0,0
2000530000,183,0,0
2000530000,184,0,0
2000530000,185,0,0
2000530000,186,0,0
2000530000,187,0,0
2000530000,188,0,0
2000530000,189,0,0
2000530000,190,1,1
2000530000,191,0,0
2000530000,192,0,0
2000530000,193,0,0
2000530000,194,0,0
2000530000,195,0,0
2000530000,196,0,0
2000530000,197,0,0
2000530000,198,0,0
2000530000,199,0,0
2000530000,200,0,0
2000530000,201,0,0
2000530000,202,0,0
2000530000,203,0,0
2000530000,204,0,0
2000530000,205,0,0
2000530000,206,0,0
2000530000,207,0,0
2000530000,208,0,0
2000530000,209,0,0
2000530000,210,0,0
2000530000,211,0,0
2000530000,212,0,0
2000530000,213,0,0
2000530000,214,0,0
2000530000,215,0,0
2000530000,216,0,0
2000530000,217,0,0
2000530000,218,0,0
2000530000,219,0,0
2000530000,220,0,0
2000530000,221,0,0
2000530000,222,0,0
2000530000,223,0,0
2000530000,224,0,0
2000530000,225,0,0
2000530000,226,0,0
2000530000,227,0,0
2000530000,228,0,0
2000530000,229,0,0
2000530000,230,0,0
2000530000,231,0,0
2000530000,232,0,0
2000530000,233,0,0
2000530000,234,0,0
2000530000,235,0,0
2000530000,236,0,0
2000530000,237,0,0
2000530000,238,0,0
2000530000,239,0,0
2000530000,240,0,0
2000530000,241,0,0
2000530000,242,0,0
2000530000,243,0,0
2000530000,244,0,0
2000530000,245,0,0
2000530000,246,0,0
2000530000,247,0,0
2000530000,248,0,0
2000530000,249,0,0
2000530000,250,0,0
2000530000,251,0,0
2000530000,252,0,0
2000530000,253,0,0
2000530000,254,0,0
2000530000,255,0,0
2000530000,256,0,0
2000530000,257,0,0
2000530000,258,0,0
2000530000,259,0,0
2000530000,260,0,0
2000530000,261,0,0
2000530000,262,0,0
2000530000,263,0,0
2000530000,264,0,0
2000530000,265,0,0
2000530000,266,0,0
2000530000,267,0,0
2000530000,268,0,0
2000530000,269,0,0
2000530000,270,0,0
2000530000,271,0,0
2000530000,272,0,0
2000530000,273,0,0
2000530000,274,0,0
2000530000,275,0,0
2000530000,276,0,0
2000530000,277,0,0
2000530000,278,0,0
2000530000,279,0,0
2000530000,280,0,0
2000530000,281,0,0
2000530000,282,0,0
2000530000,283,0,0
2000530000,284,0,0
2000530000,285,0,0
2000530000,286,0,0
2000530000,287,0,0
2000540000,32,0,0
2000540000,33,0,0
2000540000,34,1,1
2000540000,35,0,0
2000540000,36,0,0
2000540000,37,0,0
2000540000,38,0,0
2000540000,39,0,0
2000540000,40,0,0
2000540000,41,0,0
2000540000,42,0,0
2000540000,43,0,0
2000540000,44,0,0
2000540000,45,0,0
2000540000,46,0,0
2000540000,47,0,0
2000540000,48,0,0
2000540000,49,0,0
2000540000,50,0,0
2000540000,51,0,0
2000540000,52,0,0
2000540000,53,0,0
2000540000,54,0,0
2000540000,55,0,0
2000540000,56,0,0
2000540000,57,0,0
2000540000,58,0,0
2000540000,59,0,0
2000540000,60,0,0
2000540000,61,0,0
2000540000,62,0,0
2000540000,63,0,0
2000540000,64,0,0
2000540000,65,0,0
2000540000,66,0,0
2000540000,67,0,0
2000540000,68,0,0
2000540000,69,0,0
2000540000,70,0,0
2000540000,71,0,0
2000540000,72,0,0
2000540000,73,0,0
2000540000,74,0,0
2000540000,75,0,0
2000540000,76,0,0
2000540000,77,0,0
2000540000,78,0,0
2000540000,79,0,0
2000540000,80,0,0
2000540000,81,0,0
2000540000,82,0,0
2000540000,83,0,0
2000540000,84,0,0
2000540000,85,0,0
2000540000,86,0,0
2000540000,87,0,0
2000540000,88,0,0
2000540000,89,0,0
2000540000,90,0,0
2000540000,91,0,0
2000540000,92,0,0
2000540000,93,0,0
2000540000,94,0,0
2000540000,95,0,0
2000540000,96,0,0
2000540000,97,0,0
2000540000,98,0,0
2000540000,99,0,0
2000540000,100,0,0
2000540000,101,0,0
2000540000,102,0,0
2000540000,103,0,0
2000540000,104,0,0
2000540000,105,0,0
2000540000,106,0,0
2000540000,107,0,0
2000540000,108,0,0
2000540000,109,0,0
2000540000,110,0,0
2000540000,111,0,0
2000540000,112,0,0
2000540000,113,0,0
2000540000,114,0,0
2000540000,115,0,0
2000540000,116,0,0
2000540000,117,0,0
2000540000,118,0,0
2000540000,119,0,0
2000540000,120,1,1
2000540000,121,0,0
2000540000,122,0,0
2000540000,123,0,0
2000540000,124,0,0
2000540000,125,0,0
2000540000,126,0,0
2000540000,127,0,0
2000540000,128,0,0
2000540000,129,0,0
2000540000,130,0,0
2000540000,131,0,0
2000540000,132,0,0
2000540000,133,0,0
2000540000,134,0,0
2000540000,135,0,0
2000540000,136,0,0
2000540000,137,0,0
2000540000,138,0,0
2000540000,139,0,0
2000540000,140,1,1
2000540000,141,0,0
2000540000,142,0,0
2000540000,143,0,0
2000540000,144,0,0
2000540000,145,0,0
2000540000,146,0,0
2000540000,147,0,0
2000540000,148,0,0
2000540000,149,0,0
2000540000,150,0,0
2000540000,151,0,0
2000540000,152,0,0
2000540000,153,0,0
2000540000,154,0,0
2000540000,155,0,0
2000540000,156,0,0
2000540000,157,0,0
2000540000,158,0,0
2000540000,159,0,0
2000540000,160,0,0
2000540000,161,0,0
2000540000,162,0,0
2000540000,163,0,0
2000540000,164,0,0
2000540000,165,0,0
2000540000,166,0,0
2000540000,167,0,0
2000540000,168,0,0
2000540000,169,0,0
2000540000,170,0,0
2000540000,171,0,0
2000540000,172,0,0
2000540000,173,0,0
2000540000,174,0,0
2000540000,175,0,0
2000540000,176,0,0
2000540000,177,0,0
2000540000,178,0,0
2000540000,179,0,0
2000540000,180,0,0
2000540000,181,0,0
2000540000,182,0,0
2000540000,183,0,0
2000540000,184,0,0
2000540000,185,0,0
2000540000,186,0,0
2000540000,187,0,0
2000540000,188,0,0
2000540000,189,0,0
2000540000,190,1,1
2000540000,191,0,0
2000540000,192,0,0
2000540000,193,0,0
2000540000,194,0,0
2000540000,195,0,0
2000540000,196,0,0
2000540000,197,0,0
2000540000,198,0,0
2000540000,199,0,0
2000540000,200,0,0
2000540000,201,0,0
2000540000,202,0,0
2000540000,203,0,0
2000540000,204,0,0
2000540000,205,0,0
2000540000,206,0,0
2000540000,207,0,0
2000540000,208,0,0
2000540000,209,0,0
2000540000,210,0,0
2000540000,211,0,0
2000540000,212,0,0
2000540000,213,0,0
2000540000,214,0,0
2000540000,215,0,0
2000540000,216,0,0
2000540000,217,0,0
2000540000,218,0,0
2000540000,219,0,0
2000540000,220,0,0
2000540000,221,0,0
2000540000,222,0,0
2000540000,223,0,0
2000540000,224,0,0
2000540000,225,0,0
2000540000,226,0,0
2000540000,227,0,0
2000540000,228,0,0
2000540000,229,0,0
2000540000,230,0,0
2000540000,231,0,0
2000540000,232,0,0
2000540000,233,0,0
2000540000,234,0,0
2000540000,235,0,0
2000540000,236,0,0
2000540000,237,0,0
2000540000,238,0,0
2000540000,239,0,0
2000540000,240,0,0
2000540000,241,0,0
2000540000,242,0,0
2000540000,243,0,0
2000540000,244,0,0
2000540000,245,0,0
2000540000,246,0,0
2000540000,247,0,0
2000540000,248,0,0
2000540000,249,0,0
2000540000,250,0,0
2000540000,251,0,0
2000540000,252,0,0
2000540000,253,0,0
2000540000,254,0,0
2000540000,255,0,0
2000540000,256,0,0
2000540000,257,0,0
2000540000,258,0,0
2000540000,259,0,0
2000540000,260,0,0
2000540000,261,0,0
2000540000,262,0,0
2000540000,263,0,0
2000540000,264,0,0
2000540000,265,0,0
2000540000,266,0,0
2000540000,267,0,0
2000540000,268,0,0
2000540000,269,0,0
2000540000,270,0,0
2000540000,271,0,0
2000540000,272,0,0
2000540000,273,0,0
2000540000,274,0,0
2000540000,275,0,0
2000540000,276,0,0
2000540000,277,0,0
2000540000,278,0,0
2000540000,279,0,0
2000540000,280,0,0
2000540000,281,0,0
2000540000,282,0,0
2000540000,283,0,0
2000540000,284,0,0
2000540000,285,0,0
2000540000,286,0,0
2000540000,287,0,0
2000550000,32,0,0
2000550000,33,0,0
2000550000,34,1,1
2000550000,35,0,0
2000550000,36,0,0
2000550000,37,0,0
2000550000,38,0,0
2000550000,39,0,0
2000550000,40,0,0
2000550000,41,0,0
2000550000,42,0,0
2000550000,43,0,0
2000550000,44,0,0
2000550000,45,0,0
2000550000,46,0,0
2000550000,47,0,0
2000550000,48,0,0
2000550000,49,0,0
2000550000,50,0,0
2000550000,51,0,0
2000550000,52,0,0
2000550000,53,0,0
2000550000,54,0,0
2000550000,55,0,0
2000550000,56,0,0
2000550000,57,0,0
2000550000,58,0,0
2000550000,59,0,0
2000550000,60,0,0
2000550000,61,0,0
2000550000,62,0,0
2000550000,63,0,0
2000550000,64,0,0
2000550000,65,0,0
2000550000,66,0,0
2000550000,67,0,0
2000550000,68,0,0
2000550000,69,0,0
2000550000,70,0,0
2000550000,71,0,0
2000550000,72,0,0
2000550000,73,0,0
2000550000,74,0,0
2000550000,75,0,0
2000550000,76,0,0
2000550000,77,0,0
2000550000,78,0,0
2000550000,79,0,0
2000550000,80,0,0
2000550000,81,0,0
2000550000,82,0,0
2000550000,83,0,0
2000550000,84,0,0
2000550000,85,0,0
2000550000,86,0,0
2000550000,87,0,0
2000550000,88,0,0
2000550000,89,0,0
2000550000,90,0,0
2000550000,91,0,0
2000550000,92,0,0
2000550000,93,0,0
2000550000,94,0,0
2000550000,95,0,0
2000550000,96,0,0
2000550000,97,0,0
2000550000,98,0,0
2000550000,99,0,0
2000550000,100,0,0
2000550000,101,0,0
2000550000,102,0,0
2000550000,103,0,0
2000550000,104,0,0
2000550000,105,0,0
2000550000,106,0,0
2000550000,107,0,0
2000550000,108,0,0
2000550000,109,0,0
2000550000,110,0,0
2000550000,111,0,0
2000550000,112,0,0
2000550000,113,0,0
2000550000,114,0,0
2000550000,115,0,0
2000550000,116,0,0
2000550000,117,0,0
2000550000,118,0,0
2000550000,119,0,0
2000550000,120,1,1
2000550000,121,0,0
2000550000,122,0,0
2000550000,123,0,0
2000550000,124,0,0
2000550000,125,0,0
2000550000,126,0,0
2000550000,127,0,0
2000550000,128,0,0
2000550000,129,0,0
2000550000,130,0,0
2000550000,131,0,0
2000550000,132,0,0
2000550000,133,0,0
2000550000,134,0,0
2000550000,135,0,0
2000550000,136,0,0
2000550000,137,0,0
2000550000,138,0,0
2000550000,139,0,0
2000550000,140,1,1
2000550000,141,0,0
2000550000,142,0,0
2000550000,143,0,0
2000550000,144,0,0
2000550000,145,0,0
2000550000,146,0,0
2000550000,147,0,0
2000550000,148,0,0
2000550000,149,0,0
2000550000,150,0,0
2000550000,151,0,0
2000550000,152,0,0
2000550000,153,0,0
2000550000,154,0,0
2000550000,155,0,0
2000550000,156,0,0
2000550000,157,0,0
2000550000,158,0,0
2000550000,159,0,0
2000550000,160,0,0
2000550000,161,0,0
2000550000,162,0,0
2000550000,163,0,0
2000550000,164,0,0
2000550000,165,0,0
2000550000,166,0,0
2000550000,167,0,0
2000550000,168,0,0
2000550000,169,0,0
2000550000,170,0,0
2000550000,171,0,0
2000550000,172,0,0
2000550000,173,0,0
2000550000,174,0,0
2000550000,175,0,0
2000550000,176,0,0
2000550000,177,0,0
2000550000,178,0,0
2000550000,179,0,0
2000550000,180,0,0
2000550000,181,0,0
2000550000,182,0,0
2000550000,183,0,0
2000550000,184,0,0
2000550000,185,0,0
2000550000,186,0,0
2000550000,187,0,0
2000550000,188,0,0
2000550000,189,0,0
2000550000,190,1,1
2000550000,191,0,0
2000550000,192,0,0
2000550000,193,0,0
2000550000,194,0,0
2000550000,195,0,0
2000550000,196,0,0
2000550000,197,0,0
2000550000,198,0,0
2000550000,199,0,0
2000550000,200,0,0
2000550000,201,0,0
2000550000,202,0,0
2000550000,203,0,0
2000550000,204,0,0
2000550000,205,0,0
2000550000,206,0,0
2000550000,207,0,0
2000550000,208,0,0
2000550000,209,0,0
2000550000,210,0,0
2000550000,211,0,0
2000550000,212,0,0
2000550000,213,0,0
2000550000,214,0,0
2000550000,215,0,0
2000550000,216,0,0
2000550000,217,0,0
2000550000,218,0,0
2000550000,219,0,0
2000550000,220,0,0
2000550000,221,0,0
2000550000,222,0,0
2000550000,223,0,0
2000550000,224,0,0
2000550000,225,0,0
2000550000,226,0,0
2000550000,227,0,0
2000550000,228,0,0
2000550000,229,0,0
2000550000,230,0,0
2000550000,231,0,0
2000550000,232,0,0
2000550000,233,0,0
2000550000,234,0,0
2000550000,235,0,0
2000550000,236,0,0
2000550000,237,0,0
2000550000,238,0,0
2000550000,239,0,0
2000550000,240,0,0
2000550000,241,0,0
2000550000,242,0,0
2000550000,243,0,0
2000550000,244,0,0
2000550000,245,0,0
2000550000,246,0,0
2000550000,247,0,0
2000550000,248,0,0
2000550000,249,0,0
2000550000,250,0,0
2000550000,251,0,0
2000550000,252,0,0
2000550000,253,0,0
2000550000,254,0,0
2000550000,255,0,0
2000550000,256,0,0
2000550000,257,0,0
2000550000,258,0,0
2000550000,259,0,0
2000550000,260,0,0
2000550000,261,0,0
2000550000,262,0,0
2000550000,263,0,0
2000550000,264,0,0
2000550000,265,0,0
2000550000,266,0,0
2000550000,267,0,0
2000550000,268,0,0
2000550000,269,0,0
2000550000,270,0,0
2000550000,271,0,0
2000550000,272,0,0
2000550000,273,0,0
2000550000,274,0,0
2000550000,275,0,0
2000550000,276,0,0
2000550000,277,0,0
2000550000,278,0,0
2000550000,279,0,0
2000550000,280,0,0
2000550000,281,0,0
2000550000,282,0,0
2000550000,283,0,0
2000550000,284,0,0
2000550000,285,0,0
2000550000,286,0,0
2000550000,287,0,0
2000560000,32,0,0
2000560000,33,0,0
2000560000,34,1,1
2000560000,35,0,0
2000560000,36,0,0
2000560000,37,0,0
2000560000,38,0,0
2000560000,39,0,0
2000560000,40,0,0
2000560000,41,0,0
2000560000,42,0,0
2000560000,43,0,0
2000560000,44,0,0
2000560000,45,0,0
2000560000,46,0,0
2000560000,47,0,0
2000560000,48,0,0
2000560000,49,0,0
2000560000,50,0,0
2000560000,51,0,0
2000560000,52,0,0
2000560000,53,0,0
2000560000,54,0,0
2000560000,55,0,0
2000560000,56,0,0
2000560000,57,0,0
2000560000,58,0,0
2000560000,59,0,0
2000560000,60,0,0
2000560000,61,0,0
2000560000,62,0,0
2000560000,63,0,0
2000560000,64,0,0
2000560000,65,0,0
2000560000,66,0,0
2000560000,67,0,0
2000560000,68,0,0
2000560000,69,0,0
2000560000,70,0,0
2000560000,71,0,0
2000560000,72,0,0
2000560000,73,0,0
2000560000,74,0,0
2000560000,75,0,0
2000560000,76,0,0
2000560000,77,0,0
2000560000,78,0,0
2000560000,79,0,0
2000560000,80,0,0
2000560000,81,0,0
2000560000,82,0,0
2000560000,83,0,0
2000560000,84,0,0
2000560000,85,0,0
2000560000,86,0,0
2000560000,87,0,0
2000560000,88,0,0
2000560000,89,0,0
2000560000,90,0,0
2000560000,91,0,0
2000560000,92,0,0
2000560000,93,0,0
2000560000,94,0,0
2000560000,95,0,0
2000560000,96,0,0
2000560000,97,0,0
2000560000,98,0,0
2000560000,99,0,0
2000560000,100,0,0
2000560000,101,0,0
2000560000,102,0,0
2000560000,103,0,0
2000560000,104,0,0
2000560000,105,0,0
2000560000,106,0,0
2000560000,107,0,0
2000560000,108,0,0
2000560000,109,0,0
2000560000,110,0,0
2000560000,111,0,0
2000560000,112,0,0
2000560000,113,0,0
2000560000,114,0,0
2000560000,115,0,0
2000560000,116,0,0
2000560000,117,0,0
2000560000,118,0,0
2000560000,119,0,0
2000560000,120,1,1
2000560000,121,0,0
2000560000,122,0,0
2000560000,123,0,0
2000560000,124,0,0
2000560000,125,0,0
2000560000,126,0,0
2000560000,127,0,0
2000560000,128,0,0
2000560000,129,0,0
2000560000,130,0,0
2000560000,131,0,0
2000560000,132,0,0
2000560000,133,0,0
2000560000,134,0,0
2000560000,135,0,0
2000560000,136,0,0
2000560000,137,0,0
2000560000,138,0,0
2000560000,139,0,0
2000560000,140,1,1
2000560000,141,0,0
2000560000,142,0,0
2000560000,143,0,0
2000560000,144,0,0
2000560000,145,0,0
2000560000,146,0,0
2000560000,147,0,0
2000560000,148,0,0
2000560000,149,0,0
2000560000,150,0,0
2000560000,151,0,0
2000560000,152,0,0
2000560000,153,0,0
2000560000,154,0,0
2000560000,155,0,0
2000560000,156,0,0
2000560000,157,0,0
2000560000,158,0,0
2000560000,159,0,0
2000560000,160,0,0
2000560000,161,0,0
2000560000,162,0,0
2000560000,163,0,0
2000560000,164,0,0
2000560000,165,0,0
2000560000,166,0,0
2000560000,167,0,0
2000560000,168,0,0
2000560000,169,0,0
2000560000,170,0,0
2000560000,171,0,0
2000560000,172,0,0
2000560000,173,0,0
2000560000,174,0,0
2000560000,175,0,0
2000560000,176,0,0
2000560000,177,0,0
2000560000,178,0,0
2000560000,179,0,0
2000560000,180,0,0
2000560000,181,0,0
2000560000,182,0,0
2000560000,183,0,0
2000560000,184,0,0
2000560000,185,0,0
2000560000,186,0,0
2000560000,187,0,0
2000560000,188,0,0
2000560000,189,0,0
2000560000,190,1,1
2000560000,191,0,0
2000560000,192,0,0
2000560000,193,0,0
2000560000,194,0,0
2000560000,195,0,0
2000560000,196,0,0
2000560000,197,0,0
2000560000,198,0,0
2000560000,199,0,0
2000560000,200,0,0
2000560000,201,0,0
2000560000,202,0,0
2000560000,203,0,0
2000560000,204,0,0
2000560000,205,0,0
2000560000,206,0,0
2000560000,207,0,0
2000560000,208,0,0
2000560000,209,0,0
2000560000,210,0,0
2000560000,211,0,0
2000560000,212,0,0
2000560000,213,0,0
2000560000,214,0,0
2000560000,215,0,0
2000560000,216,0,0
2000560000,217,0,0
2000560000,218,0,0
2000560000,219,0,0
2000560000,220,0,0
2000560000,221,0,0
2000560000,222,0,0
2000560000,223,0,0
2000560000,224,0,0
2000560000,225,0,0
2000560000,226,0,0
2000560000,227,0,0
2000560000,228,0,0
2000560000,229,0,0
2000560000,230,0,0
2000560000,231,0,0
2000560000,232,0,0
2000560000,233,0,0
2000560000,234,0,0
2000560000,235,0,0
2000560000,236,0,0
2000560000,237,0,0
2000560000,238,0,0
2000560000,239,0,0
2000560000,240,0,0
2000560000,241,0,0
2000560000,242,0,0
2000560000,243,0,0
2000560000,244,0,0
2000560000,245,0,0
2000560000,246,0,0
2000560000,247,0,0
2000560000,248,0,0
2000560000,249,0,0
2000560000,250,0,0
2000560000,251,0,0
2000560000,252,0,0
2000560000,253,0,0
2000560000,254,0,0
2000560000,255,0,0
2000560000,256,0,0
2000560000,257,0,0
2000560000,258,0,0
2000560000,259,0,0
2000560000,260,0,0
2000560000,261,0,0
2000560000,262,0,0
2000560000,263,0,0
2000560000,264,0,0
2000560000,265,0,0
2000560000,266,0,0
2000560000,267,0,0
2000560000,268,0,0
2000560000,269,0,0
2000560000,270,0,0
2000560000,271,0,0
2000560000,272,0,0
2000560000,273,0,0
2000560000,274,0,0
2000560000,275,0,0
2000560000,276,0,0
2000560000,277,0,0
2000560000,278,0,0
2000560000,279,0,0
2000560000,280,0,0
2000560000,281,0,0
2000560000,282,0,0
2000560000,283,0,0
2000560000,284,0,0
2000560000,285,0,0
2000560000,286,0,0
2000560000,287,0,0
2000570000,32,0,0
2000570000,33,0,0
2000570000,34,1,1
2000570000,35,0,0
2000570000,36,0,0
2000570000,37,0,0
2000570000,38,0,0
2000570000,39,0,0
2000570000,40,0,0
2000570000,41,0,0
2000570000,42,0,0
2000570000,43,0,0
2000570000,44,0,0
2000570000,45,0,0
2000570000,46,0,0
2000570000,47,0,0
2000570000,48,0,0
2000570000,49,0,0
2000570000,50,0,0
2000570000,51,0,0
2000570000,52,0,0
2000570000,53,0,0
2000570000,54,0,0
2000570000,55,0,0
2000570000,56,0,0
2000570000,57,0,0
2000570000,58,0,0
2000570000,59,0,0
2000570000,60,0,0
2000570000,61,0,0
2000570000,62,0,0
2000570000,63,0,0
2000570000,64,0,0
2000570000,65,0,0
2000570000,66,0,0
2000570000,67,0,0
2000570000,68,0,0
2000570000,69,0,0
2000570000,70,0,0
2000570000,71,0,0
2000570000,72,0,0
2000570000,73,0,0
2000570000,74,0,0
2000570000,75,0,0
2000570000,76,0,0
2000570000,77,0,0
2000570000,78,0,0
2000570000,79,0,0
2000570000,80,0,0
2000570000,81,0,0
2000570000,82,0,0
2000570000,83,0,0
2000570000,84,0,0
2000570000,85,0,0
2000570000,86,0,0
2000570000,87,0,0
2000570000,88,0,0
2000570000,89,0,0
2000570000,90,0,0
2000570000,91,0,0
2000570000,92,0,0
2000570000,93,0,0
2000570000,94,0,0
2000570000,95,0,0
2000570000,96,0,0
2000570000,97,0,0
2000570000,98,0,0
2000570000,99,0,0
2000570000,100,0,0
2000570000,101,0,0
2000570000,102,0,0
2000570000,103,0,0
2000570000,104,0,0
2000570000,105,0,0
2000570000,106,0,0
2000570000,107,0,0
2000570000,108,0,0
2000570000,109,0,0
2000570000,110,0,0
2000570000,111,0,0
2000570000,112,0,0
2000570000,113,0,0
2000570000,114,0,0
2000570000,115,0,0
2000570000,116,0,0
2000570000,117,0,0
2000570000,118,0,0
2000570000,119,0,0
2000570000,120,1,1
2000570000,121,0,0
2000570000,122,0,0
2000570000,123,0,0
2000570000,124,0,0
2000570000,125,0,0
2000570000,126,0,0
2000570000,127,0,0
2000570000,128,0,0
2000570000,129,0,0
2000570000,130,0,0
2000570000,131,0,0
2000570000,132,0,0
2000570000,133,0,0
2000570000,134,0,0
2000570000,135,0,0
2000570000,136,0,0
2000570000,137,0,0
2000570000,138,0,0
2000570000,139,0,0
2000570000,140,1,1
2000570000,141,0,0
2000570000,142,0,0
2000570000,143,0,0
2000570000,144,0,0
2000570000,145,0,0
2000570000,146,0,0
2000570000,147,0,0
2000570000,148,0,0
2000570000,149,0,0
2000570000,150,0,0
2000570000,151,0,0
2000570000,152,0,0
2000570000,153,0,0
2000570000,154,0,0
2000570000,155,0,0
2000570000,156,0,0
2000570000,157,0,0
2000570000,158,0,0
2000570000,159,0,0
2000570000,160,0,0
2000570000,161,0,0
2000570000,162,0,0
2000570000,163,0,0
2000570000,164,0,0
2000570000,165,0,0
2000570000,166,0,0
2000570000,167,0,0
2000570000,168,0,0
2000570000,169,0,0
2000570000,170,0,0
2000570000,171,0,0
2000570000,172,0,0
2000570000,173,0,0
2000570000,174,0,0
2000570000,175,0,0
2000570000,176,0,0
2000570000,177,0,0
2000570000,178,0,0
2000570000,179,0,0
2000570000,180,0,0
2000570000,181,0,0
2000570000,182,0,0
2000570000,183,0,0
2000570000,184,0,0
2000570000,185,0,0
2000570000,186,0,0
2000570000,187,0,0
2000570000,188,0,0
2000570000,189,0,0
2000570000,190,1,1
2000570000,191,0,0
2000570000,192,0,0
2000570000,193,0,0
2000570000,194,0,0
2000570000,195,0,0
2000570000,196,0,0
2000570000,197,0,0
2000570000,198,0,0
2000570000,199,0,0
2000570000,200,0,0
2000570000,201,0,0
2000570000,202,0,0
2000570000,203,0,0
2000570000,204,0,0
2000570000,205,0,0
2000570000,206,0,0
2000570000,207,0,0
2000570000,208,0,0
2000570000,209,0,0
2000570000,210,0,0
2000570000,211,0,0
2000570000,212,0,0
2000570000,213,0,0
2000570000,214,0,0
2000570000,215,0,0
2000570000,216,0,0
2000570000,217,0,0
2000570000,218,0,0
2000570000,219,0,0
2000570000,220,0,0
2000570000,221,0,0
2000570000,222,0,0
2000570000,223,0,0
2000570000,224,0,0
2000570000,225,0,0
2000570000,226,0,0
2000570000,227,0,0
2000570000,228,0,0
2000570000,229,0,0
2000570000,230,0,0
2000570000,231,0,0
2000570000,232,0,0
2000570000,233,0,0
2000570000,234,0,0
2000570000,235,0,0
2000570000,236,0,0
2000570000,237,0,0
2000570000,238,0,0
2000570000,239,0,0
2000570000,240,0,0
2000570000,241,0,0
2000570000,242,0,0
2000570000,243,0,0
2000570000,244,0,0
2000570000,245,0,0
2000570000,246,0,0
2000570000,247,0,0
2000570000,248,0,0
2000570000,249,0,0
2000570000,250,0,0
2000570000,251,0,0
2000570000,252,0,0
2000570000,253,0,0
2000570000,254,0,0
2000570000,255,0,0
2000570000,256,0,0
2000570000,257,0,0
2000570000,258,0,0
2000570000,259,0,0
2000570000,260,0,0
2000570000,261,0,0
2000570000,262,0,0
2000570000,263,0,0
2000570000,264,0,0
2000570000,265,0,0
2000570000,266,0,0
2000570000,267,0,0
2000570000,268,0,0
2000570000,269,0,0
2000570000,270,0,0
2000570000,271,0,0
2000570000,272,0,0
2000570000,273,0,0
2000570000,274,0,0
2000570000,275,0,0
2000570000,276,0,0
2000570000,277,0,0
2000570000,278,0,0
2000570000,279,0,0
2000570000,280,0,0
2000570000,281,0,0
2000570000,282,0,0
2000570000,283,0,0
2000570000,284,0,0
2000570000,285,0,0
2000570000,286,0,0
2000570000,287,0,0
2000580000,32,0,0
2000580000,33,0,0
2000580000,34,1,1
2000580000,35,0,0
2000580000,36,0,0
2000580000,37,0,0
2000580000,38,0,0
2000580000,39,0,0
2000580000,40,0,0
2000580000,41,0,0
2000580000,42,0,0
2000580000,43,0,0
2000580000,44,0,0
2000580000,45,0,0
2000580000,46,0,0
2000580000,47,0,0
2000580000,48,0,0
2000580000,49,0,0
2000580000,50,0,0
2000580000,51,0,0
2000580000,52,0,0
2000580000,53,0,0
2000580000,54,0,0
2000580000,55,0,0
2000580000,56,0,0
2000580000,57,0,0
2000580000,58,0,0
2000580000,59,0,0
2000580000,60,0,0
2000580000,61,0,0
2000580000,62,0,0
2000580000,63,0,0
2000580000,64,0,0
2000580000,65,0,0
2000580000,66,0,0
2000580000,67,0,0
2000580000,68,0,0
2000580000,69,0,0
2000580000,70,0,0
2000580000,71,0,0
2000580000,72,0,0
2000580000,73,0,0
2000580000,74,0,0
2000580000,75,0,0
2000580000,76,0,0
2000580000,77,0,0
2000580000,78,0,0
2000580000,79,0,0
2000580000,80,0,0
2000580000,81,0,0
2000580000,82,0,0
2000580000,83,0,0
2000580000,84,0,0
2000580000,85,0,0
2000580000,86,0,0
2000580000,87,0,0
2000580000,88,0,0
2000580000,89,0,0
2000580000,90,0,0
2000580000,91,0,0
2000580000,92,0,0
2000580000,93,0,0
2000580000,94,0,0
2000580000,95,0,0
2000580000,96,0,0
2000580000,97,0,0
2000580000,98,0,0
2000580000,99,0,0
2000580000,100,0,0
2000580000,101,0,0
2000580000,102,0,0
2000580000,103,0,0
2000580000,104,0,0
2000580000,105,0,0
2000580000,106,0,0
2000580000,107,0,0
2000580000,108,0,0
2000580000,109,0,0
2000580000,110,0,0
2000580000,111,0,0
2000580000,112,0,0
2000580000,113,0,0
2000580000,114,0,0
2000580000,115,0,0
2000580000,116,0,0
2000580000,117,0,0
2000580000,118,0,0
2000580000,119,0,0
2000580000,120,1,1
2000580000,121,0,0
2000580000,122,0,0
2000580000,123,0,0
2000580000,124,0,0
2000580000,125,0,0
2000580000,126,0,0
2000580000,127,0,0
2000580000,128,0,0
2000580000,129,0,0
2000580000,130,0,0
2000580000,131,0,0
2000580000,132,0,0
2000580000,133,0,0
2000580000,134,0,0
2000580000,135,0,0
2000580000,136,0,0
2000580000,137,0,0
2000580000,138,0,0
2000580000,139,0,0
2000580000,140,1,1
2000580000,141,0,0
2000580000,142,0,0
2000580000,143,0,0
2000580000,144,0,0
2000580000,145,0,0
2000580000,146,0,0
2000580000,147,0,0
2000580000,148,0,0
2000580000,149,0,0
2000580000,150,0,0
2000580000,151,0,0
2000580000,152,0,0
2000580000,153,0,0
2000580000,154,0,0
2000580000,155,0,0
2000580000,156,0,0
2000580000,157,0,0
2000580000,158,0,0
2000580000,159,0,0
2000580000,160,0,0
2000580000,161,0,0
2000580000,162,0,0
2000580000,163,0,0
2000580000,164,0,0
2000580000,165,0,0
2000580000,166,0,0
2000580000,167,0,0
2000580000,168,0,0
2000580000,169,0,0
2000580000,170,0,0
2000580000,171,0,0
2000580000,172,0,0
2000580000,173,0,0
2000580000,174,0,0
2000580000,175,0,0
2000580000,176,0,0
2000580000,177,0,0
2000580000,178,0,0
2000580000,179,0,0
2000580000,180,0,0
2000580000,181,0,0
2000580000,182,0,0
2000580000,183,0,0
2000580000,184,0,0
2000580000,185,0,0
2000580000,186,0,0
2000580000,187,0,0
2000580000,188,0,0
2000580000,189,0,0
2000580000,190,1,1
2000580000,191,0,0
2000580000,192,0,0
2000580000,193,0,0
2000580000,194,0,0
2000580000,195,0,0
2000580000,196,0,0
2000580000,197,0,0
2000580000,198,0,0
2000580000,199,0,0
2000580000,200,0,0
2000580000,201,0,0
2000580000,202,0,0
2000580000,203,0,0
2000580000,204,0,0
2000580000,205,0,0
2000580000,206,0,0
2000580000,207,0,0
2000580000,208,0,0
2000580000,209,0,0
2000580000,210,0,0
2000580000,211,0,0
2000580000,212,0,0
2000580000,213,0,0
2000580000,214,0,0
2000580000,215,0,0
2000580000,216,0,0
2000580000,217,0,0
2000580000,218,0,0
2000580000,219,0,0
2000580000,220,0,0
2000580000,221,0,0
2000580000,222,0,0
2000580000,223,0,0
2000580000,224,0,0
2000580000,225,0,0
2000580000,226,0,0
2000580000,227,0,0
2000580000,228,0,0
2000580000,229,0,0
2000580000,230,0,0
2000580000,231,0,0
2000580000,232,0,0
2000580000,233,0,0
2000580000,234,0,0
2000580000,235,0,0
2000580000,236,0,0
2000580000,237,0,0
2000580000,238,0,0
2000580000,239,0,0
2000580000,240,0,0
2000580000,241,0,0
2000580000,242,0,0
2000580000,243,0,0
2000580000,244,0,0
2000580000,245,0,0
2000580000,246,0,0
2000580000,247,0,0
2000580000,248,0,0
2000580000,249,0,0
2000580000,250,0,0
2000580000,251,0,0
2000580000,252,0,0
2000580000,253,0,0
2000580000,254,0,0
2000580000,255,0,0
2000580000,256,0,0
2000580000,257,0,0
2000580000,258,0,0
2000580000,259,0,0
2000580000,260,0,0
2000580000,261,0,0
2000580000,262,0,0
2000580000,263,0,0
2000580000,264,0,0
2000580000,265,0,0
2000580000,266,0,0
2000580000,267,0,0
2000580000,268,0,0
2000580000,269,0,0
2000580000,270,0,0
2000580000,271,0,0
2000580000,272,0,0
2000580000,273,0,0
2000580000,274,0,0
2000580000,275,0,0
2000580000,276,0,0
2000580000,277,0,0
2000580000,278,0,0
2000580000,279,0,0
2000580000,280,0,0
2000580000,281,0,0
2000580000,282,0,0
2000580000,283,0,0
2000580000,284,0,0
2000580000,285,0,0
2000580000,286,0,0
2000580000,287,0,0
2000590000,32,0,0
2000590000,33,0,0
2000590000,34,1,1
2000590000,35,0,0
2000590000,36,0,0
2000590000,37,0,0
2000590000,38,0,0
2000590000,39,0,0
2000590000,40,0,0
2000590000,41,0,0
2000590000,42,0,0
2000590000,43,0,0
2000590000,44,0,0
2000590000,45,0,0
2000590000,46,0,0
2000590000,47,0,0
2000590000,48,0,0
2000590000,49,0,0
2000590000,50,0,0
2000590000,51,0,0
2000590000,52,0,0
2000590000,53,0,0
2000590000,54,0,0
2000590000,55,0,0
2000590000,56,0,0
2000590000,57,0,0
2000590000,58,0,0
2000590000,59,0,0
2000590000,60,0,0
2000590000,61,0,0
2000590000,62,0,0
2000590000,63,0,0
2000590000,64,0,0
2000590000,65,0,0
2000590000,66,0,0
2000590000,67,0,0
2000590000,68,0,0
2000590000,69,0,0
2000590000,70,0,0
2000590000,71,0,0
2000590000,72,0,0
2000590000,73,0,0
2000590000,74,0,0
2000590000,75,0,0
2000590000,76,0,0
2000590000,77,0,0
2000590000,78,0,0
2000590000,79,0,0
2000590000,80,0,0
2000590000,81,0,0
2000590000,82,0,0
2000590000,83,0,0
2000590000,84,0,0
2000590000,85,0,0
2000590000,86,0,0
2000590000,87,0,0
2000590000,88,0,0
2000590000,89,0,0
2000590000,90,0,0
2000590000,91,0,0
2000590000,92,0,0
2000590000,93,0,0
2000590000,94,0,0
2000590000,95,0,0
2000590000,96,0,0
2000590000,97,0,0
2000590000,98,0,0
2000590000,99,0,0
2000590000,100,0,0
2000590000,101,0,0
2000590000,102,0,0
2000590000,103,0,0
2000590000,104,0,0
2000590000,105,0,0
2000590000,106,0,0
2000590000,107,0,0
2000590000,108,0,0
2000590000,109,0,0
2000590000,110,0,0
2000590000,111,0,0
2000590000,112,0,0
2000590000,113,0,0
2000590000,114,0,0
2000590000,115,0,0
2000590000,116,0,0
2000590000,117,0,0
2000590000,118,0,0
2000590000,119,0,0
2000590000,120,1,1
2000590000,121,0,0
2000590000,122,0,0
2000590000,123,0,0
2000590000,124,0,0
2000590000,125,0,0
2000590000,126,0,0
2000590000,127,0,0
2000590000,128,0,0
2000590000,129,0,0
2000590000,130,0,0
2000590000,131,0,0
2000590000,132,0,0
2000590000,133,0,0
2000590000,134,0,0
2000590000,135,0,0
2000590000,136,0,0
2000590000,137,0,0
2000590000,138,0,0
2000590000,139,0,0
2000590000,140,1,1
2000590000,141,0,0
2000590000,142,0,0
2000590000,143,0,0
2000590000,144,0,0
2000590000,145,0,0
2000590000,146,0,0
2000590000,147,0,0
2000590000,148,0,0
2000590000,149,0,0
2000590000,150,0,0
2000590000,151,0,0
2000590000,152,0,0
2000590000,153,0,0
2000590000,154,0,0
2000590000,155,0,0
2000590000,156,0,0
2000590000,157,0,0
2000590000,158,0,0
2000590000,159,0,0
2000590000,160,0,0
2000590000,161,0,0
2000590000,162,0,0
2000590000,163,0,0
2000590000,164,0,0
2000590000,165,0,0
2000590000,166,0,0
2000590000,167,0,0
2000590000,168,0,0
2000590000,169,0,0
2000590000,170,0,0
2000590000,171,0,0
2000590000,172,0,0
2000590000,173,0,0
2000590000,174,0,0
2000590000,175,0,0
2000590000,176,0,0
2000590000,177,0,0
2000590000,178,0,0
2000590000,179,0,0
2000590000,180,0,0
2000590000,181,0,0
2000590000,182,0,0
2000590000,183,0,0
2000590000,184,0,0
2000590000,185,0,0
2000590000,186,0,0
2000590000,187,0,0
2000590000,188,0,0
2000590000,189,0,0
2000590000,190,1,1
2000590000,191,0,0
2000590000,192,0,0
2000590000,193,0,0
2000590000,194,0,0
2000590000,195,0,0
2000590000,196,0,0
2000590000,197,0,0
2000590000,198,0,0
2000590000,199,0,0
2000590000,200,0,0
2000590000,201,0,0
2000590000,202,0,0
2000590000,203,0,0
2000590000,204,0,0
2000590000,205,0,0
2000590000,206,0,0
2000590000,207,0,0
2000590000,208,0,0
2000590000,209,0,0
2000590000,210,0,0
2000590000,211,0,0
2000590000,212,0,0
2000590000,213,0,0
2000590000,214,0,0
2000590000,215,0,0
2000590000,216,0,0
2000590000,217,0,0
2000590000,218,0,0
2000590000,219,0,0
2000590000,220,0,0
2000590000,221,0,0
2000590000,222,0,0
2000590000,223,0,0
2000590000,224,0,0
2000590000,225,0,0
2000590000,226,0,0
2000590000,227,0,0
2000590000,228,0,0
2000590000,229,0,0
2000590000,230,0,0
2000590000,231,0,0
2000590000,232,0,0
2000590000,233,0,0
2000590000,234,0,0
2000590000,235,0,0
2000590000,236,0,0
2000590000,237,0,0
2000590000,238,0,0
2000590000,239,0,0
2000590000,240,0,0
2000590000,241,0,0
2000590000,242,0,0
2000590000,243,0,0
2000590000,244,0,0
2000590000,245,0,0
2000590000,246,0,0
2000590000,247,0,0
2000590000,248,0,0
2000590000,249,0,0
2000590000,250,0,0
2000590000,251,0,0
2000590000,252,0,0
2000590000,253,0,0
2000590000,254,0,0
2000590000,255,0,0
2000590000,256,0,0
2000590000,257,0,0
2000590000,258,0,0
2000590000,259,0,0
2000590000,260,0,0
2000590000,261,0,0
2000590000,262,0,0
2000590000,263,0,0
2000590000,264,0,0
2000590000,265,0,0
2000590000,266,0,0
2000590000,267,0,0
2000590000,268,0,0
2000590000,269,0,0
2000590000,270,0,0
2000590000,271,0,0
2000590000,272,0,0
2000590000,273,0,0
2000590000,274,0,0
2000590000,275,0,0
2000590000,276,0,0
2000590000,277,0,0
2000590000,278,0,0
2000590000,279,0,0
2000590000,280,0,0
2000590000,281,0,0
2000590000,282,0,0
2000590000,283,0,0
2000590000,284,0,0
2000590000,285,0,0
2000590000,286,0,0
2000590000,287,0,0
2000600000,32,0,0
2000600000,33,0,0
2000600000,34,1,1
2000600000,35,0,0
2000600000,36,0,0
2000600000,37,0,0
2000600000,38,0,0
2000600000,39,0,0
2000600000,40,0,0
2000600000,41,0,0
2000600000,42,0,0
2000600000,43,0,0
2000600000,44,0,0
2000600000,45,0,0
2000600000,46,0,0
2000600000,47,0,0
2000600000,48,0,0
2000600000,49,0,0
2000600000,50,0,0
2000600000,51,0,0
2000600000,52,0,0
2000600000,53,0,0
2000600000,54,0,0
2000600000,55,0,0
2000600000,56,0,0
2000600000,57,0,0
2000600000,58,0,0
2000600000,59,0,0
2000600000,60,0,0
2000600000,61,0,0
2000600000,62,0,0
2000600000,63,0,0
2000600000,64,0,0
2000600000,65,0,0
2000600000,66,0,0
2000600000,67,0,0
2000600000,68,0,0
2000600000,69,0,0
2000600000,70,0,0
2000600000,71,0,0
2000600000,72,0,0
2000600000,73,0,0
2000600000,74,0,0
2000600000,75,0,0
2000600000,76,0,0
2000600000,77,0,0
2000600000,78,0,0
2000600000,79,0,0
2000600000,80,0,0
2000600000,81,0,0
2000600000,82,0,0
2000600000,83,0,0
2000600000,84,0,0
2000600000,85,0,0
2000600000,86,0,0
2000600000,87,0,0
2000600000,88,0,0
2000600000,89,0,0
2000600000,90,0,0
2000600000,91,0,0
2000600000,92,0,0
2000600000,93,0,0
2000600000,94,0,0
2000600000,95,0,0
2000600000,96,0,0
2000600000,97,0,0
2000600000,98,0,0
2000600000,99,0,0
2000600000,100,0,0
2000600000,101,0,0
2000600000,102,0,0
2000600000,103,0,0
2000600000,104,0,0
2000600000,105,0,0
2000600000,106,0,0
2000600000,107,0,0
2000600000,108,0,0
2000600000,109,0,0
2000600000,110,0,0
2000600000,111,0,0
2000600000,112,0,0
2000600000,113,0,0
2000600000,114,0,0
2000600000,115,0,0
2000600000,116,0,0
2000600000,117,0,0
2000600000,118,0,0
2000600000,119,0,0
2000600000,120,1,1
2000600000,121,0,0
2000600000,122,0,0
2000600000,123,0,0
2000600000,124,0,0
2000600000,125,0,0
2000600000,126,0,0
2000600000,127,0,0
2000600000,128,0,0
2000600000,129,0,0
2000600000,130,0,0
2000600000,131,0,0
2000600000,132,0,0
2000600000,133,0,0
2000600000,134,0,0
2000600000,135,0,0
2000600000,136,0,0
2000600000,137,0,0
2000600000,138,0,0
2000600000,139,0,0
2000600000,140,1,1
2000600000,141,0,0
2000600000,142,0,0
2000600000,143,0,0
2000600000,144,0,0
2000600000,145,0,0
2000600000,146,0,0
2000600000,147,0,0
2000600000,148,0,0
2000600000,149,0,0
2000600000,150,0,0
2000600000,151,0,0
2000600000,152,0,0
2000600000,153,0,0
2000600000,154,0,0
2000600000,155,0,0
2000600000,156,0,0
2000600000,157,0,0
2000600000,158,0,0
2000600000,159,0,0
2000600000,160,0,0
2000600000,161,0,0
2000600000,162,0,0
2000600000,163,0,0
2000600000,164,0,0
2000600000,165,0,0
2000600000,166,0,0
2000600000,167,0,0
2000600000,168,0,0
2000600000,169,0,0
2000600000,170,0,0
2000600000,171,0,0
2000600000,172,0,0
2000600000,173,0,0
2000600000,174,0,0
2000600000,175,0,0
2000600000,176,0,0
2000600000,177,0,0
2000600000,178,0,0
2000600000,179,0,0
2000600000,180,0,0
2000600000,181,0,0
2000600000,182,0,0
2000600000,183,0,0
2000600000,184,0,0
2000600000,185,0,0
2000600000,186,0,0
2000600000,187,0,0
2000600000,188,0,0
2000600000,189,0,0
2000600000,190,1,1
2000600000,191,0,0
2000600000,192,0,0
2000600000,193,0,0
2000600000,194,0,0
2000600000,195,0,0
2000600000,196,0,0
2000600000,197,0,0
2000600000,198,0,0
2000600000,199,0,0
2000600000,200,0,0
2000600000,201,0,0
2000600000,202,0,0
2000600000,203,0,0
2000600000,204,0,0
2000600000,205,0,0
2000600000,206,0,0
2000600000,207,0,0
2000600000,208,0,0
2000600000,209,0,0
2000600000,210,0,0
2000600000,211,0,0
2000600000,212,0,0
2000600000,213,0,0
2000600000,214,0,0
2000600000,215,0,0
2000600000,216,0,0
2000600000,217,0,0
2000600000,218,0,0
2000600000,219,0,0
2000600000,220,0,0
2000600000,221,0,0
2000600000,222,0,0
2000600000,223,0,0
2000600000,224,0,0
2000600000,225,0,0
2000600000,226,0,0
2000600000,227,0,0
2000600000,228,0,0
2000600000,229,0,0
2000600000,230,0,0
2000600000,231,0,0
2000600000,232,0,0
2000600000,233,0,0
2000600000,234,0,0
2000600000,235,0,0
2000600000,236,0,0
2000600000,237,0,0
2000600000,238,0,0
2000600000,239,0,0
2000600000,240,0,0
2000600000,241,0,0
2000600000,242,0,0
2000600000,243,0,0
2000600000,244,0,0
2000600000,245,0,0
2000600000,246,0,0
2000600000,247,0,0
2000600000,248,0,0
2000600000,249,0,0
2000600000,250,0,0
2000600000,251,0,0
2000600000,252,0,0
2000600000,253,0,0
2000600000,254,0,0
2000600000,255,0,0
2000600000,256,0,0
2000600000,257,0,0
2000600000,258,0,0
2000600000,259,0,0
2000600000,260,0,0
2000600000,261,0,0
2000600000,262,0,0
2000600000,263,0,0
2000600000,264,0,0
2000600000,265,0,0
2000600000,266,0,0
2000600000,267,0,0
2000600000,268,0,0
2000600000,269,0,0
2000600000,270,0,0
2000600000,271,0,0
2000600000,272,0,0
2000600000,273,0,0
2000600000,274,0,0
2000600000,275,0,0
2000600000,276,0,0
2000600000,277,0,0
2000600000,278,0,0
2000600000,279,0,0
2000600000,280,0,0
2000600000,281,0,0
2000600000,282,0,0
2000600000,283,0,0
2000600000,284,0,0
2000600000,285,0,0
2000600000,286,0,0
2000600000,287,0,0
2000610000,32,0,0
2000610000,33,0,0
2000610000,34,1,1
2000610000,35,0,0
2000610000,36,0,0
2000610000,37,0,0
2000610000,38,0,0
2000610000,39,0,0
2000610000,40,0,0
2000610000,41,0,0
2000610000,42,0,0
2000610000,43,0,0
2000610000,44,0,0
2000610000,45,0,0
2000610000,46,0,0
2000610000,47,0,0
2000610000,48,0,0
2000610000,49,0,0
2000610000,50,0,0
2000610000,51,0,0
2000610000,52,0,0
2000610000,53,0,0
2000610000,54,0,0
2000610000,55,0,0
2000610000,56,0,0
2000610000,57,0,0
2000610000,58,0,0
2000610000,59,0,0
2000610000,60,0,0
2000610000,61,0,0
2000610000,62,0,0
2000610000,63,0,0
2000610000,64,0,0
2000610000,65,0,0
2000610000,66,0,0
2000610000,67,0,0
2000610000,68,0,0
2000610000,69,0,0
2000610000,70,0,0
2000610000,71,0,0
2000610000,72,0,0
2000610000,73,0,0
2000610000,74,0,0
2000610000,75,0,0
2000610000,76,0,0
2000610000,77,0,0
2000610000,78,0,0
2000610000,79,0,0
2000610000,80,0,0
2000610000,81,0,0
2000610000,82,0,0
2000610000,83,0,0
2000610000,84,0,0
2000610000,85,0,0
2000610000,86,0,0
2000610000,87,0,0
2000610000,88,0,0
2000610000,89,0,0
2000610000,90,0,0
2000610000,91,0,0
2000610000,92,0,0
2000610000,93,0,0
2000610000,94,0,0
2000610000,95,0,0
2000610000,96,0,0
2000610000,97,0,0
2000610000,98,0,0
2000610000,99,0,0
2000610000,100,0,0
2000610000,101,0,0
2000610000,102,0,0
2000610000,103,0,0
2000610000,104,0,0
2000610000,105,0,0
2000610000,106,0,0
2000610000,107,0,0
2000610000,108,0,0
2000610000,109,0,0
2000610000,110,0,0
2000610000,111,0,0
2000610000,112,0,0
2000610000,113,0,0
2000610000,114,0,0
2000610000,115,0,0
2000610000,116,0,0
2000610000,117,0,0
2000610000,118,0,0
2000610000,119,0,0
2000610000,120,1,1
2000610000,121,0,0
2000610000,122,0,0
2000610000,123,0,0
2000610000,124,0,0
2000610000,125,0,0
2000610000,126,0,0
2000610000,127,0,0
2000610000,128,0,0
2000610000,129,0,0
2000610000,130,0,0
2000610000,131,0,0
2000610000,132,0,0
2000610000,133,0,0
2000610000,134,0,0
2000610000,135,0,0
2000610000,136,0,0
2000610000,137,0,0
2000610000,138,0,0
2000610000,139,0,0
2000610000,140,1,1
2000610000,141,0,0
2000610000,142,0,0
2000610000,143,0,0
2000610000,144,0,0
2000610000,145,0,0
2000610000,146,0,0
2000610000,147,0,0
2000610000,148,0,0
2000610000,149,0,0
2000610000,150,0,0
2000610000,151,0,0
2000610000,152,0,0
2000610000,153,0,0
2000610000,154,0,0
2000610000,155,0,0
2000610000,156,0,0
2000610000,157,0,0
2000610000,158,0,0
2000610000,159,0,0
2000610000,160,0,0
2000610000,161,0,0
2000610000,162,0,0
2000610000,163,0,0
2000610000,164,0,0
2000610000,165,0,0
2000610000,166,0,0
2000610000,167,0,0
2000610000,168,0,0
2000610000,169,0,0
2000610000,170,0,0
2000610000,171,0,0
2000610000,172,0,0
2000610000,173,0,0
2000610000,174,0,0
2000610000,175,0,0
2000610000,176,0,0
2000610000,177,0,0
2000610000,178,0,0
2000610000,179,0,0
2000610000,180,0,0
2000610000,181,0,0
2000610000,182,0,0
2000610000,183,0,0
2000610000,184,0,0
2000610000,185,0,0
2000610000,186,0,0
2000610000,187,0,0
2000610000,188,0,0
2000610000,189,0,0
2000610000,190,1,1
2000610000,191,0,0
2000610000,192,0,0
2000610000,193,0,0
2000610000,194,0,0
2000610000,195,0,0
2000610000,196,0,0
2000610000,197,0,0
2000610000,198,0,0
2000610000,199,0,0
2000610000,200,0,0
2000610000,201,0,0
2000610000,202,0,0
2000610000,203,0,0
2000610000,204,0,0
2000610000,205,0,0
2000610000,206,0,0
2000610000,207,0,0
2000610000,208,0,0
2000610000,209,0,0
2000610000,210,0,0
2000610000,211,0,0
2000610000,212,0,0
2000610000,213,0,0
2000610000,214,0,0
2000610000,215,0,0
2000610000,216,0,0
2000610000,217,0,0
2000610000,218,0,0
2000610000,219,0,0
2000610000,220,0,0
2000610000,221,0,0
2000610000,222,0,0
2000610000,223,0,0
2000610000,224,0,0
2000610000,225,0,0
2000610000,226,0,0
2000610000,227,0,0
2000610000,228,0,0
2000610000,229,0,0
2000610000,230,0,0
2000610000,231,0,0
2000610000,232,0,0
2000610000,233,0,0
2000610000,234,0,0
2000610000,235,0,0
2000610000,236,0,0
2000610000,237,0,0
2000610000,238,0,0
2000610000,239,0,0
2000610000,240,0,0
2000610000,241,0,0
2000610000,242,0,0
2000610000,243,0,0
2000610000,244,0,0
2000610000,245,0,0
2000610000,246,0,0
2000610000,247,0,0
2000610000,248,0,0
2000610000,249,0,0
2000610000,250,0,0
2000610000,251,0,0
2000610000,252,0,0
2000610000,253,0,0
2000610000,254,0,0
2000610000,255,0,0
2000610000,256,0,0
2000610000,257,0,0
2000610000,258,0,0
2000610000,259,0,0
2000610000,260,0,0
2000610000,261,0,0
2000610000,262,0,0
2000610000,263,0,0
2000610000,264,0,0
2000610000,265,0,0
2000610000,266,0,0
2000610000,267,0,0
2000610000,268,0,0
2000610000,269,0,0
2000610000,270,0,0
2000610000,271,0,0
2000610000,272,0,0
2000610000,273,0,0
2000610000,274,0,0
2000610000,275,0,0
2000610000,276,0,0
2000610000,277,0,0
2000610000,278,0,0
2000610000,279,0,0
2000610000,280,0,0
2000610000,281,0,0
2000610000,282,0,0
2000610000,283,0,0
2000610000,284,0,0
2000610000,285,0,0
2000610000,286,0,0
2000610000,287,0,0
2000620000,32,0,0
2000620000,33,0,0
2000620000,34,1,1
2000620000,35,0,0
2000620000,36,0,0
2000620000,37,0,0
2000620000,38,0,0
2000620000,39,0,0
2000620000,40,0,0
2000620000,41,0,0
2000620000,42,0,0
2000620000,43,0,0
2000620000,44,0,0
2000620000,45,0,0
2000620000,46,0,0
2000620000,47,0,0
2000620000,48,0,0
2000620000,49,0,0
2000620000,50,0,0
2000620000,51,0,0
2000620000,52,0,0
2000620000,53,0,0
2000620000,54,0,0
2000620000,55,0,0
2000620000,56,0,0
2000620000,57,0,0
2000620000,58,0,0
2000620000,59,0,0
2000620000,60,0,0
2000620000,61,0,0
2000620000,62,0,0
2000620000,63,0,0
2000620000,64,0,0
2000620000,65,0,0
2000620000,66,0,0
2000620000,67,0,0
2000620000,68,0,0
2000620000,69,0,0
2000620000,70,0,0
2000620000,71,0,0
2000620000,72,0,0
2000620000,73,0,0
2000620000,74,0,0
2000620000,75,0,0
2000620000,76,0,0
2000620000,77,0,0
2000620000,78,0,0
2000620000,79,0,0
2000620000,80,0,0
2000620000,81,0,0
2000620000,82,0,0
2000620000,83,0,0
2000620000,84,0,0
2000620000,85,0,0
2000620000,86,0,0
2000620000,87,0,0
2000620000,88,0,0
2000620000,89,0,0
2000620000,90,0,0
2000620000,91,0,0
2000620000,92,0,0
2000620000,93,0,0
2000620000,94,0,0
2000620000,95,0,0
2000620000,96,0,0
2000620000,97,0,0
2000620000,98,0,0
2000620000,99,0,0
2000620000,100,0,0
2000620000,101,0,0
2000620000,102,0,0
2000620000,103,0,0
2000620000,104,0,0
2000620000,105,0,0
2000620000,106,0,0
2000620000,107,0,0
2000620000,108,0,0
2000620000,109,0,0
2000620000,110,0,0
2000620000,111,0,0
2000620000,112,0,0
2000620000,113,0,0
2000620000,114,0,0
2000620000,115,0,0
2000620000,116,0,0
2000620000,117,0,0
2000620000,118,0,0
2000620000,119,0,0
2000620000,120,1,1
2000620000,121,0,0
2000620000,122,0,0
2000620000,123,0,0
2000620000,124,0,0
2000620000,125,0,0
2000620000,126,0,0
2000620000,127,0,0
2000620000,128,0,0
2000620000,129,0,0
2000620000,130,0,0
2000620000,131,0,0
2000620000,132,0,0
2000620000,133,0,0
2000620000,134,0,0
2000620000,135,0,0
2000620000,136,0,0
2000620000,137,0,0
2000620000,138,0,0
2000620000,139,0,0
2000620000,140,1,1
2000620000,141,0,0
2000620000,142,0,0
2000620000,143,0,0
2000620000,144,0,0
2000620000,145,0,0
2000620000,146,0,0
2000620000,147,0,0
2000620000,148,0,0
2000620000,149,0,0
2000620000,150,0,0
2000620000,151,0,0
2000620000,152,0,0
2000620000,153,0,0
2000620000,154,0,0
2000620000,155,0,0
2000620000,156,0,0
2000620000,157,0,0
2000620000,158,0,0
2000620000,159,0,0
2000620000,160,0,0
2000620000,161,0,0
2000620000,162,0,0
2000620000,163,0,0
2000620000,164,0,0
2000620000,165,0,0
2000620000,166,0,0
2000620000,167,0,0
2000620000,168,0,0
2000620000,169,0,0
2000620000,170,0,0
2000620000,171,0,0
2000620000,172,0,0
2000620000,173,0,0
2000620000,174,0,0
2000620000,175,0,0
2000620000,176,0,0
2000620000,177,0,0
2000620000,178,0,0
2000620000,179,0,0
2000620000,180,0,0
2000620000,181,0,0
2000620000,182,0,0
2000620000,183,0,0
2000620000,184,0,0
2000620000,185,0,0
2000620000,186,0,0
2000620000,187,0,0
2000620000,188,0,0
2000620000,189,0,0
2000620000,190,1,1
2000620000,191,0,0
2000620000,192,0,0
2000620000,193,0,0
2000620000,194,0,0
2000620000,195,0,0
2000620000,196,0,0
2000620000,197,0,0
2000620000,198,0,0
2000620000,199,0,0
2000620000,200,0,0
2000620000,201,0,0
2000620000,202,0,0
2000620000,203,0,0
2000620000,204,0,0
2000620000,205,0,0
2000620000,206,0,0
2000620000,207,0,0
2000620000,208,0,0
2000620000,209,0,0
2000620000,210,0,0
2000620000,211,0,0
2000620000,212,0,0
2000620000,213,0,0
2000620000,214,0,0
2000620000,215,0,0
2000620000,216,0,0
2000620000,217,0,0
2000620000,218,0,0
2000620000,219,0,0
2000620000,220,0,0
2000620000,221,0,0
2000620000,222,0,0
2000620000,223,0,0
2000620000,224,0,0
2000620000,225,0,0
2000620000,226,0,0
2000620000,227,0,0
2000620000,228,0,0
2000620000,229,0,0
2000620000,230,0,0
2000620000,231,0,0
2000620000,232,0,0
2000620000,233,0,0
2000620000,234,0,0
2000620000,235,0,0
2000620000,236,0,0
2000620000,237,0,0
2000620000,238,0,0
2000620000,239,0,0
2000620000,240,0,0
2000620000,241,0,0
2000620000,242,0,0
2000620000,243,0,0
2000620000,244,0,0
2000620000,245,0,0
2000620000,246,0,0
2000620000,247,0,0
2000620000,248,0,0
2000620000,249,0,0
2000620000,250,0,0
2000620000,251,0,0
2000620000,252,0,0
2000620000,253,0,0
2000620000,254,0,0
2000620000,255,0,0
2000620000,256,0,0
2000620000,257,0,0
2000620000,258,0,0
2000620000,259,0,0
2000620000,260,0,0
2000620000,261,0,0
2000620000,262,0,0
2000620000,263,0,0
2000620000,264,0,0
2000620000,265,0,0
2000620000,266,0,0
2000620000,267,0,0
2000620000,268,0,0
2000620000,269,0,0
2000620000,270,0,0
2000620000,271,0,0
2000620000,272,0,0
2000620000,273,0,0
2000620000,274,0,0
2000620000,275,0,0
2000620000,276,0,0
2000620000,277,0,0
2000620000,278,0,0
2000620000,279,0,0
2000620000,280,0,0
2000620000,281,0,0
2000620000,282,0,0
2000620000,283,0,0
2000620000,284,0,0
2000620000,285,0,0
2000620000,286,0,0
2000620000,287,0,0
2000630000,32,0,0
2000630000,33,0,0
2000630000,34,1,1
2000630000,35,0,0
2000630000,36,0,0
2000630000,37,0,0
2000630000,38,0,0
2000630000,39,0,0
2000630000,40,0,0
2000630000,41,0,0
2000630000,42,0,0
2000630000,43,0,0
2000630000,44,0,0
2000630000,45,0,0
2000630000,46,0,0
2000630000,47,0,0
2000630000,48,0,0
2000630000,49,0,0
2000630000,50,0,0
2000630000,51,0,0
2000630000,52,0,0
2000630000,53,0,0
2000630000,54,0,0
2000630000,55,0,0
2000630000,56,0,0
2000630000,57,0,0
2000630000,58,0,0
2000630000,59,0,0
2000630000,60,0,0
2000630000,61,0,0
2000630000,62,0,0
2000630000,63,0,0
2000630000,64,0,0
2000630000,65,0,0
2000630000,66,0,0
2000630000,67,0,0
2000630000,68,0,0
2000630000,69,0,0
2000630000,70,0,0
2000630000,71,0,0
2000630000,72,0,0
2000630000,73,0,0
2000630000,74,0,0
2000630000,75,0,0
2000630000,76,0,0
2000630000,77,0,0
2000630000,78,0,0
2000630000,79,0,0
2000630000,80,0,0
2000630000,81,0,0
2000630000,82,0,0
2000630000,83,0,0
2000630000,84,0,0
2000630000,85,0,0
2000630000,86,0,0
2000630000,87,0,0
2000630000,88,0,0
2000630000,89,0,0
2000630000,90,0,0
2000630000,91,0,0
2000630000,92,0,0
2000630000,93,0,0
2000630000,94,0,0
2000630000,95,0,0
2000630000,96,0,0
2000630000,97,0,0
2000630000,98,0,0
2000630000,99,0,0
2000630000,100,0,0
2000630000,101,0,0
2000630000,102,0,0
2000630000,103,0,0
2000630000,104,0,0
2000630000,105,0,0
2000630000,106,0,0
2000630000,107,0,0
2000630000,108,0,0
2000630000,109,0,0
2000630000,110,0,0
2000630000,111,0,0
2000630000,112,0,0
2000630000,113,0,0
2000630000,114,0,0
2000630000,115,0,0
2000630000,116,0,0
2000630000,117,0,0
2000630000,118,0,0
2000630000,119,0,0
2000630000,120,1,1
2000630000,121,0,0
2000630000,122,0,0
2000630000,123,0,0
2000630000,124,0,0
2000630000,125,0,0
2000630000,126,0,0
2000630000,127,0,0
2000630000,128,0,0
2000630000,129,0,0
2000630000,130,0,0
2000630000,131,0,0
2000630000,132,0,0
2000630000,133,0,0
2000630000,134,0,0
2000630000,135,0,0
2000630000,136,0,0
2000630000,137,0,0
2000630000,138,0,0
2000630000,139,0,0
2000630000,140,1,1
2000630000,141,0,0
2000630000,142,0,0
2000630000,143,0,0
2000630000,144,0,0
2000630000,145,0,0
2000630000,146,0,0
2000630000,147,0,0
2000630000,148,0,0
2000630000,149,0,0
2000630000,150,0,0
2000630000,151,0,0
2000630000,152,0,0
2000630000,153,0,0
2000630000,154,0,0
2000630000,155,0,0
2000630000,156,0,0
2000630000,157,0,0
2000630000,158,0,0
2000630000,159,0,0
2000630000,160,0,0
2000630000,161,0,0
2000630000,162,0,0
2000630000,163,0,0
2000630000,164,0,0
2000630000,165,0,0
2000630000,166,0,0
2000630000,167,0,0
2000630000,168,0,0
2000630000,169,0,0
2000630000,170,0,0
2000630000,171,0,0
2000630000,172,0,0
2000630000,173,0,0
2000630000,174,0,0
2000630000,175,0,0
2000630000,176,0,0
2000630000,177,0,0
2000630000,178,0,0
2000630000,179,0,0
2000630000,180,0,0
2000630000,181,0,0
2000630000,182,0,0
2000630000,183,0,0
2000630000,184,0,0
2000630000,185,0,0
2000630000,186,0,0
2000630000,187,0,0
2000630000,188,0,0
2000630000,189,0,0
2000630000,190,1,1
2000630000,191,0,0
2000630000,192,0,0
2000630000,193,0,0
2000630000,194,0,0
2000630000,195,0,0
2000630000,196,0,0
2000630000,197,0,0
2000630000,198,0,0
2000630000,199,0,0
2000630000,200,0,0
2000630000,201,0,0
2000630000,202,0,0
2000630000,203,0,0
2000630000,204,0,0
2000630000,205,0,0
2000630000,206,0,0
2000630000,207,0,0
2000630000,208,0,0
2000630000,209,0,0
2000630000,210,0,0
2000630000,211,0,0
2000630000,212,0,0
2000630000,213,0,0
2000630000,214,0,0
2000630000,215,0,0
2000630000,216,0,0
2000630000,217,0,0
2000630000,218,0,0
2000630000,219,0,0
2000630000,220,0,0
2000630000,221,0,0
2000630000,222,0,0
2000630000,223,0,0
2000630000,224,0,0
2000630000,225,0,0
2000630000,226,0,0
2000630000,227,0,0
2000630000,228,0,0
2000630000,229,0,0
2000630000,230,0,0
2000630000,231,0,0
2000630000,232,0,0
2000630000,233,0,0
2000630000,234,0,0
2000630000,235,0,0
2000630000,236,0,0
2000630000,237,0,0
2000630000,238,0,0
2000630000,239,0,0
2000630000,240,0,0
2000630000,241,0,0
2000630000,242,0,0
2000630000,243,0,0
2000630000,244,0,0
2000630000,245,0,0
2000630000,246,0,0
2000630000,247,0,0
2000630000,248,0,0
2000630000,249,0,0
2000630000,250,0,0
2000630000,251,0,0
2000630000,252,0,0
2000630000,253,0,0
2000630000,254,0,0
2000630000,255,0,0
2000630000,256,0,0
2000630000,257,0,0
2000630000,258,0,0
2000630000,259,0,0
2000630000,260,0,0
2000630000,261,0,0
2000630000,262,0,0
2000630000,263,0,0
2000630000,264,0,0
2000630000,265,0,0
2000630000,266,0,0
2000630000,267,0,0
2000630000,268,0,0
2000630000,269,0,0
2000630000,270,0,0
2000630000,271,0,0
2000630000,272,0,0
2000630000,273,0,0
2000630000,274,0,0
2000630000,275,0,0
2000630000,276,0,0
2000630000,277,0,0
2000630000,278,0,0
2000630000,279,0,0
2000630000,280,0,0
2000630000,281,0,0
2000630000,282,0,0
2000630000,283,0,0
2000630000,284,0,0
2000630000,285,0,0
2000630000,286,0,0
2000630000,287,0,0
2000640000,32,0,0
2000640000,33,0,0
2000640000,34,1,1
2000640000,35,0,0
2000640000,36,0,0
2000640000,37,0,0
2000640000,38,0,0
2000640000,39,0,0
2000640000,40,0,0
2000640000,41,0,0
2000640000,42,0,0
2000640000,43,0,0
2000640000,44,0,0
2000640000,45,0,0
2000640000,46,0,0
2000640000,47,0,0
2000640000,48,0,0
2000640000,49,0,0
2000640000,50,0,0
2000640000,51,0,0
2000640000,52,0,0
2000640000,53,0,0
2000640000,54,0,0
2000640000,55,0,0
2000640000,56,0,0
2000640000,57,0,0
2000640000,58,0,0
2000640000,59,0,0
2000640000,60,0,0
2000640000,61,0,0
2000640000,62,0,0
2000640000,63,0,0
2000640000,64,0,0
2000640000,65,0,0
2000640000,66,0,0
2000640000,67,0,0
2000640000,68,0,0
2000640000,69,0,0
2000640000,70,0,0
2000640000,71,0,0
2000640000,72,0,0
2000640000,73,0,0
2000640000,74,0,0
2000640000,75,0,0
2000640000,76,0,0
2000640000,77,0,0
2000640000,78,0,0
2000640000,79,0,0
2000640000,80,0,0
2000640000,81,0,0
2000640000,82,0,0
2000640000,83,0,0
2000640000,84,0,0
2000640000,85,0,0
2000640000,86,0,0
2000640000,87,0,0
2000640000,88,0,0
2000640000,89,0,0
2000640000,90,0,0
2000640000,91,0,0
2000640000,92,0,0
2000640000,93,0,0
2000640000,94,0,0
2000640000,95,0,0
2000640000,96,0,0
2000640000,97,0,0
2000640000,98,0,0
2000640000,99,0,0
2000640000,100,0,0
2000640000,101,0,0
2000640000,102,0,0
2000640000,103,0,0
2000640000,104,0,0
2000640000,105,0,0
2000640000,106,0,0
2000640000,107,0,0
2000640000,108,0,0
2000640000,109,0,0
2000640000,110,0,0
2000640000,111,0,0
2000640000,112,0,0
2000640000,113,0,0
2000640000,114,0,0
2000640000,115,0,0
2000640000,116,0,0
2000640000,117,0,0
2000640000,118,0,0
2000640000,119,0,0
2000640000,120,1,1
2000640000,121,0,0
2000640000,122,0,0
2000640000,123,0,0
2000640000,124,0,0
2000640000,125,0,0
2000640000,126,0,0
2000640000,127,0,0
2000640000,128,0,0
2000640000,129,0,0
2000640000,130,0,0
2000640000,131,0,0
2000640000,132,0,0
2000640000,133,0,0
2000640000,134,0,0
2000640000,135,0,0
2000640000,136,0,0
2000640000,137,0,0
2000640000,138,0,0
2000640000,139,0,0
2000640000,140,1,1
2000640000,141,0,0
2000640000,142,0,0
2000640000,143,0,0
2000640000,144,0,0
2000640000,145,0,0
2000640000,146,0,0
2000640000,147,0,0
2000640000,148,0,0
2000640000,149,0,0
2000640000,150,0,0
2000640000,151,0,0
2000640000,152,0,0
2000640000,153,0,0
2000640000,154,0,0
2000640000,155,0,0
2000640000,156,0,0
2000640000,157,0,0
2000640000,158,0,0
2000640000,159,0,0
2000640000,160,0,0
2000640000,161,0,0
2000640000,162,0,0
2000640000,163,0,0
2000640000,164,0,0
2000640000,165,0,0
2000640000,166,0,0
2000640000,167,0,0
2000640000,168,0,0
2000640000,169,0,0
2000640000,170,0,0
2000640000,171,0,0
2000640000,172,0,0
2000640000,173,0,0
2000640000,174,0,0
2000640000,175,0,0
2000640000,176,0,0
2000640000,177,0,0
2000640000,178,0,0
2000640000,179,0,0
2000640000,180,0,0
2000640000,181,0,0
2000640000,182,0,0
2000640000,183,0,0
2000640000,184,0,0
2000640000,185,0,0
2000640000,186,0,0
2000640000,187,0,0
2000640000,188,0,0
2000640000,189,0,0
2000640000,190,1,1
2000640000,191,0,0
2000640000,192,0,0
2000640000,193,0,0
2000640000,194,0,0
2000640000,195,0,0
2000640000,196,0,0
2000640000,197,0,0
2000640000,198,0,0
2000640000,199,0,0
2000640000,200,0,0
2000640000,201,0,0
2000640000,202,0,0
2000640000,203,0,0
2000640000,204,0,0
2000640000,205,0,0
2000640000,206,0,0
2000640000,207,0,0
2000640000,208,0,0
2000640000,209,0,0
2000640000,210,0,0
2000640000,211,0,0
2000640000,212,0,0
2000640000,213,0,0
2000640000,214,0,0
2000640000,215,0,0
2000640000,216,0,0
2000640000,217,0,0
2000640000,218,0,0
2000640000,219,0,0
2000640000,220,0,0
2000640000,221,0,0
2000640000,222,0,0
2000640000,223,0,0
2000640000,224,0,0
2000640000,225,0,0
2000640000,226,0,0
2000640000,227,0,0
2000640000,228,0,0
2000640000,229,0,0
2000640000,230,0,0
2000640000,231,0,0
2000640000,232,0,0
2000640000,233,0,0
2000640000,234,0,0
2000640000,235,0,0
2000640000,236,0,0
2000640000,237,0,0
2000640000,238,0,0
2000640000,239,0,0
2000640000,240,0,0
2000640000,241,0,0
2000640000,242,0,0
2000640000,243,0,0
2000640000,244,0,0
2000640000,245,0,0
2000640000,246,0,0
2000640000,247,0,0
2000640000,248,0,0
2000640000,249,0,0
2000640000,250,0,0
2000640000,251,0,0
2000640000,252,0,0
2000640000,253,0,0
2000640000,254,0,0
2000640000,255,0,0
2000640000,256,0,0
2000640000,257,0,0
2000640000,258,0,0
2000640000,259,0,0
2000640000,260,0,0
2000640000,261,0,0
2000640000,262,0,0
2000640000,263,0,0
2000640000,264,0,0
2000640000,265,0,0
2000640000,266,0,0
2000640000,267,0,0
2000640000,268,0,0
2000640000,269,0,0
2000640000,270,0,0
2000640000,271,0,0
2000640000,272,0,0
2000640000,273,0,0
2000640000,274,0,0
2000640000,275,0,0
2000640000,276,0,0
2000640000,277,0,0
2000640000,278,0,0
2000640000,279,0,0
2000640000,280,0,0
2000640000,281,0,0
2000640000,282,0,0
2000640000,283,0,0
2000640000,284,0,0
2000640000,285,0,0
2000640000,286,0,0
2000640000,287,0,0
2000650000,32,0,0
2000650000,33,0,0
2000650000,34,1,1
2000650000,35,0,0
2000650000,36,0,0
2000650000,37,0,0
2000650000,38,0,0
2000650000,39,0,0
2000650000,40,0,0
2000650000,41,0,0
2000650000,42,0,0
2000650000,43,0,0
2000650000,44,0,0
2000650000,45,0,0
2000650000,46,0,0
2000650000,47,0,0
2000650000,48,0,0
2000650000,49,0,0
2000650000,50,0,0
2000650000,51,0,0
2000650000,52,0,0
2000650000,53,0,0
2000650000,54,0,0
2000650000,55,0,0
2000650000,56,0,0
2000650000,57,0,0
2000650000,58,0,0
2000650000,59,0,0
2000650000,60,0,0
2000650000,61,0,0
2000650000,62,0,0
2000650000,63,0,0
2000650000,64,0,0
2000650000,65,0,0
2000650000,66,0,0
2000650000,67,0,0
2000650000,68,0,0
2000650000,69,0,0
2000650000,70,0,0
2000650000,71,0,0
2000650000,72,0,0
2000650000,73,0,0
2000650000,74,0,0
2000650000,75,0,0
2000650000,76,0,0
2000650000,77,0,0
2000650000,78,0,0
2000650000,79,0,0
2000650000,80,0,0
2000650000,81,0,0
2000650000,82,0,0
2000650000,83,0,0
2000650000,84,0,0
2000650000,85,0,0
2000650000,86,0,0
2000650000,87,0,0
2000650000,88,0,0
2000650000,89,0,0
2000650000,90,0,0
2000650000,91,0,0
2000650000,92,0,0
2000650000,93,0,0
2000650000,94,0,0
2000650000,95,0,0
2000650000,96,0,0
2000650000,97,0,0
2000650000,98,0,0
2000650000,99,0,0
2000650000,100,0,0
2000650000,101,0,0
2000650000,102,0,0
2000650000,103,0,0
2000650000,104,0,0
2000650000,105,0,0
2000650000,106,0,0
2000650000,107,0,0
2000650000,108,0,0
2000650000,109,0,0
2000650000,110,0,0
2000650000,111,0,0
2000650000,112,0,0
2000650000,113,0,0
2000650000,114,0,0
2000650000,115,0,0
2000650000,116,0,0
2000650000,117,0,0
2000650000,118,0,0
2000650000,119,0,0
2000650000,120,1,1
2000650000,121,0,0
2000650000,122,0,0
2000650000,123,0,0
2000650000,124,0,0
2000650000,125,0,0
2000650000,126,0,0
2000650000,127,0,0
2000650000,128,0,0
2000650000,129,0,0
2000650000,130,0,0
2000650000,131,0,0
2000650000,132,0,0
2000650000,133,0,0
2000650000,134,0,0
2000650000,135,0,0
2000650000,136,0,0
2000650000,137,0,0
2000650000,138,0,0
2000650000,139,0,0
2000650000,140,1,1
2000650000,141,0,0
2000650000,142,0,0
2000650000,143,0,0
2000650000,144,0,0
2000650000,145,0,0
2000650000,146,0,0
2000650000,147,0,0
2000650000,148,0,0
2000650000,149,0,0
2000650000,150,0,0
2000650000,151,0,0
2000650000,152,0,0
2000650000,153,0,0
2000650000,154,0,0
2000650000,155,0,0
2000650000,156,0,0
2000650000,157,0,0
2000650000,158,0,0
2000650000,159,0,0
2000650000,160,0,0
2000650000,161,0,0
2000650000,162,0,0
2000650000,163,0,0
2000650000,164,0,0
2000650000,165,0,0
2000650000,166,0,0
2000650000,167,0,0
2000650000,168,0,0
2000650000,169,0,0
2000650000,170,0,0
2000650000,171,0,0
2000650000,172,0,0
2000650000,173,0,0
2000650000,174,0,0
2000650000,175,0,0
2000650000,176,0,0
2000650000,177,0,0
2000650000,178,0,0
2000650000,179,0,0
2000650000,180,0,0
2000650000,181,0,0
2000650000,182,0,0
2000650000,183,0,0
2000650000,184,0,0
2000650000,185,0,0
2000650000,186,0,0
2000650000,187,0,0
2000650000,188,0,0
2000650000,189,0,0
2000650000,190,1,1
2000650000,191,0,0
2000650000,192,0,0
2000650000,193,0,0
2000650000,194,0,0
2000650000,195,0,0
2000650000,196,0,0
2000650000,197,0,0
2000650000,198,0,0
2000650000,199,0,0
2000650000,200,0,0
2000650000,201,0,0
2000650000,202,0,0
2000650000,203,0,0
2000650000,204,0,0
2000650000,205,0,0
2000650000,206,0,0
2000650000,207,0,0
2000650000,208,0,0
2000650000,209,0,0
2000650000,210,0,0
2000650000,211,0,0
2000650000,212,0,0
2000650000,213,0,0
2000650000,214,0,0
2000650000,215,0,0
2000650000,216,0,0
2000650000,217,0,0
2000650000,218,0,0
2000650000,219,0,0
2000650000,220,0,0
2000650000,221,0,0
2000650000,222,0,0
2000650000,223,0,0
2000650000,224,0,0
2000650000,225,0,0
2000650000,226,0,0
2000650000,227,0,0
2000650000,228,0,0
2000650000,229,0,0
2000650000,230,0,0
2000650000,231,0,0
2000650000,232,0,0
2000650000,233,0,0
2000650000,234,0,0
2000650000,235,0,0
2000650000,236,0,0
2000650000,237,0,0
2000650000,238,0,0
2000650000,239,0,0
2000650000,240,0,0
2000650000,241,0,0
2000650000,242,0,0
2000650000,243,0,0
2000650000,244,0,0
2000650000,245,0,0
2000650000,246,0,0
2000650000,247,0,0
2000650000,248,0,0
2000650000,249,0,0
2000650000,250,0,0
2000650000,251,0,0
2000650000,252,0,0
2000650000,253,0,0
2000650000,254,0,0
2000650000,255,0,0
2000650000,256,0,0
2000650000,257,0,0
2000650000,258,0,0
2000650000,259,0,0
2000650000,260,0,0
2000650000,261,0,0
2000650000,262,0,0
2000650000,263,0,0
2000650000,264,0,0
2000650000,265,0,0
2000650000,266,0,0
2000650000,267,0,0
2000650000,268,0,0
2000650000,269,0,0
2000650000,270,0,0
2000650000,271,0,0
2000650000,272,0,0
2000650000,273,0,0
2000650000,274,0,0
2000650000,275,0,0
2000650000,276,0,0
2000650000,277,0,0
2000650000,278,0,0
2000650000,279,0,0
2000650000,280,0,0
2000650000,281,0,0
2000650000,282,0,0
2000650000,283,0,0
2000650000,284,0,0
2000650000,285,0,0
2000650000,286,0,0
2000650000,287,0,0
2000660000,32,0,0
2000660000,33,0,0
2000660000,34,1,1
2000660000,35,0,0
2000660000,36,0,0
2000660000,37,0,0
2000660000,38,0,0
2000660000,39,0,0
2000660000,40,0,0
2000660000,41,0,0
2000660000,42,0,0
2000660000,43,0,0
2000660000,44,0,0
2000660000,45,0,0
2000660000,46,0,0
2000660000,47,0,0
2000660000,48,0,0
2000660000,49,0,0
2000660000,50,0,0
2000660000,51,0,0
2000660000,52,0,0
2000660000,53,0,0
2000660000,54,0,0
2000660000,55,0,0
2000660000,56,0,0
2000660000,57,0,0
2000660000,58,0,0
2000660000,59,0,0
2000660000,60,0,0
2000660000,61,0,0
2000660000,62,0,0
2000660000,63,0,0
2000660000,64,0,0
2000660000,65,0,0
2000660000,66,0,0
2000660000,67,0,0
2000660000,68,0,0
2000660000,69,0,0
2000660000,70,0,0
2000660000,71,0,0
2000660000,72,0,0
2000660000,73,0,0
2000660000,74,0,0
2000660000,75,0,0
2000660000,76,0,0
2000660000,77,0,0
2000660000,78,0,0
2000660000,79,0,0
2000660000,80,0,0
2000660000,81,0,0
2000660000,82,0,0
2000660000,83,0,0
2000660000,84,0,0
2000660000,85,0,0
2000660000,86,0,0
2000660000,87,0,0
2000660000,88,0,0
2000660000,89,0,0
2000660000,90,0,0
2000660000,91,0,0
2000660000,92,0,0
2000660000,93,0,0
2000660000,94,0,0
2000660000,95,0,0
2000660000,96,0,0
2000660000,97,0,0
2000660000,98,0,0
2000660000,99,0,0
2000660000,100,0,0
2000660000,101,0,0
2000660000,102,0,0
2000660000,103,0,0
2000660000,104,0,0
2000660000,105,0,0
2000660000,106,0,0
2000660000,107,0,0
2000660000,108,0,0
2000660000,109,0,0
2000660000,110,0,0
2000660000,111,0,0
2000660000,112,0,0
2000660000,113,0,0
2000660000,114,0,0
2000660000,115,0,0
2000660000,116,0,0
2000660000,117,0,0
2000660000,118,0,0
2000660000,119,0,0
2000660000,120,1,1
2000660000,121,0,0
2000660000,122,0,0
2000660000,123,0,0
2000660000,124,0,0
2000660000,125,0,0
2000660000,126,0,0
2000660000,127,0,0
2000660000,128,0,0
2000660000,129,0,0
2000660000,130,0,0
2000660000,131,0,0
2000660000,132,0,0
2000660000,133,0,0
2000660000,134,0,0
2000660000,135,0,0
2000660000,136,0,0
2000660000,137,0,0
2000660000,138,0,0
2000660000,139,0,0
2000660000,140,1,1
2000660000,141,0,0
2000660000,142,0,0
2000660000,143,0,0
2000660000,144,0,0
2000660000,145,0,0
2000660000,146,0,0
2000660000,147,0,0
2000660000,148,0,0
2000660000,149,0,0
2000660000,150,0,0
2000660000,151,0,0
2000660000,152,0,0
2000660000,153,0,0
2000660000,154,0,0
2000660000,155,0,0
2000660000,156,0,0
2000660000,157,0,0
2000660000,158,0,0
2000660000,159,0,0
2000660000,160,0,0
2000660000,161,0,0
2000660000,162,0,0
2000660000,163,0,0
2000660000,164,0,0
2000660000,165,0,0
2000660000,166,0,0
2000660000,167,0,0
2000660000,168,0,0
2000660000,169,0,0
2000660000,170,0,0
2000660000,171,0,0
2000660000,172,0,0
2000660000,173,0,0
2000660000,174,0,0
2000660000,175,0,0
2000660000,176,0,0
2000660000,177,0,0
2000660000,178,0,0
2000660000,179,0,0
2000660000,180,0,0
2000660000,181,0,0
2000660000,182,0,0
2000660000,183,0,0
2000660000,184,0,0
2000660000,185,0,0
2000660000,186,0,0
2000660000,187,0,0
2000660000,188,0,0
2000660000,189,0,0
2000660000,190,1,1
2000660000,191,0,0
2000660000,192,0,0
2000660000,193,0,0
2000660000,194,0,0
2000660000,195,0,0
2000660000,196,0,0
2000660000,197,0,0
2000660000,198,0,0
2000660000,199,0,0
2000660000,200,0,0
2000660000,201,0,0
2000660000,202,0,0
2000660000,203,0,0
2000660000,204,0,0
2000660000,205,0,0
2000660000,206,0,0
2000660000,207,0,0
2000660000,208,0,0
2000660000,209,0,0
2000660000,210,0,0
2000660000,211,0,0
2000660000,212,0,0
2000660000,213,0,0
2000660000,214,0,0
2000660000,215,0,0
2000660000,216,0,0
2000660000,217,0,0
2000660000,218,0,0
2000660000,219,0,0
2000660000,220,0,0
2000660000,221,0,0
2000660000,222,0,0
2000660000,223,0,0
2000660000,224,0,0
2000660000,225,0,0
2000660000,226,0,0
2000660000,227,0,0
2000660000,228,0,0
2000660000,229,0,0
2000660000,230,0,0
2000660000,231,0,0
2000660000,232,0,0
2000660000,233,0,0
2000660000,234,0,0
2000660000,235,0,0
2000660000,236,0,0
2000660000,237,0,0
2000660000,238,0,0
2000660000,239,0,0
2000660000,240,0,0
2000660000,241,0,0
2000660000,242,0,0
2000660000,243,0,0
2000660000,244,0,0
2000660000,245,0,0
2000660000,246,0,0
2000660000,247,0,0
2000660000,248,0,0
2000660000,249,0,0
2000660000,250,0,0
2000660000,251,0,0
2000660000,252,0,0
2000660000,253,0,0
2000660000,254,0,0
2000660000,255,0,0
2000660000,256,0,0
2000660000,257,0,0
2000660000,258,0,0
2000660000,259,0,0
2000660000,260,0,0
2000660000,261,0,0
2000660000,262,0,0
2000660000,263,0,0
2000660000,264,0,0
2000660000,265,0,0
2000660000,266,0,0
2000660000,267,0,0
2000660000,268,0,0
2000660000,269,0,0
2000660000,270,0,0
2000660000,271,0,0
2000660000,272,0,0
2000660000,273,0,0
2000660000,274,0,0
2000660000,275,0,0
2000660000,276,0,0
2000660000,277,0,0
2000660000,278,0,0
2000660000,279,0,0
2000660000,280,0,0
2000660000,281,0,0
2000660000,282,0,0
2000660000,283,0,0
2000660000,284,0,0
2000660000,285,0,0
2000660000,286,0,0
2000660000,287,0,0
2000670000,32,0,0
2000670000,33,0,0
2000670000,34,1,1
2000670000,35,0,0
2000670000,36,0,0
2000670000,37,0,0
2000670000,38,0,0
2000670000,39,0,0
2000670000,40,0,0
2000670000,41,0,0
2000670000,42,0,0
2000670000,43,0,0
2000670000,44,0,0
2000670000,45,0,0
2000670000,46,0,0
2000670000,47,0,0
2000670000,48,0,0
2000670000,49,0,0
2000670000,50,0,0
2000670000,51,0,0
2000670000,52,0,0
2000670000,53,0,0
2000670000,54,0,0
2000670000,55,0,0
2000670000,56,0,0
2000670000,57,0,0
2000670000,58,0,0
2000670000,59,0,0
2000670000,60,0,0
2000670000,61,0,0
2000670000,62,0,0
2000670000,63,0,0
2000670000,64,0,0
2000670000,65,0,0
2000670000,66,0,0
2000670000,67,0,0
2000670000,68,0,0
2000670000,69,0,0
2000670000,70,0,0
2000670000,71,0,0
2000670000,72,0,0
2000670000,73,0,0
2000670000,74,0,0
2000670000,75,0,0
2000670000,76,0,0
2000670000,77,0,0
2000670000,78,0,0
2000670000,79,0,0
2000670000,80,0,0
2000670000,81,0,0
2000670000,82,0,0
2000670000,83,0,0
2000670000,84,0,0
2000670000,85,0,0
2000670000,86,0,0
2000670000,87,0,0
2000670000,88,0,0
2000670000,89,0,0
2000670000,90,0,0
2000670000,91,0,0
2000670000,92,0,0
2000670000,93,0,0
2000670000,94,0,0
2000670000,95,0,0
2000670000,96,0,0
2000670000,97,0,0
2000670000,98,0,0
2000670000,99,0,0
2000670000,100,0,0
2000670000,101,0,0
2000670000,102,0,0
2000670000,103,0,0
2000670000,104,0,0
2000670000,105,0,0
2000670000,106,0,0
2000670000,107,0,0
2000670000,108,0,0
2000670000,109,0,0
2000670000,110,0,0
2000670000,111,0,0
2000670000,112,0,0
2000670000,113,0,0
2000670000,114,0,0
2000670000,115,0,0
2000670000,116,0,0
2000670000,117,0,0
2000670000,118,0,0
2000670000,119,0,0
2000670000,120,1,1
2000670000,121,0,0
2000670000,122,0,0
2000670000,123,0,0
2000670000,124,0,0
2000670000,125,0,0
2000670000,126,0,0
2000670000,127,0,0
2000670000,128,0,0
2000670000,129,0,0
2000670000,130,0,0
2000670000,131,0,0
2000670000,132,0,0
2000670000,133,0,0
2000670000,134,0,0
2000670000,135,0,0
2000670000,136,0,0
2000670000,137,0,0
2000670000,138,0,0
2000670000,139,0,0
2000670000,140,1,1
2000670000,141,0,0
2000670000,142,0,0
2000670000,143,0,0
2000670000,144,0,0
2000670000,145,0,0
2000670000,146,0,0
2000670000,147,0,0
2000670000,148,0,0
2000670000,149,0,0
2000670000,150,0,0
2000670000,151,0,0
2000670000,152,0,0
2000670000,153,0,0
2000670000,154,0,0
2000670000,155,0,0
2000670000,156,0,0
2000670000,157,0,0
2000670000,158,0,0
2000670000,159,0,0
2000670000,160,0,0
2000670000,161,0,0
2000670000,162,0,0
2000670000,163,0,0
2000670000,164,0,0
2000670000,165,0,0
2000670000,166,0,0
2000670000,167,0,0
2000670000,168,0,0
2000670000,169,0,0
2000670000,170,0,0
2000670000,171,0,0
2000670000,172,0,0
2000670000,173,0,0
2000670000,174,0,0
2000670000,175,0,0
2000670000,176,0,0
2000670000,177,0,0
2000670000,178,0,0
2000670000,179,0,0
2000670000,180,0,0
2000670000,181,0,0
2000670000,182,0,0
2000670000,183,0,0
2000670000,184,0,0
2000670000,185,0,0
2000670000,186,0,0
2000670000,187,0,0
2000670000,188,0,0
2000670000,189,0,0
2000670000,190,1,1
2000670000,191,0,0
2000670000,192,0,0
2000670000,193,0,0
2000670000,194,0,0
2000670000,195,0,0
2000670000,196,0,0
2000670000,197,0,0
2000670000,198,0,0
2000670000,199,0,0
2000670000,200,0,0
2000670000,201,0,0
2000670000,202,0,0
2000670000,203,0,0
2000670000,204,0,0
2000670000,205,0,0
2000670000,206,0,0
2000670000,207,0,0
2000670000,208,0,0
2000670000,209,0,0
2000670000,210,0,0
2000670000,211,0,0
2000670000,212,0,0
2000670000,213,0,0
2000670000,214,0,0
2000670000,215,0,0
2000670000,216,0,0
2000670000,217,0,0
2000670000,218,0,0
2000670000,219,0,0
2000670000,220,0,0
2000670000,221,0,0
2000670000,222,0,0
2000670000,223,0,0
2000670000,224,0,0
2000670000,225,0,0
2000670000,226,0,0
2000670000,227,0,0
2000670000,228,0,0
2000670000,229,0,0
2000670000,230,0,0
2000670000,231,0,0
2000670000,232,0,0
2000670000,233,0,0
2000670000,234,0,0
2000670000,235,0,0
2000670000,236,0,0
2000670000,237,0,0
2000670000,238,0,0
2000670000,239,0,0
2000670000,240,0,0
2000670000,241,0,0
2000670000,242,0,0
2000670000,243,0,0
2000670000,244,0,0
2000670000,245,0,0
2000670000,246,0,0
2000670000,247,0,0
2000670000,248,0,0
2000670000,249,0,0
2000670000,250,0,0
2000670000,251,0,0
2000670000,252,0,0
2000670000,253,0,0
2000670000,254,0,0
2000670000,255,0,0
2000670000,256,0,0
2000670000,257,0,0
2000670000,258,0,0
2000670000,259,0,0
2000670000,260,0,0
2000670000,261,0,0
2000670000,262,0,0
2000670000,263,0,0
2000670000,264,0,0
2000670000,265,0,0
2000670000,266,0,0
2000670000,267,0,0
2000670000,268,0,0
2000670000,269,0,0
2000670000,270,0,0
2000670000,271,0,0
2000670000,272,0,0
2000670000,273,0,0
2000670000,274,0,0
2000670000,275,0,0
2000670000,276,0,0
2000670000,277,0,0
2000670000,278,0,0
2000670000,279,0,0
2000670000,280,0,0
2000670000,281,0,0
2000670000,282,0,0
2000670000,283,0,0
2000670000,284,0,0
2000670000,285,0,0
2000670000,286,0,0
2000670000,287,0,0
2000680000,32,0,0
2000680000,33,0,0
2000680000,34,1,1
2000680000,35,0,0
2000680000,36,0,0
2000680000,37,0,0
2000680000,38,0,0
2000680000,39,0,0
2000680000,40,0,0
2000680000,41,0,0
2000680000,42,0,0
2000680000,43,0,0
2000680000,44,0,0
2000680000,45,0,0
2000680000,46,0,0
2000680000,47,0,0
2000680000,48,0,0
2000680000,49,0,0
2000680000,50,0,0
2000680000,51,0,0
2000680000,52,0,0
2000680000,53,0,0
2000680000,54,0,0
2000680000,55,0,0
2000680000,56,0,0
2000680000,57,0,0
2000680000,58,0,0
2000680000,59,0,0
2000680000,60,0,0
2000680000,61,0,0
2000680000,62,0,0
2000680000,63,0,0
2000680000,64,0,0
2000680000,65,0,0
2000680000,66,0,0
2000680000,67,0,0
2000680000,68,0,0
2000680000,69,0,0
2000680000,70,0,0
2000680000,71,0,0
2000680000,72,0,0
2000680000,73,0,0
2000680000,74,0,0
2000680000,75,0,0
2000680000,76,0,0
2000680000,77,0,0
2000680000,78,0,0
2000680000,79,0,0
2000680000,80,0,0
2000680000,81,0,0
2000680000,82,0,0
2000680000,83,0,0
2000680000,84,0,0
2000680000,85,0,0
2000680000,86,0,0
2000680000,87,0,0
2000680000,88,0,0
2000680000,89,0,0
2000680000,90,0,0
2000680000,91,0,0
2000680000,92,0,0
2000680000,93,0,0
2000680000,94,0,0
2000680000,95,0,0
2000680000,96,0,0
2000680000,97,0,0
2000680000,98,0,0
2000680000,99,0,0
2000680000,100,0,0
2000680000,101,0,0
2000680000,102,0,0
2000680000,103,0,0
2000680000,104,0,0
2000680000,105,0,0
2000680000,106,0,0
2000680000,107,0,0
2000680000,108,0,0
2000680000,109,0,0
2000680000,110,0,0
2000680000,111,0,0
2000680000,112,0,0
2000680000,113,0,0
2000680000,114,0,0
2000680000,115,0,0
2000680000,116,0,0
2000680000,117,0,0
2000680000,118,0,0
2000680000,119,0,0
2000680000,120,1,1
2000680000,121,0,0
2000680000,122,0,0
2000680000,123,0,0
2000680000,124,0,0
2000680000,125,0,0
2000680000,126,0,0
2000680000,127,0,0
2000680000,128,0,0
2000680000,129,0,0
2000680000,130,0,0
2000680000,131,0,0
2000680000,132,0,0
2000680000,133,0,0
2000680000,134,0,0
2000680000,135,0,0
2000680000,136,0,0
2000680000,137,0,0
2000680000,138,0,0
2000680000,139,0,0
2000680000,140,1,1
2000680000,141,0,0
2000680000,142,0,0
2000680000,143,0,0
2000680000,144,0,0
2000680000,145,0,0
2000680000,146,0,0
2000680000,147,0,0
2000680000,148,0,0
2000680000,149,0,0
2000680000,150,0,0
2000680000,151,0,0
2000680000,152,0,0
2000680000,153,0,0
2000680000,154,0,0
2000680000,155,0,0
2000680000,156,0,0
2000680000,157,0,0
2000680000,158,0,0
2000680000,159,0,0
2000680000,160,0,0
2000680000,161,0,0
2000680000,162,0,0
2000680000,163,0,0
2000680000,164,0,0
2000680000,165,0,0
2000680000,166,0,0
2000680000,167,0,0
2000680000,168,0,0
2000680000,169,0,0
2000680000,170,0,0
2000680000,171,0,0
2000680000,172,0,0
2000680000,173,0,0
2000680000,174,0,0
2000680000,175,0,0
2000680000,176,0,0
2000680000,177,0,0
2000680000,178,0,0
2000680000,179,0,0
2000680000,180,0,0
2000680000,181,0,0
2000680000,182,0,0
2000680000,183,0,0
2000680000,184,0,0
2000680000,185,0,0
2000680000,186,0,0
2000680000,187,0,0
2000680000,188,0,0
2000680000,189,0,0
2000680000,190,1,1
2000680000,191,0,0
2000680000,192,0,0
2000680000,193,0,0
2000680000,194,0,0
2000680000,195,0,0
2000680000,196,0,0
2000680000,197,0,0
2000680000,198,0,0
2000680000,199,0,0
2000680000,200,0,0
2000680000,201,0,0
2000680000,202,0,0
2000680000,203,0,0
2000680000,204,0,0
2000680000,205,0,0
2000680000,206,0,0
2000680000,207,0,0
2000680000,208,0,0
2000680000,209,0,0
2000680000,210,0,0
2000680000,211,0,0
2000680000,212,0,0
2000680000,213,0,0
2000680000,214,0,0
2000680000,215,0,0
2000680000,216,0,0
2000680000,217,0,0
2000680000,218,0,0
2000680000,219,0,0
2000680000,220,0,0
2000680000,221,0,0
2000680000,222,0,0
2000680000,223,0,0
2000680000,224,0,0
2000680000,225,0,0
2000680000,226,0,0
2000680000,227,0,0
2000680000,228,0,0
2000680000,229,0,0
2000680000,230,0,0
2000680000,231,0,0
2000680000,232,0,0
2000680000,233,0,0
2000680000,234,0,0
2000680000,235,0,0
2000680000,236,0,0
2000680000,237,0,0
2000680000,238,0,0
2000680000,239,0,0
2000680000,240,0,0
2000680000,241,0,0
2000680000,242,0,0
2000680000,243,0,0
2000680000,244,0,0
2000680000,245,0,0
2000680000,246,0,0
2000680000,247,0,0
2000680000,248,0,0
2000680000,249,0,0
2000680000,250,0,0
2000680000,251,0,0
2000680000,252,0,0
2000680000,253,0,0
2000680000,254,0,0
2000680000,255,0,0
2000680000,256,0,0
2000680000,257,0,0
2000680000,258,0,0
2000680000,259,0,0
2000680000,260,0,0
2000680000,261,0,0
2000680000,262,0,0
2000680000,263,0,0
2000680000,264,0,0
2000680000,265,0,0
2000680000,266,0,0
2000680000,267,0,0
2000680000,268,0,0
2000680000,269,0,0
2000680000,270,0,0
2000680000,271,0,0
2000680000,272,0,0
2000680000,273,0,0
2000680000,274,0,0
2000680000,275,0,0
2000680000,276,0,0
2000680000,277,0,0
2000680000,278,0,0
2000680000,279,0,0
2000680000,280,0,0
2000680000,281,0,0
2000680000,282,0,0
2000680000,283,0,0
2000680000,284,0,0
2000680000,285,0,0
2000680000,286,0,0
2000680000,287,0,0
2000690000,32,0,0
2000690000,33,0,0
2000690000,34,1,1
2000690000,35,0,0
2000690000,36,0,0
2000690000,37,0,0
2000690000,38,0,0
2000690000,39,0,0
2000690000,40,0,0
2000690000,41,0,0
2000690000,42,0,0
2000690000,43,0,0
2000690000,44,0,0
2000690000,45,0,0
2000690000,46,0,0
2000690000,47,0,0
2000690000,48,0,0
2000690000,49,0,0
2000690000,50,0,0
2000690000,51,0,0
2000690000,52,0,0
2000690000,53,0,0
2000690000,54,0,0
2000690000,55,0,0
2000690000,56,0,0
2000690000,57,0,0
2000690000,58,0,0
2000690000,59,0,0
2000690000,60,0,0
2000690000,61,0,0
2000690000,62,0,0
2000690000,63,0,0
2000690000,64,0,0
2000690000,65,0,0
2000690000,66,0,0
2000690000,67,0,0
2000690000,68,0,0
2000690000,69,0,0
2000690000,70,0,0
2000690000,71,0,0
2000690000,72,0,0
2000690000,73,0,0
2000690000,74,0,0
2000690000,75,0,0
2000690000,76,0,0
2000690000,77,0,0
2000690000,78,0,0
2000690000,79,0,0
2000690000,80,0,0
2000690000,81,0,0
2000690000,82,0,0
2000690000,83,0,0
2000690000,84,0,0
2000690000,85,0,0
2000690000,86,0,0
2000690000,87,0,0
2000690000,88,0,0
2000690000,89,0,0
2000690000,90,0,0
2000690000,91,0,0
2000690000,92,0,0
2000690000,93,0,0
2000690000,94,0,0
2000690000,95,0,0
2000690000,96,0,0
2000690000,97,0,0
2000690000,98,0,0
2000690000,99,0,0
2000690000,100,0,0
2000690000,101,0,0
2000690000,102,0,0
2000690000,103,0,0
2000690000,104,0,0
2000690000,105,0,0
2000690000,106,0,0
2000690000,107,0,0
2000690000,108,0,0
2000690000,109,0,0
2000690000,110,0,0
2000690000,111,0,0
2000690000,112,0,0
2000690000,113,0,0
2000690000,114,0,0
2000690000,115,0,0
2000690000,116,0,0
2000690000,117,0,0
2000690000,118,0,0
2000690000,119,0,0
2000690000,120,1,1
2000690000,121,0,0
2000690000,122,0,0
2000690000,123,0,0
2000690000,124,0,0
2000690000,125,0,0
2000690000,126,0,0
2000690000,127,0,0
2000690000,128,0,0
2000690000,129,0,0
2000690000,130,0,0
2000690000,131,0,0
2000690000,132,0,0
2000690000,133,0,0
2000690000,134,0,0
2000690000,135,0,0
2000690000,136,0,0
2000690000,137,0,0
2000690000,138,0,0
2000690000,139,0,0
2000690000,140,1,1
2000690000,141,0,0
2000690000,142,0,0
2000690000,143,0,0
2000690000,144,0,0
2000690000,145,0,0
2000690000,146,0,0
2000690000,147,0,0
2000690000,148,0,0
2000690000,149,0,0
2000690000,150,0,0
2000690000,151,0,0
2000690000,152,0,0
2000690000,153,0,0
2000690000,154,0,0
2000690000,155,0,0
2000690000,156,0,0
2000690000,157,0,0
2000690000,158,0,0
2000690000,159,0,0
2000690000,160,0,0
2000690000,161,0,0
2000690000,162,0,0
2000690000,163,0,0
2000690000,164,0,0
2000690000,165,0,0
2000690000,166,0,0
2000690000,167,0,0
2000690000,168,0,0
2000690000,169,0,0
2000690000,170,0,0
2000690000,171,0,0
2000690000,172,0,0
2000690000,173,0,0
2000690000,174,0,0
2000690000,175,0,0
2000690000,176,0,0
2000690000,177,0,0
2000690000,178,0,0
2000690000,179,0,0
2000690000,180,0,0
2000690000,181,0,0
2000690000,182,0,0
2000690000,183,0,0
2000690000,184,0,0
2000690000,185,0,0
2000690000,186,0,0
2000690000,187,0,0
2000690000,188,0,0
2000690000,189,0,0
2000690000,190,1,1
2000690000,191,0,0
2000690000,192,0,0
2000690000,193,0,0
2000690000,194,0,0
2000690000,195,0,0
2000690000,196,0,0
2000690000,197,0,0
2000690000,198,0,0
2000690000,199,0,0
2000690000,200,0,0
2000690000,201,0,0
2000690000,202,0,0
2000690000,203,0,0
2000690000,204,0,0
2000690000,205,0,0
2000690000,206,0,0
2000690000,207,0,0
2000690000,208,0,0
2000690000,209,0,0
2000690000,210,0,0
2000690000,211,0,0
2000690000,212,0,0
2000690000,213,0,0
2000690000,214,0,0
2000690000,215,0,0
2000690000,216,0,0
2000690000,217,0,0
2000690000,218,0,0
2000690000,219,0,0
2000690000,220,0,0
2000690000,221,0,0
2000690000,222,0,0
2000690000,223,0,0
2000690000,224,0,0
2000690000,225,0,0
2000690000,226,0,0
2000690000,227,0,0
2000690000,228,0,0
2000690000,229,0,0
2000690000,230,0,0
2000690000,231,0,0
2000690000,232,0,0
2000690000,233,0,0
2000690000,234,0,0
2000690000,235,0,0
2000690000,236,0,0
2000690000,237,0,0
2000690000,238,0,0
2000690000,239,0,0
2000690000,240,0,0
2000690000,241,0,0
2000690000,242,0,0
2000690000,243,0,0
2000690000,244,0,0
2000690000,245,0,0
2000690000,246,0,0
2000690000,247,0,0
2000690000,248,0,0
2000690000,249,0,0
2000690000,250,0,0
2000690000,251,0,0
2000690000,252,0,0
2000690000,253,0,0
2000690000,254,0,0
2000690000,255,0,0
2000690000,256,0,0
2000690000,257,0,0
2000690000,258,0,0
2000690000,259,0,0
2000690000,260,0,0
2000690000,261,0,0
2000690000,262,0,0
2000690000,263,0,0
2000690000,264,0,0
2000690000,265,0,0
2000690000,266,0,0
2000690000,267,0,0
2000690000,268,0,0
2000690000,269,0,0
2000690000,270,0,0
2000690000,271,0,0
2000690000,272,0,0
2000690000,273,0,0
2000690000,274,0,0
2000690000,275,0,0
2000690000,276,0,0
2000690000,277,0,0
2000690000,278,0,0
2000690000,279,0,0
2000690000,280,0,0
2000690000,281,0,0
2000690000,282,0,0
2000690000,283,0,0
2000690000,284,0,0
2000690000,285,0,0
2000690000,286,0,0
2000690000,287,0,0
2000700000,32,0,0
2000700000,33,0,0
2000700000,34,1,1
2000700000,35,0,0
2000700000,36,0,0
2000700000,37,0,0
2000700000,38,0,0
2000700000,39,0,0
2000700000,40,0,0
2000700000,41,0,0
2000700000,42,0,0
2000700000,43,0,0
2000700000,44,0,0
2000700000,45,0,0
2000700000,46,0,0
2000700000,47,0,0
2000700000,48,0,0
2000700000,49,0,0
2000700000,50,0,0
2000700000,51,0,0
2000700000,52,0,0
2000700000,53,0,0
2000700000,54,0,0
2000700000,55,0,0
2000700000,56,0,0
2000700000,57,0,0
2000700000,58,0,0
2000700000,59,0,0
2000700000,60,0,0
2000700000,61,0,0
2000700000,62,0,0
2000700000,63,0,0
2000700000,64,0,0
2000700000,65,0,0
2000700000,66,0,0
2000700000,67,0,0
2000700000,68,0,0
2000700000,69,0,0
2000700000,70,0,0
2000700000,71,0,0
2000700000,72,0,0
2000700000,73,0,0
2000700000,74,0,0
2000700000,75,0,0
2000700000,76,0,0
2000700000,77,0,0
2000700000,78,0,0
2000700000,79,0,0
2000700000,80,0,0
2000700000,81,0,0
2000700000,82,0,0
2000700000,83,0,0
2000700000,84,0,0
2000700000,85,0,0
2000700000,86,0,0
2000700000,87,0,0
2000700000,88,0,0
2000700000,89,0,0
2000700000,90,0,0
2000700000,91,0,0
2000700000,92,0,0
2000700000,93,0,0
2000700000,94,0,0
2000700000,95,0,0
2000700000,96,0,0
2000700000,97,0,0
2000700000,98,0,0
2000700000,99,0,0
2000700000,100,0,0
2000700000,101,0,0
2000700000,102,0,0
2000700000,103,0,0
2000700000,104,0,0
2000700000,105,0,0
2000700000,106,0,0
2000700000,107,0,0
2000700000,108,0,0
2000700000,109,0,0
2000700000,110,0,0
2000700000,111,0,0
2000700000,112,0,0
2000700000,113,0,0
2000700000,114,0,0
2000700000,115,0,0
2000700000,116,0,0
2000700000,117,0,0
2000700000,118,0,0
2000700000,119,0,0
2000700000,120,1,1
2000700000,121,0,0
2000700000,122,0,0
2000700000,123,0,0
2000700000,124,0,0
2000700000,125,0,0
2000700000,126,0,0
2000700000,127,0,0
2000700000,128,0,0
2000700000,129,0,0
2000700000,130,0,0
2000700000,131,0,0
2000700000,132,0,0
2000700000,133,0,0
2000700000,134,0,0
2000700000,135,0,0
2000700000,136,0,0
2000700000,137,0,0
2000700000,138,0,0
2000700000,139,0,0
2000700000,140,1,1
2000700000,141,0,0
2000700000,142,0,0
2000700000,143,0,0
2000700000,144,0,0
2000700000,145,0,0
2000700000,146,0,0
2000700000,147,0,0
2000700000,148,0,0
2000700000,149,0,0
2000700000,150,0,0
2000700000,151,0,0
2000700000,152,0,0
2000700000,153,0,0
2000700000,154,0,0
2000700000,155,0,0
2000700000,156,0,0
2000700000,157,0,0
2000700000,158,0,0
2000700000,159,0,0
2000700000,160,0,0
2000700000,161,0,0
2000700000,162,0,0
2000700000,163,0,0
2000700000,164,0,0
2000700000,165,0,0
2000700000,166,0,0
2000700000,167,0,0
2000700000,168,0,0
2000700000,169,0,0
2000700000,170,0,0
2000700000,171,0,0
2000700000,172,0,0
2000700000,173,0,0
2000700000,174,0,0
2000700000,175,0,0
2000700000,176,0,0
2000700000,177,0,0
2000700000,178,0,0
2000700000,179,0,0
2000700000,180,0,0
2000700000,181,0,0
2000700000,182,0,0
2000700000,183,0,0
2000700000,184,0,0
2000700000,185,0,0
2000700000,186,0,0
2000700000,187,0,0
2000700000,188,0,0
2000700000,189,0,0
2000700000,190,1,1
2000700000,191,0,0
2000700000,192,0,0
2000700000,193,0,0
2000700000,194,0,0
2000700000,195,0,0
2000700000,196,0,0
2000700000,197,0,0
2000700000,198,0,0
2000700000,199,0,0
2000700000,200,0,0
2000700000,201,0,0
2000700000,202,0,0
2000700000,203,0,0
2000700000,204,0,0
2000700000,205,0,0
2000700000,206,0,0
2000700000,207,0,0
2000700000,208,0,0
2000700000,209,0,0
2000700000,210,0,0
2000700000,211,0,0
2000700000,212,0,0
2000700000,213,0,0
2000700000,214,0,0
2000700000,215,0,0
2000700000,216,0,0
2000700000,217,0,0
2000700000,218,0,0
2000700000,219,0,0
2000700000,220,0,0
2000700000,221,0,0
2000700000,222,0,0
2000700000,223,0,0
2000700000,224,0,0
2000700000,225,0,0
2000700000,226,0,0
2000700000,227,0,0
2000700000,228,0,0
2000700000,229,0,0
2000700000,230,0,0
2000700000,231,0,0
2000700000,232,0,0
2000700000,233,0,0
2000700000,234,0,0
2000700000,235,0,0
2000700000,236,0,0
2000700000,237,0,0
2000700000,238,0,0
2000700000,239,0,0
2000700000,240,0,0
2000700000,241,0,0
2000700000,242,0,0
2000700000,243,0,0
2000700000,244,0,0
2000700000,245,0,0
2000700000,246,0,0
2000700000,247,0,0
2000700000,248,0,0
2000700000,249,0,0
2000700000,250,0,0
2000700000,251,0,0
2000700000,252,0,0
2000700000,253,0,0
2000700000,254,0,0
2000700000,255,0,0
2000700000,256,0,0
2000700000,257,0,0
2000700000,258,0,0
2000700000,259,0,0
2000700000,260,0,0
2000700000,261,0,0
2000700000,262,0,0
2000700000,263,0,0
2000700000,264,0,0
2000700000,265,0,0
2000700000,266,0,0
2000700000,267,0,0
2000700000,268,0,0
2000700000,269,0,0
2000700000,270,0,0
2000700000,271,0,0
2000700000,272,0,0
2000700000,273,0,0
2000700000,274,0,0
2000700000,275,0,0
2000700000,276,0,0
2000700000,277,0,0
2000700000,278,0,0
2000700000,279,0,0
2000700000,280,0,0
2000700000,281,0,0
2000700000,282,0,0
2000700000,283,0,0
2000700000,284,0,0
2000700000,285,0,0
2000700000,286,0,0
2000700000,287,0,0
2000710000,32,0,0
2000710000,33,0,0
2000710000,34,1,1
2000710000,35,0,0
2000710000,36,0,0
2000710000,37,0,0
2000710000,38,0,0
2000710000,39,0,0
2000710000,40,0,0
2000710000,41,0,0
2000710000,42,0,0
2000710000,43,0,0
2000710000,44,0,0
2000710000,45,0,0
2000710000,46,0,0
2000710000,47,0,0
2000710000,48,0,0
2000710000,49,0,0
2000710000,50,0,0
2000710000,51,0,0
2000710000,52,0,0
2000710000,53,0,0
2000710000,54,0,0
2000710000,55,0,0
2000710000,56,0,0
2000710000,57,0,0
2000710000,58,0,0
2000710000,59,0,0
2000710000,60,0,0
2000710000,61,0,0
2000710000,62,0,0
2000710000,63,0,0
2000710000,64,0,0
2000710000,65,0,0
2000710000,66,0,0
2000710000,67,0,0
2000710000,68,0,0
2000710000,69,0,0
2000710000,70,0,0
2000710000,71,0,0
2000710000,72,0,0
2000710000,73,0,0
2000710000,74,0,0
2000710000,75,0,0
2000710000,76,0,0
2000710000,77,0,0
2000710000,78,0,0
2000710000,79,0,0
2000710000,80,0,0
2000710000,81,0,0
2000710000,82,0,0
2000710000,83,0,0
2000710000,84,0,0
2000710000,85,0,0
2000710000,86,0,0
2000710000,87,0,0
2000710000,88,0,0
2000710000,89,0,0
2000710000,90,0,0
2000710000,91,0,0
2000710000,92,0,0
2000710000,93,0,0
2000710000,94,0,0
2000710000,95,0,0
2000710000,96,0,0
2000710000,97,0,0
2000710000,98,0,0
2000710000,99,0,0
2000710000,100,0,0
2000710000,101,0,0
2000710000,102,0,0
2000710000,103,0,0
2000710000,104,0,0
2000710000,105,0,0
2000710000,106,0,0
2000710000,107,0,0
2000710000,108,0,0
2000710000,109,0,0
2000710000,110,0,0
2000710000,111,0,0
2000710000,112,0,0
2000710000,113,0,0
2000710000,114,0,0
2000710000,115,0,0
2000710000,116,0,0
2000710000,117,0,0
2000710000,118,0,0
2000710000,119,0,0
2000710000,120,1,1
2000710000,121,0,0
2000710000,122,0,0
2000710000,123,0,0
2000710000,124,0,0
2000710000,125,0,0
2000710000,126,0,0
2000710000,127,0,0
2000710000,128,0,0
2000710000,129,0,0
2000710000,130,0,0
2000710000,131,0,0
2000710000,132,0,0
2000710000,133,0,0
2000710000,134,0,0
2000710000,135,0,0
2000710000,136,0,0
2000710000,137,0,0
2000710000,138,0,0
2000710000,139,0,0
2000710000,140,1,1
2000710000,141,0,0
2000710000,142,0,0
2000710000,143,0,0
2000710000,144,0,0
2000710000,145,0,0
2000710000,146,0,0
2000710000,147,0,0
2000710000,148,0,0
2000710000,149,0,0
2000710000,150,0,0
2000710000,151,0,0
2000710000,152,0,0
2000710000,153,0,0
2000710000,154,0,0
2000710000,155,0,0
2000710000,156,0,0
2000710000,157,0,0
2000710000,158,0,0
2000710000,159,0,0
2000710000,160,0,0
2000710000,161,0,0
2000710000,162,0,0
2000710000,163,0,0
2000710000,164,0,0
2000710000,165,0,0
2000710000,166,0,0
2000710000,167,0,0
2000710000,168,0,0
2000710000,169,0,0
2000710000,170,0,0
2000710000,171,0,0
2000710000,172,0,0
2000710000,173,0,0
2000710000,174,0,0
2000710000,175,0,0
2000710000,176,0,0
2000710000,177,0,0
2000710000,178,0,0
2000710000,179,0,0
2000710000,180,0,0
2000710000,181,0,0
2000710000,182,0,0
2000710000,183,0,0
2000710000,184,0,0
2000710000,185,0,0
2000710000,186,0,0
2000710000,187,0,0
2000710000,188,0,0
2000710000,189,0,0
2000710000,190,1,1
2000710000,191,0,0
2000710000,192,0,0
2000710000,193,0,0
2000710000,194,0,0
2000710000,195,0,0
2000710000,196,0,0
2000710000,197,0,0
2000710000,198,0,0
2000710000,199,0,0
2000710000,200,0,0
2000710000,201,0,0
2000710000,202,0,0
2000710000,203,0,0
2000710000,204,0,0
2000710000,205,0,0
2000710000,206,0,0
2000710000,207,0,0
2000710000,208,0,0
2000710000,209,0,0
2000710000,210,0,0
2000710000,211,0,0
2000710000,212,0,0
2000710000,213,0,0
2000710000,214,0,0
2000710000,215,0,0
2000710000,216,0,0
2000710000,217,0,0
2000710000,218,0,0
2000710000,219,0,0
2000710000,220,0,0
2000710000,221,0,0
2000710000,222,0,0
2000710000,223,0,0
2000710000,224,0,0
2000710000,225,0,0
2000710000,226,0,0
2000710000,227,0,0
2000710000,228,0,0
2000710000,229,0,0
2000710000,230,0,0
2000710000,231,0,0
2000710000,232,0,0
2000710000,233,0,0
2000710000,234,0,0
2000710000,235,0,0
2000710000,236,0,0
2000710000,237,0,0
2000710000,238,0,0
2000710000,239,0,0
2000710000,240,0,0
2000710000,241,0,0
2000710000,242,0,0
2000710000,243,0,0
2000710000,244,0,0
2000710000,245,0,0
2000710000,246,0,0
2000710000,247,0,0
2000710000,248,0,0
2000710000,249,0,0
2000710000,250,0,0
2000710000,251,0,0
2000710000,252,0,0
2000710000,253,0,0
2000710000,254,0,0
2000710000,255,0,0
2000710000,256,0,0
2000710000,257,0,0
2000710000,258,0,0
2000710000,259,0,0
2000710000,260,0,0
2000710000,261,0,0
2000710000,262,0,0
2000710000,263,0,0
2000710000,264,0,0
2000710000,265,0,0
2000710000,266,0,0
2000710000,267,0,0
2000710000,268,0,0
2000710000,269,0,0
2000710000,270,0,0
2000710000,271,0,0
2000710000,272,0,0
2000710000,273,0,0
2000710000,274,0,0
2000710000,275,0,0
2000710000,276,0,0
2000710000,277,0,0
2000710000,278,0,0
2000710000,279,0,0
2000710000,280,0,0
2000710000,281,0,0
2000710000,282,0,0
2000710000,283,0,0
2000710000,284,0,0
2000710000,285,0,0
2000710000,286,0,0
2000710000,287,0,0
2000720000,32,0,0
2000720000,33,0,0
2000720000,34,1,1
2000720000,35,0,0
2000720000,36,0,0
2000720000,37,0,0
2000720000,38,0,0
2000720000,39,0,0
2000720000,40,0,0
2000720000,41,0,0
2000720000,42,0,0
2000720000,43,0,0
2000720000,44,0,0
2000720000,45,0,0
2000720000,46,0,0
2000720000,47,0,0
2000720000,48,0,0
2000720000,49,0,0
2000720000,50,0,0
2000720000,51,0,0
2000720000,52,0,0
2000720000,53,0,0
2000720000,54,0,0
2000720000,55,0,0
2000720000,56,0,0
2000720000,57,0,0
2000720000,58,0,0
2000720000,59,0,0
2000720000,60,0,0
2000720000,61,0,0
2000720000,62,0,0
2000720000,63,0,0
2000720000,64,0,0
2000720000,65,0,0
2000720000,66,0,0
2000720000,67,0,0
2000720000,68,0,0
2000720000,69,0,0
2000720000,70,0,0
2000720000,71,0,0
2000720000,72,0,0
2000720000,73,0,0
2000720000,74,0,0
2000720000,75,0,0
2000720000,76,0,0
2000720000,77,0,0
2000720000,78,0,0
2000720000,79,0,0
2000720000,80,0,0
2000720000,81,0,0
2000720000,82,0,0
2000720000,83,0,0
2000720000,84,0,0
2000720000,85,0,0
2000720000,86,0,0
2000720000,87,0,0
2000720000,88,0,0
2000720000,89,0,0
2000720000,90,0,0
2000720000,91,0,0
2000720000,92,0,0
2000720000,93,0,0
2000720000,94,0,0
2000720000,95,0,0
2000720000,96,0,0
2000720000,97,0,0
2000720000,98,0,0
2000720000,99,0,0
2000720000,100,0,0
2000720000,101,0,0
2000720000,102,0,0
2000720000,103,0,0
2000720000,104,0,0
2000720000,105,0,0
2000720000,106,0,0
2000720000,107,0,0
2000720000,108,0,0
2000720000,109,0,0
2000720000,110,0,0
2000720000,111,0,0
2000720000,112,0,0
2000720000,113,0,0
2000720000,114,0,0
2000720000,115,0,0
2000720000,116,0,0
2000720000,117,0,0
2000720000,118,0,0
2000720000,119,0,0
2000720000,120,1,1
2000720000,121,0,0
2000720000,122,0,0
2000720000,123,0,0
2000720000,124,0,0
2000720000,125,0,0
2000720000,126,0,0
2000720000,127,0,0
2000720000,128,0,0
2000720000,129,0,0
2000720000,130,0,0
2000720000,131,0,0
2000720000,132,0,0
2000720000,133,0,0
2000720000,134,0,0
2000720000,135,0,0
2000720000,136,0,0
2000720000,137,0,0
2000720000,138,0,0
2000720000,139,0,0
2000720000,140,1,1
2000720000,141,0,0
2000720000,142,0,0
2000720000,143,0,0
2000720000,144,0,0
2000720000,145,0,0
2000720000,146,0,0
2000720000,147,0,0
2000720000,148,0,0
2000720000,149,0,0
2000720000,150,0,0
2000720000,151,0,0
2000720000,152,0,0
2000720000,153,0,0
2000720000,154,0,0
2000720000,155,0,0
2000720000,156,0,0
2000720000,157,0,0
2000720000,158,0,0
2000720000,159,0,0
2000720000,160,0,0
2000720000,161,0,0
2000720000,162,0,0
2000720000,163,0,0
2000720000,164,0,0
2000720000,165,0,0
2000720000,166,0,0
2000720000,167,0,0
2000720000,168,0,0
2000720000,169,0,0
2000720000,170,0,0
2000720000,171,0,0
2000720000,172,0,0
2000720000,173,0,0
2000720000,174,0,0
2000720000,175,0,0
2000720000,176,0,0
2000720000,177,0,0
2000720000,178,0,0
2000720000,179,0,0
2000720000,180,0,0
2000720000,181,0,0
2000720000,182,0,0
2000720000,183,0,0
2000720000,184,0,0
2000720000,185,0,0
2000720000,186,0,0
2000720000,187,0,0
2000720000,188,0,0
2000720000,189,0,0
2000720000,190,1,1
2000720000,191,0,0
2000720000,192,0,0
2000720000,193,0,0
2000720000,194,0,0
2000720000,195,0,0
2000720000,196,0,0
2000720000,197,0,0
2000720000,198,0,0
2000720000,199,0,0
2000720000,200,0,0
2000720000,201,0,0
2000720000,202,0,0
2000720000,203,0,0
2000720000,204,0,0
2000720000,205,0,0
2000720000,206,0,0
2000720000,207,0,0
2000720000,208,0,0
2000720000,209,0,0
2000720000,210,0,0
2000720000,211,0,0
2000720000,212,0,0
2000720000,213,0,0
2000720000,214,0,0
2000720000,215,0,0
2000720000,216,0,0
2000720000,217,0,0
2000720000,218,0,0
2000720000,219,0,0
2000720000,220,0,0
2000720000,221,0,0
2000720000,222,0,0
2000720000,223,0,0
2000720000,224,0,0
2000720000,225,0,0
2000720000,226,0,0
2000720000,227,0,0
2000720000,228,0,0
2000720000,229,0,0
2000720000,230,0,0
2000720000,231,0,0
2000720000,232,0,0
2000720000,233,0,0
2000720000,234,0,0
2000720000,235,0,0
2000720000,236,0,0
2000720000,237,0,0
2000720000,238,0,0
2000720000,239,0,0
2000720000,240,0,0
2000720000,241,0,0
2000720000,242,0,0
2000720000,243,0,0
2000720000,244,0,0
2000720000,245,0,0
2000720000,246,0,0
2000720000,247,0,0
2000720000,248,0,0
2000720000,249,0,0
2000720000,250,0,0
2000720000,251,0,0
2000720000,252,0,0
2000720000,253,0,0
2000720000,254,0,0
2000720000,255,0,0
2000720000,256,0,0
2000720000,257,0,0
2000720000,258,0,0
2000720000,259,0,0
2000720000,260,0,0
2000720000,261,0,0
2000720000,262,0,0
2000720000,263,0,0
2000720000,264,0,0
2000720000,265,0,0
2000720000,266,0,0
2000720000,267,0,0
2000720000,268,0,0
2000720000,269,0,0
2000720000,270,0,0
2000720000,271,0,0
2000720000,272,0,0
2000720000,273,0,0
2000720000,274,0,0
2000720000,275,0,0
2000720000,276,0,0
2000720000,277,0,0
2000720000,278,0,0
2000720000,279,0,0
2000720000,280,0,0
2000720000,281,0,0
2000720000,282,0,0
2000720000,283,0,0
2000720000,284,0,0
2000720000,285,0,0
2000720000,286,0,0
2000720000,287,0,0
2000730000,32,0,0
2000730000,33,0,0
2000730000,34,1,1
2000730000,35,0,0
2000730000,36,0,0
2000730000,37,0,0
2000730000,38,0,0
2000730000,39,0,0
2000730000,40,0,0
2000730000,41,0,0
2000730000,42,0,0
2000730000,43,0,0
2000730000,44,0,0
2000730000,45,0,0
2000730000,46,0,0
2000730000,47,0,0
2000730000,48,0,0
2000730000,49,0,0
2000730000,50,0,0
2000730000,51,0,0
2000730000,52,0,0
2000730000,53,0,0
2000730000,54,0,0
2000730000,55,0,0
2000730000,56,0,0
2000730000,57,0,0
2000730000,58,0,0
2000730000,59,0,0
2000730000,60,0,0
2000730000,61,0,0
2000730000,62,0,0
2000730000,63,0,0
2000730000,64,0,0
2000730000,65,0,0
2000730000,66,0,0
2000730000,67,0,0
2000730000,68,0,0
2000730000,69,0,0
2000730000,70,0,0
2000730000,71,0,0
2000730000,72,0,0
2000730000,73,0,0
2000730000,74,0,0
2000730000,75,0,0
2000730000,76,0,0
2000730000,77,0,0
2000730000,78,0,0
2000730000,79,0,0
2000730000,80,0,0
2000730000,81,0,0
2000730000,82,0,0
2000730000,83,0,0
2000730000,84,0,0
2000730000,85,0,0
2000730000,86,0,0
2000730000,87,0,0
2000730000,88,0,0
2000730000,89,0,0
2000730000,90,0,0
2000730000,91,0,0
2000730000,92,0,0
2000730000,93,0,0
2000730000,94,0,0
2000730000,95,0,0
2000730000,96,0,0
2000730000,97,0,0
2000730000,98,0,0
2000730000,99,0,0
2000730000,100,0,0
2000730000,101,0,0
2000730000,102,0,0
2000730000,103,0,0
2000730000,104,0,0
2000730000,105,0,0
2000730000,106,0,0
2000730000,107,0,0
2000730000,108,0,0
2000730000,109,0,0
2000730000,110,0,0
2000730000,111,0,0
2000730000,112,0,0
2000730000,113,0,0
2000730000,114,0,0
2000730000,115,0,0
2000730000,116,0,0
2000730000,117,0,0
2000730000,118,0,0
2000730000,119,0,0
2000730000,120,1,1
2000730000,121,0,0
2000730000,122,0,0
2000730000,123,0,0
2000730000,124,0,0
2000730000,125,0,0
2000730000,126,0,0
2000730000,127,0,0
2000730000,128,0,0
2000730000,129,0,0
2000730000,130,0,0
2000730000,131,0,0
2000730000,132,0,0
2000730000,133,0,0
2000730000,134,0,0
2000730000,135,0,0
2000730000,136,0,0
2000730000,137,0,0
2000730000,138,0,0
2000730000,139,0,0
2000730000,140,1,1
2000730000,141,0,0
2000730000,142,0,0
2000730000,143,0,0
2000730000,144,0,0
2000730000,145,0,0
2000730000,146,0,0
2000730000,147,0,0
2000730000,148,0,0
2000730000,149,0,0
2000730000,150,0,0
2000730000,151,0,0
2000730000,152,0,0
2000730000,153,0,0
2000730000,154,0,0
2000730000,155,0,0
2000730000,156,0,0
2000730000,157,0,0
2000730000,158,0,0
2000730000,159,0,0
2000730000,160,0,0
2000730000,161,0,0
2000730000,162,0,0
2000730000,163,0,0
2000730000,164,0,0
2000730000,165,0,0
2000730000,166,0,0
2000730000,167,0,0
2000730000,168,0,0
2000730000,169,0,0
2000730000,170,0,0
2000730000,171,0,0
2000730000,172,0,0
2000730000,173,0,0
2000730000,174,0,0
2000730000,175,0,0
2000730000,176,0,0
2000730000,177,0,0
2000730000,178,0,0
2000730000,179,0,0
2000730000,180,0,0
2000730000,181,0,0
2000730000,182,0,0
2000730000,183,0,0
2000730000,184,0,0
2000730000,185,0,0
2000730000,186,0,0
2000730000,187,0,0
2000730000,188,0,0
2000730000,189,0,0
2000730000,190,1,1
2000730000,191,0,0
2000730000,192,0,0
2000730000,193,0,0
2000730000,194,0,0
2000730000,195,0,0
2000730000,196,0,0
2000730000,197,0,0
2000730000,198,0,0
2000730000,199,0,0
2000730000,200,0,0
2000730000,201,0,0
2000730000,202,0,0
2000730000,203,0,0
2000730000,204,0,0
2000730000,205,0,0
2000730000,206,0,0
2000730000,207,0,0
2000730000,208,0,0
2000730000,209,0,0
2000730000,210,0,0
2000730000,211,0,0
2000730000,212,0,0
2000730000,213,0,0
2000730000,214,0,0
2000730000,215,0,0
2000730000,216,0,0
2000730000,217,0,0
2000730000,218,0,0
2000730000,219,0,0
2000730000,220,0,0
2000730000,221,0,0
2000730000,222,0,0
2000730000,223,0,0
2000730000,224,0,0
2000730000,225,0,0
2000730000,226,0,0
2000730000,227,0,0
2000730000,228,0,0
2000730000,229,0,0
2000730000,230,0,0
2000730000,231,0,0
2000730000,232,0,0
2000730000,233,0,0
2000730000,234,0,0
2000730000,235,0,0
2000730000,236,0,0
2000730000,237,0,0
2000730000,238,0,0
2000730000,239,0,0
2000730000,240,0,0
2000730000,241,0,0
2000730000,242,0,0
2000730000,243,0,0
2000730000,244,0,0
2000730000,245,0,0
2000730000,246,0,0
2000730000,247,0,0
2000730000,248,0,0
2000730000,249,0,0
2000730000,250,0,0
2000730000,251,0,0
2000730000,252,0,0
2000730000,253,0,0
2000730000,254,0,0
2000730000,255,0,0
2000730000,256,0,0
2000730000,257,0,0
2000730000,258,0,0
2000730000,259,0,0
2000730000,260,0,0
2000730000,261,0,0
2000730000,262,0,0
2000730000,263,0,0
2000730000,264,0,0
2000730000,265,0,0
2000730000,266,0,0
2000730000,267,0,0
2000730000,268,0,0
2000730000,269,0,0
2000730000,270,0,0
2000730000,271,0,0
2000730000,272,0,0
2000730000,273,0,0
2000730000,274,0,0
2000730000,275,0,0
2000730000,276,0,0
2000730000,277,0,0
2000730000,278,0,0
2000730000,279,0,0
2000730000,280,0,0
2000730000,281,0,0
2000730000,282,0,0
2000730000,283,0,0
2000730000,284,0,0
2000730000,285,0,0
2000730000,286,0,0
2000730000,287,0,0
2000740000,32,0,0
2000740000,33,0,0
2000740000,34,1,1
2000740000,35,0,0
2000740000,36,0,0
2000740000,37,0,0
2000740000,38,0,0
2000740000,39,0,0
2000740000,40,0,0
2000740000,41,0,0
2000740000,42,0,0
2000740000,43,0,0
2000740000,44,0,0
2000740000,45,0,0
2000740000,46,0,0
2000740000,47,0,0
2000740000,48,0,0
2000740000,49,0,0
2000740000,50,0,0
2000740000,51,0,0
2000740000,52,0,0
2000740000,53,0,0
2000740000,54,0,0
2000740000,55,0,0
2000740000,56,0,0
2000740000,57,0,0
2000740000,58,0,0
2000740000,59,0,0
2000740000,60,0,0
2000740000,61,0,0
2000740000,62,0,0
2000740000,63,0,0
2000740000,64,0,0
2000740000,65,0,0
2000740000,66,0,0
2000740000,67,0,0
2000740000,68,0,0
2000740000,69,0,0
2000740000,70,0,0
2000740000,71,0,0
2000740000,72,0,0
2000740000,73,0,0
2000740000,74,0,0
2000740000,75,0,0
2000740000,76,0,0
2000740000,77,0,0
2000740000,78,0,0
2000740000,79,0,0
2000740000,80,0,0
2000740000,81,0,0
2000740000,82,0,0
2000740000,83,0,0
2000740000,84,0,0
2000740000,85,0,0
2000740000,86,0,0
2000740000,87,0,0
2000740000,88,0,0
2000740000,89,0,0
2000740000,90,0,0
2000740000,91,0,0
2000740000,92,0,0
2000740000,93,0,0
2000740000,94,0,0
2000740000,95,0,0
2000740000,96,0,0
2000740000,97,0,0
2000740000,98,0,0
2000740000,99,0,0
2000740000,100,0,0
2000740000,101,0,0
2000740000,102,0,0
2000740000,103,0,0
2000740000,104,0,0
2000740000,105,0,0
2000740000,106,0,0
2000740000,107,0,0
2000740000,108,0,0
2000740000,109,0,0
2000740000,110,0,0
2000740000,111,0,0
2000740000,112,0,0
2000740000,113,0,0
2000740000,114,0,0
2000740000,115,0,0
2000740000,116,0,0
2000740000,117,0,0
2000740000,118,0,0
2000740000,119,0,0
2000740000,120,1,1
2000740000,121,0,0
2000740000,122,0,0
2000740000,123,0,0
2000740000,124,0,0
2000740000,125,0,0
2000740000,126,0,0
2000740000,127,0,0
2000740000,128,0,0
2000740000,129,0,0
2000740000,130,0,0
2000740000,131,0,0
2000740000,132,0,0
2000740000,133,0,0
2000740000,134,0,0
2000740000,135,0,0
2000740000,136,0,0
2000740000,137,0,0
2000740000,138,0,0
2000740000,139,0,0
2000740000,140,1,1
2000740000,141,0,0
2000740000,142,0,0
2000740000,143,0,0
2000740000,144,0,0
2000740000,145,0,0
2000740000,146,0,0
2000740000,147,0,0
2000740000,148,0,0
2000740000,149,0,0
2000740000,150,0,0
2000740000,151,0,0
2000740000,152,0,0
2000740000,153,0,0
2000740000,154,0,0
2000740000,155,0,0
2000740000,156,0,0
2000740000,157,0,0
2000740000,158,0,0
2000740000,159,0,0
2000740000,160,0,0
2000740000,161,0,0
2000740000,162,0,0
2000740000,163,0,0
2000740000,164,0,0
2000740000,165,0,0
2000740000,166,0,0
2000740000,167,0,0
2000740000,168,0,0
2000740000,169,0,0
2000740000,170,0,0
2000740000,171,0,0
2000740000,172,0,0
2000740000,173,0,0
2000740000,174,0,0
2000740000,175,0,0
2000740000,176,0,0
2000740000,177,0,0
2000740000,178,0,0
2000740000,179,0,0
2000740000,180,0,0
2000740000,181,0,0
2000740000,182,0,0
2000740000,183,0,0
2000740000,184,0,0
2000740000,185,0,0
2000740000,186,0,0
2000740000,187,0,0
2000740000,188,0,0
2000740000,189,0,0
2000740000,190,1,1
2000740000,191,0,0
2000740000,192,0,0
2000740000,193,0,0
2000740000,194,0,0
2000740000,195,0,0
2000740000,196,0,0
2000740000,197,0,0
2000740000,198,0,0
2000740000,199,0,0
2000740000,200,0,0
2000740000,201,0,0
2000740000,202,0,0
2000740000,203,0,0
2000740000,204,0,0
2000740000,205,0,0
2000740000,206,0,0
2000740000,207,0,0
2000740000,208,0,0
2000740000,209,0,0
2000740000,210,0,0
2000740000,211,0,0
2000740000,212,0,0
2000740000,213,0,0
2000740000,214,0,0
2000740000,215,0,0
2000740000,216,0,0
2000740000,217,0,0
2000740000,218,0,0
2000740000,219,0,0
2000740000,220,0,0
2000740000,221,0,0
2000740000,222,0,0
2000740000,223,0,0
2000740000,224,0,0
2000740000,225,0,0
2000740000,226,0,0
2000740000,227,0,0
2000740000,228,0,0
2000740000,229,0,0
2000740000,230,0,0
2000740000,231,0,0
2000740000,232,0,0
2000740000,233,0,0
2000740000,234,0,0
2000740000,235,0,0
2000740000,236,0,0
2000740000,237,0,0
2000740000,238,0,0
2000740000,239,0,0
2000740000,240,0,0
2000740000,241,0,0
2000740000,242,0,0
2000740000,243,0,0
2000740000,244,0,0
2000740000,245,0,0
2000740000,246,0,0
2000740000,247,0,0
2000740000,248,0,0
2000740000,249,0,0
2000740000,250,0,0
2000740000,251,0,0
2000740000,252,0,0
2000740000,253,0,0
2000740000,254,0,0
2000740000,255,0,0
2000740000,256,0,0
2000740000,257,0,0
2000740000,258,0,0
2000740000,259,0,0
2000740000,260,0,0
2000740000,261,0,0
2000740000,262,0,0
2000740000,263,0,0
2000740000,264,0,0
2000740000,265,0,0
2000740000,266,0,0
2000740000,267,0,0
2000740000,268,0,0
2000740000,269,0,0
2000740000,270,0,0
2000740000,271,0,0
2000740000,272,0,0
2000740000,273,0,0
2000740000,274,0,0
2000740000,275,0,0
2000740000,276,0,0
2000740000,277,0,0
2000740000,278,0,0
2000740000,279,0,0
2000740000,280,0,0
2000740000,281,0,0
2000740000,282,0,0
2000740000,283,0,0
2000740000,284,0,0
2000740000,285,0,0
2000740000,286,0,0
2000740000,287,0,0
2000750000,32,0,0
2000750000,33,0,0
2000750000,34,1,1
2000750000,35,0,0
2000750000,36,0,0
2000750000,37,0,0
2000750000,38,0,0
2000750000,39,0,0
2000750000,40,0,0
2000750000,41,0,0
2000750000,42,0,0
2000750000,43,0,0
2000750000,44,0,0
2000750000,45,0,0
2000750000,46,0,0
2000750000,47,0,0
2000750000,48,0,0
2000750000,49,0,0
2000750000,50,0,0
2000750000,51,0,0
2000750000,52,0,0
2000750000,53,0,0
2000750000,54,0,0
2000750000,55,0,0
2000750000,56,0,0
2000750000,57,0,0
2000750000,58,0,0
2000750000,59,0,0
2000750000,60,0,0
2000750000,61,0,0
2000750000,62,0,0
2000750000,63,0,0
2000750000,64,0,0
2000750000,65,0,0
2000750000,66,0,0
2000750000,67,0,0
2000750000,68,0,0
2000750000,69,0,0
2000750000,70,0,0
2000750000,71,0,0
2000750000,72,0,0
2000750000,73,0,0
2000750000,74,0,0
2000750000,75,0,0
2000750000,76,0,0
2000750000,77,0,0
2000750000,78,0,0
2000750000,79,0,0
2000750000,80,0,0
2000750000,81,0,0
2000750000,82,0,0
2000750000,83,0,0
2000750000,84,0,0
2000750000,85,0,0
2000750000,86,0,0
2000750000,87,0,0
2000750000,88,0,0
2000750000,89,0,0
2000750000,90,0,0
2000750000,91,0,0
2000750000,92,0,0
2000750000,93,0,0
2000750000,94,0,0
2000750000,95,0,0
2000750000,96,0,0
2000750000,97,0,0
2000750000,98,0,0
2000750000,99,0,0
2000750000,100,0,0
2000750000,101,0,0
2000750000,102,0,0
2000750000,103,0,0
2000750000,104,0,0
2000750000,105,0,0
2000750000,106,0,0
2000750000,107,0,0
2000750000,108,0,0
2000750000,109,0,0
2000750000,110,0,0
2000750000,111,0,0
2000750000,112,0,0
2000750000,113,0,0
2000750000,114,0,0
2000750000,115,0,0
2000750000,116,0,0
2000750000,117,0,0
2000750000,118,0,0
2000750000,119,0,0
2000750000,120,1,1
2000750000,121,0,0
2000750000,122,0,0
2000750000,123,0,0
2000750000,124,0,0
2000750000,125,0,0
2000750000,126,0,0
2000750000,127,0,0
2000750000,128,0,0
2000750000,129,0,0
2000750000,130,0,0
2000750000,131,0,0
2000750000,132,0,0
2000750000,133,0,0
2000750000,134,0,0
2000750000,135,0,0
2000750000,136,0,0
2000750000,137,0,0
2000750000,138,0,0
2000750000,139,0,0
2000750000,140,1,1
2000750000,141,0,0
2000750000,142,0,0
2000750000,143,0,0
2000750000,144,0,0
2000750000,145,0,0
2000750000,146,0,0
2000750000,147,0,0
2000750000,148,0,0
2000750000,149,0,0
2000750000,150,0,0
2000750000,151,0,0
2000750000,152,0,0
2000750000,153,0,0
2000750000,154,0,0
2000750000,155,0,0
2000750000,156,0,0
2000750000,157,0,0
2000750000,158,0,0
2000750000,159,0,0
2000750000,160,0,0
2000750000,161,0,0
2000750000,162,0,0
2000750000,163,0,0
2000750000,164,0,0
2000750000,165,0,0
2000750000,166,0,0
2000750000,167,0,0
2000750000,168,0,0
2000750000,169,0,0
2000750000,170,0,0
2000750000,171,0,0
2000750000,172,0,0
2000750000,173,0,0
2000750000,174,0,0
2000750000,175,0,0
2000750000,176,0,0
2000750000,177,0,0
2000750000,178,0,0
2000750000,179,0,0
2000750000,180,0,0
2000750000,181,0,0
2000750000,182,0,0
2000750000,183,0,0
2000750000,184,0,0
2000750000,185,0,0
2000750000,186,0,0
2000750000,187,0,0
2000750000,188,0,0
2000750000,189,0,0
2000750000,190,1,1
2000750000,191,0,0
2000750000,192,0,0
2000750000,193,0,0
2000750000,194,0,0
2000750000,195,0,0
2000750000,196,0,0
2000750000,197,0,0
2000750000,198,0,0
2000750000,199,0,0
2000750000,200,0,0
2000750000,201,0,0
2000750000,202,0,0
2000750000,203,0,0
2000750000,204,0,0
2000750000,205,0,0
2000750000,206,0,0
2000750000,207,0,0
2000750000,208,0,0
2000750000,209,0,0
2000750000,210,0,0
2000750000,211,0,0
2000750000,212,0,0
2000750000,213,0,0
2000750000,214,0,0
2000750000,215,0,0
2000750000,216,0,0
2000750000,217,0,0
2000750000,218,0,0
2000750000,219,0,0
2000750000,220,0,0
2000750000,221,0,0
2000750000,222,0,0
2000750000,223,0,0
2000750000,224,0,0
2000750000,225,0,0
2000750000,226,0,0
2000750000,227,0,0
2000750000,228,0,0
2000750000,229,0,0
2000750000,230,0,0
2000750000,231,0,0
2000750000,232,0,0
2000750000,233,0,0
2000750000,234,0,0
2000750000,235,0,0
2000750000,236,0,0
2000750000,237,0,0
2000750000,238,0,0
2000750000,239,0,0
2000750000,240,0,0
2000750000,241,0,0
2000750000,242,0,0
2000750000,243,0,0
2000750000,244,0,0
2000750000,245,0,0
2000750000,246,0,0
2000750000,247,0,0
2000750000,248,0,0
2000750000,249,0,0
2000750000,250,0,0
2000750000,251,0,0
2000750000,252,0,0
2000750000,253,0,0
2000750000,254,0,0
2000750000,255,0,0
2000750000,256,0,0
2000750000,257,0,0
2000750000,258,0,0
2000750000,259,0,0
2000750000,260,0,0
2000750000,261,0,0
2000750000,262,0,0
2000750000,263,0,0
2000750000,264,0,0
2000750000,265,0,0
2000750000,266,0,0
2000750000,267,0,0
2000750000,268,0,0
2000750000,269,0,0
2000750000,270,0,0
2000750000,271,0,0
2000750000,272,0,0
2000750000,273,0,0
2000750000,274,0,0
2000750000,275,0,0
2000750000,276,0,0
2000750000,277,0,0
2000750000,278,0,0
2000750000,279,0,0
2000750000,280,0,0
2000750000,281,0,0
2000750000,282,0,0
2000750000,283,0,0
2000750000,284,0,0
2000750000,285,0,0
2000750000,286,0,0
2000750000,287,0,0
2000760000,32,0,0
2000760000,33,0,0
2000760000,34,1,1
2000760000,35,0,0
2000760000,36,0,0
2000760000,37,0,0
2000760000,38,0,0
2000760000,39,0,0
2000760000,40,0,0
2000760000,41,0,0
2000760000,42,0,0
2000760000,43,0,0
2000760000,44,0,0
2000760000,45,0,0
2000760000,46,0,0
2000760000,47,0,0
2000760000,48,0,0
2000760000,49,0,0
2000760000,50,0,0
2000760000,51,0,0
2000760000,52,0,0
2000760000,53,0,0
2000760000,54,0,0
2000760000,55,0,0
2000760000,56,0,0
2000760000,57,0,0
2000760000,58,0,0
2000760000,59,0,0
2000760000,60,0,0
2000760000,61,0,0
2000760000,62,0,0
2000760000,63,0,0
2000760000,64,0,0
2000760000,65,0,0
2000760000,66,0,0
2000760000,67,0,0
2000760000,68,0,0
2000760000,69,0,0
2000760000,70,0,0
2000760000,71,0,0
2000760000,72,0,0
2000760000,73,0,0
2000760000,74,0,0
2000760000,75,0,0
2000760000,76,0,0
2000760000,77,0,0
2000760000,78,0,0
2000760000,79,0,0
2000760000,80,0,0
2000760000,81,0,0
2000760000,82,0,0
2000760000,83,0,0
2000760000,84,0,0
2000760000,85,0,0
2000760000,86,0,0
2000760000,87,0,0
2000760000,88,0,0
2000760000,89,0,0
2000760000,90,0,0
2000760000,91,0,0
2000760000,92,0,0
2000760000,93,0,0
2000760000,94,0,0
2000760000,95,0,0
2000760000,96,0,0
2000760000,97,0,0
2000760000,98,0,0
2000760000,99,0,0
2000760000,100,0,0
2000760000,101,0,0
2000760000,102,0,0
2000760000,103,0,0
2000760000,104,0,0
2000760000,105,0,0
2000760000,106,0,0
2000760000,107,0,0
2000760000,108,0,0
2000760000,109,0,0
2000760000,110,0,0
2000760000,111,0,0
2000760000,112,0,0
2000760000,113,0,0
2000760000,114,0,0
2000760000,115,0,0
2000760000,116,0,0
2000760000,117,0,0
2000760000,118,0,0
2000760000,119,0,0
2000760000,120,1,1
2000760000,121,0,0
2000760000,122,0,0
2000760000,123,0,0
2000760000,124,0,0
2000760000,125,0,0
2000760000,126,0,0
2000760000,127,0,0
2000760000,128,0,0
2000760000,129,0,0
2000760000,130,0,0
2000760000,131,0,0
2000760000,132,0,0
2000760000,133,0,0
2000760000,134,0,0
2000760000,135,0,0
2000760000,136,0,0
2000760000,137,0,0
2000760000,138,0,0
2000760000,139,0,0
2000760000,140,1,1
2000760000,141,0,0
2000760000,142,0,0
2000760000,143,0,0
2000760000,144,0,0
2000760000,145,0,0
2000760000,146,0,0
2000760000,147,0,0
2000760000,148,0,0
2000760000,149,0,0
2000760000,150,0,0
2000760000,151,0,0
2000760000,152,0,0
2000760000,153,0,0
2000760000,154,0,0
2000760000,155,0,0
2000760000,156,0,0
2000760000,157,0,0
2000760000,158,0,0
2000760000,159,0,0
2000760000,160,0,0
2000760000,161,0,0
2000760000,162,0,0
2000760000,163,0,0
2000760000,164,0,0
2000760000,165,0,0
2000760000,166,0,0
2000760000,167,0,0
2000760000,168,0,0
2000760000,169,0,0
2000760000,170,0,0
2000760000,171,0,0
2000760000,172,0,0
2000760000,173,0,0
2000760000,174,0,0
2000760000,175,0,0
2000760000,176,0,0
2000760000,177,0,0
2000760000,178,0,0
2000760000,179,0,0
2000760000,180,0,0
2000760000,181,0,0
2000760000,182,0,0
2000760000,183,0,0
2000760000,184,0,0
2000760000,185,0,0
2000760000,186,0,0
2000760000,187,0,0
2000760000,188,0,0
2000760000,189,0,0
2000760000,190,1,1
2000760000,191,0,0
2000760000,192,0,0
2000760000,193,0,0
2000760000,194,0,0
2000760000,195,0,0
2000760000,196,0,0
2000760000,197,0,0
2000760000,198,0,0
2000760000,199,0,0
2000760000,200,0,0
2000760000,201,0,0
2000760000,202,0,0
2000760000,203,0,0
2000760000,204,0,0
2000760000,205,0,0
2000760000,206,0,0
2000760000,207,0,0
2000760000,208,0,0
2000760000,209,0,0
2000760000,210,0,0
2000760000,211,0,0
2000760000,212,0,0
2000760000,213,0,0
2000760000,214,0,0
2000760000,215,0,0
2000760000,216,0,0
2000760000,217,0,0
2000760000,218,0,0
2000760000,219,0,0
2000760000,220,0,0
2000760000,221,0,0
2000760000,222,0,0
2000760000,223,0,0
2000760000,224,0,0
2000760000,225,0,0
2000760000,226,0,0
2000760000,227,0,0
2000760000,228,0,0
2000760000,229,0,0
2000760000,230,0,0
2000760000,231,0,0
2000760000,232,0,0
2000760000,233,0,0
2000760000,234,0,0
2000760000,235,0,0
2000760000,236,0,0
2000760000,237,0,0
2000760000,238,0,0
2000760000,239,0,0
2000760000,240,0,0
2000760000,241,0,0
2000760000,242,0,0
2000760000,243,0,0
2000760000,244,0,0
2000760000,245,0,0
2000760000,246,0,0
2000760000,247,0,0
2000760000,248,0,0
2000760000,249,0,0
2000760000,250,0,0
2000760000,251,0,0
2000760000,252,0,0
2000760000,253,0,0
2000760000,254,0,0
2000760000,255,0,0
2000760000,256,0,0
2000760000,257,0,0
2000760000,258,0,0
2000760000,259,0,0
2000760000,260,0,0
2000760000,261,0,0
2000760000,262,0,0
2000760000,263,0,0
2000760000,264,0,0
2000760000,265,0,0
2000760000,266,0,0
2000760000,267,0,0
2000760000,268,0,0
2000760000,269,0,0
2000760000,270,0,0
2000760000,271,0,0
2000760000,272,0,0
2000760000,273,0,0
2000760000,274,0,0
2000760000,275,0,0
2000760000,276,0,0
2000760000,277,0,0
2000760000,278,0,0
2000760000,279,0,0
2000760000,280,0,0
2000760000,281,0,0
2000760000,282,0,0
2000760000,283,0,0
2000760000,284,0,0
2000760000,285,0,0
2000760000,286,0,0
2000760000,287,0,0
2000770000,32,0,0
2000770000,33,0,0
2000770000,34,1,1
2000770000,35,0,0
2000770000,36,0,0
2000770000,37,0,0
2000770000,38,0,0
2000770000,39,0,0
2000770000,40,0,0
2000770000,41,0,0
2000770000,42,0,0
2000770000,43,0,0
2000770000,44,0,0
2000770000,45,0,0
2000770000,46,0,0
2000770000,47,0,0
2000770000,48,0,0
2000770000,49,0,0
2000770000,50,0,0
2000770000,51,0,0
2000770000,52,0,0
2000770000,53,0,0
2000770000,54,0,0
2000770000,55,0,0
2000770000,56,0,0
2000770000,57,0,0
2000770000,58,0,0
2000770000,59,0,0
2000770000,60,0,0
2000770000,61,0,0
2000770000,62,0,0
2000770000,63,0,0
2000770000,64,0,0
2000770000,65,0,0
2000770000,66,0,0
2000770000,67,0,0
2000770000,68,0,0
2000770000,69,0,0
2000770000,70,0,0
2000770000,71,0,0
2000770000,72,0,0
2000770000,73,0,0
2000770000,74,0,0
2000770000,75,0,0
2000770000,76,0,0
2000770000,77,0,0
2000770000,78,0,0
2000770000,79,0,0
2000770000,80,0,0
2000770000,81,0,0
2000770000,82,0,0
2000770000,83,0,0
2000770000,84,0,0
2000770000,85,0,0
2000770000,86,0,0
2000770000,87,0,0
2000770000,88,0,0
2000770000,89,0,0
2000770000,90,0,0
2000770000,91,0,0
2000770000,92,0,0
2000770000,93,0,0
2000770000,94,0,0
2000770000,95,0,0
2000770000,96,0,0
2000770000,97,0,0
2000770000,98,0,0
2000770000,99,0,0
2000770000,100,0,0
2000770000,101,0,0
2000770000,102,0,0
2000770000,103,0,0
2000770000,104,0,0
2000770000,105,0,0
2000770000,106,0,0
2000770000,107,0,0
2000770000,108,0,0
2000770000,109,0,0
2000770000,110,0,0
2000770000,111,0,0
2000770000,112,0,0
2000770000,113,0,0
2000770000,114,0,0
2000770000,115,0,0
2000770000,116,0,0
2000770000,117,0,0
2000770000,118,0,0
2000770000,119,0,0
2000770000,120,1,1
2000770000,121,0,0
2000770000,122,0,0
2000770000,123,0,0
2000770000,124,0,0
2000770000,125,0,0
2000770000,126,0,0
2000770000,127,0,0
2000770000,128,0,0
2000770000,129,0,0
2000770000,130,0,0
2000770000,131,0,0
2000770000,132,0,0
2000770000,133,0,0
2000770000,134,0,0
2000770000,135,0,0
2000770000,136,0,0
2000770000,137,0,0
2000770000,138,0,0
2000770000,139,0,0
2000770000,140,1,1
2000770000,141,0,0
2000770000,142,0,0
2000770000,143,0,0
2000770000,144,0,0
2000770000,145,0,0
2000770000,146,0,0
2000770000,147,0,0
2000770000,148,0,0
2000770000,149,0,0
2000770000,150,0,0
2000770000,151,0,0
2000770000,152,0,0
2000770000,153,0,0
2000770000,154,0,0
2000770000,155,0,0
2000770000,156,0,0
2000770000,157,0,0
2000770000,158,0,0
2000770000,159,0,0
2000770000,160,0,0
2000770000,161,0,0
2000770000,162,0,0
2000770000,163,0,0
2000770000,164,0,0
2000770000,165,0,0
2000770000,166,0,0
2000770000,167,0,0
2000770000,168,0,0
2000770000,169,0,0
2000770000,170,0,0
2000770000,171,0,0
2000770000,172,0,0
2000770000,173,0,0
2000770000,174,0,0
2000770000,175,0,0
2000770000,176,0,0
2000770000,177,0,0
2000770000,178,0,0
2000770000,179,0,0
2000770000,180,0,0
2000770000,181,0,0
2000770000,182,0,0
2000770000,183,0,0
2000770000,184,0,0
2000770000,185,0,0
2000770000,186,0,0
2000770000,187,0,0
2000770000,188,0,0
2000770000,189,0,0
2000770000,190,1,1
2000770000,191,0,0
2000770000,192,0,0
2000770000,193,0,0
2000770000,194,0,0
2000770000,195,0,0
2000770000,196,0,0
2000770000,197,0,0
2000770000,198,0,0
2000770000,199,0,0
2000770000,200,0,0
2000770000,201,0,0
2000770000,202,0,0
2000770000,203,0,0
2000770000,204,0,0
2000770000,205,0,0
2000770000,206,0,0
2000770000,207,0,0
2000770000,208,0,0
2000770000,209,0,0
2000770000,210,0,0
2000770000,211,0,0
2000770000,212,0,0
2000770000,213,0,0
2000770000,214,0,0
2000770000,215,0,0
2000770000,216,0,0
2000770000,217,0,0
2000770000,218,0,0
2000770000,219,0,0
2000770000,220,0,0
2000770000,221,0,0
2000770000,222,0,0
2000770000,223,0,0
2000770000,224,0,0
2000770000,225,0,0
2000770000,226,0,0
2000770000,227,0,0
2000770000,228,0,0
2000770000,229,0,0
2000770000,230,0,0
2000770000,231,0,0
2000770000,232,0,0
2000770000,233,0,0
2000770000,234,0,0
2000770000,235,0,0
2000770000,236,0,0
2000770000,237,0,0
2000770000,238,0,0
2000770000,239,0,0
2000770000,240,0,0
2000770000,241,0,0
2000770000,242,0,0
2000770000,243,0,0
2000770000,244,0,0
2000770000,245,0,0
2000770000,246,0,0
2000770000,247,0,0
2000770000,248,0,0
2000770000,249,0,0
2000770000,250,0,0
2000770000,251,0,0
2000770000,252,0,0
2000770000,253,0,0
2000770000,254,0,0
2000770000,255,0,0
2000770000,256,0,0
2000770000,257,0,0
2000770000,258,0,0
2000770000,259,0,0
2000770000,260,0,0
2000770000,261,0,0
2000770000,262,0,0
2000770000,263,0,0
2000770000,264,0,0
2000770000,265,0,0
2000770000,266,0,0
2000770000,267,0,0
2000770000,268,0,0
2000770000,269,0,0
2000770000,270,0,0
2000770000,271,0,0
2000770000,272,0,0
2000770000,273,0,0
2000770000,274,0,0
2000770000,275,0,0
2000770000,276,0,0
2000770000,277,0,0
2000770000,278,0,0
2000770000,279,0,0
2000770000,280,0,0
2000770000,281,0,0
2000770000,282,0,0
2000770000,283,0,0
2000770000,284,0,0
2000770000,285,0,0
2000770000,286,0,0
2000770000,287,0,0
2000780000,32,0,0
2000780000,33,0,0
2000780000,34,1,1
2000780000,35,0,0
2000780000,36,0,0
2000780000,37,0,0
2000780000,38,0,0
2000780000,39,0,0
2000780000,40,0,0
2000780000,41,0,0
2000780000,42,0,0
2000780000,43,0,0
2000780000,44,0,0
2000780000,45,0,0
2000780000,46,0,0
2000780000,47,0,0
2000780000,48,0,0
2000780000,49,0,0
2000780000,50,0,0
2000780000,51,0,0
2000780000,52,0,0
2000780000,53,0,0
2000780000,54,0,0
2000780000,55,0,0
2000780000,56,0,0
2000780000,57,0,0
2000780000,58,0,0
2000780000,59,0,0
2000780000,60,0,0
2000780000,61,0,0
2000780000,62,0,0
2000780000,63,0,0
2000780000,64,0,0
2000780000,65,0,0
2000780000,66,0,0
2000780000,67,0,0
2000780000,68,0,0
2000780000,69,0,0
2000780000,70,0,0
2000780000,71,0,0
2000780000,72,0,0
2000780000,73,0,0
2000780000,74,0,0
2000780000,75,0,0
2000780000,76,0,0
2000780000,77,0,0
2000780000,78,0,0
2000780000,79,0,0
2000780000,80,0,0
2000780000,81,0,0
2000780000,82,0,0
2000780000,83,0,0
2000780000,84,0,0
2000780000,85,0,0
2000780000,86,0,0
2000780000,87,0,0
2000780000,88,0,0
2000780000,89,0,0
2000780000,90,0,0
2000780000,91,0,0
2000780000,92,0,0
2000780000,93,0,0
2000780000,94,0,0
2000780000,95,0,0
2000780000,96,0,0
2000780000,97,0,0
2000780000,98,0,0
2000780000,99,0,0
2000780000,100,0,0
2000780000,101,0,0
2000780000,102,0,0
2000780000,103,0,0
2000780000,104,0,0
2000780000,105,0,0
2000780000,106,0,0
2000780000,107,0,0
2000780000,108,0,0
2000780000,109,0,0
2000780000,110,0,0
2000780000,111,0,0
2000780000,112,0,0
2000780000,113,0,0
2000780000,114,0,0
2000780000,115,0,0
2000780000,116,0,0
2000780000,117,0,0
2000780000,118,0,0
2000780000,119,0,0
2000780000,120,1,1
2000780000,121,0,0
2000780000,122,0,0
2000780000,123,0,0
2000780000,124,0,0
2000780000,125,0,0
2000780000,126,0,0
2000780000,127,0,0
2000780000,128,0,0
2000780000,129,0,0
2000780000,130,0,0
2000780000,131,0,0
2000780000,132,0,0
2000780000,133,0,0
2000780000,134,0,0
2000780000,135,0,0
2000780000,136,0,0
2000780000,137,0,0
2000780000,138,0,0
2000780000,139,0,0
2000780000,140,1,1
2000780000,141,0,0
2000780000,142,0,0
2000780000,143,0,0
2000780000,144,0,0
2000780000,145,0,0
2000780000,146,0,0
2000780000,147,0,0
2000780000,148,0,0
2000780000,149,0,0
2000780000,150,0,0
2000780000,151,0,0
2000780000,152,0,0
2000780000,153,0,0
2000780000,154,0,0
2000780000,155,0,0
2000780000,156,0,0
2000780000,157,0,0
2000780000,158,0,0
2000780000,159,0,0
2000780000,160,0,0
2000780000,161,0,0
2000780000,162,0,0
2000780000,163,0,0
2000780000,164,0,0
2000780000,165,0,0
2000780000,166,0,0
2000780000,167,0,0
2000780000,168,0,0
2000780000,169,0,0
2000780000,170,0,0
2000780000,171,0,0
2000780000,172,0,0
2000780000,173,0,0
2000780000,174,0,0
2000780000,175,0,0
2000780000,176,0,0
2000780000,177,0,0
2000780000,178,0,0
2000780000,179,0,0
2000780000,180,0,0
2000780000,181,0,0
2000780000,182,0,0
2000780000,183,0,0
2000780000,184,0,0
2000780000,185,0,0
2000780000,186,0,0
2000780000,187,0,0
2000780000,188,0,0
2000780000,189,0,0
2000780000,190,1,1
2000780000,191,0,0
2000780000,192,0,0
2000780000,193,0,0
2000780000,194,0,0
2000780000,195,0,0
2000780000,196,0,0
2000780000,197,0,0
2000780000,198,0,0
2000780000,199,0,0
2000780000,200,0,0
2000780000,201,0,0
2000780000,202,0,0
2000780000,203,0,0
2000780000,204,0,0
2000780000,205,0,0
2000780000,206,0,0
2000780000,207,0,0
2000780000,208,0,0
2000780000,209,0,0
2000780000,210,0,0
2000780000,211,0,0
2000780000,212,0,0
2000780000,213,0,0
2000780000,214,0,0
2000780000,215,0,0
2000780000,216,0,0
2000780000,217,0,0
2000780000,218,0,0
2000780000,219,0,0
2000780000,220,0,0
2000780000,221,0,0
2000780000,222,0,0
2000780000,223,0,0
2000780000,224,0,0
2000780000,225,0,0
2000780000,226,0,0
2000780000,227,0,0
2000780000,228,0,0
2000780000,229,0,0
2000780000,230,0,0
2000780000,231,0,0
2000780000,232,0,0
2000780000,233,0,0
2000780000,234,0,0
2000780000,235,0,0
2000780000,236,0,0
2000780000,237,0,0
2000780000,238,0,0
2000780000,239,0,0
2000780000,240,0,0
2000780000,241,0,0
2000780000,242,0,0
2000780000,243,0,0
2000780000,244,0,0
2000780000,245,0,0
2000780000,246,0,0
2000780000,247,0,0
2000780000,248,0,0
2000780000,249,0,0
2000780000,250,0,0
2000780000,251,0,0
2000780000,252,0,0
2000780000,253,0,0
2000780000,254,0,0
2000780000,255,0,0
2000780000,256,0,0
2000780000,257,0,0
2000780000,258,0,0
2000780000,259,0,0
2000780000,260,0,0
2000780000,261,0,0
2000780000,262,0,0
2000780000,263,0,0
2000780000,264,0,0
2000780000,265,0,0
2000780000,266,0,0
2000780000,267,0,0
2000780000,268,0,0
2000780000,269,0,0
2000780000,270,0,0
2000780000,271,0,0
2000780000,272,0,0
2000780000,273,0,0
2000780000,274,0,0
2000780000,275,0,0
2000780000,276,0,0
2000780000,277,0,0
2000780000,278,0,0
2000780000,279,0,0
2000780000,280,0,0
2000780000,281,0,0
2000780000,282,0,0
2000780000,283,0,0
2000780000,284,0,0
2000780000,285,0,0
2000780000,286,0,0
2000780000,287,0,0
2000790000,32,0,0
2000790000,33,0,0
2000790000,34,1,1
2000790000,35,0,0
2000790000,36,0,0
2000790000,37,0,0
2000790000,38,0,0
2000790000,39,0,0
2000790000,40,0,0
2000790000,41,0,0
2000790000,42,0,0
2000790000,43,0,0
2000790000,44,0,0
2000790000,45,0,0
2000790000,46,0,0
2000790000,47,0,0
2000790000,48,0,0
2000790000,49,0,0
2000790000,50,0,0
2000790000,51,0,0
2000790000,52,0,0
2000790000,53,0,0
2000790000,54,0,0
2000790000,55,0,0
2000790000,56,0,0
2000790000,57,0,0
2000790000,58,0,0
2000790000,59,0,0
2000790000,60,0,0
2000790000,61,0,0
2000790000,62,0,0
2000790000,63,0,0
2000790000,64,0,0
2000790000,65,0,0
2000790000,66,0,0
2000790000,67,0,0
2000790000,68,0,0
2000790000,69,0,0
2000790000,70,0,0
2000790000,71,0,0
2000790000,72,0,0
2000790000,73,0,0
2000790000,74,0,0
2000790000,75,0,0
2000790000,76,0,0
2000790000,77,0,0
2000790000,78,0,0
2000790000,79,0,0
2000790000,80,0,0
2000790000,81,0,0
2000790000,82,0,0
2000790000,83,0,0
2000790000,84,0,0
2000790000,85,0,0
2000790000,86,0,0
2000790000,87,0,0
2000790000,88,0,0
2000790000,89,0,0
2000790000,90,0,0
2000790000,91,0,0
2000790000,92,0,0
2000790000,93,0,0
2000790000,94,0,0
2000790000,95,0,0
2000790000,96,0,0
2000790000,97,0,0
2000790000,98,0,0
2000790000,99,0,0
2000790000,100,0,0
2000790000,101,0,0
2000790000,102,0,0
2000790000,103,0,0
2000790000,104,0,0
2000790000,105,0,0
2000790000,106,0,0
2000790000,107,0,0
2000790000,108,0,0
2000790000,109,0,0
2000790000,110,0,0
2000790000,111,0,0
2000790000,112,0,0
2000790000,113,0,0
2000790000,114,0,0
2000790000,115,0,0
2000790000,116,0,0
2000790000,117,0,0
2000790000,118,0,0
2000790000,119,0,0
2000790000,120,1,1
2000790000,121,0,0
2000790000,122,0,0
2000790000,123,0,0
2000790000,124,0,0
2000790000,125,0,0
2000790000,126,0,0
2000790000,127,0,0
2000790000,128,0,0
2000790000,129,0,0
2000790000,130,0,0
2000790000,131,0,0
2000790000,132,0,0
2000790000,133,0,0
2000790000,134,0,0
2000790000,135,0,0
2000790000,136,0,0
2000790000,137,0,0
2000790000,138,0,0
2000790000,139,0,0
2000790000,140,1,1
2000790000,141,0,0
2000790000,142,0,0
2000790000,143,0,0
2000790000,144,0,0
2000790000,145,0,0
2000790000,146,0,0
2000790000,147,0,0
2000790000,148,0,0
2000790000,149,0,0
2000790000,150,0,0
2000790000,151,0,0
2000790000,152,0,0
2000790000,153,0,0
2000790000,154,0,0
2000790000,155,0,0
2000790000,156,0,0
2000790000,157,0,0
2000790000,158,0,0
2000790000,159,0,0
2000790000,160,0,0
2000790000,161,0,0
2000790000,162,0,0
2000790000,163,0,0
2000790000,164,0,0
2000790000,165,0,0
2000790000,166,0,0
2000790000,167,0,0
2000790000,168,0,0
2000790000,169,0,0
2000790000,170,0,0
2000790000,171,0,0
2000790000,172,0,0
2000790000,173,0,0
2000790000,174,0,0
2000790000,175,0,0
2000790000,176,0,0
2000790000,177,0,0
2000790000,178,0,0
2000790000,179,0,0
2000790000,180,0,0
2000790000,181,0,0
2000790000,182,0,0
2000790000,183,0,0
2000790000,184,0,0
2000790000,185,0,0
2000790000,186,0,0
2000790000,187,0,0
2000790000,188,0,0
2000790000,189,0,0
2000790000,190,1,1
2000790000,191,0,0
2000790000,192,0,0
2000790000,193,0,0
2000790000,194,0,0
2000790000,195,0,0
2000790000,196,0,0
2000790000,197,0,0
2000790000,198,0,0
2000790000,199,0,0
2000790000,200,0,0
2000790000,201,0,0
2000790000,202,0,0
2000790000,203,0,0
2000790000,204,0,0
2000790000,205,0,0
2000790000,206,0,0
2000790000,207,0,0
2000790000,208,0,0
2000790000,209,0,0
2000790000,210,0,0
2000790000,211,0,0
2000790000,212,0,0
2000790000,213,0,0
2000790000,214,0,0
2000790000,215,0,0
2000790000,216,0,0
2000790000,217,0,0
2000790000,218,0,0
2000790000,219,0,0
2000790000,220,0,0
2000790000,221,0,0
2000790000,222,0,0
2000790000,223,0,0
2000790000,224,0,0
2000790000,225,0,0
2000790000,226,0,0
2000790000,227,0,0
2000790000,228,0,0
2000790000,229,0,0
2000790000,230,0,0
2000790000,231,0,0
2000790000,232,0,0
2000790000,233,0,0
2000790000,234,0,0
2000790000,235,0,0
2000790000,236,0,0
2000790000,237,0,0
2000790000,238,0,0
2000790000,239,0,0
2000790000,240,0,0
2000790000,241,0,0
2000790000,242,0,0
2000790000,243,0,0
2000790000,244,0,0
2000790000,245,0,0
2000790000,246,0,0
2000790000,247,0,0
2000790000,248,0,0
2000790000,249,0,0
2000790000,250,0,0
2000790000,251,0,0
2000790000,252,0,0
2000790000,253,0,0
2000790000,254,0,0
2000790000,255,0,0
2000790000,256,0,0
2000790000,257,0,0
2000790000,258,0,0
2000790000,259,0,0
2000790000,260,0,0
2000790000,261,0,0
2000790000,262,0,0
2000790000,263,0,0
2000790000,264,0,0
2000790000,265,0,0
2000790000,266,0,0
2000790000,267,0,0
2000790000,268,0,0
2000790000,269,0,0
2000790000,270,0,0
2000790000,271,0,0
2000790000,272,0,0
2000790000,273,0,0
2000790000,274,0,0
2000790000,275,0,0
2000790000,276,0,0
2000790000,277,0,0
2000790000,278,0,0
2000790000,279,0,0
2000790000,280,0,0
2000790000,281,0,0
2000790000,282,0,0
2000790000,283,0,0
2000790000,284,0,0
2000790000,285,0,0
2000790000,286,0,0
2000790000,287,0,0
2000800000,32,0,0
2000800000,33,0,0
2000800000,34,1,1
2000800000,35,0,0
2000800000,36,0,0
2000800000,37,0,0
2000800000,38,0,0
2000800000,39,0,0
2000800000,40,0,0
2000800000,41,0,0
2000800000,42,0,0
2000800000,43,0,0
2000800000,44,0,0
2000800000,45,0,0
2000800000,46,0,0
2000800000,47,0,0
2000800000,48,0,0
2000800000,49,0,0
2000800000,50,0,0
2000800000,51,0,0
2000800000,52,0,0
2000800000,53,0,0
2000800000,54,0,0
2000800000,55,0,0
2000800000,56,0,0
2000800000,57,0,0
2000800000,58,0,0
2000800000,59,0,0
2000800000,60,0,0
2000800000,61,0,0
2000800000,62,0,0
2000800000,63,0,0
2000800000,64,0,0
2000800000,65,0,0
2000800000,66,0,0
2000800000,67,0,0
2000800000,68,0,0
2000800000,69,0,0
2000800000,70,0,0
2000800000,71,0,0
2000800000,72,0,0
2000800000,73,0,0
2000800000,74,0,0
2000800000,75,0,0
2000800000,76,0,0
2000800000,77,0,0
2000800000,78,0,0
2000800000,79,0,0
2000800000,80,0,0
2000800000,81,0,0
2000800000,82,0,0
2000800000,83,0,0
2000800000,84,0,0
2000800000,85,0,0
2000800000,86,0,0
2000800000,87,0,0
2000800000,88,0,0
2000800000,89,0,0
2000800000,90,0,0
2000800000,91,0,0
2000800000,92,0,0
2000800000,93,0,0
2000800000,94,0,0
2000800000,95,0,0
2000800000,96,0,0
2000800000,97,0,0
2000800000,98,0,0
2000800000,99,0,0
2000800000,100,0,0
2000800000,101,0,0
2000800000,102,0,0
2000800000,103,0,0
2000800000,104,0,0
2000800000,105,0,0
2000800000,106,0,0
2000800000,107,0,0
2000800000,108,0,0
2000800000,109,0,0
2000800000,110,0,0
2000800000,111,0,0
2000800000,112,0,0
2000800000,113,0,0
2000800000,114,0,0
2000800000,115,0,0
2000800000,116,0,0
2000800000,117,0,0
2000800000,118,0,0
2000800000,119,0,0
2000800000,120,1,1
2000800000,121,0,0
2000800000,122,0,0
2000800000,123,0,0
2000800000,124,0,0
2000800000,125,0,0
2000800000,126,0,0
2000800000,127,0,0
2000800000,128,0,0
2000800000,129,0,0
2000800000,130,0,0
2000800000,131,0,0
2000800000,132,0,0
2000800000,133,0,0
2000800000,134,0,0
2000800000,135,0,0
2000800000,136,0,0
2000800000,137,0,0
2000800000,138,0,0
2000800000,139,0,0
2000800000,140,1,1
2000800000,141,0,0
2000800000,142,0,0
2000800000,143,0,0
2000800000,144,0,0
2000800000,145,0,0
2000800000,146,0,0
2000800000,147,0,0
2000800000,148,0,0
2000800000,149,0,0
2000800000,150,0,0
2000800000,151,0,0
2000800000,152,0,0
2000800000,153,0,0
2000800000,154,0,0
2000800000,155,0,0
2000800000,156,0,0
2000800000,157,0,0
2000800000,158,0,0
2000800000,159,0,0
2000800000,160,0,0
2000800000,161,0,0
2000800000,162,0,0
2000800000,163,0,0
2000800000,164,0,0
2000800000,165,0,0
2000800000,166,0,0
2000800000,167,0,0
2000800000,168,0,0
2000800000,169,0,0
2000800000,170,0,0
2000800000,171,0,0
2000800000,172,0,0
2000800000,173,0,0
2000800000,174,0,0
2000800000,175,0,0
2000800000,176,0,0
2000800000,177,0,0
2000800000,178,0,0
2000800000,179,0,0
2000800000,180,0,0
2000800000,181,0,0
2000800000,182,0,0
2000800000,183,0,0
2000800000,184,0,0
2000800000,185,0,0
2000800000,186,0,0
2000800000,187,0,0
2000800000,188,0,0
2000800000,189,0,0
2000800000,190,1,1
2000800000,191,0,0
2000800000,192,0,0
2000800000,193,0,0
2000800000,194,0,0
2000800000,195,0,0
2000800000,196,0,0
2000800000,197,0,0
2000800000,198,0,0
2000800000,199,0,0
2000800000,200,0,0
2000800000,201,0,0
2000800000,202,0,0
2000800000,203,0,0
2000800000,204,0,0
2000800000,205,0,0
2000800000,206,0,0
2000800000,207,0,0
2000800000,208,0,0
2000800000,209,0,0
2000800000,210,0,0
2000800000,211,0,0
2000800000,212,0,0
2000800000,213,0,0
2000800000,214,0,0
2000800000,215,0,0
2000800000,216,0,0
2000800000,217,0,0
2000800000,218,0,0
2000800000,219,0,0
2000800000,220,0,0
2000800000,221,0,0
2000800000,222,0,0
2000800000,223,0,0
2000800000,224,0,0
2000800000,225,0,0
2000800000,226,0,0
2000800000,227,0,0
2000800000,228,0,0
2000800000,229,0,0
2000800000,230,0,0
2000800000,231,0,0
2000800000,232,0,0
2000800000,233,0,0
2000800000,234,0,0
2000800000,235,0,0
2000800000,236,0,0
2000800000,237,0,0
2000800000,238,0,0
2000800000,239,0,0
2000800000,240,0,0
2000800000,241,0,0
2000800000,242,0,0
2000800000,243,0,0
2000800000,244,0,0
2000800000,245,0,0
2000800000,246,0,0
2000800000,247,0,0
2000800000,248,0,0
2000800000,249,0,0
2000800000,250,0,0
2000800000,251,0,0
2000800000,252,0,0
2000800000,253,0,0
2000800000,254,0,0
2000800000,255,0,0
2000800000,256,0,0
2000800000,257,0,0
2000800000,258,0,0
2000800000,259,0,0
2000800000,260,0,0
2000800000,261,0,0
2000800000,262,0,0
2000800000,263,0,0
2000800000,264,0,0
2000800000,265,0,0
2000800000,266,0,0
2000800000,267,0,0
2000800000,268,0,0
2000800000,269,0,0
2000800000,270,0,0
2000800000,271,0,0
2000800000,272,0,0
2000800000,273,0,0
2000800000,274,0,0
2000800000,275,0,0
2000800000,276,0,0
2000800000,277,0,0
2000800000,278,0,0
2000800000,279,0,0
2000800000,280,0,0
2000800000,281,0,0
2000800000,282,0,0
2000800000,283,0,0
2000800000,284,0,0
2000800000,285,0,0
2000800000,286,0,0
2000800000,287,0,0
2000810000,32,0,0
2000810000,33,0,0
2000810000,34,1,1
2000810000,35,0,0
2000810000,36,0,0
2000810000,37,0,0
2000810000,38,0,0
2000810000,39,0,0
2000810000,40,0,0
2000810000,41,0,0
2000810000,42,0,0
2000810000,43,0,0
2000810000,44,0,0
2000810000,45,0,0
2000810000,46,0,0
2000810000,47,0,0
2000810000,48,0,0
2000810000,49,0,0
2000810000,50,0,0
2000810000,51,0,0
2000810000,52,0,0
2000810000,53,0,0
2000810000,54,0,0
2000810000,55,0,0
2000810000,56,0,0
2000810000,57,0,0
2000810000,58,0,0
2000810000,59,0,0
2000810000,60,0,0
2000810000,61,0,0
2000810000,62,0,0
2000810000,63,0,0
2000810000,64,0,0
2000810000,65,0,0
2000810000,66,0,0
2000810000,67,0,0
2000810000,68,0,0
2000810000,69,0,0
2000810000,70,0,0
2000810000,71,0,0
2000810000,72,0,0
2000810000,73,0,0
2000810000,74,0,0
2000810000,75,0,0
2000810000,76,0,0
2000810000,77,0,0
2000810000,78,0,0
2000810000,79,0,0
2000810000,80,0,0
2000810000,81,0,0
2000810000,82,0,0
2000810000,83,0,0
2000810000,84,0,0
2000810000,85,0,0
2000810000,86,0,0
2000810000,87,0,0
2000810000,88,0,0
2000810000,89,0,0
2000810000,90,0,0
2000810000,91,0,0
2000810000,92,0,0
2000810000,93,0,0
2000810000,94,0,0
2000810000,95,0,0
2000810000,96,0,0
2000810000,97,0,0
2000810000,98,0,0
2000810000,99,0,0
2000810000,100,0,0
2000810000,101,0,0
2000810000,102,0,0
2000810000,103,0,0
2000810000,104,0,0
2000810000,105,0,0
2000810000,106,0,0
2000810000,107,0,0
2000810000,108,0,0
2000810000,109,0,0
2000810000,110,0,0
2000810000,111,0,0
2000810000,112,0,0
2000810000,113,0,0
2000810000,114,0,0
2000810000,115,0,0
2000810000,116,0,0
2000810000,117,0,0
2000810000,118,0,0
2000810000,119,0,0
2000810000,120,1,1
2000810000,121,0,0
2000810000,122,0,0
2000810000,123,0,0
2000810000,124,0,0
2000810000,125,0,0
2000810000,126,0,0
2000810000,127,0,0
2000810000,128,0,0
2000810000,129,0,0
2000810000,130,0,0
2000810000,131,0,0
2000810000,132,0,0
2000810000,133,0,0
2000810000,134,0,0
2000810000,135,0,0
2000810000,136,0,0
2000810000,137,0,0
2000810000,138,0,0
2000810000,139,0,0
2000810000,140,1,1
2000810000,141,0,0
2000810000,142,0,0
2000810000,143,0,0
2000810000,144,0,0
2000810000,145,0,0
2000810000,146,0,0
2000810000,147,0,0
2000810000,148,0,0
2000810000,149,0,0
2000810000,150,0,0
2000810000,151,0,0
2000810000,152,0,0
2000810000,153,0,0
2000810000,154,0,0
2000810000,155,0,0
2000810000,156,0,0
2000810000,157,0,0
2000810000,158,0,0
2000810000,159,0,0
2000810000,160,0,0
2000810000,161,0,0
2000810000,162,0,0
2000810000,163,0,0
2000810000,164,0,0
2000810000,165,0,0
2000810000,166,0,0
2000810000,167,0,0
2000810000,168,0,0
2000810000,169,0,0
2000810000,170,0,0
2000810000,171,0,0
2000810000,172,0,0
2000810000,173,0,0
2000810000,174,0,0
2000810000,175,0,0
2000810000,176,0,0
2000810000,177,0,0
2000810000,178,0,0
2000810000,179,0,0
2000810000,180,0,0
2000810000,181,0,0
2000810000,182,0,0
2000810000,183,0,0
2000810000,184,0,0
2000810000,185,0,0
2000810000,186,0,0
2000810000,187,0,0
2000810000,188,0,0
2000810000,189,0,0
2000810000,190,1,1
2000810000,191,0,0
2000810000,192,0,0
2000810000,193,0,0
2000810000,194,0,0
2000810000,195,0,0
2000810000,196,0,0
2000810000,197,0,0
2000810000,198,0,0
2000810000,199,0,0
2000810000,200,0,0
2000810000,201,0,0
2000810000,202,0,0
2000810000,203,0,0
2000810000,204,0,0
2000810000,205,0,0
2000810000,206,0,0
2000810000,207,0,0
2000810000,208,0,0
2000810000,209,0,0
2000810000,210,0,0
2000810000,211,0,0
2000810000,212,0,0
2000810000,213,0,0
2000810000,214,0,0
2000810000,215,0,0
2000810000,216,0,0
2000810000,217,0,0
2000810000,218,0,0
2000810000,219,0,0
2000810000,220,0,0
2000810000,221,0,0
2000810000,222,0,0
2000810000,223,0,0
2000810000,224,0,0
2000810000,225,0,0
2000810000,226,0,0
2000810000,227,0,0
2000810000,228,0,0
2000810000,229,0,0
2000810000,230,0,0
2000810000,231,0,0
2000810000,232,0,0
2000810000,233,0,0
2000810000,234,0,0
2000810000,235,0,0
2000810000,236,0,0
2000810000,237,0,0
2000810000,238,0,0
2000810000,239,0,0
2000810000,240,0,0
2000810000,241,0,0
2000810000,242,0,0
2000810000,243,0,0
2000810000,244,0,0
2000810000,245,0,0
2000810000,246,0,0
2000810000,247,0,0
2000810000,248,0,0
2000810000,249,0,0
2000810000,250,0,0
2000810000,251,0,0
2000810000,252,0,0
2000810000,253,0,0
2000810000,254,0,0
2000810000,255,0,0
2000810000,256,0,0
2000810000,257,0,0
2000810000,258,0,0
2000810000,259,0,0
2000810000,260,0,0
2000810000,261,0,0
2000810000,262,0,0
2000810000,263,0,0
2000810000,264,0,0
2000810000,265,0,0
2000810000,266,0,0
2000810000,267,0,0
2000810000,268,0,0
2000810000,269,0,0
2000810000,270,0,0
2000810000,271,0,0
2000810000,272,0,0
2000810000,273,0,0
2000810000,274,0,0
2000810000,275,0,0
2000810000,276,0,0
2000810000,277,0,0
2000810000,278,0,0
2000810000,279,0,0
2000810000,280,0,0
2000810000,281,0,0
2000810000,282,0,0
2000810000,283,0,0
2000810000,284,0,0
2000810000,285,0,0
2000810000,286,0,0
2000810000,287,0,0
2000820000,32,0,0
2000820000,33,0,0
2000820000,34,1,1
2000820000,35,0,0
2000820000,36,0,0
2000820000,37,0,0
2000820000,38,0,0
2000820000,39,0,0
2000820000,40,0,0
2000820000,41,0,0
2000820000,42,0,0
2000820000,43,0,0
2000820000,44,0,0
2000820000,45,0,0
2000820000,46,0,0
2000820000,47,0,0
2000820000,48,0,0
2000820000,49,0,0
2000820000,50,0,0
2000820000,51,0,0
2000820000,52,0,0
2000820000,53,0,0
2000820000,54,0,0
2000820000,55,0,0
2000820000,56,0,0
2000820000,57,0,0
2000820000,58,0,0
2000820000,59,0,0
2000820000,60,0,0
2000820000,61,0,0
2000820000,62,0,0
2000820000,63,0,0
2000820000,64,0,0
2000820000,65,0,0
2000820000,66,0,0
2000820000,67,0,0
2000820000,68,0,0
2000820000,69,0,0
2000820000,70,0,0
2000820000,71,0,0
2000820000,72,0,0
2000820000,73,0,0
2000820000,74,0,0
2000820000,75,0,0
2000820000,76,0,0
2000820000,77,0,0
2000820000,78,0,0
2000820000,79,0,0
2000820000,80,0,0
2000820000,81,0,0
2000820000,82,0,0
2000820000,83,0,0
2000820000,84,0,0
2000820000,85,0,0
2000820000,86,0,0
2000820000,87,0,0
2000820000,88,0,0
2000820000,89,0,0
2000820000,90,0,0
2000820000,91,0,0
2000820000,92,0,0
2000820000,93,0,0
2000820000,94,0,0
2000820000,95,0,0
2000820000,96,0,0
2000820000,97,0,0
2000820000,98,0,0
2000820000,99,0,0
2000820000,100,0,0
2000820000,101,0,0
2000820000,102,0,0
2000820000,103,0,0
2000820000,104,0,0
2000820000,105,0,0
2000820000,106,0,0
2000820000,107,0,0
2000820000,108,0,0
2000820000,109,0,0
2000820000,110,0,0
2000820000,111,0,0
2000820000,112,0,0
2000820000,113,0,0
2000820000,114,0,0
2000820000,115,0,0
2000820000,116,0,0
2000820000,117,0,0
2000820000,118,0,0
2000820000,119,0,0
2000820000,120,1,1
2000820000,121,0,0
2000820000,122,0,0
2000820000,123,0,0
2000820000,124,0,0
2000820000,125,0,0
2000820000,126,0,0
2000820000,127,0,0
2000820000,128,0,0
2000820000,129,0,0
2000820000,130,0,0
2000820000,131,0,0
2000820000,132,0,0
2000820000,133,0,0
2000820000,134,0,0
2000820000,135,0,0
2000820000,136,0,0
2000820000,137,0,0
2000820000,138,0,0
2000820000,139,0,0
2000820000,140,1,1
2000820000,141,0,0
2000820000,142,0,0
2000820000,143,0,0
2000820000,144,0,0
2000820000,145,0,0
2000820000,146,0,0
2000820000,147,0,0
2000820000,148,0,0
2000820000,149,0,0
2000820000,150,0,0
2000820000,151,0,0
2000820000,152,0,0
2000820000,153,0,0
2000820000,154,0,0
2000820000,155,0,0
2000820000,156,0,0
2000820000,157,0,0
2000820000,158,0,0
2000820000,159,0,0
2000820000,160,0,0
2000820000,161,0,0
2000820000,162,0,0
2000820000,163,0,0
2000820000,164,0,0
2000820000,165,0,0
2000820000,166,0,0
2000820000,167,0,0
2000820000,168,0,0
2000820000,169,0,0
2000820000,170,0,0
2000820000,171,0,0
2000820000,172,0,0
2000820000,173,0,0
2000820000,174,0,0
2000820000,175,0,0
2000820000,176,0,0
2000820000,177,0,0
2000820000,178,0,0
2000820000,179,0,0
2000820000,180,0,0
2000820000,181,0,0
2000820000,182,0,0
2000820000,183,0,0
2000820000,184,0,0
2000820000,185,0,0
2000820000,186,0,0
2000820000,187,0,0
2000820000,188,0,0
2000820000,189,0,0
2000820000,190,1,1
2000820000,191,0,0
2000820000,192,0,0
2000820000,193,0,0
2000820000,194,0,0
2000820000,195,0,0
2000820000,196,0,0
2000820000,197,0,0
2000820000,198,0,0
2000820000,199,0,0
2000820000,200,0,0
2000820000,201,0,0
2000820000,202,0,0
2000820000,203,0,0
2000820000,204,0,0
2000820000,205,0,0
2000820000,206,0,0
2000820000,207,0,0
2000820000,208,0,0
2000820000,209,0,0
2000820000,210,0,0
2000820000,211,0,0
2000820000,212,0,0
2000820000,213,0,0
2000820000,214,0,0
2000820000,215,0,0
2000820000,216,0,0
2000820000,217,0,0
2000820000,218,0,0
2000820000,219,0,0
2000820000,220,0,0
2000820000,221,0,0
2000820000,222,0,0
2000820000,223,0,0
2000820000,224,0,0
2000820000,225,0,0
2000820000,226,0,0
2000820000,227,0,0
2000820000,228,0,0
2000820000,229,0,0
2000820000,230,0,0
2000820000,231,0,0
2000820000,232,0,0
2000820000,233,0,0
2000820000,234,0,0
2000820000,235,0,0
2000820000,236,0,0
2000820000,237,0,0
2000820000,238,0,0
2000820000,239,0,0
2000820000,240,0,0
2000820000,241,0,0
2000820000,242,0,0
2000820000,243,0,0
2000820000,244,0,0
2000820000,245,0,0
2000820000,246,0,0
2000820000,247,0,0
2000820000,248,0,0
2000820000,249,0,0
2000820000,250,0,0
2000820000,251,0,0
2000820000,252,0,0
2000820000,253,0,0
2000820000,254,0,0
2000820000,255,0,0
2000820000,256,0,0
2000820000,257,0,0
2000820000,258,0,0
2000820000,259,0,0
2000820000,260,0,0
2000820000,261,0,0
2000820000,262,0,0
2000820000,263,0,0
2000820000,264,0,0
2000820000,265,0,0
2000820000,266,0,0
2000820000,267,0,0
2000820000,268,0,0
2000820000,269,0,0
2000820000,270,0,0
2000820000,271,0,0
2000820000,272,0,0
2000820000,273,0,0
2000820000,274,0,0
2000820000,275,0,0
2000820000,276,0,0
2000820000,277,0,0
2000820000,278,0,0
2000820000,279,0,0
2000820000,280,0,0
2000820000,281,0,0
2000820000,282,0,0
2000820000,283,0,0
2000820000,284,0,0
2000820000,285,0,0
2000820000,286,0,0
2000820000,287,0,0
2000830000,32,0,0
2000830000,33,0,0
2000830000,34,1,1
2000830000,35,0,0
2000830000,36,0,0
2000830000,37,0,0
2000830000,38,0,0
2000830000,39,0,0
2000830000,40,0,0
2000830000,41,0,0
2000830000,42,0,0
2000830000,43,0,0
2000830000,44,0,0
2000830000,45,0,0
2000830000,46,0,0
2000830000,47,0,0
2000830000,48,0,0
2000830000,49,0,0
2000830000,50,0,0
2000830000,51,0,0
2000830000,52,0,0
2000830000,53,0,0
2000830000,54,0,0
2000830000,55,0,0
2000830000,56,0,0
2000830000,57,0,0
2000830000,58,0,0
2000830000,59,0,0
2000830000,60,0,0
2000830000,61,0,0
2000830000,62,0,0
2000830000,63,0,0
2000830000,64,0,0
2000830000,65,0,0
2000830000,66,0,0
2000830000,67,0,0
2000830000,68,0,0
2000830000,69,0,0
2000830000,70,0,0
2000830000,71,0,0
2000830000,72,0,0
2000830000,73,0,0
2000830000,74,0,0
2000830000,75,0,0
2000830000,76,0,0
2000830000,77,0,0
2000830000,78,0,0
2000830000,79,0,0
2000830000,80,0,0
2000830000,81,0,0
2000830000,82,0,0
2000830000,83,0,0
2000830000,84,0,0
2000830000,85,0,0
2000830000,86,0,0
2000830000,87,0,0
2000830000,88,0,0
2000830000,89,0,0
2000830000,90,0,0
2000830000,91,0,0
2000830000,92,0,0
2000830000,93,0,0
2000830000,94,0,0
2000830000,95,0,0
2000830000,96,0,0
2000830000,97,0,0
2000830000,98,0,0
2000830000,99,0,0
2000830000,100,0,0
2000830000,101,0,0
2000830000,102,0,0
2000830000,103,0,0
2000830000,104,0,0
2000830000,105,0,0
2000830000,106,0,0
2000830000,107,0,0
2000830000,108,0,0
2000830000,109,0,0
2000830000,110,0,0
2000830000,111,0,0
2000830000,112,0,0
2000830000,113,0,0
2000830000,114,0,0
2000830000,115,0,0
2000830000,116,0,0
2000830000,117,0,0
2000830000,118,0,0
2000830000,119,0,0
2000830000,120,1,1
2000830000,121,0,0
2000830000,122,0,0
2000830000,123,0,0
2000830000,124,0,0
2000830000,125,0,0
2000830000,126,0,0
2000830000,127,0,0
2000830000,128,0,0
2000830000,129,0,0
2000830000,130,0,0
2000830000,131,0,0
2000830000,132,0,0
2000830000,133,0,0
2000830000,134,0,0
2000830000,135,0,0
2000830000,136,0,0
2000830000,137,0,0
2000830000,138,0,0
2000830000,139,0,0
2000830000,140,1,1
2000830000,141,0,0
2000830000,142,0,0
2000830000,143,0,0
2000830000,144,0,0
2000830000,145,0,0
2000830000,146,0,0
2000830000,147,0,0
2000830000,148,0,0
2000830000,149,0,0
2000830000,150,0,0
2000830000,151,0,0
2000830000,152,0,0
2000830000,153,0,0
2000830000,154,0,0
2000830000,155,0,0
2000830000,156,0,0
2000830000,157,0,0
2000830000,158,0,0
2000830000,159,0,0
2000830000,160,0,0
2000830000,161,0,0
2000830000,162,0,0
2000830000,163,0,0
2000830000,164,0,0
2000830000,165,0,0
2000830000,166,0,0
2000830000,167,0,0
2000830000,168,0,0
2000830000,169,0,0
2000830000,170,0,0
2000830000,171,0,0
2000830000,172,0,0
2000830000,173,0,0
2000830000,174,0,0
2000830000,175,0,0
2000830000,176,0,0
2000830000,177,0,0
2000830000,178,0,0
2000830000,179,0,0
2000830000,180,0,0
2000830000,181,0,0
2000830000,182,0,0
2000830000,183,0,0
2000830000,184,0,0
2000830000,185,0,0
2000830000,186,0,0
2000830000,187,0,0
2000830000,188,0,0
2000830000,189,0,0
2000830000,190,1,1
2000830000,191,0,0
2000830000,192,0,0
2000830000,193,0,0
2000830000,194,0,0
2000830000,195,0,0
2000830000,196,0,0
2000830000,197,0,0
2000830000,198,0,0
2000830000,199,0,0
2000830000,200,0,0
2000830000,201,0,0
2000830000,202,0,0
2000830000,203,0,0
2000830000,204,0,0
2000830000,205,0,0
2000830000,206,0,0
2000830000,207,0,0
2000830000,208,0,0
2000830000,209,0,0
2000830000,210,0,0
2000830000,211,0,0
2000830000,212,0,0
2000830000,213,0,0
2000830000,214,0,0
2000830000,215,0,0
2000830000,216,0,0
2000830000,217,0,0
2000830000,218,0,0
2000830000,219,0,0
2000830000,220,0,0
2000830000,221,0,0
2000830000,222,0,0
2000830000,223,0,0
2000830000,224,0,0
2000830000,225,0,0
2000830000,226,0,0
2000830000,227,0,0
2000830000,228,0,0
2000830000,229,0,0
2000830000,230,0,0
2000830000,231,0,0
2000830000,232,0,0
2000830000,233,0,0
2000830000,234,0,0
2000830000,235,0,0
2000830000,236,0,0
2000830000,237,0,0
2000830000,238,0,0
2000830000,239,0,0
2000830000,240,0,0
2000830000,241,0,0
2000830000,242,0,0
2000830000,243,0,0
2000830000,244,0,0
2000830000,245,0,0
2000830000,246,0,0
2000830000,247,0,0
2000830000,248,0,0
2000830000,249,0,0
2000830000,250,0,0
2000830000,251,0,0
2000830000,252,0,0
2000830000,253,0,0
2000830000,254,0,0
2000830000,255,0,0
2000830000,256,0,0
2000830000,257,0,0
2000830000,258,0,0
2000830000,259,0,0
2000830000,260,0,0
2000830000,261,0,0
2000830000,262,0,0
2000830000,263,0,0
2000830000,264,0,0
2000830000,265,0,0
2000830000,266,0,0
2000830000,267,0,0
2000830000,268,0,0
2000830000,269,0,0
2000830000,270,0,0
2000830000,271,0,0
2000830000,272,0,0
2000830000,273,0,0
2000830000,274,0,0
2000830000,275,0,0
2000830000,276,0,0
2000830000,277,0,0
2000830000,278,0,0
2000830000,279,0,0
2000830000,280,0,0
2000830000,281,0,0
2000830000,282,0,0
2000830000,283,0,0
2000830000,284,0,0
2000830000,285,0,0
2000830000,286,0,0
2000830000,287,0,0
2000840000,32,0,0
2000840000,33,0,0
2000840000,34,1,1
2000840000,35,0,0
2000840000,36,0,0
2000840000,37,0,0
2000840000,38,0,0
2000840000,39,0,0
2000840000,40,0,0
2000840000,41,0,0
2000840000,42,0,0
2000840000,43,0,0
2000840000,44,0,0
2000840000,45,0,0
2000840000,46,0,0
2000840000,47,0,0
2000840000,48,0,0
2000840000,49,0,0
2000840000,50,0,0
2000840000,51,0,0
2000840000,52,0,0
2000840000,53,0,0
2000840000,54,0,0
2000840000,55,0,0
2000840000,56,0,0
2000840000,57,0,0
2000840000,58,0,0
2000840000,59,0,0
2000840000,60,0,0
2000840000,61,0,0
2000840000,62,0,0
2000840000,63,0,0
2000840000,64,0,0
2000840000,65,0,0
2000840000,66,0,0
2000840000,67,0,0
2000840000,68,0,0
2000840000,69,0,0
2000840000,70,0,0
2000840000,71,0,0
2000840000,72,0,0
2000840000,73,0,0
2000840000,74,0,0
2000840000,75,0,0
2000840000,76,0,0
2000840000,77,0,0
2000840000,78,0,0
2000840000,79,0,0
2000840000,80,0,0
2000840000,81,0,0
2000840000,82,0,0
2000840000,83,0,0
2000840000,84,0,0
2000840000,85,0,0
2000840000,86,0,0
2000840000,87,0,0
2000840000,88,0,0
2000840000,89,0,0
2000840000,90,0,0
2000840000,91,0,0
2000840000,92,0,0
2000840000,93,0,0
2000840000,94,0,0
2000840000,95,0,0
2000840000,96,0,0
2000840000,97,0,0
2000840000,98,0,0
2000840000,99,0,0
2000840000,100,0,0
2000840000,101,0,0
2000840000,102,0,0
2000840000,103,0,0
2000840000,104,0,0
2000840000,105,0,0
2000840000,106,0,0
2000840000,107,0,0
2000840000,108,0,0
2000840000,109,0,0
2000840000,110,0,0
2000840000,111,0,0
2000840000,112,0,0
2000840000,113,0,0
2000840000,114,0,0
2000840000,115,0,0
2000840000,116,0,0
2000840000,117,0,0
2000840000,118,0,0
2000840000,119,0,0
2000840000,120,1,1
2000840000,121,0,0
2000840000,122,0,0
2000840000,123,0,0
2000840000,124,0,0
2000840000,125,0,0
2000840000,126,0,0
2000840000,127,0,0
2000840000,128,0,0
2000840000,129,0,0
2000840000,130,0,0
2000840000,131,0,0
2000840000,132,0,0
2000840000,133,0,0
2000840000,134,0,0
2000840000,135,0,0
2000840000,136,0,0
2000840000,137,0,0
2000840000,138,0,0
2000840000,139,0,0
2000840000,140,1,1
2000840000,141,0,0
2000840000,142,0,0
2000840000,143,0,0
2000840000,144,0,0
2000840000,145,0,0
2000840000,146,0,0
2000840000,147,0,0
2000840000,148,0,0
2000840000,149,0,0
2000840000,150,0,0
2000840000,151,0,0
2000840000,152,0,0
2000840000,153,0,0
2000840000,154,0,0
2000840000,155,0,0
2000840000,156,0,0
2000840000,157,0,0
2000840000,158,0,0
2000840000,159,0,0
2000840000,160,0,0
2000840000,161,0,0
2000840000,162,0,0
2000840000,163,0,0
2000840000,164,0,0
2000840000,165,0,0
2000840000,166,0,0
2000840000,167,0,0
2000840000,168,0,0
2000840000,169,0,0
2000840000,170,0,0
2000840000,171,0,0
2000840000,172,0,0
2000840000,173,0,0
2000840000,174,0,0
2000840000,175,0,0
2000840000,176,0,0
2000840000,177,0,0
2000840000,178,0,0
2000840000,179,0,0
2000840000,180,0,0
2000840000,181,0,0
2000840000,182,0,0
2000840000,183,0,0
2000840000,184,0,0
2000840000,185,0,0
2000840000,186,0,0
2000840000,187,0,0
2000840000,188,0,0
2000840000,189,0,0
2000840000,190,1,1
2000840000,191,0,0
2000840000,192,0,0
2000840000,193,0,0
2000840000,194,0,0
2000840000,195,0,0
2000840000,196,0,0
2000840000,197,0,0
2000840000,198,0,0
2000840000,199,0,0
2000840000,200,0,0
2000840000,201,0,0
2000840000,202,0,0
2000840000,203,0,0
2000840000,204,0,0
2000840000,205,0,0
2000840000,206,0,0
2000840000,207,0,0
2000840000,208,0,0
2000840000,209,0,0
2000840000,210,0,0
2000840000,211,0,0
2000840000,212,0,0
2000840000,213,0,0
2000840000,214,0,0
2000840000,215,0,0
2000840000,216,0,0
2000840000,217,0,0
2000840000,218,0,0
2000840000,219,0,0
2000840000,220,0,0
2000840000,221,0,0
2000840000,222,0,0
2000840000,223,0,0
2000840000,224,0,0
2000840000,225,0,0
2000840000,226,0,0
2000840000,227,0,0
2000840000,228,0,0
2000840000,229,0,0
2000840000,230,0,0
2000840000,231,0,0
2000840000,232,0,0
2000840000,233,0,0
2000840000,234,0,0
2000840000,235,0,0
2000840000,236,0,0
2000840000,237,0,0
2000840000,238,0,0
2000840000,239,0,0
2000840000,240,0,0
2000840000,241,0,0
2000840000,242,0,0
2000840000,243,0,0
2000840000,244,0,0
2000840000,245,0,0
2000840000,246,0,0
2000840000,247,0,0
2000840000,248,0,0
2000840000,249,0,0
2000840000,250,0,0
2000840000,251,0,0
2000840000,252,0,0
2000840000,253,0,0
2000840000,254,0,0
2000840000,255,0,0
2000840000,256,0,0
2000840000,257,0,0
2000840000,258,0,0
2000840000,259,0,0
2000840000,260,0,0
2000840000,261,0,0
2000840000,262,0,0
2000840000,263,0,0
2000840000,264,0,0
2000840000,265,0,0
2000840000,266,0,0
2000840000,267,0,0
2000840000,268,0,0
2000840000,269,0,0
2000840000,270,0,0
2000840000,271,0,0
2000840000,272,0,0
2000840000,273,0,0
2000840000,274,0,0
2000840000,275,0,0
2000840000,276,0,0
2000840000,277,0,0
2000840000,278,0,0
2000840000,279,0,0
2000840000,280,0,0
2000840000,281,0,0
2000840000,282,0,0
2000840000,283,0,0
2000840000,284,0,0
2000840000,285,0,0
2000840000,286,0,0
2000840000,287,0,0
2000850000,32,0,0
2000850000,33,0,0
2000850000,34,1,1
2000850000,35,0,0
2000850000,36,0,0
2000850000,37,0,0
2000850000,38,0,0
2000850000,39,0,0
2000850000,40,0,0
2000850000,41,0,0
2000850000,42,0,0
2000850000,43,0,0
2000850000,44,0,0
2000850000,45,0,0
2000850000,46,0,0
2000850000,47,0,0
2000850000,48,0,0
2000850000,49,0,0
2000850000,50,0,0
2000850000,51,0,0
2000850000,52,0,0
2000850000,53,0,0
2000850000,54,0,0
2000850000,55,0,0
2000850000,56,0,0
2000850000,57,0,0
2000850000,58,0,0
2000850000,59,0,0
2000850000,60,0,0
2000850000,61,0,0
2000850000,62,0,0
2000850000,63,0,0
2000850000,64,0,0
2000850000,65,0,0
2000850000,66,0,0
2000850000,67,0,0
2000850000,68,0,0
2000850000,69,0,0
2000850000,70,0,0
2000850000,71,0,0
2000850000,72,0,0
2000850000,73,0,0
2000850000,74,0,0
2000850000,75,0,0
2000850000,76,0,0
2000850000,77,0,0
2000850000,78,0,0
2000850000,79,0,0
2000850000,80,0,0
2000850000,81,0,0
2000850000,82,0,0
2000850000,83,0,0
2000850000,84,0,0
2000850000,85,0,0
2000850000,86,0,0
2000850000,87,0,0
2000850000,88,0,0
2000850000,89,0,0
2000850000,90,0,0
2000850000,91,0,0
2000850000,92,0,0
2000850000,93,0,0
2000850000,94,0,0
2000850000,95,0,0
2000850000,96,0,0
2000850000,97,0,0
2000850000,98,0,0
2000850000,99,0,0
2000850000,100,0,0
2000850000,101,0,0
2000850000,102,0,0
2000850000,103,0,0
2000850000,104,0,0
2000850000,105,0,0
2000850000,106,0,0
2000850000,107,0,0
2000850000,108,0,0
2000850000,109,0,0
2000850000,110,0,0
2000850000,111,0,0
2000850000,112,0,0
2000850000,113,0,0
2000850000,114,0,0
2000850000,115,0,0
2000850000,116,0,0
2000850000,117,0,0
2000850000,118,0,0
2000850000,119,0,0
2000850000,120,1,1
2000850000,121,0,0
2000850000,122,0,0
2000850000,123,0,0
2000850000,124,0,0
2000850000,125,0,0
2000850000,126,0,0
2000850000,127,0,0
2000850000,128,0,0
2000850000,129,0,0
2000850000,130,0,0
2000850000,131,0,0
2000850000,132,0,0
2000850000,133,0,0
2000850000,134,0,0
2000850000,135,0,0
2000850000,136,0,0
2000850000,137,0,0
2000850000,138,0,0
2000850000,139,0,0
2000850000,140,1,1
2000850000,141,0,0
2000850000,142,0,0
2000850000,143,0,0
2000850000,144,0,0
2000850000,145,0,0
2000850000,146,0,0
2000850000,147,0,0
2000850000,148,0,0
2000850000,149,0,0
2000850000,150,0,0
2000850000,151,0,0
2000850000,152,0,0
2000850000,153,0,0
2000850000,154,0,0
2000850000,155,0,0
2000850000,156,0,0
2000850000,157,0,0
2000850000,158,0,0
2000850000,159,0,0
2000850000,160,0,0
2000850000,161,0,0
2000850000,162,0,0
2000850000,163,0,0
2000850000,164,0,0
2000850000,165,0,0
2000850000,166,0,0
2000850000,167,0,0
2000850000,168,0,0
2000850000,169,0,0
2000850000,170,0,0
2000850000,171,0,0
2000850000,172,0,0
2000850000,173,0,0
2000850000,174,0,0
2000850000,175,0,0
2000850000,176,0,0
2000850000,177,0,0
2000850000,178,0,0
2000850000,179,0,0
2000850000,180,0,0
2000850000,181,0,0
2000850000,182,0,0
2000850000,183,0,0
2000850000,184,0,0
2000850000,185,0,0
2000850000,186,0,0
2000850000,187,0,0
2000850000,188,0,0
2000850000,189,0,0
2000850000,190,1,1
2000850000,191,0,0
2000850000,192,0,0
2000850000,193,0,0
2000850000,194,0,0
2000850000,195,0,0
2000850000,196,0,0
2000850000,197,0,0
2000850000,198,0,0
2000850000,199,0,0
2000850000,200,0,0
2000850000,201,0,0
2000850000,202,0,0
2000850000,203,0,0
2000850000,204,0,0
2000850000,205,0,0
2000850000,206,0,0
2000850000,207,0,0
2000850000,208,0,0
2000850000,209,0,0
2000850000,210,0,0
2000850000,211,0,0
2000850000,212,0,0
2000850000,213,0,0
2000850000,214,0,0
2000850000,215,0,0
2000850000,216,0,0
2000850000,217,0,0
2000850000,218,0,0
2000850000,219,0,0
2000850000,220,0,0
2000850000,221,0,0
2000850000,222,0,0
2000850000,223,0,0
2000850000,224,0,0
2000850000,225,0,0
2000850000,226,0,0
2000850000,227,0,0
2000850000,228,0,0
2000850000,229,0,0
2000850000,230,0,0
2000850000,231,0,0
2000850000,232,0,0
2000850000,233,0,0
2000850000,234,0,0
2000850000,235,0,0
2000850000,236,0,0
2000850000,237,0,0
2000850000,238,0,0
2000850000,239,0,0
2000850000,240,0,0
2000850000,241,0,0
2000850000,242,0,0
2000850000,243,0,0
2000850000,244,0,0
2000850000,245,0,0
2000850000,246,0,0
2000850000,247,0,0
2000850000,248,0,0
2000850000,249,0,0
2000850000,250,0,0
2000850000,251,0,0
2000850000,252,0,0
2000850000,253,0,0
2000850000,254,0,0
2000850000,255,0,0
2000850000,256,0,0
2000850000,257,0,0
2000850000,258,0,0
2000850000,259,0,0
2000850000,260,0,0
2000850000,261,0,0
2000850000,262,0,0
2000850000,263,0,0
2000850000,264,0,0
2000850000,265,0,0
2000850000,266,0,0
2000850000,267,0,0
2000850000,268,0,0
2000850000,269,0,0
2000850000,270,0,0
2000850000,271,0,0
2000850000,272,0,0
2000850000,273,0,0
2000850000,274,0,0
2000850000,275,0,0
2000850000,276,0,0
2000850000,277,0,0
2000850000,278,0,0
2000850000,279,0,0
2000850000,280,0,0
2000850000,281,0,0
2000850000,282,0,0
2000850000,283,0,0
2000850000,284,0,0
2000850000,285,0,0
2000850000,286,0,0
2000850000,287,0,0
2000860000,32,0,0
2000860000,33,0,0
2000860000,34,1,1
2000860000,35,0,0
2000860000,36,0,0
2000860000,37,0,0
2000860000,38,0,0
2000860000,39,0,0
2000860000,40,0,0
2000860000,41,0,0
2000860000,42,0,0
2000860000,43,0,0
2000860000,44,0,0
2000860000,45,0,0
2000860000,46,0,0
2000860000,47,0,0
2000860000,48,0,0
2000860000,49,0,0
2000860000,50,0,0
2000860000,51,0,0
2000860000,52,0,0
2000860000,53,0,0
2000860000,54,0,0
2000860000,55,0,0
2000860000,56,0,0
2000860000,57,0,0
2000860000,58,0,0
2000860000,59,0,0
2000860000,60,0,0
2000860000,61,0,0
2000860000,62,0,0
2000860000,63,0,0
2000860000,64,0,0
2000860000,65,0,0
2000860000,66,0,0
2000860000,67,0,0
2000860000,68,0,0
2000860000,69,0,0
2000860000,70,0,0
2000860000,71,0,0
2000860000,72,0,0
2000860000,73,0,0
2000860000,74,0,0
2000860000,75,0,0
2000860000,76,0,0
2000860000,77,0,0
2000860000,78,0,0
2000860000,79,0,0
2000860000,80,0,0
2000860000,81,0,0
2000860000,82,0,0
2000860000,83,0,0
2000860000,84,0,0
2000860000,85,0,0
2000860000,86,0,0
2000860000,87,0,0
2000860000,88,0,0
2000860000,89,0,0
2000860000,90,0,0
2000860000,91,0,0
2000860000,92,0,0
2000860000,93,0,0
2000860000,94,0,0
2000860000,95,0,0
2000860000,96,0,0
2000860000,97,0,0
2000860000,98,0,0
2000860000,99,0,0
2000860000,100,0,0
2000860000,101,0,0
2000860000,102,0,0
2000860000,103,0,0
2000860000,104,0,0
2000860000,105,0,0
2000860000,106,0,0
2000860000,107,0,0
2000860000,108,0,0
2000860000,109,0,0
2000860000,110,0,0
2000860000,111,0,0
2000860000,112,0,0
2000860000,113,0,0
2000860000,114,0,0
2000860000,115,0,0
2000860000,116,0,0
2000860000,117,0,0
2000860000,118,0,0
2000860000,119,0,0
2000860000,120,1,1
2000860000,121,0,0
2000860000,122,0,0
2000860000,123,0,0
2000860000,124,0,0
2000860000,125,0,0
2000860000,126,0,0
2000860000,127,0,0
2000860000,128,0,0
2000860000,129,0,0
2000860000,130,0,0
2000860000,131,0,0
2000860000,132,0,0
2000860000,133,0,0
2000860000,134,0,0
2000860000,135,0,0
2000860000,136,0,0
2000860000,137,0,0
2000860000,138,0,0
2000860000,139,0,0
2000860000,140,1,1
2000860000,141,0,0
2000860000,142,0,0
2000860000,143,0,0
2000860000,144,0,0
2000860000,145,0,0
2000860000,146,0,0
2000860000,147,0,0
2000860000,148,0,0
2000860000,149,0,0
2000860000,150,0,0
2000860000,151,0,0
2000860000,152,0,0
2000860000,153,0,0
2000860000,154,0,0
2000860000,155,0,0
2000860000,156,0,0
2000860000,157,0,0
2000860000,158,0,0
2000860000,159,0,0
2000860000,160,0,0
2000860000,161,0,0
2000860000,162,0,0
2000860000,163,0,0
2000860000,164,0,0
2000860000,165,0,0
2000860000,166,0,0
2000860000,167,0,0
2000860000,168,0,0
2000860000,169,0,0
2000860000,170,0,0
2000860000,171,0,0
2000860000,172,0,0
2000860000,173,0,0
2000860000,174,0,0
2000860000,175,0,0
2000860000,176,0,0
2000860000,177,0,0
2000860000,178,0,0
2000860000,179,0,0
2000860000,180,0,0
2000860000,181,0,0
2000860000,182,0,0
2000860000,183,0,0
2000860000,184,0,0
2000860000,185,0,0
2000860000,186,0,0
2000860000,187,0,0
2000860000,188,0,0
2000860000,189,0,0
2000860000,190,1,1
2000860000,191,0,0
2000860000,192,0,0
2000860000,193,0,0
2000860000,194,0,0
2000860000,195,0,0
2000860000,196,0,0
2000860000,197,0,0
2000860000,198,0,0
2000860000,199,0,0
2000860000,200,0,0
2000860000,201,0,0
2000860000,202,0,0
2000860000,203,0,0
2000860000,204,0,0
2000860000,205,0,0
2000860000,206,0,0
2000860000,207,0,0
2000860000,208,0,0
2000860000,209,0,0
2000860000,210,0,0
2000860000,211,0,0
2000860000,212,0,0
2000860000,213,0,0
2000860000,214,0,0
2000860000,215,0,0
2000860000,216,0,0
2000860000,217,0,0
2000860000,218,0,0
2000860000,219,0,0
2000860000,220,0,0
2000860000,221,0,0
2000860000,222,0,0
2000860000,223,0,0
2000860000,224,0,0
2000860000,225,0,0
2000860000,226,0,0
2000860000,227,0,0
2000860000,228,0,0
2000860000,229,0,0
2000860000,230,0,0
2000860000,231,0,0
2000860000,232,0,0
2000860000,233,0,0
2000860000,234,0,0
2000860000,235,0,0
2000860000,236,0,0
2000860000,237,0,0
2000860000,238,0,0
2000860000,239,0,0
2000860000,240,0,0
2000860000,241,0,0
2000860000,242,0,0
2000860000,243,0,0
2000860000,244,0,0
2000860000,245,0,0
2000860000,246,0,0
2000860000,247,0,0
2000860000,248,0,0
2000860000,249,0,0
2000860000,250,0,0
2000860000,251,0,0
2000860000,252,0,0
2000860000,253,0,0
2000860000,254,0,0
2000860000,255,0,0
2000860000,256,0,0
2000860000,257,0,0
2000860000,258,0,0
2000860000,259,0,0
2000860000,260,0,0
2000860000,261,0,0
2000860000,262,0,0
2000860000,263,0,0
2000860000,264,0,0
2000860000,265,0,0
2000860000,266,0,0
2000860000,267,0,0
2000860000,268,0,0
2000860000,269,0,0
2000860000,270,0,0
2000860000,271,0,0
2000860000,272,0,0
2000860000,273,0,0
2000860000,274,0,0
2000860000,275,0,0
2000860000,276,0,0
2000860000,277,0,0
2000860000,278,0,0
2000860000,279,0,0
2000860000,280,0,0
2000860000,281,0,0
2000860000,282,0,0
2000860000,283,0,0
2000860000,284,0,0
2000860000,285,0,0
2000860000,286,0,0
2000860000,287,0,0
2000870000,32,0,0
2000870000,33,0,0
2000870000,34,1,1
2000870000,35,0,0
2000870000,36,0,0
2000870000,37,0,0
2000870000,38,0,0
2000870000,39,0,0
2000870000,40,0,0
2000870000,41,0,0
2000870000,42,0,0
2000870000,43,0,0
2000870000,44,0,0
2000870000,45,0,0
2000870000,46,0,0
2000870000,47,0,0
2000870000,48,0,0
2000870000,49,0,0
2000870000,50,0,0
2000870000,51,0,0
2000870000,52,0,0
2000870000,53,0,0
2000870000,54,0,0
2000870000,55,0,0
2000870000,56,0,0
2000870000,57,0,0
2000870000,58,0,0
2000870000,59,0,0
2000870000,60,0,0
2000870000,61,0,0
2000870000,62,0,0
2000870000,63,0,0
2000870000,64,0,0
2000870000,65,0,0
2000870000,66,0,0
2000870000,67,0,0
2000870000,68,0,0
2000870000,69,0,0
2000870000,70,0,0
2000870000,71,0,0
2000870000,72,0,0
2000870000,73,0,0
2000870000,74,0,0
2000870000,75,0,0
2000870000,76,0,0
2000870000,77,0,0
2000870000,78,0,0
2000870000,79,0,0
2000870000,80,0,0
2000870000,81,0,0
2000870000,82,0,0
2000870000,83,0,0
2000870000,84,0,0
2000870000,85,0,0
2000870000,86,0,0
2000870000,87,0,0
2000870000,88,0,0
2000870000,89,0,0
2000870000,90,0,0
2000870000,91,0,0
2000870000,92,0,0
2000870000,93,0,0
2000870000,94,0,0
2000870000,95,0,0
2000870000,96,0,0
2000870000,97,0,0
2000870000,98,0,0
2000870000,99,0,0
2000870000,100,0,0
2000870000,101,0,0
2000870000,102,0,0
2000870000,103,0,0
2000870000,104,0,0
2000870000,105,0,0
2000870000,106,0,0
2000870000,107,0,0
2000870000,108,0,0
2000870000,109,0,0
2000870000,110,0,0
2000870000,111,0,0
2000870000,112,0,0
2000870000,113,0,0
2000870000,114,0,0
2000870000,115,0,0
2000870000,116,0,0
2000870000,117,0,0
2000870000,118,0,0
2000870000,119,0,0
2000870000,120,1,1
2000870000,121,0,0
2000870000,122,0,0
2000870000,123,0,0
2000870000,124,0,0
2000870000,125,0,0
2000870000,126,0,0
2000870000,127,0,0
2000870000,128,0,0
2000870000,129,0,0
2000870000,130,0,0
2000870000,131,0,0
2000870000,132,0,0
2000870000,133,0,0
2000870000,134,0,0
2000870000,135,0,0
2000870000,136,0,0
2000870000,137,0,0
2000870000,138,0,0
2000870000,139,0,0
2000870000,140,1,1
2000870000,141,0,0
2000870000,142,0,0
2000870000,143,0,0
2000870000,144,0,0
2000870000,145,0,0
2000870000,146,0,0
2000870000,147,0,0
2000870000,148,0,0
2000870000,149,0,0
2000870000,150,0,0
2000870000,151,0,0
2000870000,152,0,0
2000870000,153,0,0
2000870000,154,0,0
2000870000,155,0,0
2000870000,156,0,0
2000870000,157,0,0
2000870000,158,0,0
2000870000,159,0,0
2000870000,160,0,0
2000870000,161,0,0
2000870000,162,0,0
2000870000,163,0,0
2000870000,164,0,0
2000870000,165,0,0
2000870000,166,0,0
2000870000,167,0,0
2000870000,168,0,0
2000870000,169,0,0
2000870000,170,0,0
2000870000,171,0,0
2000870000,172,0,0
2000870000,173,0,0
2000870000,174,0,0
2000870000,175,0,0
2000870000,176,0,0
2000870000,177,0,0
2000870000,178,0,0
2000870000,179,0,0
2000870000,180,0,0
2000870000,181,0,0
2000870000,182,0,0
2000870000,183,0,0
2000870000,184,0,0
2000870000,185,0,0
2000870000,186,0,0
2000870000,187,0,0
2000870000,188,0,0
2000870000,189,0,0
2000870000,190,1,1
2000870000,191,0,0
2000870000,192,0,0
2000870000,193,0,0
2000870000,194,0,0
2000870000,195,0,0
2000870000,196,0,0
2000870000,197,0,0
2000870000,198,0,0
2000870000,199,0,0
2000870000,200,0,0
2000870000,201,0,0
2000870000,202,0,0
2000870000,203,0,0
2000870000,204,0,0
2000870000,205,0,0
2000870000,206,0,0
2000870000,207,0,0
2000870000,208,0,0
2000870000,209,0,0
2000870000,210,0,0
2000870000,211,0,0
2000870000,212,0,0
2000870000,213,0,0
2000870000,214,0,0
2000870000,215,0,0
2000870000,216,0,0
2000870000,217,0,0
2000870000,218,0,0
2000870000,219,0,0
2000870000,220,0,0
2000870000,221,0,0
2000870000,222,0,0
2000870000,223,0,0
2000870000,224,0,0
2000870000,225,0,0
2000870000,226,0,0
2000870000,227,0,0
2000870000,228,0,0
2000870000,229,0,0
2000870000,230,0,0
2000870000,231,0,0
2000870000,232,0,0
2000870000,233,0,0
2000870000,234,0,0
2000870000,235,0,0
2000870000,236,0,0
2000870000,237,0,0
2000870000,238,0,0
2000870000,239,0,0
2000870000,240,0,0
2000870000,241,0,0
2000870000,242,0,0
2000870000,243,0,0
2000870000,244,0,0
2000870000,245,0,0
2000870000,246,0,0
2000870000,247,0,0
2000870000,248,0,0
2000870000,249,0,0
2000870000,250,0,0
2000870000,251,0,0
2000870000,252,0,0
2000870000,253,0,0
2000870000,254,0,0
2000870000,255,0,0
2000870000,256,0,0
2000870000,257,0,0
2000870000,258,0,0
2000870000,259,0,0
2000870000,260,0,0
2000870000,261,0,0
2000870000,262,0,0
2000870000,263,0,0
2000870000,264,0,0
2000870000,265,0,0
2000870000,266,0,0
2000870000,267,0,0
2000870000,268,0,0
2000870000,269,0,0
2000870000,270,0,0
2000870000,271,0,0
2000870000,272,0,0
2000870000,273,0,0
2000870000,274,0,0
2000870000,275,0,0
2000870000,276,0,0
2000870000,277,0,0
2000870000,278,0,0
2000870000,279,0,0
2000870000,280,0,0
2000870000,281,0,0
2000870000,282,0,0
2000870000,283,0,0
2000870000,284,0,0
2000870000,285,0,0
2000870000,286,0,0
2000870000,287,0,0
2000880000,32,0,0
2000880000,33,0,0
2000880000,34,1,1
2000880000,35,0,0
2000880000,36,0,0
2000880000,37,0,0
2000880000,38,0,0
2000880000,39,0,0
2000880000,40,0,0
2000880000,41,0,0
2000880000,42,0,0
2000880000,43,0,0
2000880000,44,0,0
2000880000,45,0,0
2000880000,46,0,0
2000880000,47,0,0
2000880000,48,0,0
2000880000,49,0,0
2000880000,50,0,0
2000880000,51,0,0
2000880000,52,0,0
2000880000,53,0,0
2000880000,54,0,0
2000880000,55,0,0
2000880000,56,0,0
2000880000,57,0,0
2000880000,58,0,0
2000880000,59,0,0
2000880000,60,0,0
2000880000,61,0,0
2000880000,62,0,0
2000880000,63,0,0
2000880000,64,0,0
2000880000,65,0,0
2000880000,66,0,0
2000880000,67,0,0
2000880000,68,0,0
2000880000,69,0,0
2000880000,70,0,0
2000880000,71,0,0
2000880000,72,0,0
2000880000,73,0,0
2000880000,74,0,0
2000880000,75,0,0
2000880000,76,0,0
2000880000,77,0,0
2000880000,78,0,0
2000880000,79,0,0
2000880000,80,0,0
2000880000,81,0,0
2000880000,82,0,0
2000880000,83,0,0
2000880000,84,0,0
2000880000,85,0,0
2000880000,86,0,0
2000880000,87,0,0
2000880000,88,0,0
2000880000,89,0,0
2000880000,90,0,0
2000880000,91,0,0
2000880000,92,0,0
2000880000,93,0,0
2000880000,94,0,0
2000880000,95,0,0
2000880000,96,0,0
2000880000,97,0,0
2000880000,98,0,0
2000880000,99,0,0
2000880000,100,0,0
2000880000,101,0,0
2000880000,102,0,0
2000880000,103,0,0
2000880000,104,0,0
2000880000,105,0,0
2000880000,106,0,0
2000880000,107,0,0
2000880000,108,0,0
2000880000,109,0,0
2000880000,110,0,0
2000880000,111,0,0
2000880000,112,0,0
2000880000,113,0,0
2000880000,114,0,0
2000880000,115,0,0
2000880000,116,0,0
2000880000,117,0,0
2000880000,118,0,0
2000880000,119,0,0
2000880000,120,1,1
2000880000,121,0,0
2000880000,122,0,0
2000880000,123,0,0
2000880000,124,0,0
2000880000,125,0,0
2000880000,126,0,0
2000880000,127,0,0
2000880000,128,0,0
2000880000,129,0,0
2000880000,130,0,0
2000880000,131,0,0
2000880000,132,0,0
2000880000,133,0,0
2000880000,134,0,0
2000880000,135,0,0
2000880000,136,0,0
2000880000,137,0,0
2000880000,138,0,0
2000880000,139,0,0
2000880000,140,1,1
2000880000,141,0,0
2000880000,142,0,0
2000880000,143,0,0
2000880000,144,0,0
2000880000,145,0,0
2000880000,146,0,0
2000880000,147,0,0
2000880000,148,0,0
2000880000,149,0,0
2000880000,150,0,0
2000880000,151,0,0
2000880000,152,0,0
2000880000,153,0,0
2000880000,154,0,0
2000880000,155,0,0
2000880000,156,0,0
2000880000,157,0,0
2000880000,158,0,0
2000880000,159,0,0
2000880000,160,0,0
2000880000,161,0,0
2000880000,162,0,0
2000880000,163,0,0
2000880000,164,0,0
2000880000,165,0,0
2000880000,166,0,0
2000880000,167,0,0
2000880000,168,0,0
2000880000,169,0,0
2000880000,170,0,0
2000880000,171,0,0
2000880000,172,0,0
2000880000,173,0,0
2000880000,174,0,0
2000880000,175,0,0
2000880000,176,0,0
2000880000,177,0,0
2000880000,178,0,0
2000880000,179,0,0
2000880000,180,0,0
2000880000,181,0,0
2000880000,182,0,0
2000880000,183,0,0
2000880000,184,0,0
2000880000,185,0,0
2000880000,186,0,0
2000880000,187,0,0
2000880000,188,0,0
2000880000,189,0,0
2000880000,190,1,1
2000880000,191,0,0
2000880000,192,0,0
2000880000,193,0,0
2000880000,194,0,0
2000880000,195,0,0
2000880000,196,0,0
2000880000,197,0,0
2000880000,198,0,0
2000880000,199,0,0
2000880000,200,0,0
2000880000,201,0,0
2000880000,202,0,0
2000880000,203,0,0
2000880000,204,0,0
2000880000,205,0,0
2000880000,206,0,0
2000880000,207,0,0
2000880000,208,0,0
2000880000,209,0,0
2000880000,210,0,0
2000880000,211,0,0
2000880000,212,0,0
2000880000,213,0,0
2000880000,214,0,0
2000880000,215,0,0
2000880000,216,0,0
2000880000,217,0,0
2000880000,218,0,0
2000880000,219,0,0
2000880000,220,0,0
2000880000,221,0,0
2000880000,222,0,0
2000880000,223,0,0
2000880000,224,0,0
2000880000,225,0,0
2000880000,226,0,0
2000880000,227,0,0
2000880000,228,0,0
2000880000,229,0,0
2000880000,230,0,0
2000880000,231,0,0
2000880000,232,0,0
2000880000,233,0,0
2000880000,234,0,0
2000880000,235,0,0
2000880000,236,0,0
2000880000,237,0,0
2000880000,238,0,0
2000880000,239,0,0
2000880000,240,0,0
2000880000,241,0,0
2000880000,242,0,0
2000880000,243,0,0
2000880000,244,0,0
2000880000,245,0,0
2000880000,246,0,0
2000880000,247,0,0
2000880000,248,0,0
2000880000,249,0,0
2000880000,250,0,0
2000880000,251,0,0
2000880000,252,0,0
2000880000,253,0,0
2000880000,254,0,0
2000880000,255,0,0
2000880000,256,0,0
2000880000,257,0,0
2000880000,258,0,0
2000880000,259,0,0
2000880000,260,0,0
2000880000,261,0,0
2000880000,262,0,0
2000880000,263,0,0
2000880000,264,0,0
2000880000,265,0,0
2000880000,266,0,0
2000880000,267,0,0
2000880000,268,0,0
2000880000,269,0,0
2000880000,270,0,0
2000880000,271,0,0
2000880000,272,0,0
2000880000,273,0,0
2000880000,274,0,0
2000880000,275,0,0
2000880000,276,0,0
2000880000,277,0,0
2000880000,278,0,0
2000880000,279,0,0
2000880000,280,0,0
2000880000,281,0,0
2000880000,282,0,0
2000880000,283,0,0
2000880000,284,0,0
2000880000,285,0,0
2000880000,286,0,0
2000880000,287,0,0
2000890000,32,0,0
2000890000,33,0,0
2000890000,34,1,1
2000890000,35,0,0
2000890000,36,0,0
2000890000,37,0,0
2000890000,38,0,0
2000890000,39,0,0
2000890000,40,0,0
2000890000,41,0,0
2000890000,42,0,0
2000890000,43,0,0
2000890000,44,0,0
2000890000,45,0,0
2000890000,46,0,0
2000890000,47,0,0
2000890000,48,0,0
2000890000,49,0,0
2000890000,50,0,0
2000890000,51,0,0
2000890000,52,0,0
2000890000,53,0,0
2000890000,54,0,0
2000890000,55,0,0
2000890000,56,0,0
2000890000,57,0,0
2000890000,58,0,0
2000890000,59,0,0
2000890000,60,0,0
2000890000,61,0,0
2000890000,62,0,0
2000890000,63,0,0
2000890000,64,0,0
2000890000,65,0,0
2000890000,66,0,0
2000890000,67,0,0
2000890000,68,0,0
2000890000,69,0,0
2000890000,70,0,0
2000890000,71,0,0
2000890000,72,0,0
2000890000,73,0,0
2000890000,74,0,0
2000890000,75,0,0
2000890000,76,0,0
2000890000,77,0,0
2000890000,78,0,0
2000890000,79,0,0
2000890000,80,0,0
2000890000,81,0,0
2000890000,82,0,0
2000890000,83,0,0
2000890000,84,0,0
2000890000,85,0,0
2000890000,86,0,0
2000890000,87,0,0
2000890000,88,0,0
2000890000,89,0,0
2000890000,90,0,0
2000890000,91,0,0
2000890000,92,0,0
2000890000,93,0,0
2000890000,94,0,0
2000890000,95,0,0
2000890000,96,0,0
2000890000,97,0,0
2000890000,98,0,0
2000890000,99,0,0
2000890000,100,0,0
2000890000,101,0,0
2000890000,102,0,0
2000890000,103,0,0
2000890000,104,0,0
2000890000,105,0,0
2000890000,106,0,0
2000890000,107,0,0
2000890000,108,0,0
2000890000,109,0,0
2000890000,110,0,0
2000890000,111,0,0
2000890000,112,0,0
2000890000,113,0,0
2000890000,114,0,0
2000890000,115,0,0
2000890000,116,0,0
2000890000,117,0,0
2000890000,118,0,0
2000890000,119,0,0
2000890000,120,1,1
2000890000,121,0,0
2000890000,122,0,0
2000890000,123,0,0
2000890000,124,0,0
2000890000,125,0,0
2000890000,126,0,0
2000890000,127,0,0
2000890000,128,0,0
2000890000,129,0,0
2000890000,130,0,0
2000890000,131,0,0
2000890000,132,0,0
2000890000,133,0,0
2000890000,134,0,0
2000890000,135,0,0
2000890000,136,0,0
2000890000,137,0,0
2000890000,138,0,0
2000890000,139,0,0
2000890000,140,1,1
2000890000,141,0,0
2000890000,142,0,0
2000890000,143,0,0
2000890000,144,0,0
2000890000,145,0,0
2000890000,146,0,0
2000890000,147,0,0
2000890000,148,0,0
2000890000,149,0,0
2000890000,150,0,0
2000890000,151,0,0
2000890000,152,0,0
2000890000,153,0,0
2000890000,154,0,0
2000890000,155,0,0
2000890000,156,0,0
2000890000,157,0,0
2000890000,158,0,0
2000890000,159,0,0
2000890000,160,0,0
2000890000,161,0,0
2000890000,162,0,0
2000890000,163,0,0
2000890000,164,0,0
2000890000,165,0,0
2000890000,166,0,0
2000890000,167,0,0
2000890000,168,0,0
2000890000,169,0,0
2000890000,170,0,0
2000890000,171,0,0
2000890000,172,0,0
2000890000,173,0,0
2000890000,174,0,0
2000890000,175,0,0
2000890000,176,0,0
2000890000,177,0,0
2000890000,178,0,0
2000890000,179,0,0
2000890000,180,0,0
2000890000,181,0,0
2000890000,182,0,0
2000890000,183,0,0
2000890000,184,0,0
2000890000,185,0,0
2000890000,186,0,0
2000890000,187,0,0
2000890000,188,0,0
2000890000,189,0,0
2000890000,190,1,1
2000890000,191,0,0
2000890000,192,0,0
2000890000,193,0,0
2000890000,194,0,0
2000890000,195,0,0
2000890000,196,0,0
2000890000,197,0,0
2000890000,198,0,0
2000890000,199,0,0
2000890000,200,0,0
2000890000,201,0,0
2000890000,202,0,0
2000890000,203,0,0
2000890000,204,0,0
2000890000,205,0,0
2000890000,206,0,0
2000890000,207,0,0
2000890000,208,0,0
2000890000,209,0,0
2000890000,210,0,0
2000890000,211,0,0
2000890000,212,0,0
2000890000,213,0,0
2000890000,214,0,0
2000890000,215,0,0
2000890000,216,0,0
2000890000,217,0,0
2000890000,218,0,0
2000890000,219,0,0
2000890000,220,0,0
2000890000,221,0,0
2000890000,222,0,0
2000890000,223,0,0
2000890000,224,0,0
2000890000,225,0,0
2000890000,226,0,0
2000890000,227,0,0
2000890000,228,0,0
2000890000,229,0,0
2000890000,230,0,0
2000890000,231,0,0
2000890000,232,0,0
2000890000,233,0,0
2000890000,234,0,0
2000890000,235,0,0
2000890000,236,0,0
2000890000,237,0,0
2000890000,238,0,0
2000890000,239,0,0
2000890000,240,0,0
2000890000,241,0,0
2000890000,242,0,0
2000890000,243,0,0
2000890000,244,0,0
2000890000,245,0,0
2000890000,246,0,0
2000890000,247,0,0
2000890000,248,0,0
2000890000,249,0,0
2000890000,250,0,0
2000890000,251,0,0
2000890000,252,0,0
2000890000,253,0,0
2000890000,254,0,0
2000890000,255,0,0
2000890000,256,0,0
2000890000,257,0,0
2000890000,258,0,0
2000890000,259,0,0
2000890000,260,0,0
2000890000,261,0,0
2000890000,262,0,0
2000890000,263,0,0
2000890000,264,0,0
2000890000,265,0,0
2000890000,266,0,0
2000890000,267,0,0
2000890000,268,0,0
2000890000,269,0,0
2000890000,270,0,0
2000890000,271,0,0
2000890000,272,0,0
2000890000,273,0,0
2000890000,274,0,0
2000890000,275,0,0
2000890000,276,0,0
2000890000,277,0,0
2000890000,278,0,0
2000890000,279,0,0
2000890000,280,0,0
2000890000,281,0,0
2000890000,282,0,0
2000890000,283,0,0
2000890000,284,0,0
2000890000,285,0,0
2000890000,286,0,0
2000890000,287,0,0
2000900000,32,0,0
2000900000,33,0,0
2000900000,34,1,1
2000900000,35,0,0
2000900000,36,0,0
2000900000,37,0,0
2000900000,38,0,0
2000900000,39,0,0
2000900000,40,0,0
2000900000,41,0,0
2000900000,42,0,0
2000900000,43,0,0
2000900000,44,0,0
2000900000,45,0,0
2000900000,46,0,0
2000900000,47,0,0
2000900000,48,0,0
2000900000,49,0,0
2000900000,50,0,0
2000900000,51,0,0
2000900000,52,0,0
2000900000,53,0,0
2000900000,54,0,0
2000900000,55,0,0
2000900000,56,0,0
2000900000,57,0,0
2000900000,58,0,0
2000900000,59,0,0
2000900000,60,0,0
2000900000,61,0,0
2000900000,62,0,0
2000900000,63,0,0
2000900000,64,0,0
2000900000,65,0,0
2000900000,66,0,0
2000900000,67,0,0
2000900000,68,0,0
2000900000,69,0,0
2000900000,70,0,0
2000900000,71,0,0
2000900000,72,0,0
2000900000,73,0,0
2000900000,74,0,0
2000900000,75,0,0
2000900000,76,0,0
2000900000,77,0,0
2000900000,78,0,0
2000900000,79,0,0
2000900000,80,0,0
2000900000,81,0,0
2000900000,82,0,0
2000900000,83,0,0
2000900000,84,0,0
2000900000,85,0,0
2000900000,86,0,0
2000900000,87,0,0
2000900000,88,0,0
2000900000,89,0,0
2000900000,90,0,0
2000900000,91,0,0
2000900000,92,0,0
2000900000,93,0,0
2000900000,94,0,0
2000900000,95,0,0
2000900000,96,0,0
2000900000,97,0,0
2000900000,98,0,0
2000900000,99,0,0
2000900000,100,0,0
2000900000,101,0,0
2000900000,102,0,0
2000900000,103,0,0
2000900000,104,0,0
2000900000,105,0,0
2000900000,106,0,0
2000900000,107,0,0
2000900000,108,0,0
2000900000,109,0,0
2000900000,110,0,0
2000900000,111,0,0
2000900000,112,0,0
2000900000,113,0,0
2000900000,114,0,0
2000900000,115,0,0
2000900000,116,0,0
2000900000,117,0,0
2000900000,118,0,0
2000900000,119,0,0
2000900000,120,1,1
2000900000,121,0,0
2000900000,122,0,0
2000900000,123,0,0
2000900000,124,0,0
2000900000,125,0,0
2000900000,126,0,0
2000900000,127,0,0
2000900000,128,0,0
2000900000,129,0,0
2000900000,130,0,0
2000900000,131,0,0
2000900000,132,0,0
2000900000,133,0,0
2000900000,134,0,0
2000900000,135,0,0
2000900000,136,0,0
2000900000,137,0,0
2000900000,138,0,0
2000900000,139,0,0
2000900000,140,1,1
2000900000,141,0,0
2000900000,142,0,0
2000900000,143,0,0
2000900000,144,0,0
2000900000,145,0,0
2000900000,146,0,0
2000900000,147,0,0
2000900000,148,0,0
2000900000,149,0,0
2000900000,150,0,0
2000900000,151,0,0
2000900000,152,0,0
2000900000,153,0,0
2000900000,154,0,0
2000900000,155,0,0
2000900000,156,0,0
2000900000,157,0,0
2000900000,158,0,0
2000900000,159,0,0
2000900000,160,0,0
2000900000,161,0,0
2000900000,162,0,0
2000900000,163,0,0
2000900000,164,0,0
2000900000,165,0,0
2000900000,166,0,0
2000900000,167,0,0
2000900000,168,0,0
2000900000,169,0,0
2000900000,170,0,0
2000900000,171,0,0
2000900000,172,0,0
2000900000,173,0,0
2000900000,174,0,0
2000900000,175,0,0
2000900000,176,0,0
2000900000,177,0,0
2000900000,178,0,0
2000900000,179,0,0
2000900000,180,0,0
2000900000,181,0,0
2000900000,182,0,0
2000900000,183,0,0
2000900000,184,0,0
2000900000,185,0,0
2000900000,186,0,0
2000900000,187,0,0
2000900000,188,0,0
2000900000,189,0,0
2000900000,190,1,1
2000900000,191,0,0
2000900000,192,0,0
2000900000,193,0,0
2000900000,194,0,0
2000900000,195,0,0
2000900000,196,0,0
2000900000,197,0,0
2000900000,198,0,0
2000900000,199,0,0
2000900000,200,0,0
2000900000,201,0,0
2000900000,202,0,0
2000900000,203,0,0
2000900000,204,0,0
2000900000,205,0,0
2000900000,206,0,0
2000900000,207,0,0
2000900000,208,0,0
2000900000,209,0,0
2000900000,210,0,0
2000900000,211,0,0
2000900000,212,0,0
2000900000,213,0,0
2000900000,214,0,0
2000900000,215,0,0
2000900000,216,0,0
2000900000,217,0,0
2000900000,218,0,0
2000900000,219,0,0
2000900000,220,0,0
2000900000,221,0,0
2000900000,222,0,0
2000900000,223,0,0
2000900000,224,0,0
2000900000,225,0,0
2000900000,226,0,0
2000900000,227,0,0
2000900000,228,0,0
2000900000,229,0,0
2000900000,230,0,0
2000900000,231,0,0
2000900000,232,0,0
2000900000,233,0,0
2000900000,234,0,0
2000900000,235,0,0
2000900000,236,0,0
2000900000,237,0,0
2000900000,238,0,0
2000900000,239,0,0
2000900000,240,0,0
2000900000,241,0,0
2000900000,242,0,0
2000900000,243,0,0
2000900000,244,0,0
2000900000,245,0,0
2000900000,246,0,0
2000900000,247,0,0
2000900000,248,0,0
2000900000,249,0,0
2000900000,250,0,0
2000900000,251,0,0
2000900000,252,0,0
2000900000,253,0,0
2000900000,254,0,0
2000900000,255,0,0
2000900000,256,0,0
2000900000,257,0,0
2000900000,258,0,0
2000900000,259,0,0
2000900000,260,0,0
2000900000,261,0,0
2000900000,262,0,0
2000900000,263,0,0
2000900000,264,0,0
2000900000,265,0,0
2000900000,266,0,0
2000900000,267,0,0
2000900000,268,0,0
2000900000,269,0,0
2000900000,270,0,0
2000900000,271,0,0
2000900000,272,0,0
2000900000,273,0,0
2000900000,274,0,0
2000900000,275,0,0
2000900000,276,0,0
2000900000,277,0,0
2000900000,278,0,0
2000900000,279,0,0
2000900000,280,0,0
2000900000,281,0,0
2000900000,282,0,0
2000900000,283,0,0
2000900000,284,0,0
2000900000,285,0,0
2000900000,286,0,0
2000900000,287,0,0
2000910000,32,0,0
2000910000,33,0,0
2000910000,34,1,1
2000910000,35,0,0
2000910000,36,0,0
2000910000,37,0,0
2000910000,38,0,0
2000910000,39,0,0
2000910000,40,0,0
2000910000,41,0,0
2000910000,42,0,0
2000910000,43,0,0
2000910000,44,0,0
2000910000,45,0,0
2000910000,46,0,0
2000910000,47,0,0
2000910000,48,0,0
2000910000,49,0,0
2000910000,50,0,0
2000910000,51,0,0
2000910000,52,0,0
2000910000,53,0,0
2000910000,54,0,0
2000910000,55,0,0
2000910000,56,0,0
2000910000,57,0,0
2000910000,58,0,0
2000910000,59,0,0
2000910000,60,0,0
2000910000,61,0,0
2000910000,62,0,0
2000910000,63,0,0
2000910000,64,0,0
2000910000,65,0,0
2000910000,66,0,0
2000910000,67,0,0
2000910000,68,0,0
2000910000,69,0,0
2000910000,70,0,0
2000910000,71,0,0
2000910000,72,0,0
2000910000,73,0,0
2000910000,74,0,0
2000910000,75,0,0
2000910000,76,0,0
2000910000,77,0,0
2000910000,78,0,0
2000910000,79,0,0
2000910000,80,0,0
2000910000,81,0,0
2000910000,82,0,0
2000910000,83,0,0
2000910000,84,0,0
2000910000,85,0,0
2000910000,86,0,0
2000910000,87,0,0
2000910000,88,0,0
2000910000,89,0,0
2000910000,90,0,0
2000910000,91,0,0
2000910000,92,0,0
2000910000,93,0,0
2000910000,94,0,0
2000910000,95,0,0
2000910000,96,0,0
2000910000,97,0,0
2000910000,98,0,0
2000910000,99,0,0
2000910000,100,0,0
2000910000,101,0,0
2000910000,102,0,0
2000910000,103,0,0
2000910000,104,0,0
2000910000,105,0,0
2000910000,106,0,0
2000910000,107,0,0
2000910000,108,0,0
2000910000,109,0,0
2000910000,110,0,0
2000910000,111,0,0
2000910000,112,0,0
2000910000,113,0,0
2000910000,114,0,0
2000910000,115,0,0
2000910000,116,0,0
2000910000,117,0,0
2000910000,118,0,0
2000910000,119,0,0
2000910000,120,1,1
2000910000,121,0,0
2000910000,122,0,0
2000910000,123,0,0
2000910000,124,0,0
2000910000,125,0,0
2000910000,126,0,0
2000910000,127,0,0
2000910000,128,0,0
2000910000,129,0,0
2000910000,130,0,0
2000910000,131,0,0
2000910000,132,0,0
2000910000,133,0,0
2000910000,134,0,0
2000910000,135,0,0
2000910000,136,0,0
2000910000,137,0,0
2000910000,138,0,0
2000910000,139,0,0
2000910000,140,1,1
2000910000,141,0,0
2000910000,142,0,0
2000910000,143,0,0
2000910000,144,0,0
2000910000,145,0,0
2000910000,146,0,0
2000910000,147,0,0
2000910000,148,0,0
2000910000,149,0,0
2000910000,150,0,0
2000910000,151,0,0
2000910000,152,0,0
2000910000,153,0,0
2000910000,154,0,0
2000910000,155,0,0
2000910000,156,0,0
2000910000,157,0,0
2000910000,158,0,0
2000910000,159,0,0
2000910000,160,0,0
2000910000,161,0,0
2000910000,162,0,0
2000910000,163,0,0
2000910000,164,0,0
2000910000,165,0,0
2000910000,166,0,0
2000910000,167,0,0
2000910000,168,0,0
2000910000,169,0,0
2000910000,170,0,0
2000910000,171,0,0
2000910000,172,0,0
2000910000,173,0,0
2000910000,174,0,0
2000910000,175,0,0
2000910000,176,0,0
2000910000,177,0,0
2000910000,178,0,0
2000910000,179,0,0
2000910000,180,0,0
2000910000,181,0,0
2000910000,182,0,0
2000910000,183,0,0
2000910000,184,0,0
2000910000,185,0,0
2000910000,186,0,0
2000910000,187,0,0
2000910000,188,0,0
2000910000,189,0,0
2000910000,190,1,1
2000910000,191,0,0
2000910000,192,0,0
2000910000,193,0,0
2000910000,194,0,0
2000910000,195,0,0
2000910000,196,0,0
2000910000,197,0,0
2000910000,198,0,0
2000910000,199,0,0
2000910000,200,0,0
2000910000,201,0,0
2000910000,202,0,0
2000910000,203,0,0
2000910000,204,0,0
2000910000,205,0,0
2000910000,206,0,0
2000910000,207,0,0
2000910000,208,0,0
2000910000,209,0,0
2000910000,210,0,0
2000910000,211,0,0
2000910000,212,0,0
2000910000,213,0,0
2000910000,214,0,0
2000910000,215,0,0
2000910000,216,0,0
2000910000,217,0,0
2000910000,218,0,0
2000910000,219,0,0
2000910000,220,0,0
2000910000,221,0,0
2000910000,222,0,0
2000910000,223,0,0
2000910000,224,0,0
2000910000,225,0,0
2000910000,226,0,0
2000910000,227,0,0
2000910000,228,0,0
2000910000,229,0,0
2000910000,230,0,0
2000910000,231,0,0
2000910000,232,0,0
2000910000,233,0,0
2000910000,234,0,0
2000910000,235,0,0
2000910000,236,0,0
2000910000,237,0,0
2000910000,238,0,0
2000910000,239,0,0
2000910000,240,0,0
2000910000,241,0,0
2000910000,242,0,0
2000910000,243,0,0
2000910000,244,0,0
2000910000,245,0,0
2000910000,246,0,0
2000910000,247,0,0
2000910000,248,0,0
2000910000,249,0,0
2000910000,250,0,0
2000910000,251,0,0
2000910000,252,0,0
2000910000,253,0,0
2000910000,254,0,0
2000910000,255,0,0
2000910000,256,0,0
2000910000,257,0,0
2000910000,258,0,0
2000910000,259,0,0
2000910000,260,0,0
2000910000,261,0,0
2000910000,262,0,0
2000910000,263,0,0
2000910000,264,0,0
2000910000,265,0,0
2000910000,266,0,0
2000910000,267,0,0
2000910000,268,0,0
2000910000,269,0,0
2000910000,270,0,0
2000910000,271,0,0
2000910000,272,0,0
2000910000,273,0,0
2000910000,274,0,0
2000910000,275,0,0
2000910000,276,0,0
2000910000,277,0,0
2000910000,278,0,0
2000910000,279,0,0
2000910000,280,0,0
2000910000,281,0,0
2000910000,282,0,0
2000910000,283,0,0
2000910000,284,0,0
2000910000,285,0,0
2000910000,286,0,0
2000910000,287,0,0
2000920000,32,0,0
2000920000,33,0,0
2000920000,34,1,1
2000920000,35,0,0
2000920000,36,0,0
2000920000,37,0,0
2000920000,38,0,0
2000920000,39,0,0
2000920000,40,0,0
2000920000,41,0,0
2000920000,42,0,0
2000920000,43,0,0
2000920000,44,0,0
2000920000,45,0,0
2000920000,46,0,0
2000920000,47,0,0
2000920000,48,0,0
2000920000,49,0,0
2000920000,50,0,0
2000920000,51,0,0
2000920000,52,0,0
2000920000,53,0,0
2000920000,54,0,0
2000920000,55,0,0
2000920000,56,0,0
2000920000,57,0,0
2000920000,58,0,0
2000920000,59,0,0
2000920000,60,0,0
2000920000,61,0,0
2000920000,62,0,0
2000920000,63,0,0
2000920000,64,0,0
2000920000,65,0,0
2000920000,66,0,0
2000920000,67,0,0
2000920000,68,0,0
2000920000,69,0,0
2000920000,70,0,0
2000920000,71,0,0
2000920000,72,0,0
2000920000,73,0,0
2000920000,74,0,0
2000920000,75,0,0
2000920000,76,0,0
2000920000,77,0,0
2000920000,78,0,0
2000920000,79,0,0
2000920000,80,0,0
2000920000,81,0,0
2000920000,82,0,0
2000920000,83,0,0
2000920000,84,0,0
2000920000,85,0,0
2000920000,86,0,0
2000920000,87,0,0
2000920000,88,0,0
2000920000,89,0,0
2000920000,90,0,0
2000920000,91,0,0
2000920000,92,0,0
2000920000,93,0,0
2000920000,94,0,0
2000920000,95,0,0
2000920000,96,0,0
2000920000,97,0,0
2000920000,98,0,0
2000920000,99,0,0
2000920000,100,0,0
2000920000,101,0,0
2000920000,102,0,0
2000920000,103,0,0
2000920000,104,0,0
2000920000,105,0,0
2000920000,106,0,0
2000920000,107,0,0
2000920000,108,0,0
2000920000,109,0,0
2000920000,110,0,0
2000920000,111,0,0
2000920000,112,0,0
2000920000,113,0,0
2000920000,114,0,0
2000920000,115,0,0
2000920000,116,0,0
2000920000,117,0,0
2000920000,118,0,0
2000920000,119,0,0
2000920000,120,1,1
2000920000,121,0,0
2000920000,122,0,0
2000920000,123,0,0
2000920000,124,0,0
2000920000,125,0,0
2000920000,126,0,0
2000920000,127,0,0
2000920000,128,0,0
2000920000,129,0,0
2000920000,130,0,0
2000920000,131,0,0
2000920000,132,0,0
2000920000,133,0,0
2000920000,134,0,0
2000920000,135,0,0
2000920000,136,0,0
2000920000,137,0,0
2000920000,138,0,0
2000920000,139,0,0
2000920000,140,1,1
2000920000,141,0,0
2000920000,142,0,0
2000920000,143,0,0
2000920000,144,0,0
2000920000,145,0,0
2000920000,146,0,0
2000920000,147,0,0
2000920000,148,0,0
2000920000,149,0,0
2000920000,150,0,0
2000920000,151,0,0
2000920000,152,0,0
2000920000,153,0,0
2000920000,154,0,0
2000920000,155,0,0
2000920000,156,0,0
2000920000,157,0,0
2000920000,158,0,0
2000920000,159,0,0
2000920000,160,0,0
2000920000,161,0,0
2000920000,162,0,0
2000920000,163,0,0
2000920000,164,0,0
2000920000,165,0,0
2000920000,166,0,0
2000920000,167,0,0
2000920000,168,0,0
2000920000,169,0,0
2000920000,170,0,0
2000920000,171,0,0
2000920000,172,0,0
2000920000,173,0,0
2000920000,174,0,0
2000920000,175,0,0
2000920000,176,0,0
2000920000,177,0,0
2000920000,178,0,0
2000920000,179,0,0
2000920000,180,0,0
2000920000,181,0,0
2000920000,182,0,0
2000920000,183,0,0
2000920000,184,0,0
2000920000,185,0,0
2000920000,186,0,0
2000920000,187,0,0
2000920000,188,0,0
2000920000,189,0,0
2000920000,190,1,1
2000920000,191,0,0
2000920000,192,0,0
2000920000,193,0,0
2000920000,194,0,0
2000920000,195,0,0
2000920000,196,0,0
2000920000,197,0,0
2000920000,198,0,0
2000920000,199,0,0
2000920000,200,0,0
2000920000,201,0,0
2000920000,202,0,0
2000920000,203,0,0
2000920000,204,0,0
2000920000,205,0,0
2000920000,206,0,0
2000920000,207,0,0
2000920000,208,0,0
2000920000,209,0,0
2000920000,210,0,0
2000920000,211,0,0
2000920000,212,0,0
2000920000,213,0,0
2000920000,214,0,0
2000920000,215,0,0
2000920000,216,0,0
2000920000,217,0,0
2000920000,218,0,0
2000920000,219,0,0
2000920000,220,0,0
2000920000,221,0,0
2000920000,222,0,0
2000920000,223,0,0
2000920000,224,0,0
2000920000,225,0,0
2000920000,226,0,0
2000920000,227,0,0
2000920000,228,0,0
2000920000,229,0,0
2000920000,230,0,0
2000920000,231,0,0
2000920000,232,0,0
2000920000,233,0,0
2000920000,234,0,0
2000920000,235,0,0
2000920000,236,0,0
2000920000,237,0,0
2000920000,238,0,0
2000920000,239,0,0
2000920000,240,0,0
2000920000,241,0,0
2000920000,242,0,0
2000920000,243,0,0
2000920000,244,0,0
2000920000,245,0,0
2000920000,246,0,0
2000920000,247,0,0
2000920000,248,0,0
2000920000,249,0,0
2000920000,250,0,0
2000920000,251,0,0
2000920000,252,0,0
2000920000,253,0,0
2000920000,254,0,0
2000920000,255,0,0
2000920000,256,0,0
2000920000,257,0,0
2000920000,258,0,0
2000920000,259,0,0
2000920000,260,0,0
2000920000,261,0,0
2000920000,262,0,0
2000920000,263,0,0
2000920000,264,0,0
2000920000,265,0,0
2000920000,266,0,0
2000920000,267,0,0
2000920000,268,0,0
2000920000,269,0,0
2000920000,270,0,0
2000920000,271,0,0
2000920000,272,0,0
2000920000,273,0,0
2000920000,274,0,0
2000920000,275,0,0
2000920000,276,0,0
2000920000,277,0,0
2000920000,278,0,0
2000920000,279,0,0
2000920000,280,0,0
2000920000,281,0,0
2000920000,282,0,0
2000920000,283,0,0
2000920000,284,0,0
2000920000,285,0,0
2000920000,286,0,0
2000920000,287,0,0
2000930000,32,0,0
2000930000,33,0,0
2000930000,34,1,1
2000930000,35,0,0
2000930000,36,0,0
2000930000,37,0,0
2000930000,38,0,0
2000930000,39,0,0
2000930000,40,0,0
2000930000,41,0,0
2000930000,42,0,0
2000930000,43,0,0
2000930000,44,0,0
2000930000,45,0,0
2000930000,46,0,0
2000930000,47,0,0
2000930000,48,0,0
2000930000,49,0,0
2000930000,50,0,0
2000930000,51,0,0
2000930000,52,0,0
2000930000,53,0,0
2000930000,54,0,0
2000930000,55,0,0
2000930000,56,0,0
2000930000,57,0,0
2000930000,58,0,0
2000930000,59,0,0
2000930000,60,0,0
2000930000,61,0,0
2000930000,62,0,0
2000930000,63,0,0
2000930000,64,0,0
2000930000,65,0,0
2000930000,66,0,0
2000930000,67,0,0
2000930000,68,0,0
2000930000,69,0,0
2000930000,70,0,0
2000930000,71,0,0
2000930000,72,0,0
2000930000,73,0,0
2000930000,74,0,0
2000930000,75,0,0
2000930000,76,0,0
2000930000,77,0,0
2000930000,78,0,0
2000930000,79,0,0
2000930000,80,0,0
2000930000,81,0,0
2000930000,82,0,0
2000930000,83,0,0
2000930000,84,0,0
2000930000,85,0,0
2000930000,86,0,0
2000930000,87,0,0
2000930000,88,0,0
2000930000,89,0,0
2000930000,90,0,0
2000930000,91,0,0
2000930000,92,0,0
2000930000,93,0,0
2000930000,94,0,0
2000930000,95,0,0
2000930000,96,0,0
2000930000,97,0,0
2000930000,98,0,0
2000930000,99,0,0
2000930000,100,0,0
2000930000,101,0,0
2000930000,102,0,0
2000930000,103,0,0
2000930000,104,0,0
2000930000,105,0,0
2000930000,106,0,0
2000930000,107,0,0
2000930000,108,0,0
2000930000,109,0,0
2000930000,110,0,0
2000930000,111,0,0
2000930000,112,0,0
2000930000,113,0,0
2000930000,114,0,0
2000930000,115,0,0
2000930000,116,0,0
2000930000,117,0,0
2000930000,118,0,0
2000930000,119,0,0
2000930000,120,1,1
2000930000,121,0,0
2000930000,122,0,0
2000930000,123,0,0
2000930000,124,0,0
2000930000,125,0,0
2000930000,126,0,0
2000930000,127,0,0
2000930000,128,0,0
2000930000,129,0,0
2000930000,130,0,0
2000930000,131,0,0
2000930000,132,0,0
2000930000,133,0,0
2000930000,134,0,0
2000930000,135,0,0
2000930000,136,0,0
2000930000,137,0,0
2000930000,138,0,0
2000930000,139,0,0
2000930000,140,1,1
2000930000,141,0,0
2000930000,142,0,0
2000930000,143,0,0
2000930000,144,0,0
2000930000,145,0,0
2000930000,146,0,0
2000930000,147,0,0
2000930000,148,0,0
2000930000,149,0,0
2000930000,150,0,0
2000930000,151,0,0
2000930000,152,0,0
2000930000,153,0,0
2000930000,154,0,0
2000930000,155,0,0
2000930000,156,0,0
2000930000,157,0,0
2000930000,158,0,0
2000930000,159,0,0
2000930000,160,0,0
2000930000,161,0,0
2000930000,162,0,0
2000930000,163,0,0
2000930000,164,0,0
2000930000,165,0,0
2000930000,166,0,0
2000930000,167,0,0
2000930000,168,0,0
2000930000,169,0,0
2000930000,170,0,0
2000930000,171,0,0
2000930000,172,0,0
2000930000,173,0,0
2000930000,174,0,0
2000930000,175,0,0
2000930000,176,0,0
2000930000,177,0,0
2000930000,178,0,0
2000930000,179,0,0
2000930000,180,0,0
2000930000,181,0,0
2000930000,182,0,0
2000930000,183,0,0
2000930000,184,0,0
2000930000,185,0,0
2000930000,186,0,0
2000930000,187,0,0
2000930000,188,0,0
2000930000,189,0,0
2000930000,190,1,1
2000930000,191,0,0
2000930000,192,0,0
2000930000,193,0,0
2000930000,194,0,0
2000930000,195,0,0
2000930000,196,0,0
2000930000,197,0,0
2000930000,198,0,0
2000930000,199,0,0
2000930000,200,0,0
2000930000,201,0,0
2000930000,202,0,0
2000930000,203,0,0
2000930000,204,0,0
2000930000,205,0,0
2000930000,206,0,0
2000930000,207,0,0
2000930000,208,0,0
2000930000,209,0,0
2000930000,210,0,0
2000930000,211,0,0
2000930000,212,0,0
2000930000,213,0,0
2000930000,214,0,0
2000930000,215,0,0
2000930000,216,0,0
2000930000,217,0,0
2000930000,218,0,0
2000930000,219,0,0
2000930000,220,0,0
2000930000,221,0,0
2000930000,222,0,0
2000930000,223,0,0
2000930000,224,0,0
2000930000,225,0,0
2000930000,226,0,0
2000930000,227,0,0
2000930000,228,0,0
2000930000,229,0,0
2000930000,230,0,0
2000930000,231,0,0
2000930000,232,0,0
2000930000,233,0,0
2000930000,234,0,0
2000930000,235,0,0
2000930000,236,0,0
2000930000,237,0,0
2000930000,238,0,0
2000930000,239,0,0
2000930000,240,0,0
2000930000,241,0,0
2000930000,242,0,0
2000930000,243,0,0
2000930000,244,0,0
2000930000,245,0,0
2000930000,246,0,0
2000930000,247,0,0
2000930000,248,0,0
2000930000,249,0,0
2000930000,250,0,0
2000930000,251,0,0
2000930000,252,0,0
2000930000,253,0,0
2000930000,254,0,0
2000930000,255,0,0
2000930000,256,0,0
2000930000,257,0,0
2000930000,258,0,0
2000930000,259,0,0
2000930000,260,0,0
2000930000,261,0,0
2000930000,262,0,0
2000930000,263,0,0
2000930000,264,0,0
2000930000,265,0,0
2000930000,266,0,0
2000930000,267,0,0
2000930000,268,0,0
2000930000,269,0,0
2000930000,270,0,0
2000930000,271,0,0
2000930000,272,0,0
2000930000,273,0,0
2000930000,274,0,0
2000930000,275,0,0
2000930000,276,0,0
2000930000,277,0,0
2000930000,278,0,0
2000930000,279,0,0
2000930000,280,0,0
2000930000,281,0,0
2000930000,282,0,0
2000930000,283,0,0
2000930000,284,0,0
2000930000,285,0,0
2000930000,286,0,0
2000930000,287,0,0
2000940000,32,0,0
2000940000,33,0,0
2000940000,34,1,1
2000940000,35,0,0
2000940000,36,0,0
2000940000,37,0,0
2000940000,38,0,0
2000940000,39,0,0
2000940000,40,0,0
2000940000,41,0,0
2000940000,42,0,0
2000940000,43,0,0
2000940000,44,0,0
2000940000,45,0,0
2000940000,46,0,0
2000940000,47,0,0
2000940000,48,0,0
2000940000,49,0,0
2000940000,50,0,0
2000940000,51,0,0
2000940000,52,0,0
2000940000,53,0,0
2000940000,54,0,0
2000940000,55,0,0
2000940000,56,0,0
2000940000,57,0,0
2000940000,58,0,0
2000940000,59,0,0
2000940000,60,0,0
2000940000,61,0,0
2000940000,62,0,0
2000940000,63,0,0
2000940000,64,0,0
2000940000,65,0,0
2000940000,66,0,0
2000940000,67,0,0
2000940000,68,0,0
2000940000,69,0,0
2000940000,70,0,0
2000940000,71,0,0
2000940000,72,0,0
2000940000,73,0,0
2000940000,74,0,0
2000940000,75,0,0
2000940000,76,0,0
2000940000,77,0,0
2000940000,78,0,0
2000940000,79,0,0
2000940000,80,0,0
2000940000,81,0,0
2000940000,82,0,0
2000940000,83,0,0
2000940000,84,0,0
2000940000,85,0,0
2000940000,86,0,0
2000940000,87,0,0
2000940000,88,0,0
2000940000,89,0,0
2000940000,90,0,0
2000940000,91,0,0
2000940000,92,0,0
2000940000,93,0,0
2000940000,94,0,0
2000940000,95,0,0
2000940000,96,0,0
2000940000,97,0,0
2000940000,98,0,0
2000940000,99,0,0
2000940000,100,0,0
2000940000,101,0,0
2000940000,102,0,0
2000940000,103,0,0
2000940000,104,0,0
2000940000,105,0,0
2000940000,106,0,0
2000940000,107,0,0
2000940000,108,0,0
2000940000,109,0,0
2000940000,110,0,0
2000940000,111,0,0
2000940000,112,0,0
2000940000,113,0,0
2000940000,114,0,0
2000940000,115,0,0
2000940000,116,0,0
2000940000,117,0,0
2000940000,118,0,0
2000940000,119,0,0
2000940000,120,1,1
2000940000,121,0,0
2000940000,122,0,0
2000940000,123,0,0
2000940000,124,0,0
2000940000,125,0,0
2000940000,126,0,0
2000940000,127,0,0
2000940000,128,0,0
2000940000,129,0,0
2000940000,130,0,0
2000940000,131,0,0
2000940000,132,0,0
2000940000,133,0,0
2000940000,134,0,0
2000940000,135,0,0
2000940000,136,0,0
2000940000,137,0,0
2000940000,138,0,0
2000940000,139,0,0
2000940000,140,1,1
2000940000,141,0,0
2000940000,142,0,0
2000940000,143,0,0
2000940000,144,0,0
2000940000,145,0,0
2000940000,146,0,0
2000940000,147,0,0
2000940000,148,0,0
2000940000,149,0,0
2000940000,150,0,0
2000940000,151,0,0
2000940000,152,0,0
2000940000,153,0,0
2000940000,154,0,0
2000940000,155,0,0
2000940000,156,0,0
2000940000,157,0,0
2000940000,158,0,0
2000940000,159,0,0
2000940000,160,0,0
2000940000,161,0,0
2000940000,162,0,0
2000940000,163,0,0
2000940000,164,0,0
2000940000,165,0,0
2000940000,166,0,0
2000940000,167,0,0
2000940000,168,0,0
2000940000,169,0,0
2000940000,170,0,0
2000940000,171,0,0
2000940000,172,0,0
2000940000,173,0,0
2000940000,174,0,0
2000940000,175,0,0
2000940000,176,0,0
2000940000,177,0,0
2000940000,178,0,0
2000940000,179,0,0
2000940000,180,0,0
2000940000,181,0,0
2000940000,182,0,0
2000940000,183,0,0
2000940000,184,0,0
2000940000,185,0,0
2000940000,186,0,0
2000940000,187,0,0
2000940000,188,0,0
2000940000,189,0,0
2000940000,190,1,1
2000940000,191,0,0
2000940000,192,0,0
2000940000,193,0,0
2000940000,194,0,0
2000940000,195,0,0
2000940000,196,0,0
2000940000,197,0,0
2000940000,198,0,0
2000940000,199,0,0
2000940000,200,0,0
2000940000,201,0,0
2000940000,202,0,0
2000940000,203,0,0
2000940000,204,0,0
2000940000,205,0,0
2000940000,206,0,0
2000940000,207,0,0
2000940000,208,0,0
2000940000,209,0,0
2000940000,210,0,0
2000940000,211,0,0
2000940000,212,0,0
2000940000,213,0,0
2000940000,214,0,0
2000940000,215,0,0
2000940000,216,0,0
2000940000,217,0,0
2000940000,218,0,0
2000940000,219,0,0
2000940000,220,0,0
2000940000,221,0,0
2000940000,222,0,0
2000940000,223,0,0
2000940000,224,0,0
2000940000,225,0,0
2000940000,226,0,0
2000940000,227,0,0
2000940000,228,0,0
2000940000,229,0,0
2000940000,230,0,0
2000940000,231,0,0
2000940000,232,0,0
2000940000,233,0,0
2000940000,234,0,0
2000940000,235,0,0
2000940000,236,0,0
2000940000,237,0,0
2000940000,238,0,0
2000940000,239,0,0
2000940000,240,0,0
2000940000,241,0,0
2000940000,242,0,0
2000940000,243,0,0
2000940000,244,0,0
2000940000,245,0,0
2000940000,246,0,0
2000940000,247,0,0
2000940000,248,0,0
2000940000,249,0,0
2000940000,250,0,0
2000940000,251,0,0
2000940000,252,0,0
2000940000,253,0,0
2000940000,254,0,0
2000940000,255,0,0
2000940000,256,0,0
2000940000,257,0,0
2000940000,258,0,0
2000940000,259,0,0
2000940000,260,0,0
2000940000,261,0,0
2000940000,262,0,0
2000940000,263,0,0
2000940000,264,0,0
2000940000,265,0,0
2000940000,266,0,0
2000940000,267,0,0
2000940000,268,0,0
2000940000,269,0,0
2000940000,270,0,0
2000940000,271,0,0
2000940000,272,0,0
2000940000,273,0,0
2000940000,274,0,0
2000940000,275,0,0
2000940000,276,0,0
2000940000,277,0,0
2000940000,278,0,0
2000940000,279,0,0
2000940000,280,0,0
2000940000,281,0,0
2000940000,282,0,0
2000940000,283,0,0
2000940000,284,0,0
2000940000,285,0,0
2000940000,286,0,0
2000940000,287,0,0
2000950000,32,0,0
2000950000,33,0,0
2000950000,34,1,1
2000950000,35,0,0
2000950000,36,0,0
2000950000,37,0,0
2000950000,38,0,0
2000950000,39,0,0
2000950000,40,0,0
2000950000,41,0,0
2000950000,42,0,0
2000950000,43,0,0
2000950000,44,0,0
2000950000,45,0,0
2000950000,46,0,0
2000950000,47,0,0
2000950000,48,0,0
2000950000,49,0,0
2000950000,50,0,0
2000950000,51,0,0
2000950000,52,0,0
2000950000,53,0,0
2000950000,54,0,0
2000950000,55,0,0
2000950000,56,0,0
2000950000,57,0,0
2000950000,58,0,0
2000950000,59,0,0
2000950000,60,0,0
2000950000,61,0,0
2000950000,62,0,0
2000950000,63,0,0
2000950000,64,0,0
2000950000,65,0,0
2000950000,66,0,0
2000950000,67,0,0
2000950000,68,0,0
2000950000,69,0,0
2000950000,70,0,0
2000950000,71,0,0
2000950000,72,0,0
2000950000,73,0,0
2000950000,74,0,0
2000950000,75,0,0
2000950000,76,0,0
2000950000,77,0,0
2000950000,78,0,0
2000950000,79,0,0
2000950000,80,0,0
2000950000,81,0,0
2000950000,82,0,0
2000950000,83,0,0
2000950000,84,0,0
2000950000,85,0,0
2000950000,86,0,0
2000950000,87,0,0
2000950000,88,0,0
2000950000,89,0,0
2000950000,90,0,0
2000950000,91,0,0
2000950000,92,0,0
2000950000,93,0,0
2000950000,94,0,0
2000950000,95,0,0
2000950000,96,0,0
2000950000,97,0,0
2000950000,98,0,0
2000950000,99,0,0
2000950000,100,0,0
2000950000,101,0,0
2000950000,102,0,0
2000950000,103,0,0
2000950000,104,0,0
2000950000,105,0,0
2000950000,106,0,0
2000950000,107,0,0
2000950000,108,0,0
2000950000,109,0,0
2000950000,110,0,0
2000950000,111,0,0
2000950000,112,0,0
2000950000,113,0,0
2000950000,114,0,0
2000950000,115,0,0
2000950000,116,0,0
2000950000,117,0,0
2000950000,118,0,0
2000950000,119,0,0
2000950000,120,1,1
2000950000,121,0,0
2000950000,122,0,0
2000950000,123,0,0
2000950000,124,0,0
2000950000,125,0,0
2000950000,126,0,0
2000950000,127,0,0
2000950000,128,0,0
2000950000,129,0,0
2000950000,130,0,0
2000950000,131,0,0
2000950000,132,0,0
2000950000,133,0,0
2000950000,134,0,0
2000950000,135,0,0
2000950000,136,0,0
2000950000,137,0,0
2000950000,138,0,0
2000950000,139,0,0
2000950000,140,1,1
2000950000,141,0,0
2000950000,142,0,0
2000950000,143,0,0
2000950000,144,0,0
2000950000,145,0,0
2000950000,146,0,0
2000950000,147,0,0
2000950000,148,0,0
2000950000,149,0,0
2000950000,150,0,0
2000950000,151,0,0
2000950000,152,0,0
2000950000,153,0,0
2000950000,154,0,0
2000950000,155,0,0
2000950000,156,0,0
2000950000,157,0,0
2000950000,158,0,0
2000950000,159,0,0
2000950000,160,0,0
2000950000,161,0,0
2000950000,162,0,0
2000950000,163,0,0
2000950000,164,0,0
2000950000,165,0,0
2000950000,166,0,0
2000950000,167,0,0
2000950000,168,0,0
2000950000,169,0,0
2000950000,170,0,0
2000950000,171,0,0
2000950000,172,0,0
2000950000,173,0,0
2000950000,174,0,0
2000950000,175,0,0
2000950000,176,0,0
2000950000,177,0,0
2000950000,178,0,0
2000950000,179,0,0
2000950000,180,0,0
2000950000,181,0,0
2000950000,182,0,0
2000950000,183,0,0
2000950000,184,0,0
2000950000,185,0,0
2000950000,186,0,0
2000950000,187,0,0
2000950000,188,0,0
2000950000,189,0,0
2000950000,190,1,1
2000950000,191,0,0
2000950000,192,0,0
2000950000,193,0,0
2000950000,194,0,0
2000950000,195,0,0
2000950000,196,0,0
2000950000,197,0,0
2000950000,198,0,0
2000950000,199,0,0
2000950000,200,0,0
2000950000,201,0,0
2000950000,202,0,0
2000950000,203,0,0
2000950000,204,0,0
2000950000,205,0,0
2000950000,206,0,0
2000950000,207,0,0
2000950000,208,0,0
2000950000,209,0,0
2000950000,210,0,0
2000950000,211,0,0
2000950000,212,0,0
2000950000,213,0,0
2000950000,214,0,0
2000950000,215,0,0
2000950000,216,0,0
2000950000,217,0,0
2000950000,218,0,0
2000950000,219,0,0
2000950000,220,0,0
2000950000,221,0,0
2000950000,222,0,0
2000950000,223,0,0
2000950000,224,0,0
2000950000,225,0,0
2000950000,226,0,0
2000950000,227,0,0
2000950000,228,0,0
2000950000,229,0,0
2000950000,230,0,0
2000950000,231,0,0
2000950000,232,0,0
2000950000,233,0,0
2000950000,234,0,0
2000950000,235,0,0
2000950000,236,0,0
2000950000,237,0,0
2000950000,238,0,0
2000950000,239,0,0
2000950000,240,0,0
2000950000,241,0,0
2000950000,242,0,0
2000950000,243,0,0
2000950000,244,0,0
2000950000,245,0,0
2000950000,246,0,0
2000950000,247,0,0
2000950000,248,0,0
2000950000,249,0,0
2000950000,250,0,0
2000950000,251,0,0
2000950000,252,0,0
2000950000,253,0,0
2000950000,254,0,0
2000950000,255,0,0
2000950000,256,0,0
2000950000,257,0,0
2000950000,258,0,0
2000950000,259,0,0
2000950000,260,0,0
2000950000,261,0,0
2000950000,262,0,0
2000950000,263,0,0
2000950000,264,0,0
2000950000,265,0,0
2000950000,266,0,0
2000950000,267,0,0
2000950000,268,0,0
2000950000,269,0,0
2000950000,270,0,0
2000950000,271,0,0
2000950000,272,0,0
2000950000,273,0,0
2000950000,274,0,0
2000950000,275,0,0
2000950000,276,0,0
2000950000,277,0,0
2000950000,278,0,0
2000950000,279,0,0
2000950000,280,0,0
2000950000,281,0,0
2000950000,282,0,0
2000950000,283,0,0
2000950000,284,0,0
2000950000,285,0,0
2000950000,286,0,0
2000950000,287,0,0
2000960000,32,0,0
2000960000,33,0,0
2000960000,34,1,1
2000960000,35,0,0
2000960000,36,0,0
2000960000,37,0,0
2000960000,38,0,0
2000960000,39,0,0
2000960000,40,0,0
2000960000,41,0,0
2000960000,42,0,0
2000960000,43,0,0
2000960000,44,0,0
2000960000,45,0,0
2000960000,46,0,0
2000960000,47,0,0
2000960000,48,0,0
2000960000,49,0,0
2000960000,50,0,0
2000960000,51,0,0
2000960000,52,0,0
2000960000,53,0,0
2000960000,54,0,0
2000960000,55,0,0
2000960000,56,0,0
2000960000,57,0,0
2000960000,58,0,0
2000960000,59,0,0
2000960000,60,0,0
2000960000,61,0,0
2000960000,62,0,0
2000960000,63,0,0
2000960000,64,0,0
2000960000,65,0,0
2000960000,66,0,0
2000960000,67,0,0
2000960000,68,0,0
2000960000,69,0,0
2000960000,70,0,0
2000960000,71,0,0
2000960000,72,0,0
2000960000,73,0,0
2000960000,74,0,0
2000960000,75,0,0
2000960000,76,0,0
2000960000,77,0,0
2000960000,78,0,0
2000960000,79,0,0
2000960000,80,0,0
2000960000,81,0,0
2000960000,82,0,0
2000960000,83,0,0
2000960000,84,0,0
2000960000,85,0,0
2000960000,86,0,0
2000960000,87,0,0
2000960000,88,0,0
2000960000,89,0,0
2000960000,90,0,0
2000960000,91,0,0
2000960000,92,0,0
2000960000,93,0,0
2000960000,94,0,0
2000960000,95,0,0
2000960000,96,0,0
2000960000,97,0,0
2000960000,98,0,0
2000960000,99,0,0
2000960000,100,0,0
2000960000,101,0,0
2000960000,102,0,0
2000960000,103,0,0
2000960000,104,0,0
2000960000,105,0,0
2000960000,106,0,0
2000960000,107,0,0
2000960000,108,0,0
2000960000,109,0,0
2000960000,110,0,0
2000960000,111,0,0
2000960000,112,0,0
2000960000,113,0,0
2000960000,114,0,0
2000960000,115,0,0
2000960000,116,0,0
2000960000,117,0,0
2000960000,118,0,0
2000960000,119,0,0
2000960000,120,1,1
2000960000,121,0,0
2000960000,122,0,0
2000960000,123,0,0
2000960000,124,0,0
2000960000,125,0,0
2000960000,126,0,0
2000960000,127,0,0
2000960000,128,0,0
2000960000,129,0,0
2000960000,130,0,0
2000960000,131,0,0
2000960000,132,0,0
2000960000,133,0,0
2000960000,134,0,0
2000960000,135,0,0
2000960000,136,0,0
2000960000,137,0,0
2000960000,138,0,0
2000960000,139,0,0
2000960000,140,1,1
2000960000,141,0,0
2000960000,142,0,0
2000960000,143,0,0
2000960000,144,0,0
2000960000,145,0,0
2000960000,146,0,0
2000960000,147,0,0
2000960000,148,0,0
2000960000,149,0,0
2000960000,150,0,0
2000960000,151,0,0
2000960000,152,0,0
2000960000,153,0,0
2000960000,154,0,0
2000960000,155,0,0
2000960000,156,0,0
2000960000,157,0,0
2000960000,158,0,0
2000960000,159,0,0
2000960000,160,0,0
2000960000,161,0,0
2000960000,162,0,0
2000960000,163,0,0
2000960000,164,0,0
2000960000,165,0,0
2000960000,166,0,0
2000960000,167,0,0
2000960000,168,0,0
2000960000,169,0,0
2000960000,170,0,0
2000960000,171,0,0
2000960000,172,0,0
2000960000,173,0,0
2000960000,174,0,0
2000960000,175,0,0
2000960000,176,0,0
2000960000,177,0,0
2000960000,178,0,0
2000960000,179,0,0
2000960000,180,0,0
2000960000,181,0,0
2000960000,182,0,0
2000960000,183,0,0
2000960000,184,0,0
2000960000,185,0,0
2000960000,186,0,0
2000960000,187,0,0
2000960000,188,0,0
2000960000,189,0,0
2000960000,190,1,1
2000960000,191,0,0
2000960000,192,0,0
2000960000,193,0,0
2000960000,194,0,0
2000960000,195,0,0
2000960000,196,0,0
2000960000,197,0,0
2000960000,198,0,0
2000960000,199,0,0
2000960000,200,0,0
2000960000,201,0,0
2000960000,202,0,0
2000960000,203,0,0
2000960000,204,0,0
2000960000,205,0,0
2000960000,206,0,0
2000960000,207,0,0
2000960000,208,0,0
2000960000,209,0,0
2000960000,210,0,0
2000960000,211,0,0
2000960000,212,0,0
2000960000,213,0,0
2000960000,214,0,0
2000960000,215,0,0
2000960000,216,0,0
2000960000,217,0,0
2000960000,218,0,0
2000960000,219,0,0
2000960000,220,0,0
2000960000,221,0,0
2000960000,222,0,0
2000960000,223,0,0
2000960000,224,0,0
2000960000,225,0,0
2000960000,226,0,0
2000960000,227,0,0
2000960000,228,0,0
2000960000,229,0,0
2000960000,230,0,0
2000960000,231,0,0
2000960000,232,0,0
2000960000,233,0,0
2000960000,234,0,0
2000960000,235,0,0
2000960000,236,0,0
2000960000,237,0,0
2000960000,238,0,0
2000960000,239,0,0
2000960000,240,0,0
2000960000,241,0,0
2000960000,242,0,0
2000960000,243,0,0
2000960000,244,0,0
2000960000,245,0,0
2000960000,246,0,0
2000960000,247,0,0
2000960000,248,0,0
2000960000,249,0,0
2000960000,250,0,0
2000960000,251,0,0
2000960000,252,0,0
2000960000,253,0,0
2000960000,254,0,0
2000960000,255,0,0
2000960000,256,0,0
2000960000,257,0,0
2000960000,258,0,0
2000960000,259,0,0
2000960000,260,0,0
2000960000,261,0,0
2000960000,262,0,0
2000960000,263,0,0
2000960000,264,0,0
2000960000,265,0,0
2000960000,266,0,0
2000960000,267,0,0
2000960000,268,0,0
2000960000,269,0,0
2000960000,270,0,0
2000960000,271,0,0
2000960000,272,0,0
2000960000,273,0,0
2000960000,274,0,0
2000960000,275,0,0
2000960000,276,0,0
2000960000,277,0,0
2000960000,278,0,0
2000960000,279,0,0
2000960000,280,0,0
2000960000,281,0,0
2000960000,282,0,0
2000960000,283,0,0
2000960000,284,0,0
2000960000,285,0,0
2000960000,286,0,0
2000960000,287,0,0
2000970000,32,0,0
2000970000,33,0,0
2000970000,34,1,1
2000970000,35,0,0
2000970000,36,0,0
2000970000,37,0,0
2000970000,38,0,0
2000970000,39,0,0
2000970000,40,0,0
2000970000,41,0,0
2000970000,42,0,0
2000970000,43,0,0
2000970000,44,0,0
2000970000,45,0,0
2000970000,46,0,0
2000970000,47,0,0
2000970000,48,0,0
2000970000,49,0,0
2000970000,50,0,0
2000970000,51,0,0
2000970000,52,0,0
2000970000,53,0,0
2000970000,54,0,0
2000970000,55,0,0
2000970000,56,0,0
2000970000,57,0,0
2000970000,58,0,0
2000970000,59,0,0
2000970000,60,0,0
2000970000,61,0,0
2000970000,62,0,0
2000970000,63,0,0
2000970000,64,0,0
2000970000,65,0,0
2000970000,66,0,0
2000970000,67,0,0
2000970000,68,0,0
2000970000,69,0,0
2000970000,70,0,0
2000970000,71,0,0
2000970000,72,0,0
2000970000,73,0,0
2000970000,74,0,0
2000970000,75,0,0
2000970000,76,0,0
2000970000,77,0,0
2000970000,78,0,0
2000970000,79,0,0
2000970000,80,0,0
2000970000,81,0,0
2000970000,82,0,0
2000970000,83,0,0
2000970000,84,0,0
2000970000,85,0,0
2000970000,86,0,0
2000970000,87,0,0
2000970000,88,0,0
2000970000,89,0,0
2000970000,90,0,0
2000970000,91,0,0
2000970000,92,0,0
2000970000,93,0,0
2000970000,94,0,0
2000970000,95,0,0
2000970000,96,0,0
2000970000,97,0,0
2000970000,98,0,0
2000970000,99,0,0
2000970000,100,0,0
2000970000,101,0,0
2000970000,102,0,0
2000970000,103,0,0
2000970000,104,0,0
2000970000,105,0,0
2000970000,106,0,0
2000970000,107,0,0
2000970000,108,0,0
2000970000,109,0,0
2000970000,110,0,0
2000970000,111,0,0
2000970000,112,0,0
2000970000,113,0,0
2000970000,114,0,0
2000970000,115,0,0
2000970000,116,0,0
2000970000,117,0,0
2000970000,118,0,0
2000970000,119,0,0
2000970000,120,1,1
2000970000,121,0,0
2000970000,122,0,0
2000970000,123,0,0
2000970000,124,0,0
2000970000,125,0,0
2000970000,126,0,0
2000970000,127,0,0
2000970000,128,0,0
2000970000,129,0,0
2000970000,130,0,0
2000970000,131,0,0
2000970000,132,0,0
2000970000,133,0,0
2000970000,134,0,0
2000970000,135,0,0
2000970000,136,0,0
2000970000,137,0,0
2000970000,138,0,0
2000970000,139,0,0
2000970000,140,1,1
2000970000,141,0,0
2000970000,142,0,0
2000970000,143,0,0
2000970000,144,0,0
2000970000,145,0,0
2000970000,146,0,0
2000970000,147,0,0
2000970000,148,0,0
2000970000,149,0,0
2000970000,150,0,0
2000970000,151,0,0
2000970000,152,0,0
2000970000,153,0,0
2000970000,154,0,0
2000970000,155,0,0
2000970000,156,0,0
2000970000,157,0,0
2000970000,158,0,0
2000970000,159,0,0
2000970000,160,0,0
2000970000,161,0,0
2000970000,162,0,0
2000970000,163,0,0
2000970000,164,0,0
2000970000,165,0,0
2000970000,166,0,0
2000970000,167,0,0
2000970000,168,0,0
2000970000,169,0,0
2000970000,170,0,0
2000970000,171,0,0
2000970000,172,0,0
2000970000,173,0,0
2000970000,174,0,0
2000970000,175,0,0
2000970000,176,0,0
2000970000,177,0,0
2000970000,178,0,0
2000970000,179,0,0
2000970000,180,0,0
2000970000,181,0,0
2000970000,182,0,0
2000970000,183,0,0
2000970000,184,0,0
2000970000,185,0,0
2000970000,186,0,0
2000970000,187,0,0
2000970000,188,0,0
2000970000,189,0,0
2000970000,190,1,1
2000970000,191,0,0
2000970000,192,0,0
2000970000,193,0,0
2000970000,194,0,0
2000970000,195,0,0
2000970000,196,0,0
2000970000,197,0,0
2000970000,198,0,0
2000970000,199,0,0
2000970000,200,0,0
2000970000,201,0,0
2000970000,202,0,0
2000970000,203,0,0
2000970000,204,0,0
2000970000,205,0,0
2000970000,206,0,0
2000970000,207,0,0
2000970000,208,0,0
2000970000,209,0,0
2000970000,210,0,0
2000970000,211,0,0
2000970000,212,0,0
2000970000,213,0,0
2000970000,214,0,0
2000970000,215,0,0
2000970000,216,0,0
2000970000,217,0,0
2000970000,218,0,0
2000970000,219,0,0
2000970000,220,0,0
2000970000,221,0,0
2000970000,222,0,0
2000970000,223,0,0
2000970000,224,0,0
2000970000,225,0,0
2000970000,226,0,0
2000970000,227,0,0
2000970000,228,0,0
2000970000,229,0,0
2000970000,230,0,0
2000970000,231,0,0
2000970000,232,0,0
2000970000,233,0,0
2000970000,234,0,0
2000970000,235,0,0
2000970000,236,0,0
2000970000,237,0,0
2000970000,238,0,0
2000970000,239,0,0
2000970000,240,0,0
2000970000,241,0,0
2000970000,242,0,0
2000970000,243,0,0
2000970000,244,0,0
2000970000,245,0,0
2000970000,246,0,0
2000970000,247,0,0
2000970000,248,0,0
2000970000,249,0,0
2000970000,250,0,0
2000970000,251,0,0
2000970000,252,0,0
2000970000,253,0,0
2000970000,254,0,0
2000970000,255,0,0
2000970000,256,0,0
2000970000,257,0,0
2000970000,258,0,0
2000970000,259,0,0
2000970000,260,0,0
2000970000,261,0,0
2000970000,262,0,0
2000970000,263,0,0
2000970000,264,0,0
2000970000,265,0,0
2000970000,266,0,0
2000970000,267,0,0
2000970000,268,0,0
2000970000,269,0,0
2000970000,270,0,0
2000970000,271,0,0
2000970000,272,0,0
2000970000,273,0,0
2000970000,274,0,0
2000970000,275,0,0
2000970000,276,0,0
2000970000,277,0,0
2000970000,278,0,0
2000970000,279,0,0
2000970000,280,0,0
2000970000,281,0,0
2000970000,282,0,0
2000970000,283,0,0
2000970000,284,0,0
2000970000,285,0,0
2000970000,286,0,0
2000970000,287,0,0
2000980000,32,0,0
2000980000,33,0,0
2000980000,34,1,1
2000980000,35,0,0
2000980000,36,0,0
2000980000,37,0,0
2000980000,38,0,0
2000980000,39,0,0
2000980000,40,0,0
2000980000,41,0,0
2000980000,42,0,0
2000980000,43,0,0
2000980000,44,0,0
2000980000,45,0,0
2000980000,46,0,0
2000980000,47,0,0
2000980000,48,0,0
2000980000,49,0,0
2000980000,50,0,0
2000980000,51,0,0
2000980000,52,0,0
2000980000,53,0,0
2000980000,54,0,0
2000980000,55,0,0
2000980000,56,0,0
2000980000,57,0,0
2000980000,58,0,0
2000980000,59,0,0
2000980000,60,0,0
2000980000,61,0,0
2000980000,62,0,0
2000980000,63,0,0
2000980000,64,0,0
2000980000,65,0,0
2000980000,66,0,0
2000980000,67,0,0
2000980000,68,0,0
2000980000,69,0,0
2000980000,70,0,0
2000980000,71,0,0
2000980000,72,0,0
2000980000,73,0,0
2000980000,74,0,0
2000980000,75,0,0
2000980000,76,0,0
2000980000,77,0,0
2000980000,78,0,0
2000980000,79,0,0
2000980000,80,0,0
2000980000,81,0,0
2000980000,82,0,0
2000980000,83,0,0
2000980000,84,0,0
2000980000,85,0,0
2000980000,86,0,0
2000980000,87,0,0
2000980000,88,0,0
2000980000,89,0,0
2000980000,90,0,0
2000980000,91,0,0
2000980000,92,0,0
2000980000,93,0,0
2000980000,94,0,0
2000980000,95,0,0
2000980000,96,0,0
2000980000,97,0,0
2000980000,98,0,0
2000980000,99,0,0
2000980000,100,0,0
2000980000,101,0,0
2000980000,102,0,0
2000980000,103,0,0
2000980000,104,0,0
2000980000,105,0,0
2000980000,106,0,0
2000980000,107,0,0
2000980000,108,0,0
2000980000,109,0,0
2000980000,110,0,0
2000980000,111,0,0
2000980000,112,0,0
2000980000,113,0,0
2000980000,114,0,0
2000980000,115,0,0
2000980000,116,0,0
2000980000,117,0,0
2000980000,118,0,0
2000980000,119,0,0
2000980000,120,1,1
2000980000,121,0,0
2000980000,122,0,0
2000980000,123,0,0
2000980000,124,0,0
2000980000,125,0,0
2000980000,126,0,0
2000980000,127,0,0
2000980000,128,0,0
2000980000,129,0,0
2000980000,130,0,0
2000980000,131,0,0
2000980000,132,0,0
2000980000,133,0,0
2000980000,134,0,0
2000980000,135,0,0
2000980000,136,0,0
2000980000,137,0,0
2000980000,138,0,0
2000980000,139,0,0
2000980000,140,1,1
2000980000,141,0,0
2000980000,142,0,0
2000980000,143,0,0
2000980000,144,0,0
2000980000,145,0,0
2000980000,146,0,0
2000980000,147,0,0
2000980000,148,0,0
2000980000,149,0,0
2000980000,150,0,0
2000980000,151,0,0
2000980000,152,0,0
2000980000,153,0,0
2000980000,154,0,0
2000980000,155,0,0
2000980000,156,0,0
2000980000,157,0,0
2000980000,158,0,0
2000980000,159,0,0
2000980000,160,0,0
2000980000,161,0,0
2000980000,162,0,0
2000980000,163,0,0
2000980000,164,0,0
2000980000,165,0,0
2000980000,166,0,0
2000980000,167,0,0
2000980000,168,0,0
2000980000,169,0,0
2000980000,170,0,0
2000980000,171,0,0
2000980000,172,0,0
2000980000,173,0,0
2000980000,174,0,0
2000980000,175,0,0
2000980000,176,0,0
2000980000,177,0,0
2000980000,178,0,0
2000980000,179,0,0
2000980000,180,0,0
2000980000,181,0,0
2000980000,182,0,0
2000980000,183,0,0
2000980000,184,0,0
2000980000,185,0,0
2000980000,186,0,0
2000980000,187,0,0
2000980000,188,0,0
2000980000,189,0,0
2000980000,190,1,1
2000980000,191,0,0
2000980000,192,0,0
2000980000,193,0,0
2000980000,194,0,0
2000980000,195,0,0
2000980000,196,0,0
2000980000,197,0,0
2000980000,198,0,0
2000980000,199,0,0
2000980000,200,0,0
2000980000,201,0,0
2000980000,202,0,0
2000980000,203,0,0
2000980000,204,0,0
2000980000,205,0,0
2000980000,206,0,0
2000980000,207,0,0
2000980000,208,0,0
2000980000,209,0,0
2000980000,210,0,0
2000980000,211,0,0
2000980000,212,0,0
2000980000,213,0,0
2000980000,214,0,0
2000980000,215,0,0
2000980000,216,0,0
2000980000,217,0,0
2000980000,218,0,0
2000980000,219,0,0
2000980000,220,0,0
2000980000,221,0,0
2000980000,222,0,0
2000980000,223,0,0
2000980000,224,0,0
2000980000,225,0,0
2000980000,226,0,0
2000980000,227,0,0
2000980000,228,0,0
2000980000,229,0,0
2000980000,230,0,0
2000980000,231,0,0
2000980000,232,0,0
2000980000,233,0,0
2000980000,234,0,0
2000980000,235,0,0
2000980000,236,0,0
2000980000,237,0,0
2000980000,238,0,0
2000980000,239,0,0
2000980000,240,0,0
2000980000,241,0,0
2000980000,242,0,0
2000980000,243,0,0
2000980000,244,0,0
2000980000,245,0,0
2000980000,246,0,0
2000980000,247,0,0
2000980000,248,0,0
2000980000,249,0,0
2000980000,250,0,0
2000980000,251,0,0
2000980000,252,0,0
2000980000,253,0,0
2000980000,254,0,0
2000980000,255,0,0
2000980000,256,0,0
2000980000,257,0,0
2000980000,258,0,0
2000980000,259,0,0
2000980000,260,0,0
2000980000,261,0,0
2000980000,262,0,0
2000980000,263,0,0
2000980000,264,0,0
2000980000,265,0,0
2000980000,266,0,0
2000980000,267,0,0
2000980000,268,0,0
2000980000,269,0,0
2000980000,270,0,0
2000980000,271,0,0
2000980000,272,0,0
2000980000,273,0,0
2000980000,274,0,0
2000980000,275,0,0
2000980000,276,0,0
2000980000,277,0,0
2000980000,278,0,0
2000980000,279,0,0
2000980000,280,0,0
2000980000,281,0,0
2000980000,282,0,0
2000980000,283,0,0
2000980000,284,0,0
2000980000,285,0,0
2000980000,286,0,0
2000980000,287,0,0
2000990000,32,0,0
2000990000,33,0,0
2000990000,34,1,1
2000990000,35,0,0
2000990000,36,0,0
2000990000,37,0,0
2000990000,38,0,0
2000990000,39,0,0
2000990000,40,0,0
2000990000,41,0,0
2000990000,42,0,0
2000990000,43,0,0
2000990000,44,0,0
2000990000,45,0,0
2000990000,46,0,0
2000990000,47,0,0
2000990000,48,0,0
2000990000,49,0,0
2000990000,50,0,0
2000990000,51,0,0
2000990000,52,0,0
2000990000,53,0,0
2000990000,54,0,0
2000990000,55,0,0
2000990000,56,0,0
2000990000,57,0,0
2000990000,58,0,0
2000990000,59,0,0
2000990000,60,0,0
2000990000,61,0,0
2000990000,62,0,0
2000990000,63,0,0
2000990000,64,0,0
2000990000,65,0,0
2000990000,66,0,0
2000990000,67,0,0
2000990000,68,0,0
2000990000,69,0,0
2000990000,70,0,0
2000990000,71,0,0
2000990000,72,0,0
2000990000,73,0,0
2000990000,74,0,0
2000990000,75,0,0
2000990000,76,0,0
2000990000,77,0,0
2000990000,78,0,0
2000990000,79,0,0
2000990000,80,0,0
2000990000,81,0,0
2000990000,82,0,0
2000990000,83,0,0
2000990000,84,0,0
2000990000,85,0,0
2000990000,86,0,0
2000990000,87,0,0
2000990000,88,0,0
2000990000,89,0,0
2000990000,90,0,0
2000990000,91,0,0
2000990000,92,0,0
2000990000,93,0,0
2000990000,94,0,0
2000990000,95,0,0
2000990000,96,0,0
2000990000,97,0,0
2000990000,98,0,0
2000990000,99,0,0
2000990000,100,0,0
2000990000,101,0,0
2000990000,102,0,0
2000990000,103,0,0
2000990000,104,0,0
2000990000,105,0,0
2000990000,106,0,0
2000990000,107,0,0
2000990000,108,0,0
2000990000,109,0,0
2000990000,110,0,0
2000990000,111,0,0
2000990000,112,0,0
2000990000,113,0,0
2000990000,114,0,0
2000990000,115,0,0
2000990000,116,0,0
2000990000,117,0,0
2000990000,118,0,0
2000990000,119,0,0
2000990000,120,1,1
2000990000,121,0,0
2000990000,122,0,0
2000990000,123,0,0
2000990000,124,0,0
2000990000,125,0,0
2000990000,126,0,0
2000990000,127,0,0
2000990000,128,0,0
2000990000,129,0,0
2000990000,130,0,0
2000990000,131,0,0
2000990000,132,0,0
2000990000,133,0,0
2000990000,134,0,0
2000990000,135,0,0
2000990000,136,0,0
2000990000,137,0,0
2000990000,138,0,0
2000990000,139,0,0
2000990000,140,1,1
2000990000,141,0,0
2000990000,142,0,0
2000990000,143,0,0
2000990000,144,0,0
2000990000,145,0,0
2000990000,146,0,0
2000990000,147,0,0
2000990000,148,0,0
2000990000,149,0,0
2000990000,150,0,0
2000990000,151,0,0
2000990000,152,0,0
2000990000,153,0,0
2000990000,154,0,0
2000990000,155,0,0
2000990000,156,0,0
2000990000,157,0,0
2000990000,158,0,0
2000990000,159,0,0
2000990000,160,0,0
2000990000,161,0,0
2000990000,162,0,0
2000990000,163,0,0
2000990000,164,0,0
2000990000,165,0,0
2000990000,166,0,0
2000990000,167,0,0
2000990000,168,0,0
2000990000,169,0,0
2000990000,170,0,0
2000990000,171,0,0
2000990000,172,0,0
2000990000,173,0,0
2000990000,174,0,0
2000990000,175,0,0
2000990000,176,0,0
2000990000,177,0,0
2000990000,178,0,0
2000990000,179,0,0
2000990000,180,0,0
2000990000,181,0,0
2000990000,182,0,0
2000990000,183,0,0
2000990000,184,0,0
2000990000,185,0,0
2000990000,186,0,0
2000990000,187,0,0
2000990000,188,0,0
2000990000,189,0,0
2000990000,190,1,1
2000990000,191,0,0
2000990000,192,0,0
2000990000,193,0,0
2000990000,194,0,0
2000990000,195,0,0
2000990000,196,0,0
2000990000,197,0,0
2000990000,198,0,0
2000990000,199,0,0
2000990000,200,0,0
2000990000,201,0,0
2000990000,202,0,0
2000990000,203,0,0
2000990000,204,0,0
2000990000,205,0,0
2000990000,206,0,0
2000990000,207,0,0
2000990000,208,0,0
2000990000,209,0,0
2000990000,210,0,0
2000990000,211,0,0
2000990000,212,0,0
2000990000,213,0,0
2000990000,214,0,0
2000990000,215,0,0
2000990000,216,0,0
2000990000,217,0,0
2000990000,218,0,0
2000990000,219,0,0
2000990000,220,0,0
2000990000,221,0,0
2000990000,222,0,0
2000990000,223,0,0
2000990000,224,0,0
2000990000,225,0,0
2000990000,226,0,0
2000990000,227,0,0
2000990000,228,0,0
2000990000,229,0,0
2000990000,230,0,0
2000990000,231,0,0
2000990000,232,0,0
2000990000,233,0,0
2000990000,234,0,0
2000990000,235,0,0
2000990000,236,0,0
2000990000,237,0,0
2000990000,238,0,0
2000990000,239,0,0
2000990000,240,0,0
2000990000,241,0,0
2000990000,242,0,0
2000990000,243,0,0
2000990000,244,0,0
2000990000,245,0,0
2000990000,246,0,0
2000990000,247,0,0
2000990000,248,0,0
2000990000,249,0,0
2000990000,250,0,0
2000990000,251,0,0
2000990000,252,0,0
2000990000,253,0,0
2000990000,254,0,0
2000990000,255,0,0
2000990000,256,0,0
2000990000,257,0,0
2000990000,258,0,0
2000990000,259,0,0
2000990000,260,0,0
2000990000,261,0,0
2000990000,262,0,0
2000990000,263,0,0
2000990000,264,0,0
2000990000,265,0,0
2000990000,266,0,0
2000990000,267,0,0
2000990000,268,0,0
2000990000,269,0,0
2000990000,270,0,0
2000990000,271,0,0
2000990000,272,0,0
2000990000,273,0,0
2000990000,274,0,0
2000990000,275,0,0
2000990000,276,0,0
2000990000,277,0,0
2000990000,278,0,0
2000990000,279,0,0
2000990000,280,0,0
2000990000,281,0,0
2000990000,282,0,0
2000990000,283,0,0
2000990000,284,0,0
2000990000,285,0,0
2000990000,286,0,0
2000990000,287,0,0
2001000000,32,0,0
2001000000,33,0,0
2001000000,34,1,1
2001000000,35,0,0
2001000000,36,0,0
2001000000,37,0,0
2001000000,38,0,0
2001000000,39,0,0
2001000000,40,0,0
2001000000,41,0,0
2001000000,42,0,0
2001000000,43,0,0
2001000000,44,0,0
2001000000,45,0,0
2001000000,46,0,0
2001000000,47,0,0
2001000000,48,0,0
2001000000,49,0,0
2001000000,50,0,0
2001000000,51,0,0
2001000000,52,0,0
2001000000,53,0,0
2001000000,54,0,0
2001000000,55,0,0
2001000000,56,0,0
2001000000,57,0,0
2001000000,58,0,0
2001000000,59,0,0
2001000000,60,0,0
2001000000,61,0,0
2001000000,62,0,0
2001000000,63,0,0
2001000000,64,0,0
2001000000,65,0,0
2001000000,66,0,0
2001000000,67,0,0
2001000000,68,0,0
2001000000,69,0,0
2001000000,70,0,0
2001000000,71,0,0
2001000000,72,0,0
2001000000,73,0,0
2001000000,74,0,0
2001000000,75,0,0
2001000000,76,0,0
2001000000,77,0,0
2001000000,78,0,0
2001000000,79,0,0
2001000000,80,0,0
2001000000,81,0,0
2001000000,82,0,0
2001000000,83,0,0
2001000000,84,0,0
2001000000,85,0,0
2001000000,86,0,0
2001000000,87,0,0
2001000000,88,0,0
2001000000,89,0,0
2001000000,90,0,0
2001000000,91,0,0
2001000000,92,0,0
2001000000,93,0,0
2001000000,94,0,0
2001000000,95,0,0
2001000000,96,0,0
2001000000,97,0,0
2001000000,98,0,0
2001000000,99,0,0
2001000000,100,0,0
2001000000,101,0,0
2001000000,102,0,0
2001000000,103,0,0
2001000000,104,0,0
2001000000,105,0,0
2001000000,106,0,0
2001000000,107,0,0
2001000000,108,0,0
2001000000,109,0,0
2001000000,110,0,0
2001000000,111,0,0
2001000000,112,0,0
2001000000,113,0,0
2001000000,114,0,0
2001000000,115,0,0
2001000000,116,0,0
2001000000,117,0,0
2001000000,118,0,0
2001000000,119,0,0
2001000000,120,1,1
2001000000,121,0,0
2001000000,122,0,0
2001000000,123,0,0
2001000000,124,0,0
2001000000,125,0,0
2001000000,126,0,0
2001000000,127,0,0
2001000000,128,0,0
2001000000,129,0,0
2001000000,130,0,0
2001000000,131,0,0
2001000000,132,0,0
2001000000,133,0,0
2001000000,134,0,0
2001000000,135,0,0
2001000000,136,0,0
2001000000,137,0,0
2001000000,138,0,0
2001000000,139,0,0
2001000000,140,1,1
2001000000,141,0,0
2001000000,142,0,0
2001000000,143,0,0
2001000000,144,0,0
2001000000,145,0,0
2001000000,146,0,0
2001000000,147,0,0
2001000000,148,0,0
2001000000,149,0,0
2001000000,150,0,0
2001000000,151,0,0
2001000000,152,0,0
2001000000,153,0,0
2001000000,154,0,0
2001000000,155,0,0
2001000000,156,0,0
2001000000,157,0,0
2001000000,158,0,0
2001000000,159,0,0
2001000000,160,0,0
2001000000,161,0,0
2001000000,162,0,0
2001000000,163,0,0
2001000000,164,0,0
2001000000,165,0,0
2001000000,166,0,0
2001000000,167,0,0
2001000000,168,0,0
2001000000,169,0,0
2001000000,170,0,0
2001000000,171,0,0
2001000000,172,0,0
2001000000,173,0,0
2001000000,174,0,0
2001000000,175,0,0
2001000000,176,0,0
2001000000,177,0,0
2001000000,178,0,0
2001000000,179,0,0
2001000000,180,0,0
2001000000,181,0,0
2001000000,182,0,0
2001000000,183,0,0
2001000000,184,0,0
2001000000,185,0,0
2001000000,186,0,0
2001000000,187,0,0
2001000000,188,0,0
2001000000,189,0,0
2001000000,190,1,1
2001000000,191,0,0
2001000000,192,0,0
2001000000,193,0,0
2001000000,194,0,0
2001000000,195,0,0
2001000000,196,0,0
2001000000,197,0,0
2001000000,198,0,0
2001000000,199,0,0
2001000000,200,0,0
2001000000,201,0,0
2001000000,202,0,0
2001000000,203,0,0
2001000000,204,0,0
2001000000,205,0,0
2001000000,206,0,0
2001000000,207,0,0
2001000000,208,0,0
2001000000,209,0,0
2001000000,210,0,0
2001000000,211,0,0
2001000000,212,0,0
2001000000,213,0,0
2001000000,214,0,0
2001000000,215,0,0
2001000000,216,0,0
2001000000,217,0,0
2001000000,218,0,0
2001000000,219,0,0
2001000000,220,0,0
2001000000,221,0,0
2001000000,222,0,0
2001000000,223,0,0
2001000000,224,0,0
2001000000,225,0,0
2001000000,226,0,0
2001000000,227,0,0
2001000000,228,0,0
2001000000,229,0,0
2001000000,230,0,0
2001000000,231,0,0
2001000000,232,0,0
2001000000,233,0,0
2001000000,234,0,0
2001000000,235,0,0
2001000000,236,0,0
2001000000,237,0,0
2001000000,238,0,0
2001000000,239,0,0
2001000000,240,0,0
2001000000,241,0,0
2001000000,242,0,0
2001000000,243,0,0
2001000000,244,0,0
2001000000,245,0,0
2001000000,246,0,0
2001000000,247,0,0
2001000000,248,0,0
2001000000,249,0,0
2001000000,250,0,0
2001000000,251,0,0
2001000000,252,0,0
2001000000,253,0,0
2001000000,254,0,0
2001000000,255,0,0
2001000000,256,0,0
2001000000,257,0,0
2001000000,258,0,0
2001000000,259,0,0
2001000000,260,0,0
2001000000,261,0,0
2001000000,262,0,0
2001000000,263,0,0
2001000000,264,0,0
2001000000,265,0,0
2001000000,266,0,0
2001000000,267,0,0
2001000000,268,0,0
2001000000,269,0,0
2001000000,270,0,0
2001000000,271,0,0
2001000000,272,0,0
2001000000,273,0,0
2001000000,274,0,0
2001000000,275,0,0
2001000000,276,0,0
2001000000,277,0,0
2001000000,278,0,0
2001000000,279,0,0
2001000000,280,0,0
2001000000,281,0,0
2001000000,282,0,0
2001000000,283,0,0
2001000000,284,0,0
2001000000,285,0,0
2001000000,286,0,0
2001000000,287,0,0
2001010000,32,0,0
2001010000,33,0,0
2001010000,34,1,1
2001010000,35,0,0
2001010000,36,0,0
2001010000,37,0,0
2001010000,38,0,0
2001010000,39,0,0
2001010000,40,0,0
2001010000,41,0,0
2001010000,42,0,0
2001010000,43,0,0
2001010000,44,0,0
2001010000,45,0,0
2001010000,46,0,0
2001010000,47,0,0
2001010000,48,0,0
2001010000,49,0,0
2001010000,50,0,0
2001010000,51,0,0
2001010000,52,0,0
2001010000,53,0,0
2001010000,54,0,0
2001010000,55,0,0
2001010000,56,0,0
2001010000,57,0,0
2001010000,58,0,0
2001010000,59,0,0
2001010000,60,0,0
2001010000,61,0,0
2001010000,62,0,0
2001010000,63,0,0
2001010000,64,0,0
2001010000,65,0,0
2001010000,66,0,0
2001010000,67,0,0
2001010000,68,0,0
2001010000,69,0,0
2001010000,70,0,0
2001010000,71,0,0
2001010000,72,0,0
2001010000,73,0,0
2001010000,74,0,0
2001010000,75,0,0
2001010000,76,0,0
2001010000,77,0,0
2001010000,78,0,0
2001010000,79,0,0
2001010000,80,0,0
2001010000,81,0,0
2001010000,82,0,0
2001010000,83,0,0
2001010000,84,0,0
2001010000,85,0,0
2001010000,86,0,0
2001010000,87,0,0
2001010000,88,0,0
2001010000,89,0,0
2001010000,90,0,0
2001010000,91,0,0
2001010000,92,0,0
2001010000,93,0,0
2001010000,94,0,0
2001010000,95,0,0
2001010000,96,0,0
2001010000,97,0,0
2001010000,98,0,0
2001010000,99,0,0
2001010000,100,0,0
2001010000,101,0,0
2001010000,102,0,0
2001010000,103,0,0
2001010000,104,0,0
2001010000,105,0,0
2001010000,106,0,0
2001010000,107,0,0
2001010000,108,0,0
2001010000,109,0,0
2001010000,110,0,0
2001010000,111,0,0
2001010000,112,0,0
2001010000,113,0,0
2001010000,114,0,0
2001010000,115,0,0
2001010000,116,0,0
2001010000,117,0,0
2001010000,118,0,0
2001010000,119,0,0
2001010000,120,1,1
2001010000,121,0,0
2001010000,122,0,0
2001010000,123,0,0
2001010000,124,0,0
2001010000,125,0,0
2001010000,126,0,0
2001010000,127,0,0
2001010000,128,0,0
2001010000,129,0,0
2001010000,130,0,0
2001010000,131,0,0
2001010000,132,0,0
2001010000,133,0,0
2001010000,134,0,0
2001010000,135,0,0
2001010000,136,0,0
2001010000,137,0,0
2001010000,138,0,0
2001010000,139,0,0
2001010000,140,1,1
2001010000,141,0,0
2001010000,142,0,0
2001010000,143,0,0
2001010000,144,0,0
2001010000,145,0,0
2001010000,146,0,0
2001010000,147,0,0
2001010000,148,0,0
2001010000,149,0,0
2001010000,150,0,0
2001010000,151,0,0
2001010000,152,0,0
2001010000,153,0,0
2001010000,154,0,0
2001010000,155,0,0
2001010000,156,0,0
2001010000,157,0,0
2001010000,158,0,0
2001010000,159,0,0
2001010000,160,0,0
2001010000,161,0,0
2001010000,162,0,0
2001010000,163,0,0
2001010000,164,0,0
2001010000,165,0,0
2001010000,166,0,0
2001010000,167,0,0
2001010000,168,0,0
2001010000,169,0,0
2001010000,170,0,0
2001010000,171,0,0
2001010000,172,0,0
2001010000,173,0,0
2001010000,174,0,0
2001010000,175,0,0
2001010000,176,0,0
2001010000,177,0,0
2001010000,178,0,0
2001010000,179,0,0
2001010000,180,0,0
2001010000,181,0,0
2001010000,182,0,0
2001010000,183,0,0
2001010000,184,0,0
2001010000,185,0,0
2001010000,186,0,0
2001010000,187,0,0
2001010000,188,0,0
2001010000,189,0,0
2001010000,190,1,1
2001010000,191,0,0
2001010000,192,0,0
2001010000,193,0,0
2001010000,194,0,0
2001010000,195,0,0
2001010000,196,0,0
2001010000,197,0,0
2001010000,198,0,0
2001010000,199,0,0
2001010000,200,0,0
2001010000,201,0,0
2001010000,202,0,0
2001010000,203,0,0
2001010000,204,0,0
2001010000,205,0,0
2001010000,206,0,0
2001010000,207,0,0
2001010000,208,0,0
2001010000,209,0,0
2001010000,210,0,0
2001010000,211,0,0
2001010000,212,0,0
2001010000,213,0,0
2001010000,214,0,0
2001010000,215,0,0
2001010000,216,0,0
2001010000,217,0,0
2001010000,218,0,0
2001010000,219,0,0
2001010000,220,0,0
2001010000,221,0,0
2001010000,222,0,0
2001010000,223,0,0
2001010000,224,0,0
2001010000,225,0,0
2001010000,226,0,0
2001010000,227,0,0
2001010000,228,0,0
2001010000,229,0,0
2001010000,230,0,0
2001010000,231,0,0
2001010000,232,0,0
2001010000,233,0,0
2001010000,234,0,0
2001010000,235,0,0
2001010000,236,0,0
2001010000,237,0,0
2001010000,238,0,0
2001010000,239,0,0
2001010000,240,0,0
2001010000,241,0,0
2001010000,242,0,0
2001010000,243,0,0
2001010000,244,0,0
2001010000,245,0,0
2001010000,246,0,0
2001010000,247,0,0
2001010000,248,0,0
2001010000,249,0,0
2001010000,250,0,0
2001010000,251,0,0
2001010000,252,0,0
2001010000,253,0,0
2001010000,254,0,0
2001010000,255,0,0
2001010000,256,0,0
2001010000,257,0,0
2001010000,258,0,0
2001010000,259,0,0
2001010000,260,0,0
2001010000,261,0,0
2001010000,262,0,0
2001010000,263,0,0
2001010000,264,0,0
2001010000,265,0,0
2001010000,266,0,0
2001010000,267,0,0
2001010000,268,0,0
2001010000,269,0,0
2001010000,270,0,0
2001010000,271,0,0
2001010000,272,0,0
2001010000,273,0,0
2001010000,274,0,0
2001010000,275,0,0
2001010000,276,0,0
2001010000,277,0,0
2001010000,278,0,0
2001010000,279,0,0
2001010000,280,0,0
2001010000,281,0,0
2001010000,282,0,0
2001010000,283,0,0
2001010000,284,0,0
2001010000,285,0,0
2001010000,286,0,0
2001010000,287,0,0
2001020000,32,0,0
2001020000,33,0,0
2001020000,34,1,1
2001020000,35,0,0
2001020000,36,0,0
2001020000,37,0,0
2001020000,38,0,0
2001020000,39,0,0
2001020000,40,0,0
2001020000,41,0,0
2001020000,42,0,0
2001020000,43,0,0
2001020000,44,0,0
2001020000,45,0,0
2001020000,46,0,0
2001020000,47,0,0
2001020000,48,0,0
2001020000,49,0,0
2001020000,50,0,0
2001020000,51,0,0
2001020000,52,0,0
2001020000,53,0,0
2001020000,54,0,0
2001020000,55,0,0
2001020000,56,0,0
2001020000,57,0,0
2001020000,58,0,0
2001020000,59,0,0
2001020000,60,0,0
2001020000,61,0,0
2001020000,62,0,0
2001020000,63,0,0
2001020000,64,0,0
2001020000,65,0,0
2001020000,66,0,0
2001020000,67,0,0
2001020000,68,0,0
2001020000,69,0,0
2001020000,70,0,0
2001020000,71,0,0
2001020000,72,0,0
2001020000,73,0,0
2001020000,74,0,0
2001020000,75,0,0
2001020000,76,0,0
2001020000,77,0,0
2001020000,78,0,0
2001020000,79,0,0
2001020000,80,0,0
2001020000,81,0,0
2001020000,82,0,0
2001020000,83,0,0
2001020000,84,0,0
2001020000,85,0,0
2001020000,86,0,0
2001020000,87,0,0
2001020000,88,0,0
2001020000,89,0,0
2001020000,90,0,0
2001020000,91,0,0
2001020000,92,0,0
2001020000,93,0,0
2001020000,94,0,0
2001020000,95,0,0
2001020000,96,0,0
2001020000,97,0,0
2001020000,98,0,0
2001020000,99,0,0
2001020000,100,0,0
2001020000,101,0,0
2001020000,102,0,0
2001020000,103,0,0
2001020000,104,0,0
2001020000,105,0,0
2001020000,106,0,0
2001020000,107,0,0
2001020000,108,0,0
2001020000,109,0,0
2001020000,110,0,0
2001020000,111,0,0
2001020000,112,0,0
2001020000,113,0,0
2001020000,114,0,0
2001020000,115,0,0
2001020000,116,0,0
2001020000,117,0,0
2001020000,118,0,0
2001020000,119,0,0
2001020000,120,1,1
2001020000,121,0,0
2001020000,122,0,0
2001020000,123,0,0
2001020000,124,0,0
2001020000,125,0,0
2001020000,126,0,0
2001020000,127,0,0
2001020000,128,0,0
2001020000,129,0,0
2001020000,130,0,0
2001020000,131,0,0
2001020000,132,0,0
2001020000,133,0,0
2001020000,134,0,0
2001020000,135,0,0
2001020000,136,0,0
2001020000,137,0,0
2001020000,138,0,0
2001020000,139,0,0
2001020000,140,1,1
2001020000,141,0,0
2001020000,142,0,0
2001020000,143,0,0
2001020000,144,0,0
2001020000,145,0,0
2001020000,146,0,0
2001020000,147,0,0
2001020000,148,0,0
2001020000,149,0,0
2001020000,150,0,0
2001020000,151,0,0
2001020000,152,0,0
2001020000,153,0,0
2001020000,154,0,0
2001020000,155,0,0
2001020000,156,0,0
2001020000,157,0,0
2001020000,158,0,0
2001020000,159,0,0
2001020000,160,0,0
2001020000,161,0,0
2001020000,162,0,0
2001020000,163,0,0
2001020000,164,0,0
2001020000,165,0,0
2001020000,166,0,0
2001020000,167,0,0
2001020000,168,0,0
2001020000,169,0,0
2001020000,170,0,0
2001020000,171,0,0
2001020000,172,0,0
2001020000,173,0,0
2001020000,174,0,0
2001020000,175,0,0
2001020000,176,0,0
2001020000,177,0,0
2001020000,178,0,0
2001020000,179,0,0
2001020000,180,0,0
2001020000,181,0,0
2001020000,182,0,0
2001020000,183,0,0
2001020000,184,0,0
2001020000,185,0,0
2001020000,186,0,0
2001020000,187,0,0
2001020000,188,0,0
2001020000,189,0,0
2001020000,190,1,1
2001020000,191,0,0
2001020000,192,0,0
2001020000,193,0,0
2001020000,194,0,0
2001020000,195,0,0
2001020000,196,0,0
2001020000,197,0,0
2001020000,198,0,0
2001020000,199,0,0
2001020000,200,0,0
2001020000,201,0,0
2001020000,202,0,0
2001020000,203,0,0
2001020000,204,0,0
2001020000,205,0,0
2001020000,206,0,0
2001020000,207,0,0
2001020000,208,0,0
2001020000,209,0,0
2001020000,210,0,0
2001020000,211,0,0
2001020000,212,0,0
2001020000,213,0,0
2001020000,214,0,0
2001020000,215,0,0
2001020000,216,0,0
2001020000,217,0,0
2001020000,218,0,0
2001020000,219,0,0
2001020000,220,0,0
2001020000,221,0,0
2001020000,222,0,0
2001020000,223,0,0
2001020000,224,0,0
2001020000,225,0,0
2001020000,226,0,0
2001020000,227,0,0
2001020000,228,0,0
2001020000,229,0,0
2001020000,230,0,0
2001020000,231,0,0
2001020000,232,0,0
2001020000,233,0,0
2001020000,234,0,0
2001020000,235,0,0
2001020000,236,0,0
2001020000,237,0,0
2001020000,238,0,0
2001020000,239,0,0
2001020000,240,0,0
2001020000,241,0,0
2001020000,242,0,0
2001020000,243,0,0
2001020000,244,0,0
2001020000,245,0,0
2001020000,246,0,0
2001020000,247,0,0
2001020000,248,0,0
2001020000,249,0,0
2001020000,250,0,0
2001020000,251,0,0
2001020000,252,0,0
2001020000,253,0,0
2001020000,254,0,0
2001020000,255,0,0
2001020000,256,0,0
2001020000,257,0,0
2001020000,258,0,0
2001020000,259,0,0
2001020000,260,0,0
2001020000,261,0,0
2001020000,262,0,0
2001020000,263,0,0
2001020000,264,0,0
2001020000,265,0,0
2001020000,266,0,0
2001020000,267,0,0
2001020000,268,0,0
2001020000,269,0,0
2001020000,270,0,0
2001020000,271,0,0
2001020000,272,0,0
2001020000,273,0,0
2001020000,274,0,0
2001020000,275,0,0
2001020000,276,0,0
2001020000,277,0,0
2001020000,278,0,0
2001020000,279,0,0
2001020000,280,0,0
2001020000,281,0,0
2001020000,282,0,0
2001020000,283,0,0
2001020000,284,0,0
2001020000,285,0,0
2001020000,286,0,0
2001020000,287,0,0
2001030000,32,0,0
2001030000,33,0,0
2001030000,34,1,1
2001030000,35,0,0
2001030000,36,0,0
2001030000,37,0,0
2001030000,38,0,0
2001030000,39,0,0
2001030000,40,0,0
2001030000,41,0,0
2001030000,42,0,0
2001030000,43,0,0
2001030000,44,0,0
2001030000,45,0,0
2001030000,46,0,0
2001030000,47,0,0
2001030000,48,0,0
2001030000,49,0,0
2001030000,50,0,0
2001030000,51,0,0
2001030000,52,0,0
2001030000,53,0,0
2001030000,54,0,0
2001030000,55,0,0
2001030000,56,0,0
2001030000,57,0,0
2001030000,58,0,0
2001030000,59,0,0
2001030000,60,0,0
2001030000,61,0,0
2001030000,62,0,0
2001030000,63,0,0
2001030000,64,0,0
2001030000,65,0,0
2001030000,66,0,0
2001030000,67,0,0
2001030000,68,0,0
2001030000,69,0,0
2001030000,70,0,0
2001030000,71,0,0
2001030000,72,0,0
2001030000,73,0,0
2001030000,74,0,0
2001030000,75,0,0
2001030000,76,0,0
2001030000,77,0,0
2001030000,78,0,0
2001030000,79,0,0
2001030000,80,0,0
2001030000,81,0,0
2001030000,82,0,0
2001030000,83,0,0
2001030000,84,0,0
2001030000,85,0,0
2001030000,86,0,0
2001030000,87,0,0
2001030000,88,0,0
2001030000,89,0,0
2001030000,90,0,0
2001030000,91,0,0
2001030000,92,0,0
2001030000,93,0,0
2001030000,94,0,0
2001030000,95,0,0
2001030000,96,0,0
2001030000,97,0,0
2001030000,98,0,0
2001030000,99,0,0
2001030000,100,0,0
2001030000,101,0,0
2001030000,102,0,0
2001030000,103,0,0
2001030000,104,0,0
2001030000,105,0,0
2001030000,106,0,0
2001030000,107,0,0
2001030000,108,0,0
2001030000,109,0,0
2001030000,110,0,0
2001030000,111,0,0
2001030000,112,0,0
2001030000,113,0,0
2001030000,114,0,0
2001030000,115,0,0
2001030000,116,0,0
2001030000,117,0,0
2001030000,118,0,0
2001030000,119,0,0
2001030000,120,1,1
2001030000,121,0,0
2001030000,122,0,0
2001030000,123,0,0
2001030000,124,0,0
2001030000,125,0,0
2001030000,126,0,0
2001030000,127,0,0
2001030000,128,0,0
2001030000,129,0,0
2001030000,130,0,0
2001030000,131,0,0
2001030000,132,0,0
2001030000,133,0,0
2001030000,134,0,0
2001030000,135,0,0
2001030000,136,0,0
2001030000,137,0,0
2001030000,138,0,0
2001030000,139,0,0
2001030000,140,1,1
2001030000,141,0,0
2001030000,142,0,0
2001030000,143,0,0
2001030000,144,0,0
2001030000,145,0,0
2001030000,146,0,0
2001030000,147,0,0
2001030000,148,0,0
2001030000,149,0,0
2001030000,150,0,0
2001030000,151,0,0
2001030000,152,0,0
2001030000,153,0,0
2001030000,154,0,0
2001030000,155,0,0
2001030000,156,0,0
2001030000,157,0,0
2001030000,158,0,0
2001030000,159,0,0
2001030000,160,0,0
2001030000,161,0,0
2001030000,162,0,0
2001030000,163,0,0
2001030000,164,0,0
2001030000,165,0,0
2001030000,166,0,0
2001030000,167,0,0
2001030000,168,0,0
2001030000,169,0,0
2001030000,170,0,0
2001030000,171,0,0
2001030000,172,0,0
2001030000,173,0,0
2001030000,174,0,0
2001030000,175,0,0
2001030000,176,0,0
2001030000,177,0,0
2001030000,178,0,0
2001030000,179,0,0
2001030000,180,0,0
2001030000,181,0,0
2001030000,182,0,0
2001030000,183,0,0
2001030000,184,0,0
2001030000,185,0,0
2001030000,186,0,0
2001030000,187,0,0
2001030000,188,0,0
2001030000,189,0,0
2001030000,190,1,1
2001030000,191,0,0
2001030000,192,0,0
2001030000,193,0,0
2001030000,194,0,0
2001030000,195,0,0
2001030000,196,0,0
2001030000,197,0,0
2001030000,198,0,0
2001030000,199,0,0
2001030000,200,0,0
2001030000,201,0,0
2001030000,202,0,0
2001030000,203,0,0
2001030000,204,0,0
2001030000,205,0,0
2001030000,206,0,0
2001030000,207,0,0
2001030000,208,0,0
2001030000,209,0,0
2001030000,210,0,0
2001030000,211,0,0
2001030000,212,0,0
2001030000,213,0,0
2001030000,214,0,0
2001030000,215,0,0
2001030000,216,0,0
2001030000,217,0,0
2001030000,218,0,0
2001030000,219,0,0
2001030000,220,0,0
2001030000,221,0,0
2001030000,222,0,0
2001030000,223,0,0
2001030000,224,0,0
2001030000,225,0,0
2001030000,226,0,0
2001030000,227,0,0
2001030000,228,0,0
2001030000,229,0,0
2001030000,230,0,0
2001030000,231,0,0
2001030000,232,0,0
2001030000,233,0,0
2001030000,234,0,0
2001030000,235,0,0
2001030000,236,0,0
2001030000,237,0,0
2001030000,238,0,0
2001030000,239,0,0
2001030000,240,0,0
2001030000,241,0,0
2001030000,242,0,0
2001030000,243,0,0
2001030000,244,0,0
2001030000,245,0,0
2001030000,246,0,0
2001030000,247,0,0
2001030000,248,0,0
2001030000,249,0,0
2001030000,250,0,0
2001030000,251,0,0
2001030000,252,0,0
2001030000,253,0,0
2001030000,254,0,0
2001030000,255,0,0
2001030000,256,0,0
2001030000,257,0,0
2001030000,258,0,0
2001030000,259,0,0
2001030000,260,0,0
2001030000,261,0,0
2001030000,262,0,0
2001030000,263,0,0
2001030000,264,0,0
2001030000,265,0,0
2001030000,266,0,0
2001030000,267,0,0
2001030000,268,0,0
2001030000,269,0,0
2001030000,270,0,0
2001030000,271,0,0
2001030000,272,0,0
2001030000,273,0,0
2001030000,274,0,0
2001030000,275,0,0
2001030000,276,0,0
2001030000,277,0,0
2001030000,278,0,0
2001030000,279,0,0
2001030000,280,0,0
2001030000,281,0,0
2001030000,282,0,0
2001030000,283,0,0
2001030000,284,0,0
2001030000,285,0,0
2001030000,286,0,0
2001030000,287,0,0
2001040000,32,0,0
2001040000,33,0,0
2001040000,34,1,1
2001040000,35,0,0
2001040000,36,0,0
2001040000,37,0,0
2001040000,38,0,0
2001040000,39,0,0
2001040000,40,0,0
2001040000,41,0,0
2001040000,42,0,0
2001040000,43,0,0
2001040000,44,0,0
2001040000,45,0,0
2001040000,46,0,0
2001040000,47,0,0
2001040000,48,0,0
2001040000,49,0,0
2001040000,50,0,0
2001040000,51,0,0
2001040000,52,0,0
2001040000,53,0,0
2001040000,54,0,0
2001040000,55,0,0
2001040000,56,0,0
2001040000,57,0,0
2001040000,58,0,0
2001040000,59,0,0
2001040000,60,0,0
2001040000,61,0,0
2001040000,62,0,0
2001040000,63,0,0
2001040000,64,0,0
2001040000,65,0,0
2001040000,66,0,0
2001040000,67,0,0
2001040000,68,0,0
2001040000,69,0,0
2001040000,70,0,0
2001040000,71,0,0
2001040000,72,0,0
2001040000,73,0,0
2001040000,74,0,0
2001040000,75,0,0
2001040000,76,0,0
2001040000,77,0,0
2001040000,78,0,0
2001040000,79,0,0
2001040000,80,0,0
2001040000,81,0,0
2001040000,82,0,0
2001040000,83,0,0
2001040000,84,0,0
2001040000,85,0,0
2001040000,86,0,0
2001040000,87,0,0
2001040000,88,0,0
2001040000,89,0,0
2001040000,90,0,0
2001040000,91,0,0
2001040000,92,0,0
2001040000,93,0,0
2001040000,94,0,0
2001040000,95,0,0
2001040000,96,0,0
2001040000,97,0,0
2001040000,98,0,0
2001040000,99,0,0
2001040000,100,0,0
2001040000,101,0,0
2001040000,102,0,0
2001040000,103,0,0
2001040000,104,0,0
2001040000,105,0,0
2001040000,106,0,0
2001040000,107,0,0
2001040000,108,0,0
2001040000,109,0,0
2001040000,110,0,0
2001040000,111,0,0
2001040000,112,0,0
2001040000,113,0,0
2001040000,114,0,0
2001040000,115,0,0
2001040000,116,0,0
2001040000,117,0,0
2001040000,118,0,0
2001040000,119,0,0
2001040000,120,1,1
2001040000,121,0,0
2001040000,122,0,0
2001040000,123,0,0
2001040000,124,0,0
2001040000,125,0,0
2001040000,126,0,0
2001040000,127,0,0
2001040000,128,0,0
2001040000,129,0,0
2001040000,130,0,0
2001040000,131,0,0
2001040000,132,0,0
2001040000,133,0,0
2001040000,134,0,0
2001040000,135,0,0
2001040000,136,0,0
2001040000,137,0,0
2001040000,138,0,0
2001040000,139,0,0
2001040000,140,1,1
2001040000,141,0,0
2001040000,142,0,0
2001040000,143,0,0
2001040000,144,0,0
2001040000,145,0,0
2001040000,146,0,0
2001040000,147,0,0
2001040000,148,0,0
2001040000,149,0,0
2001040000,150,0,0
2001040000,151,0,0
2001040000,152,0,0
2001040000,153,0,0
2001040000,154,0,0
2001040000,155,0,0
2001040000,156,0,0
2001040000,157,0,0
2001040000,158,0,0
2001040000,159,0,0
2001040000,160,0,0
2001040000,161,0,0
2001040000,162,0,0
2001040000,163,0,0
2001040000,164,0,0
2001040000,165,0,0
2001040000,166,0,0
2001040000,167,0,0
2001040000,168,0,0
2001040000,169,0,0
2001040000,170,0,0
2001040000,171,0,0
2001040000,172,0,0
2001040000,173,0,0
2001040000,174,0,0
2001040000,175,0,0
2001040000,176,0,0
2001040000,177,0,0
2001040000,178,0,0
2001040000,179,0,0
2001040000,180,0,0
2001040000,181,0,0
2001040000,182,0,0
2001040000,183,0,0
2001040000,184,0,0
2001040000,185,0,0
2001040000,186,0,0
2001040000,187,0,0
2001040000,188,0,0
2001040000,189,0,0
2001040000,190,1,1
2001040000,191,0,0
2001040000,192,0,0
2001040000,193,0,0
2001040000,194,0,0
2001040000,195,0,0
2001040000,196,0,0
2001040000,197,0,0
2001040000,198,0,0
2001040000,199,0,0
2001040000,200,0,0
2001040000,201,0,0
2001040000,202,0,0
2001040000,203,0,0
2001040000,204,0,0
2001040000,205,0,0
2001040000,206,0,0
2001040000,207,0,0
2001040000,208,0,0
2001040000,209,0,0
2001040000,210,0,0
2001040000,211,0,0
2001040000,212,0,0
2001040000,213,0,0
2001040000,214,0,0
2001040000,215,0,0
2001040000,216,0,0
2001040000,217,0,0
2001040000,218,0,0
2001040000,219,0,0
2001040000,220,0,0
2001040000,221,0,0
2001040000,222,0,0
2001040000,223,0,0
2001040000,224,0,0
2001040000,225,0,0
2001040000,226,0,0
2001040000,227,0,0
2001040000,228,0,0
2001040000,229,0,0
2001040000,230,0,0
2001040000,231,0,0
2001040000,232,0,0
2001040000,233,0,0
2001040000,234,0,0
2001040000,235,0,0
2001040000,236,0,0
2001040000,237,0,0
2001040000,238,0,0
2001040000,239,0,0
2001040000,240,0,0
2001040000,241,0,0
2001040000,242,0,0
2001040000,243,0,0
2001040000,244,0,0
2001040000,245,0,0
2001040000,246,0,0
2001040000,247,0,0
2001040000,248,0,0
2001040000,249,0,0
2001040000,250,0,0
2001040000,251,0,0
2001040000,252,0,0
2001040000,253,0,0
2001040000,254,0,0
2001040000,255,0,0
2001040000,256,0,0
2001040000,257,0,0
2001040000,258,0,0
2001040000,259,0,0
2001040000,260,0,0
2001040000,261,0,0
2001040000,262,0,0
2001040000,263,0,0
2001040000,264,0,0
2001040000,265,0,0
2001040000,266,0,0
2001040000,267,0,0
2001040000,268,0,0
2001040000,269,0,0
2001040000,270,0,0
2001040000,271,0,0
2001040000,272,0,0
2001040000,273,0,0
2001040000,274,0,0
2001040000,275,0,0
2001040000,276,0,0
2001040000,277,0,0
2001040000,278,0,0
2001040000,279,0,0
2001040000,280,0,0
2001040000,281,0,0
2001040000,282,0,0
2001040000,283,0,0
2001040000,284,0,0
2001040000,285,0,0
2001040000,286,0,0
2001040000,287,0,0
2001050000,32,0,0
2001050000,33,0,0
2001050000,34,1,1
2001050000,35,0,0
2001050000,36,0,0
2001050000,37,0,0
2001050000,38,0,0
2001050000,39,0,0
2001050000,40,0,0
2001050000,41,0,0
2001050000,42,0,0
2001050000,43,0,0
2001050000,44,0,0
2001050000,45,0,0
2001050000,46,0,0
2001050000,47,0,0
2001050000,48,0,0
2001050000,49,0,0
2001050000,50,0,0
2001050000,51,0,0
2001050000,52,0,0
2001050000,53,0,0
2001050000,54,0,0
2001050000,55,0,0
2001050000,56,0,0
2001050000,57,0,0
2001050000,58,0,0
2001050000,59,0,0
2001050000,60,0,0
2001050000,61,0,0
2001050000,62,0,0
2001050000,63,0,0
2001050000,64,0,0
2001050000,65,0,0
2001050000,66,0,0
2001050000,67,0,0
2001050000,68,0,0
2001050000,69,0,0
2001050000,70,0,0
2001050000,71,0,0
2001050000,72,0,0
2001050000,73,0,0
2001050000,74,0,0
2001050000,75,0,0
2001050000,76,0,0
2001050000,77,0,0
2001050000,78,0,0
2001050000,79,0,0
2001050000,80,0,0
2001050000,81,0,0
2001050000,82,0,0
2001050000,83,0,0
2001050000,84,0,0
2001050000,85,0,0
2001050000,86,0,0
2001050000,87,0,0
2001050000,88,0,0
2001050000,89,0,0
2001050000,90,0,0
2001050000,91,0,0
2001050000,92,0,0
2001050000,93,0,0
2001050000,94,0,0
2001050000,95,0,0
2001050000,96,0,0
2001050000,97,0,0
2001050000,98,0,0
2001050000,99,0,0
2001050000,100,0,0
2001050000,101,0,0
2001050000,102,0,0
2001050000,103,0,0
2001050000,104,0,0
2001050000,105,0,0
2001050000,106,0,0
2001050000,107,0,0
2001050000,108,0,0
2001050000,109,0,0
2001050000,110,0,0
2001050000,111,0,0
2001050000,112,0,0
2001050000,113,0,0
2001050000,114,0,0
2001050000,115,0,0
2001050000,116,0,0
2001050000,117,0,0
2001050000,118,0,0
2001050000,119,0,0
2001050000,120,1,1
2001050000,121,0,0
2001050000,122,0,0
2001050000,123,0,0
2001050000,124,0,0
2001050000,125,0,0
2001050000,126,0,0
2001050000,127,0,0
2001050000,128,0,0
2001050000,129,0,0
2001050000,130,0,0
2001050000,131,0,0
2001050000,132,0,0
2001050000,133,0,0
2001050000,134,0,0
2001050000,135,0,0
2001050000,136,0,0
2001050000,137,0,0
2001050000,138,0,0
2001050000,139,0,0
2001050000,140,1,1
2001050000,141,0,0
2001050000,142,0,0
2001050000,143,0,0
2001050000,144,0,0
2001050000,145,0,0
2001050000,146,0,0
2001050000,147,0,0
2001050000,148,0,0
2001050000,149,0,0
2001050000,150,0,0
2001050000,151,0,0
2001050000,152,0,0
2001050000,153,0,0
2001050000,154,0,0
2001050000,155,0,0
2001050000,156,0,0
2001050000,157,0,0
2001050000,158,0,0
2001050000,159,0,0
2001050000,160,0,0
2001050000,161,0,0
2001050000,162,0,0
2001050000,163,0,0
2001050000,164,0,0
2001050000,165,0,0
2001050000,166,0,0
2001050000,167,0,0
2001050000,168,0,0
2001050000,169,0,0
2001050000,170,0,0
2001050000,171,0,0
2001050000,172,0,0
2001050000,173,0,0
2001050000,174,0,0
2001050000,175,0,0
2001050000,176,0,0
2001050000,177,0,0
2001050000,178,0,0
2001050000,179,0,0
2001050000,180,0,0
2001050000,181,0,0
2001050000,182,0,0
2001050000,183,0,0
2001050000,184,0,0
2001050000,185,0,0
2001050000,186,0,0
2001050000,187,0,0
2001050000,188,0,0
2001050000,189,0,0
2001050000,190,1,0
2001050000,191,0,0
2001050000,192,0,0
2001050000,193,0,0
2001050000,194,0,0
2001050000,195,0,0
2001050000,196,0,0
2001050000,197,0,0
2001050000,198,0,0
2001050000,199,0,0
2001050000,200,0,0
2001050000,201,0,0
2001050000,202,0,0
2001050000,203,0,0
2001050000,204,0,0
2001050000,205,0,0
2001050000,206,0,0
2001050000,207,0,0
2001050000,208,0,0
2001050000,209,0,0
2001050000,210,0,0
2001050000,211,0,0
2001050000,212,0,0
2001050000,213,0,0
2001050000,214,0,0
2001050000,215,0,0
2001050000,216,0,0
2001050000,217,0,0
2001050000,218,0,0
2001050000,219,0,0
2001050000,220,0,0
2001050000,221,0,0
2001050000,222,0,0
2001050000,223,0,0
2001050000,224,0,0
2001050000,225,0,0
2001050000,226,0,0
2001050000,227,0,0
2001050000,228,0,0
2001050000,229,0,0
2001050000,230,0,0
2001050000,231,0,0
2001050000,232,0,0
2001050000,233,0,0
2001050000,234,0,0
2001050000,235,0,0
2001050000,236,0,0
2001050000,237,0,0
2001050000,238,0,0
2001050000,239,0,0
2001050000,240,0,0
2001050000,241,0,0
2001050000,242,0,0
2001050000,243,0,0
2001050000,244,0,0
2001050000,245,0,0
2001050000,246,0,0
2001050000,247,0,0
2001050000,248,0,0
2001050000,249,0,0
2001050000,250,0,0
2001050000,251,0,0
2001050000,252,0,0
2001050000,253,0,0
2001050000,254,0,0
2001050000,255,0,0
2001050000,256,0,0
2001050000,257,0,0
2001050000,258,0,0
2001050000,259,0,0
2001050000,260,0,0
2001050000,261,0,0
2001050000,262,0,0
2001050000,263,0,0
2001050000,264,0,0
2001050000,265,0,0
2001050000,266,0,0
2001050000,267,0,0
2001050000,268,0,0
2001050000,269,0,0
2001050000,270,0,0
2001050000,271,0,0
2001050000,272,0,0
2001050000,273,0,0
2001050000,274,0,0
2001050000,275,0,0
2001050000,276,0,0
2001050000,277,0,0
2001050000,278,0,0
2001050000,279,0,0
2001050000,280,0,0
2001050000,281,0,0
2001050000,282,0,0
2001050000,283,0,0
2001050000,284,0,0
2001050000,285,0,0
2001050000,286,0,0
2001050000,287,0,0
2001060000,32,0,0
2001060000,33,0,0
2001060000,34,1,1
2001060000,35,0,0
2001060000,36,0,0
2001060000,37,0,0
2001060000,38,0,0
2001060000,39,0,0
2001060000,40,0,0
2001060000,41,0,0
2001060000,42,0,0
2001060000,43,0,0
2001060000,44,0,0
2001060000,45,0,0
2001060000,46,0,0
2001060000,47,0,0
2001060000,48,0,0
2001060000,49,0,0
2001060000,50,0,0
2001060000,51,0,0
2001060000,52,0,0
2001060000,53,0,0
2001060000,54,0,0
2001060000,55,0,0
2001060000,56,0,0
2001060000,57,0,0
2001060000,58,0,0
2001060000,59,0,0
2001060000,60,0,0
2001060000,61,0,0
2001060000,62,0,0
2001060000,63,0,0
2001060000,64,0,0
2001060000,65,0,0
2001060000,66,0,0
2001060000,67,0,0
2001060000,68,0,0
2001060000,69,0,0
2001060000,70,0,0
2001060000,71,0,0
2001060000,72,0,0
2001060000,73,0,0
2001060000,74,0,0
2001060000,75,0,0
2001060000,76,0,0
2001060000,77,0,0
2001060000,78,0,0
2001060000,79,0,0
2001060000,80,0,0
2001060000,81,0,0
2001060000,82,0,0
2001060000,83,0,0
2001060000,84,0,0
2001060000,85,0,0
2001060000,86,0,0
2001060000,87,0,0
2001060000,88,0,0
2001060000,89,0,0
2001060000,90,0,0
2001060000,91,0,0
2001060000,92,0,0
2001060000,93,0,0
2001060000,94,0,0
2001060000,95,0,0
2001060000,96,0,0
2001060000,97,0,0
2001060000,98,0,0
2001060000,99,0,0
2001060000,100,0,0
2001060000,101,0,0
2001060000,102,0,0
2001060000,103,0,0
2001060000,104,0,0
2001060000,105,0,0
2001060000,106,0,0
2001060000,107,0,0
2001060000,108,0,0
2001060000,109,0,0
2001060000,110,0,0
2001060000,111,0,0
2001060000,112,0,0
2001060000,113,0,0
2001060000,114,0,0
2001060000,115,0,0
2001060000,116,0,0
2001060000,117,0,0
2001060000,118,0,0
2001060000,119,0,0
2001060000,120,1,1
2001060000,121,0,0
2001060000,122,0,0
2001060000,123,0,0
2001060000,124,0,0
2001060000,125,0,0
2001060000,126,0,0
2001060000,127,0,0
2001060000,128,0,0
2001060000,129,0,0
2001060000,130,0,0
2001060000,131,0,0
2001060000,132,0,0
2001060000,133,0,0
2001060000,134,0,0
2001060000,135,0,0
2001060000,136,0,0
2001060000,137,0,0
2001060000,138,0,0
2001060000,139,0,0
2001060000,140,1,1
2001060000,141,0,0
2001060000,142,0,0
2001060000,143,0,0
2001060000,144,0,0
2001060000,145,0,0
2001060000,146,0,0
2001060000,147,0,0
2001060000,148,0,0
2001060000,149,0,0
2001060000,150,0,0
2001060000,151,0,0
2001060000,152,0,0
2001060000,153,0,0
2001060000,154,0,0
2001060000,155,0,0
2001060000,156,0,0
2001060000,157,0,0
2001060000,158,0,0
2001060000,159,0,0
2001060000,160,0,0
2001060000,161,0,0
2001060000,162,0,0
2001060000,163,0,0
2001060000,164,0,0
2001060000,165,0,0
2001060000,166,0,0
2001060000,167,0,0
2001060000,168,0,0
2001060000,169,0,0
2001060000,170,0,0
2001060000,171,0,0
2001060000,172,0,0
2001060000,173,0,0
2001060000,174,0,0
2001060000,175,0,0
2001060000,176,0,0
2001060000,177,0,0
2001060000,178,0,0
2001060000,179,0,0
2001060000,180,0,0
2001060000,181,0,0
2001060000,182,0,0
2001060000,183,0,0
2001060000,184,0,0
2001060000,185,0,0
2001060000,186,0,0
2001060000,187,0,0
2001060000,188,0,0
2001060000,189,0,0
2001060000,190,1,0
2001060000,191,0,0
2001060000,192,0,0
2001060000,193,0,0
2001060000,194,0,0
2001060000,195,0,0
2001060000,196,0,0
2001060000,197,0,0
2001060000,198,0,0
2001060000,199,0,0
2001060000,200,0,0
2001060000,201,0,0
2001060000,202,0,0
2001060000,203,0,0
2001060000,204,0,0
2001060000,205,0,0
2001060000,206,0,0
2001060000,207,0,0
2001060000,208,0,0
2001060000,209,0,0
2001060000,210,0,0
2001060000,211,0,0
2001060000,212,0,0
2001060000,213,0,0
2001060000,214,0,0
2001060000,215,0,0
2001060000,216,0,0
2001060000,217,0,0
2001060000,218,0,0
2001060000,219,0,0
2001060000,220,0,0
2001060000,221,0,0
2001060000,222,0,0
2001060000,223,0,0
2001060000,224,0,0
2001060000,225,0,0
2001060000,226,0,0
2001060000,227,0,0
2001060000,228,0,0
2001060000,229,0,0
2001060000,230,0,0
2001060000,231,0,0
2001060000,232,0,0
2001060000,233,0,0
2001060000,234,0,0
2001060000,235,0,0
2001060000,236,0,0
2001060000,237,0,0
2001060000,238,0,0
2001060000,239,0,0
2001060000,240,0,0
2001060000,241,0,0
2001060000,242,0,0
2001060000,243,0,0
2001060000,244,0,0
2001060000,245,0,0
2001060000,246,0,0
2001060000,247,0,0
2001060000,248,0,0
2001060000,249,0,0
2001060000,250,0,0
2001060000,251,0,0
2001060000,252,0,0
2001060000,253,0,0
2001060000,254,0,0
2001060000,255,0,0
2001060000,256,0,0
2001060000,257,0,0
2001060000,258,0,0
2001060000,259,0,0
2001060000,260,0,0
2001060000,261,0,0
2001060000,262,0,0
2001060000,263,0,0
2001060000,264,0,0
2001060000,265,0,0
2001060000,266,0,0
2001060000,267,0,0
2001060000,268,0,0
2001060000,269,0,0
2001060000,270,0,0
2001060000,271,0,0
2001060000,272,0,0
2001060000,273,0,0
2001060000,274,0,0
2001060000,275,0,0
2001060000,276,0,0
2001060000,277,0,0
2001060000,278,0,0
2001060000,279,0,0
2001060000,280,0,0
2001060000,281,0,0
2001060000,282,0,0
2001060000,283,0,0
2001060000,284,0,0
2001060000,285,0,0
2001060000,286,0,0
2001060000,287,0,0
2001070000,32,0,0
2001070000,33,0,0
2001070000,34,1,1
2001070000,35,0,0
2001070000,36,0,0
2001070000,37,0,0
2001070000,38,0,0
2001070000,39,0,0
2001070000,40,0,0
2001070000,41,0,0
2001070000,42,0,0
2001070000,43,0,0
2001070000,44,0,0
2001070000,45,0,0
2001070000,46,0,0
2001070000,47,0,0
2001070000,48,0,0
2001070000,49,0,0
2001070000,50,0,0
2001070000,51,0,0
2001070000,52,0,0
2001070000,53,0,0
2001070000,54,0,0
2001070000,55,0,0
2001070000,56,0,0
2001070000,57,0,0
2001070000,58,0,0
2001070000,59,0,0
2001070000,60,0,0
2001070000,61,0,0
2001070000,62,0,0
2001070000,63,0,0
2001070000,64,0,0
2001070000,65,0,0
2001070000,66,0,0
2001070000,67,0,0
2001070000,68,0,0
2001070000,69,0,0
2001070000,70,0,0
2001070000,71,0,0
2001070000,72,0,0
2001070000,73,0,0
2001070000,74,0,0
2001070000,75,0,0
2001070000,76,0,0
2001070000,77,0,0
2001070000,78,0,0
2001070000,79,0,0
2001070000,80,0,0
2001070000,81,0,0
2001070000,82,0,0
2001070000,83,0,0
2001070000,84,0,0
2001070000,85,0,0
2001070000,86,0,0
2001070000,87,0,0
2001070000,88,0,0
2001070000,89,0,0
2001070000,90,0,0
2001070000,91,0,0
2001070000,92,0,0
2001070000,93,0,0
2001070000,94,0,0
2001070000,95,0,0
2001070000,96,0,0
2001070000,97,0,0
2001070000,98,0,0
2001070000,99,0,0
2001070000,100,0,0
2001070000,101,0,0
2001070000,102,0,0
2001070000,103,0,0
2001070000,104,0,0
2001070000,105,0,0
2001070000,106,0,0
2001070000,107,0,0
2001070000,108,0,0
2001070000,109,0,0
2001070000,110,0,0
2001070000,111,0,0
2001070000,112,0,0
2001070000,113,0,0
2001070000,114,0,0
2001070000,115,0,0
2001070000,116,0,0
2001070000,117,0,0
2001070000,118,0,0
2001070000,119,0,0
2001070000,120,1,1
2001070000,121,0,0
2001070000,122,0,0
2001070000,123,0,0
2001070000,124,0,0
2001070000,125,0,0
2001070000,126,0,0
2001070000,127,0,0
2001070000,128,0,0
2001070000,129,0,0
2001070000,130,0,0
2001070000,131,0,0
2001070000,132,0,0
2001070000,133,0,0
2001070000,134,0,0
2001070000,135,0,0
2001070000,136,0,0
2001070000,137,0,0
2001070000,138,0,0
2001070000,139,0,0
2001070000,140,1,1
2001070000,141,0,0
2001070000,142,0,0
2001070000,143,0,0
2001070000,144,0,0
2001070000,145,0,0
2001070000,146,0,0
2001070000,147,0,0
2001070000,148,0,0
2001070000,149,0,0
2001070000,150,0,0
2001070000,151,0,0
2001070000,152,0,0
2001070000,153,0,0
2001070000,154,0,0
2001070000,155,0,0
2001070000,156,0,0
2001070000,157,0,0
2001070000,158,0,0
2001070000,159,0,0
2001070000,160,0,0
2001070000,161,0,0
2001070000,162,0,0
2001070000,163,0,0
2001070000,164,0,0
2001070000,165,0,0
2001070000,166,0,0
2001070000,167,0,0
2001070000,168,0,0
2001070000,169,0,0
2001070000,170,0,0
2001070000,171,0,0
2001070000,172,0,0
2001070000,173,0,0
2001070000,174,0,0
2001070000,175,0,0
2001070000,176,0,0
2001070000,177,0,0
2001070000,178,0,0
2001070000,179,0,0
2001070000,180,0,0
2001070000,181,0,0
2001070000,182,0,0
2001070000,183,0,0
2001070000,184,0,0
2001070000,185,0,0
2001070000,186,0,0
2001070000,187,0,0
2001070000,188,0,0
2001070000,189,0,0
2001070000,190,0,0
2001070000,191,0,0
2001070000,192,0,0
2001070000,193,0,0
2001070000,194,0,0
2001070000,195,0,0
2001070000,196,0,0
2001070000,197,0,0
2001070000,198,0,0
2001070000,199,0,0
2001070000,200,0,0
2001070000,201,0,0
2001070000,202,0,0
2001070000,203,0,0
2001070000,204,0,0
2001070000,205,0,0
2001070000,206,0,0
2001070000,207,0,0
2001070000,208,0,0
2001070000,209,0,0
2001070000,210,0,0
2001070000,211,0,0
2001070000,212,0,0
2001070000,213,0,0
2001070000,214,0,0
2001070000,215,0,0
2001070000,216,0,0
2001070000,217,0,0
2001070000,218,0,0
2001070000,219,0,0
2001070000,220,0,0
2001070000,221,0,0
2001070000,222,0,0
2001070000,223,0,0
2001070000,224,0,0
2001070000,225,0,0
2001070000,226,0,0
2001070000,227,0,0
2001070000,228,0,0
2001070000,229,0,0
2001070000,230,0,0
2001070000,231,0,0
2001070000,232,0,0
2001070000,233,0,0
2001070000,234,0,0
2001070000,235,0,0
2001070000,236,0,0
2001070000,237,0,0
2001070000,238,0,0
2001070000,239,0,0
2001070000,240,0,0
2001070000,241,0,0
2001070000,242,0,0
2001070000,243,0,0
2001070000,244,0,0
2001070000,245,0,0
2001070000,246,0,0
2001070000,247,0,0
2001070000,248,0,0
2001070000,249,0,0
2001070000,250,0,0
2001070000,251,0,0
2001070000,252,0,0
2001070000,253,0,0
2001070000,254,0,0
2001070000,255,0,0
2001070000,256,0,0
2001070000,257,0,0
2001070000,258,0,0
2001070000,259,0,0
2001070000,260,0,0
2001070000,261,0,0
2001070000,262,0,0
2001070000,263,0,0
2001070000,264,0,0
2001070000,265,0,0
2001070000,266,0,0
2001070000,267,0,0
2001070000,268,0,0
2001070000,269,0,0
2001070000,270,0,0
2001070000,271,0,0
2001070000,272,0,0
2001070000,273,0,0
2001070000,274,0,0
2001070000,275,0,0
2001070000,276,0,0
2001070000,277,0,0
2001070000,278,0,0
2001070000,279,0,0
2001070000,280,0,0
2001070000,281,0,0
2001070000,282,0,0
2001070000,283,0,0
2001070000,284,0,0
2001070000,285,0,0
2001070000,286,0,0
2001070000,287,0,0
2001080000,32,0,0
2001080000,33,0,0
2001080000,34,1,1
2001080000,35,0,0
2001080000,36,0,0
2001080000,37,0,0
2001080000,38,0,0
2001080000,39,0,0
2001080000,40,0,0
2001080000,41,0,0
2001080000,42,0,0
2001080000,43,0,0
2001080000,44,0,0
2001080000,45,0,0
2001080000,46,0,0
2001080000,47,0,0
2001080000,48,0,0
2001080000,49,0,0
2001080000,50,0,0
2001080000,51,0,0
2001080000,52,0,0
2001080000,53,0,0
2001080000,54,0,0
2001080000,55,0,0
2001080000,56,0,0
2001080000,57,0,0
2001080000,58,0,0
2001080000,59,0,0
2001080000,60,0,0
2001080000,61,0,0
2001080000,62,0,0
2001080000,63,0,0
2001080000,64,0,0
2001080000,65,0,0
2001080000,66,0,0
2001080000,67,0,0
2001080000,68,0,0
2001080000,69,0,0
2001080000,70,0,0
2001080000,71,0,0
2001080000,72,0,0
2001080000,73,0,0
2001080000,74,0,0
2001080000,75,0,0
2001080000,76,0,0
2001080000,77,0,0
2001080000,78,0,0
2001080000,79,0,0
2001080000,80,0,0
2001080000,81,0,0
2001080000,82,0,0
2001080000,83,0,0
2001080000,84,0,0
2001080000,85,0,0
2001080000,86,0,0
2001080000,87,0,0
2001080000,88,0,0
2001080000,89,0,0
2001080000,90,0,0
2001080000,91,0,0
2001080000,92,0,0
2001080000,93,0,0
2001080000,94,0,0
2001080000,95,0,0
2001080000,96,0,0
2001080000,97,0,0
2001080000,98,0,0
2001080000,99,0,0
2001080000,100,0,0
2001080000,101,0,0
2001080000,102,0,0
2001080000,103,0,0
2001080000,104,0,0
2001080000,105,0,0
2001080000,106,0,0
2001080000,107,0,0
2001080000,108,0,0
2001080000,109,0,0
2001080000,110,0,0
2001080000,111,0,0
2001080000,112,0,0
2001080000,113,0,0
2001080000,114,0,0
2001080000,115,0,0
2001080000,116,0,0
2001080000,117,0,0
2001080000,118,0,0
2001080000,119,0,0
2001080000,120,1,1
2001080000,121,0,0
2001080000,122,0,0
2001080000,123,0,0
2001080000,124,0,0
2001080000,125,0,0
2001080000,126,0,0
2001080000,127,0,0
2001080000,128,0,0
2001080000,129,0,0
2001080000,130,0,0
2001080000,131,0,0
2001080000,132,0,0
2001080000,133,0,0
2001080000,134,0,0
2001080000,135,0,0
2001080000,136,0,0
2001080000,137,0,0
2001080000,138,0,0
2001080000,139,0,0
2001080000,140,1,1
2001080000,141,0,0
2001080000,142,0,0
2001080000,143,0,0
2001080000,144,0,0
2001080000,145,0,0
2001080000,146,0,0
2001080000,147,0,0
2001080000,148,0,0
2001080000,149,0,0
2001080000,150,0,0
2001080000,151,0,0
2001080000,152,0,0
2001080000,153,0,0
2001080000,154,0,0
2001080000,155,0,0
2001080000,156,0,0
2001080000,157,0,0
2001080000,158,0,0
2001080000,159,0,0
2001080000,160,0,0
2001080000,161,0,0
2001080000,162,0,0
2001080000,163,0,0
2001080000,164,0,0
2001080000,165,0,0
2001080000,166,0,0
2001080000,167,0,0
2001080000,168,0,0
2001080000,169,0,0
2001080000,170,0,0
2001080000,171,0,0
2001080000,172,0,0
2001080000,173,0,0
2001080000,174,0,0
2001080000,175,0,0
2001080000,176,0,0
2001080000,177,0,0
2001080000,178,0,0
2001080000,179,0,0
2001080000,180,0,0
2001080000,181,0,0
2001080000,182,0,0
2001080000,183,0,0
2001080000,184,0,0
2001080000,185,0,0
2001080000,186,0,0
2001080000,187,0,0
2001080000,188,0,0
2001080000,189,0,0
2001080000,190,0,0
2001080000,191,0,0
2001080000,192,0,0
2001080000,193,0,0
2001080000,194,0,0
2001080000,195,0,0
2001080000,196,0,0
2001080000,197,0,0
2001080000,198,0,0
2001080000,199,0,0
2001080000,200,0,0
2001080000,201,0,0
2001080000,202,0,0
2001080000,203,0,0
2001080000,204,0,0
2001080000,205,0,0
2001080000,206,0,0
2001080000,207,0,0
2001080000,208,0,0
2001080000,209,0,0
2001080000,210,0,0
2001080000,211,0,0
2001080000,212,0,0
2001080000,213,0,0
2001080000,214,0,0
2001080000,215,0,0
2001080000,216,0,0
2001080000,217,0,0
2001080000,218,0,0
2001080000,219,0,0
2001080000,220,0,0
2001080000,221,0,0
2001080000,222,0,0
2001080000,223,0,0
2001080000,224,0,0
2001080000,225,0,0
2001080000,226,0,0
2001080000,227,0,0
2001080000,228,0,0
2001080000,229,0,0
2001080000,230,0,0
2001080000,231,0,0
2001080000,232,0,0
2001080000,233,0,0
2001080000,234,0,0
2001080000,235,0,0
2001080000,236,0,0
2001080000,237,0,0
2001080000,238,0,0
2001080000,239,0,0
2001080000,240,0,0
2001080000,241,0,0
2001080000,242,0,0
2001080000,243,0,0
2001080000,244,0,0
2001080000,245,0,0
2001080000,246,0,0
2001080000,247,0,0
2001080000,248,0,0
2001080000,249,0,0
2001080000,250,0,0
2001080000,251,0,0
2001080000,252,0,0
2001080000,253,0,0
2001080000,254,0,0
2001080000,255,0,0
2001080000,256,0,0
2001080000,257,0,0
2001080000,258,0,0
2001080000,259,0,0
2001080000,260,0,0
2001080000,261,0,0
2001080000,262,0,0
2001080000,263,0,0
2001080000,264,0,0
2001080000,265,0,0
2001080000,266,0,0
2001080000,267,0,0
2001080000,268,0,0
2001080000,269,0,0
2001080000,270,0,0
2001080000,271,0,0
2001080000,272,0,0
2001080000,273,0,0
2001080000,274,0,0
2001080000,275,0,0
2001080000,276,0,0
2001080000,277,0,0
2001080000,278,0,0
2001080000,279,0,0
2001080000,280,0,0
2001080000,281,0,0
2001080000,282,0,0
2001080000,283,0,0
2001080000,284,0,0
2001080000,285,0,0
2001080000,286,0,0
2001080000,287,0,0
2001090000,32,0,0
2001090000,33,0,0
2001090000,34,1,0
2001090000,35,0,0
2001090000,36,0,0
2001090000,37,0,0
2001090000,38,0,0
2001090000,39,0,0
2001090000,40,0,0
2001090000,41,0,0
2001090000,42,0,0
2001090000,43,0,0
2001090000,44,0,0
2001090000,45,0,0
2001090000,46,0,0
2001090000,47,0,0
2001090000,48,0,0
2001090000,49,0,0
2001090000,50,0,0
2001090000,51,0,0
2001090000,52,0,0
2001090000,53,0,0
2001090000,54,0,0
2001090000,55,0,0
2001090000,56,0,0
2001090000,57,0,0
2001090000,58,0,0
2001090000,59,0,0
2001090000,60,0,0
2001090000,61,0,0
2001090000,62,0,0
2001090000,63,0,0
2001090000,64,0,0
2001090000,65,0,0
2001090000,66,0,0
2001090000,67,0,0
2001090000,68,0,0
2001090000,69,0,0
2001090000,70,0,0
2001090000,71,0,0
2001090000,72,0,0
2001090000,73,0,0
2001090000,74,0,0
2001090000,75,0,0
2001090000,76,0,0
2001090000,77,0,0
2001090000,78,0,0
2001090000,79,0,0
2001090000,80,0,0
2001090000,81,0,0
2001090000,82,0,0
2001090000,83,0,0
2001090000,84,0,0
2001090000,85,0,0
2001090000,86,0,0
2001090000,87,0,0
2001090000,88,0,0
2001090000,89,0,0
2001090000,90,0,0
2001090000,91,0,0
2001090000,92,0,0
2001090000,93,0,0
2001090000,94,0,0
2001090000,95,0,0
2001090000,96,0,0
2001090000,97,0,0
2001090000,98,0,0
2001090000,99,0,0
2001090000,100,0,0
2001090000,101,0,0
2001090000,102,0,0
2001090000,103,0,0
2001090000,104,0,0
2001090000,105,0,0
2001090000,106,0,0
2001090000,107,0,0
2001090000,108,0,0
2001090000,109,0,0
2001090000,110,0,0
2001090000,111,0,0
2001090000,112,0,0
2001090000,113,0,0
2001090000,114,0,0
2001090000,115,0,0
2001090000,116,0,0
2001090000,117,0,0
2001090000,118,0,0
2001090000,119,0,0
2001090000,120,1,1
2001090000,121,0,0
2001090000,122,0,0
2001090000,123,0,0
2001090000,124,0,0
2001090000,125,0,0
2001090000,126,0,0
2001090000,127,0,0
2001090000,128,0,0
2001090000,129,0,0
2001090000,130,0,0
2001090000,131,0,0
2001090000,132,0,0
2001090000,133,0,0
2001090000,134,0,0
2001090000,135,0,0
2001090000,136,0,0
2001090000,137,0,0
2001090000,138,0,0
2001090000,139,0,0
2001090000,140,1,1
2001090000,141,0,0
2001090000,142,0,0
2001090000,143,0,0
2001090000,144,0,0
2001090000,145,0,0
2001090000,146,0,0
2001090000,147,0,0
2001090000,148,0,0
2001090000,149,0,0
2001090000,150,0,0
2001090000,151,0,0
2001090000,152,0,0
2001090000,153,0,0
2001090000,154,0,0
2001090000,155,0,0
2001090000,156,0,0
2001090000,157,0,0
2001090000,158,0,0
2001090000,159,0,0
2001090000,160,0,0
2001090000,161,0,0
2001090000,162,0,0
2001090000,163,0,0
2001090000,164,0,0
2001090000,165,0,0
2001090000,166,0,0
2001090000,167,0,0
2001090000,168,0,0
2001090000,169,0,0
2001090000,170,0,0
2001090000,171,0,0
2001090000,172,0,0
2001090000,173,0,0
2001090000,174,0,0
2001090000,175,0,0
2001090000,176,0,0
2001090000,177,0,0
2001090000,178,0,0
2001090000,179,0,0
2001090000,180,0,0
2001090000,181,0,0
2001090000,182,0,0
2001090000,183,0,0
2001090000,184,0,0
2001090000,185,0,0
2001090000,186,0,0
2001090000,187,0,0
2001090000,188,0,0
2001090000,189,0,0
2001090000,190,0,0
2001090000,191,0,0
2001090000,192,0,0
2001090000,193,0,0
2001090000,194,0,0
2001090000,195,0,0
2001090000,196,0,0
2001090000,197,0,0
2001090000,198,0,0
2001090000,199,0,0
2001090000,200,0,0
2001090000,201,0,0
2001090000,202,0,0
2001090000,203,0,0
2001090000,204,0,0
2001090000,205,0,0
2001090000,206,0,0
2001090000,207,0,0
2001090000,208,0,0
2001090000,209,0,0
2001090000,210,0,0
2001090000,211,0,0
2001090000,212,0,0
2001090000,213,0,0
2001090000,214,0,0
2001090000,215,0,0
2001090000,216,0,0
2001090000,217,0,0
2001090000,218,0,0
2001090000,219,0,0
2001090000,220,0,0
2001090000,221,0,0
2001090000,222,0,0
2001090000,223,0,0
2001090000,224,0,0
2001090000,225,0,0
2001090000,226,0,0
2001090000,227,0,0
2001090000,228,0,0
2001090000,229,0,0
2001090000,230,0,0
2001090000,231,0,0
2001090000,232,0,0
2001090000,233,0,0
2001090000,234,0,0
2001090000,235,0,0
2001090000,236,0,0
2001090000,237,0,0
2001090000,238,0,0
2001090000,239,0,0
2001090000,240,0,0
2001090000,241,0,0
2001090000,242,0,0
2001090000,243,0,0
2001090000,244,0,0
2001090000,245,0,0
2001090000,246,0,0
2001090000,247,0,0
2001090000,248,0,0
2001090000,249,0,0
2001090000,250,0,0
2001090000,251,0,0
2001090000,252,0,0
2001090000,253,0,0
2001090000,254,0,0
2001090000,255,0,0
2001090000,256,0,0
2001090000,257,0,0
2001090000,258,0,0
2001090000,259,0,0
2001090000,260,0,0
2001090000,261,0,0
2001090000,262,0,0
2001090000,263,0,0
2001090000,264,0,0
2001090000,265,0,0
2001090000,266,0,0
2001090000,267,0,0
2001090000,268,0,0
2001090000,269,0,0
2001090000,270,0,0
2001090000,271,0,0
2001090000,272,0,0
2001090000,273,0,0
2001090000,274,0,0
2001090000,275,0,0
2001090000,276,0,0
2001090000,277,0,0
2001090000,278,0,0
2001090000,279,0,0
2001090000,280,0,0
2001090000,281,0,0
2001090000,282,0,0
2001090000,283,0,0
2001090000,284,0,0
2001090000,285,0,0
2001090000,286,0,0
2001090000,287,0,0
2001100000,32,0,0
2001100000,33,0,0
2001100000,34,1,0
2001100000,35,0,0
2001100000,36,0,0
2001100000,37,0,0
2001100000,38,0,0
2001100000,39,0,0
2001100000,40,0,0
2001100000,41,0,0
2001100000,42,0,0
2001100000,43,0,0
2001100000,44,0,0
2001100000,45,0,0
2001100000,46,0,0
2001100000,47,0,0
2001100000,48,0,0
2001100000,49,0,0
2001100000,50,0,0
2001100000,51,0,0
2001100000,52,0,0
2001100000,53,0,0
2001100000,54,0,0
2001100000,55,0,0
2001100000,56,0,0
2001100000,57,0,0
2001100000,58,0,0
2001100000,59,0,0
2001100000,60,0,0
2001100000,61,0,0
2001100000,62,0,0
2001100000,63,0,0
2001100000,64,0,0
2001100000,65,0,0
2001100000,66,0,0
2001100000,67,0,0
2001100000,68,0,0
2001100000,69,0,0
2001100000,70,0,0
2001100000,71,0,0
2001100000,72,0,0
2001100000,73,0,0
2001100000,74,0,0
2001100000,75,0,0
2001100000,76,0,0
2001100000,77,0,0
2001100000,78,0,0
2001100000,79,0,0
2001100000,80,0,0
2001100000,81,0,0
2001100000,82,0,0
2001100000,83,0,0
2001100000,84,0,0
2001100000,85,0,0
2001100000,86,0,0
2001100000,87,0,0
2001100000,88,0,0
2001100000,89,0,0
2001100000,90,0,0
2001100000,91,0,0
2001100000,92,0,0
2001100000,93,0,0
2001100000,94,0,0
2001100000,95,0,0
2001100000,96,0,0
2001100000,97,0,0
2001100000,98,0,0
2001100000,99,0,0
2001100000,100,0,0
2001100000,101,0,0
2001100000,102,0,0
2001100000,103,0,0
2001100000,104,0,0
2001100000,105,0,0
2001100000,106,0,0
2001100000,107,0,0
2001100000,108,0,0
2001100000,109,0,0
2001100000,110,0,0
2001100000,111,0,0
2001100000,112,0,0
2001100000,113,0,0
2001100000,114,0,0
2001100000,115,0,0
2001100000,116,0,0
2001100000,117,0,0
2001100000,118,0,0
2001100000,119,0,0
2001100000,120,1,1
2001100000,121,0,0
2001100000,122,0,0
2001100000,123,0,0
2001100000,124,0,0
2001100000,125,0,0
2001100000,126,0,0
2001100000,127,0,0
2001100000,128,0,0
2001100000,129,0,0
2001100000,130,0,0
2001100000,131,0,0
2001100000,132,0,0
2001100000,133,0,0
2001100000,134,0,0
2001100000,135,0,0
2001100000,136,0,0
2001100000,137,0,0
2001100000,138,0,0
2001100000,139,0,0
2001100000,140,1,1
2001100000,141,0,0
2001100000,142,0,0
2001100000,143,0,0
2001100000,144,0,0
2001100000,145,0,0
2001100000,146,0,0
2001100000,147,0,0
2001100000,148,0,0
2001100000,149,0,0
2001100000,150,0,0
2001100000,151,0,0
2001100000,152,0,0
2001100000,153,0,0
2001100000,154,0,0
2001100000,155,0,0
2001100000,156,0,0
2001100000,157,0,0
2001100000,158,0,0
2001100000,159,0,0
2001100000,160,0,0
2001100000,161,0,0
2001100000,162,0,0
2001100000,163,0,0
2001100000,164,0,0
2001100000,165,0,0
2001100000,166,0,0
2001100000,167,0,0
2001100000,168,0,0
2001100000,169,0,0
2001100000,170,0,0
2001100000,171,0,0
2001100000,172,0,0
2001100000,173,0,0
2001100000,174,0,0
2001100000,175,0,0
2001100000,176,0,0
2001100000,177,0,0
2001100000,178,0,0
2001100000,179,0,0
2001100000,180,0,0
2001100000,181,0,0
2001100000,182,0,0
2001100000,183,0,0
2001100000,184,0,0
2001100000,185,0,0
2001100000,186,0,0
2001100000,187,0,0
2001100000,188,0,0
2001100000,189,0,0
2001100000,190,0,0
2001100000,191,0,0
2001100000,192,0,0
2001100000,193,0,0
2001100000,194,0,0
2001100000,195,0,0
2001100000,196,0,0
2001100000,197,0,0
2001100000,198,0,0
2001100000,199,0,0
2001100000,200,0,0
2001100000,201,0,0
2001100000,202,0,0
2001100000,203,0,0
2001100000,204,0,0
2001100000,205,0,0
2001100000,206,0,0
2001100000,207,0,0
2001100000,208,0,0
2001100000,209,0,0
2001100000,210,0,0
2001100000,211,0,0
2001100000,212,0,0
2001100000,213,0,0
2001100000,214,0,0
2001100000,215,0,0
2001100000,216,0,0
2001100000,217,0,0
2001100000,218,0,0
2001100000,219,0,0
2001100000,220,0,0
2001100000,221,0,0
2001100000,222,0,0
2001100000,223,0,0
2001100000,224,0,0
2001100000,225,0,0
2001100000,226,0,0
2001100000,227,0,0
2001100000,228,0,0
2001100000,229,0,0
2001100000,230,0,0
2001100000,231,0,0
2001100000,232,0,0
2001100000,233,0,0
2001100000,234,0,0
2001100000,235,0,0
2001100000,236,0,0
2001100000,237,0,0
2001100000,238,0,0
2001100000,239,0,0
2001100000,240,0,0
2001100000,241,0,0
2001100000,242,0,0
2001100000,243,0,0
2001100000,244,0,0
2001100000,245,0,0
2001100000,246,0,0
2001100000,247,0,0
2001100000,248,0,0
2001100000,249,0,0
2001100000,250,0,0
2001100000,251,0,0
2001100000,252,0,0
2001100000,253,0,0
2001100000,254,0,0
2001100000,255,0,0
2001100000,256,0,0
2001100000,257,0,0
2001100000,258,0,0
2001100000,259,0,0
2001100000,260,0,0
2001100000,261,0,0
2001100000,262,0,0
2001100000,263,0,0
2001100000,264,0,0
2001100000,265,0,0
2001100000,266,0,0
2001100000,267,0,0
2001100000,268,0,0
2001100000,269,0,0
2001100000,270,0,0
2001100000,271,0,0
2001100000,272,0,0
2001100000,273,0,0
2001100000,274,0,0
2001100000,275,0,0
2001100000,276,0,0
2001100000,277,0,0
2001100000,278,0,0
2001100000,279,0,0
2001100000,280,0,0
2001100000,281,0,0
2001100000,282,0,0
2001100000,283,0,0
2001100000,284,0,0
2001100000,285,0,0
2001100000,286,0,0
2001100000,287,0,0
2001110000,32,0,0
2001110000,33,0,0
2001110000,34,0,0
2001110000,35,0,0
2001110000,36,0,0
2001110000,37,0,0
2001110000,38,0,0
2001110000,39,0,0
2001110000,40,0,0
2001110000,41,0,0
2001110000,42,0,0
2001110000,43,0,0
2001110000,44,0,0
2001110000,45,0,0
2001110000,46,0,0
2001110000,47,0,0
2001110000,48,0,0
2001110000,49,0,0
2001110000,50,0,0
2001110000,51,0,0
2001110000,52,0,0
2001110000,53,0,0
2001110000,54,0,0
2001110000,55,0,0
2001110000,56,0,0
2001110000,57,0,0
2001110000,58,0,0
2001110000,59,0,0
2001110000,60,0,0
2001110000,61,0,0
2001110000,62,0,0
2001110000,63,0,0
2001110000,64,0,0
2001110000,65,0,0
2001110000,66,0,0
2001110000,67,0,0
2001110000,68,0,0
2001110000,69,0,0
2001110000,70,0,0
2001110000,71,0,0
2001110000,72,0,0
2001110000,73,0,0
2001110000,74,0,0
2001110000,75,0,0
2001110000,76,0,0
2001110000,77,0,0
2001110000,78,0,0
2001110000,79,0,0
2001110000,80,0,0
2001110000,81,0,0
2001110000,82,0,0
2001110000,83,0,0
2001110000,84,0,0
2001110000,85,0,0
2001110000,86,0,0
2001110000,87,0,0
2001110000,88,0,0
2001110000,89,0,0
2001110000,90,0,0
2001110000,91,0,0
2001110000,92,0,0
2001110000,93,0,0
2001110000,94,0,0
2001110000,95,0,0
2001110000,96,0,0
2001110000,97,0,0
2001110000,98,0,0
2001110000,99,0,0
2001110000,100,0,0
2001110000,101,0,0
2001110000,102,0,0
2001110000,103,0,0
2001110000,104,0,0
2001110000,105,0,0
2001110000,106,0,0
2001110000,107,0,0
2001110000,108,0,0
2001110000,109,0,0
2001110000,110,0,0
2001110000,111,0,0
2001110000,112,0,0
2001110000,113,0,0
2001110000,114,0,0
2001110000,115,0,0
2001110000,116,0,0
2001110000,117,0,0
2001110000,118,0,0
2001110000,119,0,0
2001110000,120,1,1
2001110000,121,0,0
2001110000,122,0,0
2001110000,123,0,0
2001110000,124,0,0
2001110000,125,0,0
2001110000,126,0,0
2001110000,127,0,0
2001110000,128,0,0
2001110000,129,0,0
2001110000,130,0,0
2001110000,131,0,0
2001110000,132,0,0
2001110000,133,0,0
2001110000,134,0,0
2001110000,135,0,0
2001110000,136,0,0
2001110000,137,0,0
2001110000,138,0,0
2001110000,139,0,0
2001110000,140,1,1
2001110000,141,0,0
2001110000,142,0,0
2001110000,143,0,0
2001110000,144,0,0
2001110000,145,0,0
2001110000,146,0,0
2001110000,147,0,0
2001110000,148,0,0
2001110000,149,0,0
2001110000,150,0,0
2001110000,151,0,0
2001110000,152,0,0
2001110000,153,0,0
2001110000,154,0,0
2001110000,155,0,0
2001110000,156,0,0
2001110000,157,0,0
2001110000,158,0,0
2001110000,159,0,0
2001110000,160,0,0
2001110000,161,0,0
2001110000,162,0,0
2001110000,163,0,0
2001110000,164,0,0
2001110000,165,0,0
2001110000,166,0,0
2001110000,167,0,0
2001110000,168,0,0
2001110000,169,0,0
2001110000,170,0,0
2001110000,171,0,0
2001110000,172,0,0
2001110000,173,0,0
2001110000,174,0,0
2001110000,175,0,0
2001110000,176,0,0
2001110000,177,0,0
2001110000,178,0,0
2001110000,179,0,0
2001110000,180,0,0
2001110000,181,0,0
2001110000,182,0,0
2001110000,183,0,0
2001110000,184,0,0
2001110000,185,0,0
2001110000,186,0,0
2001110000,187,0,0
2001110000,188,0,0
2001110000,189,0,0
2001110000,190,0,0
2001110000,191,0,0
2001110000,192,0,0
2001110000,193,0,0
2001110000,194,0,0
2001110000,195,0,0
2001110000,196,0,0
2001110000,197,0,0
2001110000,198,0,0
2001110000,199,0,0
2001110000,200,0,0
2001110000,201,0,0
2001110000,202,0,0
2001110000,203,0,0
2001110000,204,0,0
2001110000,205,0,0
2001110000,206,0,0
2001110000,207,0,0
2001110000,208,0,0
2001110000,209,0,0
2001110000,210,0,0
2001110000,211,0,0
2001110000,212,0,0
2001110000,213,0,0
2001110000,214,0,0
2001110000,215,0,0
2001110000,216,0,0
2001110000,217,0,0
2001110000,218,0,0
2001110000,219,0,0
2001110000,220,0,0
2001110000,221,0,0
2001110000,222,0,0
2001110000,223,0,0
2001110000,224,0,0
2001110000,225,0,0
2001110000,226,0,0
2001110000,227,0,0
2001110000,228,0,0
2001110000,229,0,0
2001110000,230,0,0
2001110000,231,0,0
2001110000,232,0,0
2001110000,233,0,0
2001110000,234,0,0
2001110000,235,0,0
2001110000,236,0,0
2001110000,237,0,0
2001110000,238,0,0
2001110000,239,0,0
2001110000,240,0,0
2001110000,241,0,0
2001110000,242,0,0
2001110000,243,0,0
2001110000,244,0,0
2001110000,245,0,0
2001110000,246,0,0
2001110000,247,0,0
2001110000,248,0,0
2001110000,249,0,0
2001110000,250,0,0
2001110000,251,0,0
2001110000,252,0,0
2001110000,253,0,0
2001110000,254,0,0
2001110000,255,0,0
2001110000,256,0,0
2001110000,257,0,0
2001110000,258,0,0
2001110000,259,0,0
2001110000,260,0,0
2001110000,261,0,0
2001110000,262,0,0
2001110000,263,0,0
2001110000,264,0,0
2001110000,265,0,0
2001110000,266,0,0
2001110000,267,0,0
2001110000,268,0,0
2001110000,269,0,0
2001110000,270,0,0
2001110000,271,0,0
2001110000,272,0,0
2001110000,273,0,0
2001110000,274,0,0
2001110000,275,0,0
2001110000,276,0,0
2001110000,277,0,0
2001110000,278,0,0
2001110000,279,0,0
2001110000,280,0,0
2001110000,281,0,0
2001110000,282,0,0
2001110000,283,0,0
2001110000,284,0,0
2001110000,285,0,0
2001110000,286,0,0
2001110000,287,0,0
2001120000,32,0,0
2001120000,33,0,0
2001120000,34,0,0
2001120000,35,0,0
2001120000,36,0,0
2001120000,37,0,0
2001120000,38,0,0
2001120000,39,0,0
2001120000,40,0,0
2001120000,41,0,0
2001120000,42,0,0
2001120000,43,0,0
2001120000,44,0,0
2001120000,45,0,0
2001120000,46,0,0
2001120000,47,0,0
2001120000,48,0,0
2001120000,49,0,0
2001120000,50,0,0
2001120000,51,0,0
2001120000,52,0,0
2001120000,53,0,0
2001120000,54,0,0
2001120000,55,0,0
2001120000,56,0,0
2001120000,57,0,0
2001120000,58,0,0
2001120000,59,0,0
2001120000,60,0,0
2001120000,61,0,0
2001120000,62,0,0
2001120000,63,0,0
2001120000,64,0,0
2001120000,65,0,0
2001120000,66,0,0
2001120000,67,0,0
2001120000,68,0,0
2001120000,69,0,0
2001120000,70,0,0
2001120000,71,0,0
2001120000,72,0,0
2001120000,73,0,0
2001120000,74,0,0
2001120000,75,0,0
2001120000,76,0,0
2001120000,77,0,0
2001120000,78,0,0
2001120000,79,0,0
2001120000,80,0,0
2001120000,81,0,0
2001120000,82,0,0
2001120000,83,0,0
2001120000,84,0,0
2001120000,85,0,0
2001120000,86,0,0
2001120000,87,0,0
2001120000,88,0,0
2001120000,89,0,0
2001120000,90,0,0
2001120000,91,0,0
2001120000,92,0,0
2001120000,93,0,0
2001120000,94,0,0
2001120000,95,0,0
2001120000,96,0,0
2001120000,97,0,0
2001120000,98,0,0
2001120000,99,0,0
2001120000,100,0,0
2001120000,101,0,0
2001120000,102,0,0
2001120000,103,0,0
2001120000,104,0,0
2001120000,105,0,0
2001120000,106,0,0
2001120000,107,0,0
2001120000,108,0,0
2001120000,109,0,0
2001120000,110,0,0
2001120000,111,0,0
2001120000,112,0,0
2001120000,113,0,0
2001120000,114,0,0
2001120000,115,0,0
2001120000,116,0,0
2001120000,117,0,0
2001120000,118,0,0
2001120000,119,0,0
2001120000,120,1,1
2001120000,121,0,0
2001120000,122,0,0
2001120000,123,0,0
2001120000,124,0,0
2001120000,125,0,0
2001120000,126,0,0
2001120000,127,0,0
2001120000,128,0,0
2001120000,129,0,0
2001120000,130,0,0
2001120000,131,0,0
2001120000,132,0,0
2001120000,133,0,0
2001120000,134,0,0
2001120000,135,0,0
2001120000,136,0,0
2001120000,137,0,0
2001120000,138,0,0
2001120000,139,0,0
2001120000,140,1,1
2001120000,141,0,0
2001120000,142,0,0
2001120000,143,0,0
2001120000,144,0,0
2001120000,145,0,0
2001120000,146,0,0
2001120000,147,0,0
2001120000,148,0,0
2001120000,149,0,0
2001120000,150,0,0
2001120000,151,0,0
2001120000,152,0,0
2001120000,153,0,0
2001120000,154,0,0
2001120000,155,0,0
2001120000,156,0,0
2001120000,157,0,0
2001120000,158,0,0
2001120000,159,0,0
2001120000,160,0,0
2001120000,161,0,0
2001120000,162,0,0
2001120000,163,0,0
2001120000,164,0,0
2001120000,165,0,0
2001120000,166,0,0
2001120000,167,0,0
2001120000,168,0,0
2001120000,169,0,0
2001120000,170,0,0
2001120000,171,0,0
2001120000,172,0,0
2001120000,173,0,0
2001120000,174,0,0
2001120000,175,0,0
2001120000,176,0,0
2001120000,177,0,0
2001120000,178,0,0
2001120000,179,0,0
2001120000,180,0,0
2001120000,181,0,0
2001120000,182,0,0
2001120000,183,0,0
2001120000,184,0,0
2001120000,185,0,0
2001120000,186,0,0
2001120000,187,0,0
2001120000,188,0,0
2001120000,189,0,0
2001120000,190,0,0
2001120000,191,0,0
2001120000,192,0,0
2001120000,193,0,0
2001120000,194,0,0
2001120000,195,0,0
2001120000,196,0,0
2001120000,197,0,0
2001120000,198,0,0
2001120000,199,0,0
2001120000,200,0,0
2001120000,201,0,0
2001120000,202,0,0
2001120000,203,0,0
2001120000,204,0,0
2001120000,205,0,0
2001120000,206,0,0
2001120000,207,0,0
2001120000,208,0,0
2001120000,209,0,0
2001120000,210,0,0
2001120000,211,0,0
2001120000,212,0,0
2001120000,213,0,0
2001120000,214,0,0
2001120000,215,0,0
2001120000,216,0,0
2001120000,217,0,0
2001120000,218,0,0
2001120000,219,0,0
2001120000,220,0,0
2001120000,221,0,0
2001120000,222,0,0
2001120000,223,0,0
2001120000,224,0,0
2001120000,225,0,0
2001120000,226,0,0
2001120000,227,0,0
2001120000,228,0,0
2001120000,229,0,0
2001120000,230,0,0
2001120000,231,0,0
2001120000,232,0,0
2001120000,233,0,0
2001120000,234,0,0
2001120000,235,0,0
2001120000,236,0,0
2001120000,237,0,0
2001120000,238,0,0
2001120000,239,0,0
2001120000,240,0,0
2001120000,241,0,0
2001120000,242,0,0
2001120000,243,0,0
2001120000,244,0,0
2001120000,245,0,0
2001120000,246,0,0
2001120000,247,0,0
2001120000,248,0,0
2001120000,249,0,0
2001120000,250,0,0
2001120000,251,0,0
2001120000,252,0,0
2001120000,253,0,0
2001120000,254,0,0
2001120000,255,0,0
2001120000,256,0,0
2001120000,257,0,0
2001120000,258,0,0
2001120000,259,0,0
2001120000,260,0,0
2001120000,261,0,0
2001120000,262,0,0
2001120000,263,0,0
2001120000,264,0,0
2001120000,265,0,0
2001120000,266,0,0
2001120000,267,0,0
2001120000,268,0,0
2001120000,269,0,0
2001120000,270,0,0
2001120000,271,0,0
2001120000,272,0,0
2001120000,273,0,0
2001120000,274,0,0
2001120000,275,0,0
2001120000,276,0,0
2001120000,277,0,0
2001120000,278,0,0
2001120000,279,0,0
2001120000,280,0,0
2001120000,281,0,0
2001120000,282,0,0
2001120000,283,0,0
2001120000,284,0,0
2001120000,285,0,0
2001120000,286,0,0
2001120000,287,0,0
2001130000,32,0,0
2001130000,33,0,0
2001130000,34,0,0
2001130000,35,0,0
2001130000,36,0,0
2001130000,37,0,0
2001130000,38,0,0
2001130000,39,0,0
2001130000,40,0,0
2001130000,41,0,0
2001130000,42,0,0
2001130000,43,0,0
2001130000,44,0,0
2001130000,45,0,0
2001130000,46,0,0
2001130000,47,0,0
2001130000,48,0,0
2001130000,49,0,0
2001130000,50,0,0
2001130000,51,0,0
2001130000,52,0,0
2001130000,53,0,0
2001130000,54,0,0
2001130000,55,0,0
2001130000,56,0,0
2001130000,57,0,0
2001130000,58,0,0
2001130000,59,0,0
2001130000,60,0,0
2001130000,61,0,0
2001130000,62,0,0
2001130000,63,0,0
2001130000,64,0,0
2001130000,65,0,0
2001130000,66,0,0
2001130000,67,0,0
2001130000,68,0,0
2001130000,69,0,0
2001130000,70,0,0
2001130000,71,0,0
2001130000,72,0,0
2001130000,73,0,0
2001130000,74,0,0
2001130000,75,0,0
2001130000,76,0,0
2001130000,77,0,0
2001130000,78,0,0
2001130000,79,0,0
2001130000,80,0,0
2001130000,81,0,0
2001130000,82,0,0
2001130000,83,0,0
2001130000,84,0,0
2001130000,85,0,0
2001130000,86,0,0
2001130000,87,0,0
2001130000,88,0,0
2001130000,89,0,0
2001130000,90,0,0
2001130000,91,0,0
2001130000,92,0,0
2001130000,93,0,0
2001130000,94,0,0
2001130000,95,0,0
2001130000,96,0,0
2001130000,97,0,0
2001130000,98,0,0
2001130000,99,0,0
2001130000,100,0,0
2001130000,101,0,0
2001130000,102,0,0
2001130000,103,0,0
2001130000,104,0,0
2001130000,105,0,0
2001130000,106,0,0
2001130000,107,0,0
2001130000,108,0,0
2001130000,109,0,0
2001130000,110,0,0
2001130000,111,0,0
2001130000,112,0,0
2001130000,113,0,0
2001130000,114,0,0
2001130000,115,0,0
2001130000,116,0,0
2001130000,117,0,0
2001130000,118,0,0
2001130000,119,0,0
2001130000,120,1,1
2001130000,121,0,0
2001130000,122,0,0
2001130000,123,0,0
2001130000,124,0,0
2001130000,125,0,0
2001130000,126,0,0
2001130000,127,0,0
2001130000,128,0,0
2001130000,129,0,0
2001130000,130,0,0
2001130000,131,0,0
2001130000,132,0,0
2001130000,133,0,0
2001130000,134,0,0
2001130000,135,0,0
2001130000,136,0,0
2001130000,137,0,0
2001130000,138,0,0
2001130000,139,0,0
2001130000,140,1,1
2001130000,141,0,0
2001130000,142,0,0
2001130000,143,0,0
2001130000,144,0,0
2001130000,145,0,0
2001130000,146,0,0
2001130000,147,0,0
2001130000,148,0,0
2001130000,149,0,0
2001130000,150,0,0
2001130000,151,0,0
2001130000,152,0,0
2001130000,153,0,0
2001130000,154,0,0
2001130000,155,0,0
2001130000,156,0,0
2001130000,157,0,0
2001130000,158,0,0
2001130000,159,0,0
2001130000,160,0,0
2001130000,161,0,0
2001130000,162,0,0
2001130000,163,0,0
2001130000,164,0,0
2001130000,165,0,0
2001130000,166,0,0
2001130000,167,0,0
2001130000,168,0,0
2001130000,169,0,0
2001130000,170,0,0
2001130000,171,0,0
2001130000,172,0,0
2001130000,173,0,0
2001130000,174,0,0
2001130000,175,0,0
2001130000,176,0,0
2001130000,177,0,0
2001130000,178,0,0
2001130000,179,0,0
2001130000,180,0,0
2001130000,181,0,0
2001130000,182,0,0
2001130000,183,0,0
2001130000,184,0,0
2001130000,185,0,0
2001130000,186,0,0
2001130000,187,0,0
2001130000,188,0,0
2001130000,189,0,0
2001130000,190,0,0
2001130000,191,0,0
2001130000,192,0,0
2001130000,193,0,0
2001130000,194,0,0
2001130000,195,0,0
2001130000,196,0,0
2001130000,197,0,0
2001130000,198,0,0
2001130000,199,0,0
2001130000,200,0,0
2001130000,201,0,0
2001130000,202,0,0
2001130000,203,0,0
2001130000,204,0,0
2001130000,205,0,0
2001130000,206,0,0
2001130000,207,0,0
2001130000,208,0,0
2001130000,209,0,0
2001130000,210,0,0
2001130000,211,0,0
2001130000,212,0,0
2001130000,213,0,0
2001130000,214,0,0
2001130000,215,0,0
2001130000,216,0,0
2001130000,217,0,0
2001130000,218,0,0
2001130000,219,0,0
2001130000,220,0,0
2001130000,221,0,0
2001130000,222,0,0
2001130000,223,0,0
2001130000,224,0,0
2001130000,225,0,0
2001130000,226,0,0
2001130000,227,0,0
2001130000,228,0,0
2001130000,229,0,0
2001130000,230,0,0
2001130000,231,0,0
2001130000,232,0,0
2001130000,233,0,0
2001130000,234,0,0
2001130000,235,0,0
2001130000,236,0,0
2001130000,237,0,0
2001130000,238,0,0
2001130000,239,0,0
2001130000,240,0,0
2001130000,241,0,0
2001130000,242,0,0
2001130000,243,0,0
2001130000,244,0,0
2001130000,245,0,0
2001130000,246,0,0
2001130000,247,0,0
2001130000,248,0,0
2001130000,249,0,0
2001130000,250,0,0
2001130000,251,0,0
2001130000,252,0,0
2001130000,253,0,0
2001130000,254,0,0
2001130000,255,0,0
2001130000,256,0,0
2001130000,257,0,0
2001130000,258,0,0
2001130000,259,0,0
2001130000,260,0,0
2001130000,261,0,0
2001130000,262,0,0
2001130000,263,0,0
2001130000,264,0,0
2001130000,265,0,0
2001130000,266,0,0
2001130000,267,0,0
2001130000,268,0,0
2001130000,269,0,0
2001130000,270,0,0
2001130000,271,0,0
2001130000,272,0,0
2001130000,273,0,0
2001130000,274,0,0
2001130000,275,0,0
2001130000,276,0,0
2001130000,277,0,0
2001130000,278,0,0
2001130000,279,0,0
2001130000,280,0,0
2001130000,281,0,0
2001130000,282,0,0
2001130000,283,0,0
2001130000,284,0,0
2001130000,285,0,0
2001130000,286,0,0
2001130000,287,0,0
2001140000,32,0,0
2001140000,33,0,0
2001140000,34,0,0
2001140000,35,0,0
2001140000,36,0,0
2001140000,37,0,0
2001140000,38,0,0
2001140000,39,0,0
2001140000,40,0,0
2001140000,41,0,0
2001140000,42,0,0
2001140000,43,0,0
2001140000,44,0,0
2001140000,45,0,0
2001140000,46,0,0
2001140000,47,0,0
2001140000,48,0,0
2001140000,49,0,0
2001140000,50,0,0
2001140000,51,0,0
2001140000,52,0,0
2001140000,53,0,0
2001140000,54,0,0
2001140000,55,0,0
2001140000,56,0,0
2001140000,57,0,0
2001140000,58,0,0
2001140000,59,0,0
2001140000,60,0,0
2001140000,61,0,0
2001140000,62,0,0
2001140000,63,0,0
2001140000,64,0,0
2001140000,65,0,0
2001140000,66,0,0
2001140000,67,0,0
2001140000,68,0,0
2001140000,69,0,0
2001140000,70,0,0
2001140000,71,0,0
2001140000,72,0,0
2001140000,73,0,0
2001140000,74,0,0
2001140000,75,0,0
2001140000,76,0,0
2001140000,77,0,0
2001140000,78,0,0
2001140000,79,0,0
2001140000,80,0,0
2001140000,81,0,0
2001140000,82,0,0
2001140000,83,0,0
2001140000,84,0,0
2001140000,85,0,0
2001140000,86,0,0
2001140000,87,0,0
2001140000,88,0,0
2001140000,89,0,0
2001140000,90,0,0
2001140000,91,0,0
2001140000,92,0,0
2001140000,93,0,0
2001140000,94,0,0
2001140000,95,0,0
2001140000,96,0,0
2001140000,97,0,0
2001140000,98,0,0
2001140000,99,0,0
2001140000,100,0,0
2001140000,101,0,0
2001140000,102,0,0
2001140000,103,0,0
2001140000,104,0,0
2001140000,105,0,0
2001140000,106,0,0
2001140000,107,0,0
2001140000,108,0,0
2001140000,109,0,0
2001140000,110,0,0
2001140000,111,0,0
2001140000,112,0,0
2001140000,113,0,0
2001140000,114,0,0
2001140000,115,0,0
2001140000,116,0,0
2001140000,117,0,0
2001140000,118,0,0
2001140000,119,0,0
2001140000,120,1,1
2001140000,121,0,0
2001140000,122,0,0
2001140000,123,0,0
2001140000,124,0,0
2001140000,125,0,0
2001140000,126,0,0
2001140000,127,0,0
2001140000,128,0,0
2001140000,129,0,0
2001140000,130,0,0
2001140000,131,0,0
2001140000,132,0,0
2001140000,133,0,0
2001140000,134,0,0
2001140000,135,0,0
2001140000,136,0,0
2001140000,137,0,0
2001140000,138,0,0
2001140000,139,0,0
2001140000,140,1,1
2001140000,141,0,0
2001140000,142,0,0
2001140000,143,0,0
2001140000,144,0,0
2001140000,145,0,0
2001140000,146,0,0
2001140000,147,0,0
2001140000,148,0,0
2001140000,149,0,0
2001140000,150,0,0
2001140000,151,0,0
2001140000,152,0,0
2001140000,153,0,0
2001140000,154,0,0
2001140000,155,0,0
2001140000,156,0,0
2001140000,157,0,0
2001140000,158,0,0
2001140000,159,0,0
2001140000,160,0,0
2001140000,161,0,0
2001140000,162,0,0
2001140000,163,0,0
2001140000,164,0,0
2001140000,165,0,0
2001140000,166,0,0
2001140000,167,0,0
2001140000,168,0,0
2001140000,169,0,0
2001140000,170,0,0
2001140000,171,0,0
2001140000,172,0,0
2001140000,173,0,0
2001140000,174,0,0
2001140000,175,0,0
2001140000,176,0,0
2001140000,177,0,0
2001140000,178,0,0
2001140000,179,0,0
2001140000,180,0,0
2001140000,181,0,0
2001140000,182,0,0
2001140000,183,0,0
2001140000,184,0,0
2001140000,185,0,0
2001140000,186,0,0
2001140000,187,0,0
2001140000,188,0,0
2001140000,189,0,0
2001140000,190,0,0
2001140000,191,0,0
2001140000,192,0,0
2001140000,193,0,0
2001140000,194,0,0
2001140000,195,0,0
2001140000,196,0,0
2001140000,197,0,0
2001140000,198,0,0
2001140000,199,0,0
2001140000,200,0,0
2001140000,201,0,0
2001140000,202,0,0
2001140000,203,0,0
2001140000,204,0,0
2001140000,205,0,0
2001140000,206,0,0
2001140000,207,0,0
2001140000,208,0,0
2001140000,209,0,0
2001140000,210,0,0
2001140000,211,0,0
2001140000,212,0,0
2001140000,213,0,0
2001140000,214,0,0
2001140000,215,0,0
2001140000,216,0,0
2001140000,217,0,0
2001140000,218,0,0
2001140000,219,0,0
2001140000,220,0,0
2001140000,221,0,0
2001140000,222,0,0
2001140000,223,0,0
2001140000,224,0,0
2001140000,225,0,0
2001140000,226,0,0
2001140000,227,0,0
2001140000,228,0,0
2001140000,229,0,0
2001140000,230,0,0
2001140000,231,0,0
2001140000,232,0,0
2001140000,233,0,0
2001140000,234,0,0
2001140000,235,0,0
2001140000,236,0,0
2001140000,237,0,0
2001140000,238,0,0
2001140000,239,0,0
2001140000,240,0,0
2001140000,241,0,0
2001140000,242,0,0
2001140000,243,0,0
2001140000,244,0,0
2001140000,245,0,0
2001140000,246,0,0
2001140000,247,0,0
2001140000,248,0,0
2001140000,249,0,0
2001140000,250,0,0
2001140000,251,0,0
2001140000,252,0,0
2001140000,253,0,0
2001140000,254,0,0
2001140000,255,0,0
2001140000,256,0,0
2001140000,257,0,0
2001140000,258,0,0
2001140000,259,0,0
2001140000,260,0,0
2001140000,261,0,0
2001140000,262,0,0
2001140000,263,0,0
2001140000,264,0,0
2001140000,265,0,0
2001140000,266,0,0
2001140000,267,0,0
2001140000,268,0,0
2001140000,269,0,0
2001140000,270,0,0
2001140000,271,0,0
2001140000,272,0,0
2001140000,273,0,0
2001140000,274,0,0
2001140000,275,0,0
2001140000,276,0,0
2001140000,277,0,0
2001140000,278,0,0
2001140000,279,0,0
2001140000,280,0,0
2001140000,281,0,0
2001140000,282,0,0
2001140000,283,0,0
2001140000,284,0,0
2001140000,285,0,0
2001140000,286,0,0
2001140000,287,0,0
2001150000,32,0,0
2001150000,33,0,0
2001150000,34,0,0
2001150000,35,0,0
2001150000,36,0,0
2001150000,37,0,0
2001150000,38,0,0
2001150000,39,0,0
2001150000,40,0,0
2001150000,41,0,0
2001150000,42,0,0
2001150000,43,0,0
2001150000,44,0,0
2001150000,45,0,0
2001150000,46,0,0
2001150000,47,0,0
2001150000,48,0,0
2001150000,49,0,0
2001150000,50,0,0
2001150000,51,0,0
2001150000,52,0,0
2001150000,53,0,0
2001150000,54,0,0
2001150000,55,0,0
2001150000,56,0,0
2001150000,57,0,0
2001150000,58,0,0
2001150000,59,0,0
2001150000,60,0,0
2001150000,61,0,0
2001150000,62,0,0
2001150000,63,0,0
2001150000,64,0,0
2001150000,65,0,0
2001150000,66,0,0
2001150000,67,0,0
2001150000,68,0,0
2001150000,69,0,0
2001150000,70,0,0
2001150000,71,0,0
2001150000,72,0,0
2001150000,73,0,0
2001150000,74,0,0
2001150000,75,0,0
2001150000,76,0,0
2001150000,77,0,0
2001150000,78,0,0
2001150000,79,0,0
2001150000,80,0,0
2001150000,81,0,0
2001150000,82,0,0
2001150000,83,0,0
2001150000,84,0,0
2001150000,85,0,0
2001150000,86,0,0
2001150000,87,0,0
2001150000,88,0,0
2001150000,89,0,0
2001150000,90,0,0
2001150000,91,0,0
2001150000,92,0,0
2001150000,93,0,0
2001150000,94,0,0
2001150000,95,0,0
2001150000,96,0,0
2001150000,97,0,0
2001150000,98,0,0
2001150000,99,0,0
2001150000,100,0,0
2001150000,101,0,0
2001150000,102,0,0
2001150000,103,0,0
2001150000,104,0,0
2001150000,105,0,0
2001150000,106,0,0
2001150000,107,0,0
2001150000,108,0,0
2001150000,109,0,0
2001150000,110,0,0
2001150000,111,0,0
2001150000,112,0,0
2001150000,113,0,0
2001150000,114,0,0
2001150000,115,0,0
2001150000,116,0,0
2001150000,117,0,0
2001150000,118,0,0
2001150000,119,0,0
2001150000,120,1,1
2001150000,121,0,0
2001150000,122,0,0
2001150000,123,0,0
2001150000,124,0,0
2001150000,125,0,0
2001150000,126,0,0
2001150000,127,0,0
2001150000,128,0,0
2001150000,129,0,0
2001150000,130,0,0
2001150000,131,0,0
2001150000,132,0,0
2001150000,133,0,0
2001150000,134,0,0
2001150000,135,0,0
2001150000,136,0,0
2001150000,137,0,0
2001150000,138,0,0
2001150000,139,0,0
2001150000,140,1,1
2001150000,141,0,0
2001150000,142,0,0
2001150000,143,0,0
2001150000,144,0,0
2001150000,145,0,0
2001150000,146,0,0
2001150000,147,0,0
2001150000,148,0,0
2001150000,149,0,0
2001150000,150,0,0
2001150000,151,0,0
2001150000,152,0,0
2001150000,153,0,0
2001150000,154,0,0
2001150000,155,0,0
2001150000,156,0,0
2001150000,157,0,0
2001150000,158,0,0
2001150000,159,0,0
2001150000,160,0,0
2001150000,161,0,0
2001150000,162,0,0
2001150000,163,0,0
2001150000,164,0,0
2001150000,165,0,0
2001150000,166,0,0
2001150000,167,0,0
2001150000,168,0,0
2001150000,169,0,0
2001150000,170,0,0
2001150000,171,0,0
2001150000,172,0,0
2001150000,173,0,0
2001150000,174,0,0
2001150000,175,0,0
2001150000,176,0,0
2001150000,177,0,0
2001150000,178,0,0
2001150000,179,0,0
2001150000,180,0,0
2001150000,181,0,0
2001150000,182,0,0
2001150000,183,0,0
2001150000,184,0,0
2001150000,185,0,0
2001150000,186,0,0
2001150000,187,0,0
2001150000,188,0,0
2001150000,189,0,0
2001150000,190,0,0
2001150000,191,0,0
2001150000,192,0,0
2001150000,193,0,0
2001150000,194,0,0
2001150000,195,0,0
2001150000,196,0,0
2001150000,197,0,0
2001150000,198,0,0
2001150000,199,0,0
2001150000,200,0,0
2001150000,201,0,0
2001150000,202,0,0
2001150000,203,0,0
2001150000,204,0,0
2001150000,205,0,0
2001150000,206,0,0
2001150000,207,0,0
2001150000,208,0,0
2001150000,209,0,0
2001150000,210,0,0
2001150000,211,0,0
2001150000,212,0,0
2001150000,213,0,0
2001150000,214,0,0
2001150000,215,0,0
2001150000,216,0,0
2001150000,217,0,0
2001150000,218,0,0
2001150000,219,0,0
2001150000,220,0,0
2001150000,221,0,0
2001150000,222,0,0
2001150000,223,0,0
2001150000,224,0,0
2001150000,225,0,0
2001150000,226,0,0
2001150000,227,0,0
2001150000,228,0,0
2001150000,229,0,0
2001150000,230,0,0
2001150000,231,0,0
2001150000,232,0,0
2001150000,233,0,0
2001150000,234,0,0
2001150000,235,0,0
2001150000,236,0,0
2001150000,237,0,0
2001150000,238,0,0
2001150000,239,0,0
2001150000,240,0,0
2001150000,241,0,0
2001150000,242,0,0
2001150000,243,0,0
2001150000,244,0,0
2001150000,245,0,0
2001150000,246,0,0
2001150000,247,0,0
2001150000,248,0,0
2001150000,249,0,0
2001150000,250,0,0
2001150000,251,0,0
2001150000,252,0,0
2001150000,253,0,0
2001150000,254,0,0
2001150000,255,0,0
2001150000,256,0,0
2001150000,257,0,0
2001150000,258,0,0
2001150000,259,0,0
2001150000,260,0,0
2001150000,261,0,0
2001150000,262,0,0
2001150000,263,0,0
2001150000,264,0,0
2001150000,265,0,0
2001150000,266,0,0
2001150000,267,0,0
2001150000,268,0,0
2001150000,269,0,0
2001150000,270,0,0
2001150000,271,0,0
2001150000,272,0,0
2001150000,273,0,0
2001150000,274,0,0
2001150000,275,0,0
2001150000,276,0,0
2001150000,277,0,0
2001150000,278,0,0
2001150000,279,0,0
2001150000,280,0,0
2001150000,281,0,0
2001150000,282,0,0
2001150000,283,0,0
2001150000,284,0,0
2001150000,285,0,0
2001150000,286,0,0
2001150000,287,0,0
2001160000,32,0,0
2001160000,33,0,0
2001160000,34,0,0
2001160000,35,0,0
2001160000,36,0,0
2001160000,37,0,0
2001160000,38,0,0
2001160000,39,0,0
2001160000,40,0,0
2001160000,41,0,0
2001160000,42,0,0
2001160000,43,0,0
2001160000,44,0,0
2001160000,45,0,0
2001160000,46,0,0
2001160000,47,0,0
2001160000,48,0,0
2001160000,49,0,0
2001160000,50,0,0
2001160000,51,0,0
2001160000,52,0,0
2001160000,53,0,0
2001160000,54,0,0
2001160000,55,0,0
2001160000,56,0,0
2001160000,57,0,0
2001160000,58,0,0
2001160000,59,0,0
2001160000,60,0,0
2001160000,61,0,0
2001160000,62,0,0
2001160000,63,0,0
2001160000,64,0,0
2001160000,65,0,0
2001160000,66,0,0
2001160000,67,0,0
2001160000,68,0,0
2001160000,69,0,0
2001160000,70,0,0
2001160000,71,0,0
2001160000,72,0,0
2001160000,73,0,0
2001160000,74,0,0
2001160000,75,0,0
2001160000,76,0,0
2001160000,77,0,0
2001160000,78,0,0
2001160000,79,0,0
2001160000,80,0,0
2001160000,81,0,0
2001160000,82,0,0
2001160000,83,0,0
2001160000,84,0,0
2001160000,85,0,0
2001160000,86,0,0
2001160000,87,0,0
2001160000,88,0,0
2001160000,89,0,0
2001160000,90,0,0
2001160000,91,0,0
2001160000,92,0,0
2001160000,93,0,0
2001160000,94,0,0
2001160000,95,0,0
2001160000,96,0,0
2001160000,97,0,0
2001160000,98,0,0
2001160000,99,0,0
2001160000,100,0,0
2001160000,101,0,0
2001160000,102,0,0
2001160000,103,0,0
2001160000,104,0,0
2001160000,105,0,0
2001160000,106,0,0
2001160000,107,0,0
2001160000,108,0,0
2001160000,109,0,0
2001160000,110,0,0
2001160000,111,0,0
2001160000,112,0,0
2001160000,113,0,0
2001160000,114,0,0
2001160000,115,0,0
2001160000,116,0,0
2001160000,117,0,0
2001160000,118,0,0
2001160000,119,0,0
2001160000,120,1,1
2001160000,121,0,0
2001160000,122,0,0
2001160000,123,0,0
2001160000,124,0,0
2001160000,125,0,0
2001160000,126,0,0
2001160000,127,0,0
2001160000,128,0,0
2001160000,129,0,0
2001160000,130,0,0
2001160000,131,0,0
2001160000,132,0,0
2001160000,133,0,0
2001160000,134,0,0
2001160000,135,0,0
2001160000,136,0,0
2001160000,137,0,0
2001160000,138,0,0
2001160000,139,0,0
2001160000,140,1,1
2001160000,141,0,0
2001160000,142,0,0
2001160000,143,0,0
2001160000,144,0,0
2001160000,145,0,0
2001160000,146,0,0
2001160000,147,0,0
2001160000,148,0,0
2001160000,149,0,0
2001160000,150,0,0
2001160000,151,0,0
2001160000,152,0,0
2001160000,153,0,0
2001160000,154,0,0
2001160000,155,0,0
2001160000,156,0,0
2001160000,157,0,0
2001160000,158,0,0
2001160000,159,0,0
2001160000,160,0,0
2001160000,161,0,0
2001160000,162,0,0
2001160000,163,0,0
2001160000,164,0,0
2001160000,165,0,0
2001160000,166,0,0
2001160000,167,0,0
2001160000,168,0,0
2001160000,169,0,0
2001160000,170,0,0
2001160000,171,0,0
2001160000,172,0,0
2001160000,173,0,0
2001160000,174,0,0
2001160000,175,0,0
2001160000,176,0,0
2001160000,177,0,0
2001160000,178,0,0
2001160000,179,0,0
2001160000,180,0,0
2001160000,181,0,0
2001160000,182,0,0
2001160000,183,0,0
2001160000,184,0,0
2001160000,185,0,0
2001160000,186,0,0
2001160000,187,0,0
2001160000,188,0,0
2001160000,189,0,0
2001160000,190,0,0
2001160000,191,0,0
2001160000,192,0,0
2001160000,193,0,0
2001160000,194,0,0
2001160000,195,0,0
2001160000,196,0,0
2001160000,197,0,0
2001160000,198,0,0
2001160000,199,0,0
2001160000,200,0,0
2001160000,201,0,0
2001160000,202,0,0
2001160000,203,0,0
2001160000,204,0,0
2001160000,205,0,0
2001160000,206,0,0
2001160000,207,0,0
2001160000,208,0,0
2001160000,209,0,0
2001160000,210,0,0
2001160000,211,0,0
2001160000,212,0,0
2001160000,213,0,0
2001160000,214,0,0
2001160000,215,0,0
2001160000,216,0,0
2001160000,217,0,0
2001160000,218,0,0
2001160000,219,0,0
2001160000,220,0,0
2001160000,221,0,0
2001160000,222,0,0
2001160000,223,0,0
2001160000,224,0,0
2001160000,225,0,0
2001160000,226,0,0
2001160000,227,0,0
2001160000,228,0,0
2001160000,229,0,0
2001160000,230,0,0
2001160000,231,0,0
2001160000,232,0,0
2001160000,233,0,0
2001160000,234,0,0
2001160000,235,0,0
2001160000,236,0,0
2001160000,237,0,0
2001160000,238,0,0
2001160000,239,0,0
2001160000,240,0,0
2001160000,241,0,0
2001160000,242,0,0
2001160000,243,0,0
2001160000,244,0,0
2001160000,245,0,0
2001160000,246,0,0
2001160000,247,0,0
2001160000,248,0,0
2001160000,249,0,0
2001160000,250,0,0
2001160000,251,0,0
2001160000,252,0,0
2001160000,253,0,0
2001160000,254,0,0
2001160000,255,0,0
2001160000,256,0,0
2001160000,257,0,0
2001160000,258,0,0
2001160000,259,0,0
2001160000,260,0,0
2001160000,261,0,0
2001160000,262,0,0
2001160000,263,0,0
2001160000,264,0,0
2001160000,265,0,0
2001160000,266,0,0
2001160000,267,0,0
2001160000,268,0,0
2001160000,269,0,0
2001160000,270,0,0
2001160000,271,0,0
2001160000,272,0,0
2001160000,273,0,0
2001160000,274,0,0
2001160000,275,0,0
2001160000,276,0,0
2001160000,277,0,0
2001160000,278,0,0
2001160000,279,0,0
2001160000,280,0,0
2001160000,281,0,0
2001160000,282,0,0
2001160000,283,0,0
2001160000,284,0,0
2001160000,285,0,0
2001160000,286,0,0
2001160000,287,0,0
2001170000,32,0,0
2001170000,33,0,0
2001170000,34,0,0
2001170000,35,0,0
2001170000,36,0,0
2001170000,37,0,0
2001170000,38,0,0
2001170000,39,0,0
2001170000,40,0,0
2001170000,41,0,0
2001170000,42,0,0
2001170000,43,0,0
2001170000,44,0,0
2001170000,45,0,0
2001170000,46,0,0
2001170000,47,0,0
2001170000,48,0,0
2001170000,49,0,0
2001170000,50,0,0
2001170000,51,0,0
2001170000,52,0,0
2001170000,53,0,0
2001170000,54,0,0
2001170000,55,0,0
2001170000,56,0,0
2001170000,57,0,0
2001170000,58,0,0
2001170000,59,0,0
2001170000,60,0,0
2001170000,61,0,0
2001170000,62,0,0
2001170000,63,0,0
2001170000,64,0,0
2001170000,65,0,0
2001170000,66,0,0
2001170000,67,0,0
2001170000,68,0,0
2001170000,69,0,0
2001170000,70,0,0
2001170000,71,0,0
2001170000,72,0,0
2001170000,73,0,0
2001170000,74,0,0
2001170000,75,0,0
2001170000,76,0,0
2001170000,77,0,0
2001170000,78,0,0
2001170000,79,0,0
2001170000,80,0,0
2001170000,81,0,0
2001170000,82,0,0
2001170000,83,0,0
2001170000,84,0,0
2001170000,85,0,0
2001170000,86,0,0
2001170000,87,0,0
2001170000,88,0,0
2001170000,89,0,0
2001170000,90,0,0
2001170000,91,0,0
2001170000,92,0,0
2001170000,93,0,0
2001170000,94,0,0
2001170000,95,0,0
2001170000,96,0,0
2001170000,97,0,0
2001170000,98,0,0
2001170000,99,0,0
2001170000,100,0,0
2001170000,101,0,0
2001170000,102,0,0
2001170000,103,0,0
2001170000,104,0,0
2001170000,105,0,0
2001170000,106,0,0
2001170000,107,0,0
2001170000,108,0,0
2001170000,109,0,0
2001170000,110,0,0
2001170000,111,0,0
2001170000,112,0,0
2001170000,113,0,0
2001170000,114,0,0
2001170000,115,0,0
2001170000,116,0,0
2001170000,117,0,0
2001170000,118,0,0
2001170000,119,0,0
2001170000,120,1,1
2001170000,121,0,0
2001170000,122,0,0
2001170000,123,0,0
2001170000,124,0,0
2001170000,125,0,0
2001170000,126,0,0
2001170000,127,0,0
2001170000,128,0,0
2001170000,129,0,0
2001170000,130,0,0
2001170000,131,0,0
2001170000,132,0,0
2001170000,133,0,0
2001170000,134,0,0
2001170000,135,0,0
2001170000,136,0,0
2001170000,137,0,0
2001170000,138,0,0
2001170000,139,0,0
2001170000,140,1,1
2001170000,141,0,0
2001170000,142,0,0
2001170000,143,0,0
2001170000,144,0,0
2001170000,145,0,0
2001170000,146,0,0
2001170000,147,0,0
2001170000,148,0,0
2001170000,149,0,0
2001170000,150,0,0
2001170000,151,0,0
2001170000,152,0,0
2001170000,153,0,0
2001170000,154,0,0
2001170000,155,0,0
2001170000,156,0,0
2001170000,157,0,0
2001170000,158,0,0
2001170000,159,0,0
2001170000,160,0,0
2001170000,161,0,0
2001170000,162,0,0
2001170000,163,0,0
2001170000,164,0,0
2001170000,165,0,0
2001170000,166,0,0
2001170000,167,0,0
2001170000,168,0,0
2001170000,169,0,0
2001170000,170,0,0
2001170000,171,0,0
2001170000,172,0,0
2001170000,173,0,0
2001170000,174,0,0
2001170000,175,0,0
2001170000,176,0,0
2001170000,177,0,0
2001170000,178,0,0
2001170000,179,0,0
2001170000,180,0,0
2001170000,181,0,0
2001170000,182,0,0
2001170000,183,0,0
2001170000,184,0,0
2001170000,185,0,0
2001170000,186,0,0
2001170000,187,0,0
2001170000,188,0,0
2001170000,189,0,0
2001170000,190,0,0
2001170000,191,0,0
2001170000,192,0,0
2001170000,193,0,0
2001170000,194,0,0
2001170000,195,0,0
2001170000,196,0,0
2001170000,197,0,0
2001170000,198,0,0
2001170000,199,0,0
2001170000,200,0,0
2001170000,201,0,0
2001170000,202,0,0
2001170000,203,0,0
2001170000,204,0,0
2001170000,205,0,0
2001170000,206,0,0
2001170000,207,0,0
2001170000,208,0,0
2001170000,209,0,0
2001170000,210,0,0
2001170000,211,0,0
2001170000,212,0,0
2001170000,213,0,0
2001170000,214,0,0
2001170000,215,0,0
2001170000,216,0,0
2001170000,217,0,0
2001170000,218,0,0
2001170000,219,0,0
2001170000,220,0,0
2001170000,221,0,0
2001170000,222,0,0
2001170000,223,0,0
2001170000,224,0,0
2001170000,225,0,0
2001170000,226,0,0
2001170000,227,0,0
2001170000,228,0,0
2001170000,229,0,0
2001170000,230,0,0
2001170000,231,0,0
2001170000,232,0,0
2001170000,233,0,0
2001170000,234,0,0
2001170000,235,0,0
2001170000,236,0,0
2001170000,237,0,0
2001170000,238,0,0
2001170000,239,0,0
2001170000,240,0,0
2001170000,241,0,0
2001170000,242,0,0
2001170000,243,0,0
2001170000,244,0,0
2001170000,245,0,0
2001170000,246,0,0
2001170000,247,0,0
2001170000,248,0,0
2001170000,249,0,0
2001170000,250,0,0
2001170000,251,0,0
2001170000,252,0,0
2001170000,253,0,0
2001170000,254,0,0
2001170000,255,0,0
2001170000,256,0,0
2001170000,257,0,0
2001170000,258,0,0
2001170000,259,0,0
2001170000,260,0,0
2001170000,261,0,0
2001170000,262,0,0
2001170000,263,0,0
2001170000,264,0,0
2001170000,265,0,0
2001170000,266,0,0
2001170000,267,0,0
2001170000,268,0,0
2001170000,269,0,0
2001170000,270,0,0
2001170000,271,0,0
2001170000,272,0,0
2001170000,273,0,0
2001170000,274,0,0
2001170000,275,0,0
2001170000,276,0,0
2001170000,277,0,0
2001170000,278,0,0
2001170000,279,0,0
2001170000,280,0,0
2001170000,281,0,0
2001170000,282,0,0
2001170000,283,0,0
2001170000,284,0,0
2001170000,285,0,0
2001170000,286,0,0
2001170000,287,0,0
2001180000,32,0,0
2001180000,33,0,0
2001180000,34,0,0
2001180000,35,0,0
2001180000,36,0,0
2001180000,37,0,0
2001180000,38,0,0
2001180000,39,0,0
2001180000,40,0,0
2001180000,41,0,0
2001180000,42,0,0
2001180000,43,0,0
2001180000,44,0,0
2001180000,45,0,0
2001180000,46,0,0
2001180000,47,0,0
2001180000,48,0,0
2001180000,49,0,0
2001180000,50,0,0
2001180000,51,0,0
2001180000,52,0,0
2001180000,53,0,0
2001180000,54,0,0
2001180000,55,0,0
2001180000,56,0,0
2001180000,57,0,0
2001180000,58,0,0
2001180000,59,0,0
2001180000,60,0,0
2001180000,61,0,0
2001180000,62,0,0
2001180000,63,0,0
2001180000,64,0,0
2001180000,65,0,0
2001180000,66,0,0
2001180000,67,0,0
2001180000,68,0,0
2001180000,69,0,0
2001180000,70,0,0
2001180000,71,0,0
2001180000,72,0,0
2001180000,73,0,0
2001180000,74,0,0
2001180000,75,0,0
2001180000,76,0,0
2001180000,77,0,0
2001180000,78,0,0
2001180000,79,0,0
2001180000,80,0,0
2001180000,81,0,0
2001180000,82,0,0
2001180000,83,0,0
2001180000,84,0,0
2001180000,85,0,0
2001180000,86,0,0
2001180000,87,0,0
2001180000,88,0,0
2001180000,89,0,0
2001180000,90,0,0
2001180000,91,0,0
2001180000,92,0,0
2001180000,93,0,0
2001180000,94,0,0
2001180000,95,0,0
2001180000,96,0,0
2001180000,97,0,0
2001180000,98,0,0
2001180000,99,0,0
2001180000,100,0,0
2001180000,101,0,0
2001180000,102,0,0
2001180000,103,0,0
2001180000,104,0,0
2001180000,105,0,0
2001180000,106,0,0
2001180000,107,0,0
2001180000,108,0,0
2001180000,109,0,0
2001180000,110,0,0
2001180000,111,0,0
2001180000,112,0,0
2001180000,113,0,0
2001180000,114,0,0
2001180000,115,0,0
2001180000,116,0,0
2001180000,117,0,0
2001180000,118,0,0
2001180000,119,0,0
2001180000,120,1,1
2001180000,121,0,0
2001180000,122,0,0
2001180000,123,0,0
2001180000,124,0,0
2001180000,125,0,0
2001180000,126,0,0
2001180000,127,0,0
2001180000,128,0,0
2001180000,129,0,0
2001180000,130,0,0
2001180000,131,0,0
2001180000,132,0,0
2001180000,133,0,0
2001180000,134,0,0
2001180000,135,0,0
2001180000,136,0,0
2001180000,137,0,0
2001180000,138,0,0
2001180000,139,0,0
2001180000,140,1,1
2001180000,141,0,0
2001180000,142,0,0
2001180000,143,0,0
2001180000,144,0,0
2001180000,145,0,0
2001180000,146,0,0
2001180000,147,0,0
2001180000,148,0,0
2001180000,149,0,0
2001180000,150,0,0
2001180000,151,0,0
2001180000,152,0,0
2001180000,153,0,0
2001180000,154,0,0
2001180000,155,0,0
2001180000,156,0,0
2001180000,157,0,0
2001180000,158,0,0
2001180000,159,0,0
2001180000,160,0,0
2001180000,161,0,0
2001180000,162,0,0
2001180000,163,0,0
2001180000,164,0,0
2001180000,165,0,0
2001180000,166,0,0
2001180000,167,0,0
2001180000,168,0,0
2001180000,169,0,0
2001180000,170,0,0
2001180000,171,0,0
2001180000,172,0,0
2001180000,173,0,0
2001180000,174,0,0
2001180000,175,0,0
2001180000,176,0,0
2001180000,177,0,0
2001180000,178,0,0
2001180000,179,0,0
2001180000,180,0,0
2001180000,181,0,0
2001180000,182,0,0
2001180000,183,0,0
2001180000,184,0,0
2001180000,185,0,0
2001180000,186,0,0
2001180000,187,0,0
2001180000,188,0,0
2001180000,189,0,0
2001180000,190,0,0
2001180000,191,0,0
2001180000,192,0,0
2001180000,193,0,0
2001180000,194,0,0
2001180000,195,0,0
2001180000,196,0,0
2001180000,197,0,0
2001180000,198,0,0
2001180000,199,0,0
2001180000,200,0,0
2001180000,201,0,0
2001180000,202,0,0
2001180000,203,0,0
2001180000,204,0,0
2001180000,205,0,0
2001180000,206,0,0
2001180000,207,0,0
2001180000,208,0,0
2001180000,209,0,0
2001180000,210,0,0
2001180000,211,0,0
2001180000,212,0,0
2001180000,213,0,0
2001180000,214,0,0
2001180000,215,0,0
2001180000,216,0,0
2001180000,217,0,0
2001180000,218,0,0
2001180000,219,0,0
2001180000,220,0,0
2001180000,221,0,0
2001180000,222,0,0
2001180000,223,0,0
2001180000,224,0,0
2001180000,225,0,0
2001180000,226,0,0
2001180000,227,0,0
2001180000,228,0,0
2001180000,229,0,0
2001180000,230,0,0
2001180000,231,0,0
2001180000,232,0,0
2001180000,233,0,0
2001180000,234,0,0
2001180000,235,0,0
2001180000,236,0,0
2001180000,237,0,0
2001180000,238,0,0
2001180000,239,0,0
2001180000,240,0,0
2001180000,241,0,0
2001180000,242,0,0
2001180000,243,0,0
2001180000,244,0,0
2001180000,245,0,0
2001180000,246,0,0
2001180000,247,0,0
2001180000,248,0,0
2001180000,249,0,0
2001180000,250,0,0
2001180000,251,0,0
2001180000,252,0,0
2001180000,253,0,0
2001180000,254,0,0
2001180000,255,0,0
2001180000,256,0,0
2001180000,257,0,0
2001180000,258,0,0
2001180000,259,0,0
2001180000,260,0,0
2001180000,261,0,0
2001180000,262,0,0
2001180000,263,0,0
2001180000,264,0,0
2001180000,265,0,0
2001180000,266,0,0
2001180000,267,0,0
2001180000,268,0,0
2001180000,269,0,0
2001180000,270,0,0
2001180000,271,0,0
2001180000,272,0,0
2001180000,273,0,0
2001180000,274,0,0
2001180000,275,0,0
2001180000,276,0,0
2001180000,277,0,0
2001180000,278,0,0
2001180000,279,0,0
2001180000,280,0,0
2001180000,281,0,0
2001180000,282,0,0
2001180000,283,0,0
2001180000,284,0,0
2001180000,285,0,0
2001180000,286,0,0
2001180000,287,0,0
2001190000,32,0,0
2001190000,33,0,0
2001190000,34,0,0
2001190000,35,0,0
2001190000,36,0,0
2001190000,37,0,0
2001190000,38,0,0
2001190000,39,0,0
2001190000,40,0,0
2001190000,41,0,0
2001190000,42,0,0
2001190000,43,0,0
2001190000,44,0,0
2001190000,45,0,0
2001190000,46,0,0
2001190000,47,0,0
2001190000,48,0,0
2001190000,49,0,0
2001190000,50,0,0
2001190000,51,0,0
2001190000,52,0,0
2001190000,53,0,0
2001190000,54,0,0
2001190000,55,0,0
2001190000,56,0,0
2001190000,57,0,0
2001190000,58,0,0
2001190000,59,0,0
2001190000,60,0,0
2001190000,61,0,0
2001190000,62,0,0
2001190000,63,0,0
2001190000,64,0,0
2001190000,65,0,0
2001190000,66,0,0
2001190000,67,0,0
2001190000,68,0,0
2001190000,69,0,0
2001190000,70,0,0
2001190000,71,0,0
2001190000,72,0,0
2001190000,73,0,0
2001190000,74,0,0
2001190000,75,0,0
2001190000,76,0,0
2001190000,77,0,0
2001190000,78,0,0
2001190000,79,0,0
2001190000,80,0,0
2001190000,81,0,0
2001190000,82,0,0
2001190000,83,0,0
2001190000,84,0,0
2001190000,85,0,0
2001190000,86,0,0
2001190000,87,0,0
2001190000,88,0,0
2001190000,89,0,0
2001190000,90,0,0
2001190000,91,0,0
2001190000,92,0,0
2001190000,93,0,0
2001190000,94,0,0
2001190000,95,0,0
2001190000,96,0,0
2001190000,97,0,0
2001190000,98,0,0
2001190000,99,0,0
2001190000,100,0,0
2001190000,101,0,0
2001190000,102,0,0
2001190000,103,0,0
2001190000,104,0,0
2001190000,105,0,0
2001190000,106,0,0
2001190000,107,0,0
2001190000,108,0,0
2001190000,109,0,0
2001190000,110,0,0
2001190000,111,0,0
2001190000,112,0,0
2001190000,113,0,0
2001190000,114,0,0
2001190000,115,0,0
2001190000,116,0,0
2001190000,117,0,0
2001190000,118,0,0
2001190000,119,0,0
2001190000,120,1,1
2001190000,121,0,0
2001190000,122,0,0
2001190000,123,0,0
2001190000,124,0,0
2001190000,125,0,0
2001190000,126,0,0
2001190000,127,0,0
2001190000,128,0,0
2001190000,129,0,0
2001190000,130,0,0
2001190000,131,0,0
2001190000,132,0,0
2001190000,133,0,0
2001190000,134,0,0
2001190000,135,0,0
2001190000,136,0,0
2001190000,137,0,0
2001190000,138,0,0
2001190000,139,0,0
2001190000,140,1,1
2001190000,141,0,0
2001190000,142,0,0
2001190000,143,0,0
2001190000,144,0,0
2001190000,145,0,0
2001190000,146,0,0
2001190000,147,0,0
2001190000,148,0,0
2001190000,149,0,0
2001190000,150,0,0
2001190000,151,0,0
2001190000,152,0,0
2001190000,153,0,0
2001190000,154,0,0
2001190000,155,0,0
2001190000,156,0,0
2001190000,157,0,0
2001190000,158,0,0
2001190000,159,0,0
2001190000,160,0,0
2001190000,161,0,0
2001190000,162,0,0
2001190000,163,0,0
2001190000,164,0,0
2001190000,165,0,0
2001190000,166,0,0
2001190000,167,0,0
2001190000,168,0,0
2001190000,169,0,0
2001190000,170,0,0
2001190000,171,0,0
2001190000,172,0,0
2001190000,173,0,0
2001190000,174,0,0
2001190000,175,0,0
2001190000,176,0,0
2001190000,177,0,0
2001190000,178,0,0
2001190000,179,0,0
2001190000,180,0,0
2001190000,181,0,0
2001190000,182,0,0
2001190000,183,0,0
2001190000,184,0,0
2001190000,185,0,0
2001190000,186,0,0
2001190000,187,0,0
2001190000,188,0,0
2001190000,189,0,0
2001190000,190,0,0
2001190000,191,0,0
2001190000,192,0,0
2001190000,193,0,0
2001190000,194,0,0
2001190000,195,0,0
2001190000,196,0,0
2001190000,197,0,0
2001190000,198,0,0
2001190000,199,0,0
2001190000,200,0,0
2001190000,201,0,0
2001190000,202,0,0
2001190000,203,0,0
2001190000,204,0,0
2001190000,205,0,0
2001190000,206,0,0
2001190000,207,0,0
2001190000,208,0,0
2001190000,209,0,0
2001190000,210,0,0
2001190000,211,0,0
2001190000,212,0,0
2001190000,213,0,0
2001190000,214,0,0
2001190000,215,0,0
2001190000,216,0,0
2001190000,217,0,0
2001190000,218,0,0
2001190000,219,0,0
2001190000,220,0,0
2001190000,221,0,0
2001190000,222,0,0
2001190000,223,0,0
2001190000,224,0,0
2001190000,225,0,0
2001190000,226,0,0
2001190000,227,0,0
2001190000,228,0,0
2001190000,229,0,0
2001190000,230,0,0
2001190000,231,0,0
2001190000,232,0,0
2001190000,233,0,0
2001190000,234,0,0
2001190000,235,0,0
2001190000,236,0,0
2001190000,237,0,0
2001190000,238,0,0
2001190000,239,0,0
2001190000,240,0,0
2001190000,241,0,0
2001190000,242,0,0
2001190000,243,0,0
2001190000,244,0,0
2001190000,245,0,0
2001190000,246,0,0
2001190000,247,0,0
2001190000,248,0,0
2001190000,249,0,0
2001190000,250,0,0
2001190000,251,0,0
2001190000,252,0,0
2001190000,253,0,0
2001190000,254,0,0
2001190000,255,0,0
2001190000,256,0,0
2001190000,257,0,0
2001190000,258,0,0
2001190000,259,0,0
2001190000,260,0,0
2001190000,261,0,0
2001190000,262,0,0
2001190000,263,0,0
2001190000,264,0,0
2001190000,265,0,0
2001190000,266,0,0
2001190000,267,0,0
2001190000,268,0,0
2001190000,269,0,0
2001190000,270,0,0
2001190000,271,0,0
2001190000,272,0,0
2001190000,273,0,0
2001190000,274,0,0
2001190000,275,0,0
2001190000,276,0,0
2001190000,277,0,0
2001190000,278,0,0
2001190000,279,0,0
2001190000,280,0,0
2001190000,281,0,0
2001190000,282,0,0
2001190000,283,0,0
2001190000,284,0,0
2001190000,285,0,0
2001190000,286,0,0
2001190000,287,0,0
2001200000,32,0,0
2001200000,33,0,0
2001200000,34,0,0
2001200000,35,0,0
2001200000,36,0,0
2001200000,37,0,0
2001200000,38,0,0
2001200000,39,0,0
2001200000,40,0,0
2001200000,41,0,0
2001200000,42,0,0
2001200000,43,0,0
2001200000,44,0,0
2001200000,45,0,0
2001200000,46,0,0
2001200000,47,0,0
2001200000,48,0,0
2001200000,49,0,0
2001200000,50,0,0
2001200000,51,0,0
2001200000,52,0,0
2001200000,53,0,0
2001200000,54,0,0
2001200000,55,0,0
2001200000,56,0,0
2001200000,57,0,0
2001200000,58,0,0
2001200000,59,0,0
2001200000,60,0,0
2001200000,61,0,0
2001200000,62,0,0
2001200000,63,0,0
2001200000,64,0,0
2001200000,65,0,0
2001200000,66,0,0
2001200000,67,0,0
2001200000,68,0,0
2001200000,69,0,0
2001200000,70,0,0
2001200000,71,0,0
2001200000,72,0,0
2001200000,73,0,0
2001200000,74,0,0
2001200000,75,0,0
2001200000,76,0,0
2001200000,77,0,0
2001200000,78,0,0
2001200000,79,0,0
2001200000,80,0,0
2001200000,81,0,0
2001200000,82,0,0
2001200000,83,0,0
2001200000,84,0,0
2001200000,85,0,0
2001200000,86,0,0
2001200000,87,0,0
2001200000,88,0,0
2001200000,89,0,0
2001200000,90,0,0
2001200000,91,0,0
2001200000,92,0,0
2001200000,93,0,0
2001200000,94,0,0
2001200000,95,0,0
2001200000,96,0,0
2001200000,97,0,0
2001200000,98,0,0
2001200000,99,0,0
2001200000,100,0,0
2001200000,101,0,0
2001200000,102,0,0
2001200000,103,0,0
2001200000,104,0,0
2001200000,105,0,0
2001200000,106,0,0
2001200000,107,0,0
2001200000,108,0,0
2001200000,109,0,0
2001200000,110,0,0
2001200000,111,0,0
2001200000,112,0,0
2001200000,113,0,0
2001200000,114,0,0
2001200000,115,0,0
2001200000,116,0,0
2001200000,117,0,0
2001200000,118,0,0
2001200000,119,0,0
2001200000,120,1,1
2001200000,121,0,0
2001200000,122,0,0
2001200000,123,0,0
2001200000,124,0,0
2001200000,125,0,0
2001200000,126,0,0
2001200000,127,0,0
2001200000,128,0,0
2001200000,129,0,0
2001200000,130,0,0
2001200000,131,0,0
2001200000,132,0,0
2001200000,133,0,0
2001200000,134,0,0
2001200000,135,0,0
2001200000,136,0,0
2001200000,137,0,0
2001200000,138,0,0
2001200000,139,0,0
2001200000,140,1,1
2001200000,141,0,0
2001200000,142,0,0
2001200000,143,0,0
2001200000,144,0,0
2001200000,145,0,0
2001200000,146,0,0
2001200000,147,0,0
2001200000,148,0,0
2001200000,149,0,0
2001200000,150,0,0
2001200000,151,0,0
2001200000,152,0,0
2001200000,153,0,0
2001200000,154,0,0
2001200000,155,0,0
2001200000,156,0,0
2001200000,157,0,0
2001200000,158,0,0
2001200000,159,0,0
2001200000,160,0,0
2001200000,161,0,0
2001200000,162,0,0
2001200000,163,0,0
2001200000,164,0,0
2001200000,165,0,0
2001200000,166,0,0
2001200000,167,0,0
2001200000,168,0,0
2001200000,169,0,0
2001200000,170,0,0
2001200000,171,0,0
2001200000,172,0,0
2001200000,173,0,0
2001200000,174,0,0
2001200000,175,0,0
2001200000,176,0,0
2001200000,177,0,0
2001200000,178,0,0
2001200000,179,0,0
2001200000,180,0,0
2001200000,181,0,0
2001200000,182,0,0
2001200000,183,0,0
2001200000,184,0,0
2001200000,185,0,0
2001200000,186,0,0
2001200000,187,0,0
2001200000,188,0,0
2001200000,189,0,0
2001200000,190,0,0
2001200000,191,0,0
2001200000,192,0,0
2001200000,193,0,0
2001200000,194,0,0
2001200000,195,0,0
2001200000,196,0,0
2001200000,197,0,0
2001200000,198,0,0
2001200000,199,0,0
2001200000,200,0,0
2001200000,201,0,0
2001200000,202,0,0
2001200000,203,0,0
2001200000,204,0,0
2001200000,205,0,0
2001200000,206,0,0
2001200000,207,0,0
2001200000,208,0,0
2001200000,209,0,0
2001200000,210,0,0
2001200000,211,0,0
2001200000,212,0,0
2001200000,213,0,0
2001200000,214,0,0
2001200000,215,0,0
2001200000,216,0,0
2001200000,217,0,0
2001200000,218,0,0
2001200000,219,0,0
2001200000,220,0,0
2001200000,221,0,0
2001200000,222,0,0
2001200000,223,0,0
2001200000,224,0,0
2001200000,225,0,0
2001200000,226,0,0
2001200000,227,0,0
2001200000,228,0,0
2001200000,229,0,0
2001200000,230,0,0
2001200000,231,0,0
2001200000,232,0,0
2001200000,233,0,0
2001200000,234,0,0
2001200000,235,0,0
2001200000,236,0,0
2001200000,237,0,0
2001200000,238,0,0
2001200000,239,0,0
2001200000,240,0,0
2001200000,241,0,0
2001200000,242,0,0
2001200000,243,0,0
2001200000,244,0,0
2001200000,245,0,0
2001200000,246,0,0
2001200000,247,0,0
2001200000,248,0,0
2001200000,249,0,0
2001200000,250,0,0
2001200000,251,0,0
2001200000,252,0,0
2001200000,253,0,0
2001200000,254,0,0
2001200000,255,0,0
2001200000,256,0,0
2001200000,257,0,0
2001200000,258,0,0
2001200000,259,0,0
2001200000,260,0,0
2001200000,261,0,0
2001200000,262,0,0
2001200000,263,0,0
2001200000,264,0,0
2001200000,265,0,0
2001200000,266,0,0
2001200000,267,0,0
2001200000,268,0,0
2001200000,269,0,0
2001200000,270,0,0
2001200000,271,0,0
2001200000,272,0,0
2001200000,273,0,0
2001200000,274,0,0
2001200000,275,0,0
2001200000,276,0,0
2001200000,277,0,0
2001200000,278,0,0
2001200000,279,0,0
2001200000,280,0,0
2001200000,281,0,0
2001200000,282,0,0
2001200000,283,0,0
2001200000,284,0,0
2001200000,285,0,0
2001200000,286,0,0
2001200000,287,0,0
2001210000,32,0,0
2001210000,33,0,0
2001210000,34,0,0
2001210000,35,0,0
2001210000,36,0,0
2001210000,37,0,0
2001210000,38,0,0
2001210000,39,0,0
2001210000,40,0,0
2001210000,41,0,0
2001210000,42,0,0
2001210000,43,0,0
2001210000,44,0,0
2001210000,45,0,0
2001210000,46,0,0
2001210000,47,0,0
2001210000,48,0,0
2001210000,49,0,0
2001210000,50,0,0
2001210000,51,0,0
2001210000,52,0,0
2001210000,53,0,0
2001210000,54,0,0
2001210000,55,0,0
2001210000,56,0,0
2001210000,57,0,0
2001210000,58,0,0
2001210000,59,0,0
2001210000,60,0,0
2001210000,61,0,0
2001210000,62,0,0
2001210000,63,0,0
2001210000,64,0,0
2001210000,65,0,0
2001210000,66,0,0
2001210000,67,0,0
2001210000,68,0,0
2001210000,69,0,0
2001210000,70,0,0
2001210000,71,0,0
2001210000,72,0,0
2001210000,73,0,0
2001210000,74,0,0
2001210000,75,0,0
2001210000,76,0,0
2001210000,77,0,0
2001210000,78,0,0
2001210000,79,0,0
2001210000,80,0,0
2001210000,81,0,0
2001210000,82,0,0
2001210000,83,0,0
2001210000,84,0,0
2001210000,85,0,0
2001210000,86,0,0
2001210000,87,0,0
2001210000,88,0,0
2001210000,89,0,0
2001210000,90,0,0
2001210000,91,0,0
2001210000,92,0,0
2001210000,93,0,0
2001210000,94,0,0
2001210000,95,0,0
2001210000,96,0,0
2001210000,97,0,0
2001210000,98,0,0
2001210000,99,0,0
2001210000,100,0,0
2001210000,101,0,0
2001210000,102,0,0
2001210000,103,0,0
2001210000,104,0,0
2001210000,105,0,0
2001210000,106,0,0
2001210000,107,0,0
2001210000,108,0,0
2001210000,109,0,0
2001210000,110,0,0
2001210000,111,0,0
2001210000,112,0,0
2001210000,113,0,0
2001210000,114,0,0
2001210000,115,0,0
2001210000,116,0,0
2001210000,117,0,0
2001210000,118,0,0
2001210000,119,0,0
2001210000,120,1,1
2001210000,121,0,0
2001210000,122,0,0
2001210000,123,0,0
2001210000,124,0,0
2001210000,125,0,0
2001210000,126,0,0
2001210000,127,0,0
2001210000,128,0,0
2001210000,129,0,0
2001210000,130,0,0
2001210000,131,0,0
2001210000,132,0,0
2001210000,133,0,0
2001210000,134,0,0
2001210000,135,0,0
2001210000,136,0,0
2001210000,137,0,0
2001210000,138,0,0
2001210000,139,0,0
2001210000,140,1,1
2001210000,141,0,0
2001210000,142,0,0
2001210000,143,0,0
2001210000,144,0,0
2001210000,145,0,0
2001210000,146,0,0
2001210000,147,0,0
2001210000,148,0,0
2001210000,149,0,0
2001210000,150,0,0
2001210000,151,0,0
2001210000,152,0,0
2001210000,153,0,0
2001210000,154,0,0
2001210000,155,0,0
2001210000,156,0,0
2001210000,157,0,0
2001210000,158,0,0
2001210000,159,0,0
2001210000,160,0,0
2001210000,161,0,0
2001210000,162,0,0
2001210000,163,0,0
2001210000,164,0,0
2001210000,165,0,0
2001210000,166,0,0
2001210000,167,0,0
2001210000,168,0,0
2001210000,169,0,0
2001210000,170,0,0
2001210000,171,0,0
2001210000,172,0,0
2001210000,173,0,0
2001210000,174,0,0
2001210000,175,0,0
2001210000,176,0,0
2001210000,177,0,0
2001210000,178,0,0
2001210000,179,0,0
2001210000,180,0,0
2001210000,181,0,0
2001210000,182,0,0
2001210000,183,0,0
2001210000,184,0,0
2001210000,185,0,0
2001210000,186,0,0
2001210000,187,0,0
2001210000,188,0,0
2001210000,189,0,0
2001210000,190,0,0
2001210000,191,0,0
2001210000,192,0,0
2001210000,193,0,0
2001210000,194,0,0
2001210000,195,0,0
2001210000,196,0,0
2001210000,197,0,0
2001210000,198,0,0
2001210000,199,0,0
2001210000,200,0,0
2001210000,201,0,0
2001210000,202,0,0
2001210000,203,0,0
2001210000,204,0,0
2001210000,205,0,0
2001210000,206,0,0
2001210000,207,0,0
2001210000,208,0,0
2001210000,209,0,0
2001210000,210,0,0
2001210000,211,0,0
2001210000,212,0,0
2001210000,213,0,0
2001210000,214,0,0
2001210000,215,0,0
2001210000,216,0,0
2001210000,217,0,0
2001210000,218,0,0
2001210000,219,0,0
2001210000,220,0,0
2001210000,221,0,0
2001210000,222,0,0
2001210000,223,0,0
2001210000,224,0,0
2001210000,225,0,0
2001210000,226,0,0
2001210000,227,0,0
2001210000,228,0,0
2001210000,229,0,0
2001210000,230,0,0
2001210000,231,0,0
2001210000,232,0,0
2001210000,233,0,0
2001210000,234,0,0
2001210000,235,0,0
2001210000,236,0,0
2001210000,237,0,0
2001210000,238,0,0
2001210000,239,0,0
2001210000,240,0,0
2001210000,241,0,0
2001210000,242,0,0
2001210000,243,0,0
2001210000,244,0,0
2001210000,245,0,0
2001210000,246,0,0
2001210000,247,0,0
2001210000,248,0,0
2001210000,249,0,0
2001210000,250,0,0
2001210000,251,0,0
2001210000,252,0,0
2001210000,253,0,0
2001210000,254,0,0
2001210000,255,0,0
2001210000,256,0,0
2001210000,257,0,0
2001210000,258,0,0
2001210000,259,0,0
2001210000,260,0,0
2001210000,261,0,0
2001210000,262,0,0
2001210000,263,0,0
2001210000,264,0,0
2001210000,265,0,0
2001210000,266,0,0
2001210000,267,0,0
2001210000,268,0,0
2001210000,269,0,0
2001210000,270,0,0
2001210000,271,0,0
2001210000,272,0,0
2001210000,273,0,0
2001210000,274,0,0
2001210000,275,0,0
2001210000,276,0,0
2001210000,277,0,0
2001210000,278,0,0
2001210000,279,0,0
2001210000,280,0,0
2001210000,281,0,0
2001210000,282,0,0
2001210000,283,0,0
2001210000,284,0,0
2001210000,285,0,0
2001210000,286,0,0
2001210000,287,0,0
2001220000,32,0,0
2001220000,33,0,0
2001220000,34,0,0
2001220000,35,0,0
2001220000,36,0,0
2001220000,37,0,0
2001220000,38,0,0
2001220000,39,0,0
2001220000,40,0,0
2001220000,41,0,0
2001220000,42,0,0
2001220000,43,0,0
2001220000,44,0,0
2001220000,45,0,0
2001220000,46,0,0
2001220000,47,0,0
2001220000,48,0,0
2001220000,49,0,0
2001220000,50,0,0
2001220000,51,0,0
2001220000,52,0,0
2001220000,53,0,0
2001220000,54,0,0
2001220000,55,0,0
2001220000,56,0,0
2001220000,57,0,0
2001220000,58,0,0
2001220000,59,0,0
2001220000,60,0,0
2001220000,61,0,0
2001220000,62,0,0
2001220000,63,0,0
2001220000,64,0,0
2001220000,65,0,0
2001220000,66,0,0
2001220000,67,0,0
2001220000,68,0,0
2001220000,69,0,0
2001220000,70,0,0
2001220000,71,0,0
2001220000,72,0,0
2001220000,73,0,0
2001220000,74,0,0
2001220000,75,0,0
2001220000,76,0,0
2001220000,77,0,0
2001220000,78,0,0
2001220000,79,0,0
2001220000,80,0,0
2001220000,81,0,0
2001220000,82,0,0
2001220000,83,0,0
2001220000,84,0,0
2001220000,85,0,0
2001220000,86,0,0
2001220000,87,0,0
2001220000,88,0,0
2001220000,89,0,0
2001220000,90,0,0
2001220000,91,0,0
2001220000,92,0,0
2001220000,93,0,0
2001220000,94,0,0
2001220000,95,0,0
2001220000,96,0,0
2001220000,97,0,0
2001220000,98,0,0
2001220000,99,0,0
2001220000,100,0,0
2001220000,101,0,0
2001220000,102,0,0
2001220000,103,0,0
2001220000,104,0,0
2001220000,105,0,0
2001220000,106,0,0
2001220000,107,0,0
2001220000,108,0,0
2001220000,109,0,0
2001220000,110,0,0
2001220000,111,0,0
2001220000,112,0,0
2001220000,113,0,0
2001220000,114,0,0
2001220000,115,0,0
2001220000,116,0,0
2001220000,117,0,0
2001220000,118,0,0
2001220000,119,0,0
2001220000,120,1,1
2001220000,121,0,0
2001220000,122,0,0
2001220000,123,0,0
2001220000,124,0,0
2001220000,125,0,0
2001220000,126,0,0
2001220000,127,0,0
2001220000,128,0,0
2001220000,129,0,0
2001220000,130,0,0
2001220000,131,0,0
2001220000,132,0,0
2001220000,133,0,0
2001220000,134,0,0
2001220000,135,0,0
2001220000,136,0,0
2001220000,137,0,0
2001220000,138,0,0
2001220000,139,0,0
2001220000,140,1,1
2001220000,141,0,0
2001220000,142,0,0
2001220000,143,0,0
2001220000,144,0,0
2001220000,145,0,0
2001220000,146,0,0
2001220000,147,0,0
2001220000,148,0,0
2001220000,149,0,0
2001220000,150,0,0
2001220000,151,0,0
2001220000,152,0,0
2001220000,153,0,0
2001220000,154,0,0
2001220000,155,0,0
2001220000,156,0,0
2001220000,157,0,0
2001220000,158,0,0
2001220000,159,0,0
2001220000,160,0,0
2001220000,161,0,0
2001220000,162,0,0
2001220000,163,0,0
2001220000,164,0,0
2001220000,165,0,0
2001220000,166,0,0
2001220000,167,0,0
2001220000,168,0,0
2001220000,169,0,0
2001220000,170,0,0
2001220000,171,0,0
2001220000,172,0,0
2001220000,173,0,0
2001220000,174,0,0
2001220000,175,0,0
2001220000,176,0,0
2001220000,177,0,0
2001220000,178,0,0
2001220000,179,0,0
2001220000,180,0,0
2001220000,181,0,0
2001220000,182,0,0
2001220000,183,0,0
2001220000,184,0,0
2001220000,185,0,0
2001220000,186,0,0
2001220000,187,0,0
2001220000,188,0,0
2001220000,189,0,0
2001220000,190,0,0
2001220000,191,0,0
2001220000,192,0,0
2001220000,193,0,0
2001220000,194,0,0
2001220000,195,0,0
2001220000,196,0,0
2001220000,197,0,0
2001220000,198,0,0
2001220000,199,0,0
2001220000,200,0,0
2001220000,201,0,0
2001220000,202,0,0
2001220000,203,0,0
2001220000,204,0,0
2001220000,205,0,0
2001220000,206,0,0
2001220000,207,0,0
2001220000,208,0,0
2001220000,209,0,0
2001220000,210,0,0
2001220000,211,0,0
2001220000,212,0,0
2001220000,213,0,0
2001220000,214,0,0
2001220000,215,0,0
2001220000,216,0,0
2001220000,217,0,0
2001220000,218,0,0
2001220000,219,0,0
2001220000,220,0,0
2001220000,221,0,0
2001220000,222,0,0
2001220000,223,0,0
2001220000,224,0,0
2001220000,225,0,0
2001220000,226,0,0
2001220000,227,0,0
2001220000,228,0,0
2001220000,229,0,0
2001220000,230,0,0
2001220000,231,0,0
2001220000,232,0,0
2001220000,233,0,0
2001220000,234,0,0
2001220000,235,0,0
2001220000,236,0,0
2001220000,237,0,0
2001220000,238,0,0
2001220000,239,0,0
2001220000,240,0,0
2001220000,241,0,0
2001220000,242,0,0
2001220000,243,0,0
2001220000,244,0,0
2001220000,245,0,0
2001220000,246,0,0
2001220000,247,0,0
2001220000,248,0,0
2001220000,249,0,0
2001220000,250,0,0
2001220000,251,0,0
2001220000,252,0,0
2001220000,253,0,0
2001220000,254,0,0
2001220000,255,0,0
2001220000,256,0,0
2001220000,257,0,0
2001220000,258,0,0
2001220000,259,0,0
2001220000,260,0,0
2001220000,261,0,0
2001220000,262,0,0
2001220000,263,0,0
2001220000,264,0,0
2001220000,265,0,0
2001220000,266,0,0
2001220000,267,0,0
2001220000,268,0,0
2001220000,269,0,0
2001220000,270,0,0
2001220000,271,0,0
2001220000,272,0,0
2001220000,273,0,0
2001220000,274,0,0
2001220000,275,0,0
2001220000,276,0,0
2001220000,277,0,0
2001220000,278,0,0
2001220000,279,0,0
2001220000,280,0,0
2001220000,281,0,0
2001220000,282,0,0
2001220000,283,0,0
2001220000,284,0,0
2001220000,285,0,0
2001220000,286,0,0
2001220000,287,0,0
2001230000,32,0,0
2001230000,33,0,0
2001230000,34,0,0
2001230000,35,0,0
2001230000,36,0,0
2001230000,37,0,0
2001230000,38,0,0
2001230000,39,0,0
2001230000,40,0,0
2001230000,41,0,0
2001230000,42,0,0
2001230000,43,0,0
2001230000,44,0,0
2001230000,45,0,0
2001230000,46,0,0
2001230000,47,0,0
2001230000,48,0,0
2001230000,49,0,0
2001230000,50,0,0
2001230000,51,0,0
2001230000,52,0,0
2001230000,53,0,0
2001230000,54,0,0
2001230000,55,0,0
2001230000,56,0,0
2001230000,57,0,0
2001230000,58,0,0
2001230000,59,0,0
2001230000,60,0,0
2001230000,61,0,0
2001230000,62,0,0
2001230000,63,0,0
2001230000,64,0,0
2001230000,65,0,0
2001230000,66,0,0
2001230000,67,0,0
2001230000,68,0,0
2001230000,69,0,0
2001230000,70,0,0
2001230000,71,0,0
2001230000,72,0,0
2001230000,73,0,0
2001230000,74,0,0
2001230000,75,0,0
2001230000,76,0,0
2001230000,77,0,0
2001230000,78,0,0
2001230000,79,0,0
2001230000,80,0,0
2001230000,81,0,0
2001230000,82,0,0
2001230000,83,0,0
2001230000,84,0,0
2001230000,85,0,0
2001230000,86,0,0
2001230000,87,0,0
2001230000,88,0,0
2001230000,89,0,0
2001230000,90,0,0
2001230000,91,0,0
2001230000,92,0,0
2001230000,93,0,0
2001230000,94,0,0
2001230000,95,0,0
2001230000,96,0,0
2001230000,97,0,0
2001230000,98,0,0
2001230000,99,0,0
2001230000,100,0,0
2001230000,101,0,0
2001230000,102,0,0
2001230000,103,0,0
2001230000,104,0,0
2001230000,105,0,0
2001230000,106,0,0
2001230000,107,0,0
2001230000,108,0,0
2001230000,109,0,0
2001230000,110,0,0
2001230000,111,0,0
2001230000,112,0,0
2001230000,113,0,0
2001230000,114,0,0
2001230000,115,0,0
2001230000,116,0,0
2001230000,117,0,0
2001230000,118,0,0
2001230000,119,0,0
2001230000,120,1,1
2001230000,121,0,0
2001230000,122,0,0
2001230000,123,0,0
2001230000,124,0,0
2001230000,125,0,0
2001230000,126,0,0
2001230000,127,0,0
2001230000,128,0,0
2001230000,129,0,0
2001230000,130,0,0
2001230000,131,0,0
2001230000,132,0,0
2001230000,133,0,0
2001230000,134,0,0
2001230000,135,0,0
2001230000,136,0,0
2001230000,137,0,0
2001230000,138,0,0
2001230000,139,0,0
2001230000,140,1,1
2001230000,141,0,0
2001230000,142,0,0
2001230000,143,0,0
2001230000,144,0,0
2001230000,145,0,0
2001230000,146,0,0
2001230000,147,0,0
2001230000,148,0,0
2001230000,149,0,0
2001230000,150,0,0
2001230000,151,0,0
2001230000,152,0,0
2001230000,153,0,0
2001230000,154,0,0
2001230000,155,0,0
2001230000,156,0,0
2001230000,157,0,0
2001230000,158,0,0
2001230000,159,0,0
2001230000,160,0,0
2001230000,161,0,0
2001230000,162,0,0
2001230000,163,0,0
2001230000,164,0,0
2001230000,165,0,0
2001230000,166,0,0
2001230000,167,0,0
2001230000,168,0,0
2001230000,169,0,0
2001230000,170,0,0
2001230000,171,0,0
2001230000,172,0,0
2001230000,173,0,0
2001230000,174,0,0
2001230000,175,0,0
2001230000,176,0,0
2001230000,177,0,0
2001230000,178,0,0
2001230000,179,0,0
2001230000,180,0,0
2001230000,181,0,0
2001230000,182,0,0
2001230000,183,0,0
2001230000,184,0,0
2001230000,185,0,0
2001230000,186,0,0
2001230000,187,0,0
2001230000,188,0,0
2001230000,189,0,0
2001230000,190,0,0
2001230000,191,0,0
2001230000,192,0,0
2001230000,193,0,0
2001230000,194,0,0
2001230000,195,0,0
2001230000,196,0,0
2001230000,197,0,0
2001230000,198,0,0
2001230000,199,0,0
2001230000,200,0,0
2001230000,201,0,0
2001230000,202,0,0
2001230000,203,0,0
2001230000,204,0,0
2001230000,205,0,0
2001230000,206,0,0
2001230000,207,0,0
2001230000,208,0,0
2001230000,209,0,0
2001230000,210,0,0
2001230000,211,0,0
2001230000,212,0,0
2001230000,213,0,0
2001230000,214,0,0
2001230000,215,0,0
2001230000,216,0,0
2001230000,217,0,0
2001230000,218,0,0
2001230000,219,0,0
2001230000,220,0,0
2001230000,221,0,0
2001230000,222,0,0
2001230000,223,0,0
2001230000,224,0,0
2001230000,225,0,0
2001230000,226,0,0
2001230000,227,0,0
2001230000,228,0,0
2001230000,229,0,0
2001230000,230,0,0
2001230000,231,0,0
2001230000,232,0,0
2001230000,233,0,0
2001230000,234,0,0
2001230000,235,0,0
2001230000,236,0,0
2001230000,237,0,0
2001230000,238,0,0
2001230000,239,0,0
2001230000,240,0,0
2001230000,241,0,0
2001230000,242,0,0
2001230000,243,0,0
2001230000,244,0,0
2001230000,245,0,0
2001230000,246,0,0
2001230000,247,0,0
2001230000,248,0,0
2001230000,249,0,0
2001230000,250,0,0
2001230000,251,0,0
2001230000,252,0,0
2001230000,253,0,0
2001230000,254,0,0
2001230000,255,0,0
2001230000,256,0,0
2001230000,257,0,0
2001230000,258,0,0
2001230000,259,0,0
2001230000,260,0,0
2001230000,261,0,0
2001230000,262,0,0
2001230000,263,0,0
2001230000,264,0,0
2001230000,265,0,0
2001230000,266,0,0
2001230000,267,0,0
2001230000,268,0,0
2001230000,269,0,0
2001230000,270,0,0
2001230000,271,0,0
2001230000,272,0,0
2001230000,273,0,0
2001230000,274,0,0
2001230000,275,0,0
2001230000,276,0,0
2001230000,277,0,0
2001230000,278,0,0
2001230000,279,0,0
2001230000,280,0,0
2001230000,281,0,0
2001230000,282,0,0
2001230000,283,0,0
2001230000,284,0,0
2001230000,285,0,0
2001230000,286,0,0
2001230000,287,0,0
2001240000,32,0,0
2001240000,33,0,0
2001240000,34,0,0
2001240000,35,0,0
2001240000,36,0,0
2001240000,37,0,0
2001240000,38,0,0
2001240000,39,0,0
2001240000,40,0,0
2001240000,41,0,0
2001240000,42,0,0
2001240000,43,0,0
2001240000,44,0,0
2001240000,45,0,0
2001240000,46,0,0
2001240000,47,0,0
2001240000,48,0,0
2001240000,49,0,0
2001240000,50,0,0
2001240000,51,0,0
2001240000,52,0,0
2001240000,53,0,0
2001240000,54,0,0
2001240000,55,0,0
2001240000,56,0,0
2001240000,57,0,0
2001240000,58,0,0
2001240000,59,0,0
2001240000,60,0,0
2001240000,61,0,0
2001240000,62,0,0
2001240000,63,0,0
2001240000,64,0,0
2001240000,65,0,0
2001240000,66,0,0
2001240000,67,0,0
2001240000,68,0,0
2001240000,69,0,0
2001240000,70,0,0
2001240000,71,0,0
2001240000,72,0,0
2001240000,73,0,0
2001240000,74,0,0
2001240000,75,0,0
2001240000,76,0,0
2001240000,77,0,0
2001240000,78,0,0
2001240000,79,0,0
2001240000,80,0,0
2001240000,81,0,0
2001240000,82,0,0
2001240000,83,0,0
2001240000,84,0,0
2001240000,85,0,0
2001240000,86,0,0
2001240000,87,0,0
2001240000,88,0,0
2001240000,89,0,0
2001240000,90,0,0
2001240000,91,0,0
2001240000,92,0,0
2001240000,93,0,0
2001240000,94,0,0
2001240000,95,0,0
2001240000,96,0,0
2001240000,97,0,0
2001240000,98,0,0
2001240000,99,0,0
2001240000,100,0,0
2001240000,101,0,0
2001240000,102,0,0
2001240000,103,0,0
2001240000,104,0,0
2001240000,105,0,0
2001240000,106,0,0
2001240000,107,0,0
2001240000,108,0,0
2001240000,109,0,0
2001240000,110,0,0
2001240000,111,0,0
2001240000,112,0,0
2001240000,113,0,0
2001240000,114,0,0
2001240000,115,0,0
2001240000,116,0,0
2001240000,117,0,0
2001240000,118,0,0
2001240000,119,0,0
2001240000,120,1,1
2001240000,121,0,0
2001240000,122,0,0
2001240000,123,0,0
2001240000,124,0,0
2001240000,125,0,0
2001240000,126,0,0
2001240000,127,0,0
2001240000,128,0,0
2001240000,129,0,0
2001240000,130,0,0
2001240000,131,0,0
2001240000,132,0,0
2001240000,133,0,0
2001240000,134,0,0
2001240000,135,0,0
2001240000,136,0,0
2001240000,137,0,0
2001240000,138,0,0
2001240000,139,0,0
2001240000,140,1,1
2001240000,141,0,0
2001240000,142,0,0
2001240000,143,0,0
2001240000,144,0,0
2001240000,145,0,0
2001240000,146,0,0
2001240000,147,0,0
2001240000,148,0,0
2001240000,149,0,0
2001240000,150,0,0
2001240000,151,0,0
2001240000,152,0,0
2001240000,153,0,0
2001240000,154,0,0
2001240000,155,0,0
2001240000,156,0,0
2001240000,157,0,0
2001240000,158,0,0
2001240000,159,0,0
2001240000,160,0,0
2001240000,161,0,0
2001240000,162,0,0
2001240000,163,0,0
2001240000,164,0,0
2001240000,165,0,0
2001240000,166,0,0
2001240000,167,0,0
2001240000,168,0,0
2001240000,169,0,0
2001240000,170,0,0
2001240000,171,0,0
2001240000,172,0,0
2001240000,173,0,0
2001240000,174,0,0
2001240000,175,0,0
2001240000,176,0,0
2001240000,177,0,0
2001240000,178,0,0
2001240000,179,0,0
2001240000,180,0,0
2001240000,181,0,0
2001240000,182,0,0
2001240000,183,0,0
2001240000,184,0,0
2001240000,185,0,0
2001240000,186,0,0
2001240000,187,0,0
2001240000,188,0,0
2001240000,189,0,0
2001240000,190,0,0
2001240000,191,0,0
2001240000,192,0,0
2001240000,193,0,0
2001240000,194,0,0
2001240000,195,0,0
2001240000,196,0,0
2001240000,197,0,0
2001240000,198,0,0
2001240000,199,0,0
2001240000,200,0,0
2001240000,201,0,0
2001240000,202,0,0
2001240000,203,0,0
2001240000,204,0,0
2001240000,205,0,0
2001240000,206,0,0
2001240000,207,0,0
2001240000,208,0,0
2001240000,209,0,0
2001240000,210,0,0
2001240000,211,0,0
2001240000,212,0,0
2001240000,213,0,0
2001240000,214,0,0
2001240000,215,0,0
2001240000,216,0,0
2001240000,217,0,0
2001240000,218,0,0
2001240000,219,0,0
2001240000,220,0,0
2001240000,221,0,0
2001240000,222,0,0
2001240000,223,0,0
2001240000,224,0,0
2001240000,225,0,0
2001240000,226,0,0
2001240000,227,0,0
2001240000,228,0,0
2001240000,229,0,0
2001240000,230,0,0
2001240000,231,0,0
2001240000,232,0,0
2001240000,233,0,0
2001240000,234,0,0
2001240000,235,0,0
2001240000,236,0,0
2001240000,237,0,0
2001240000,238,0,0
2001240000,239,0,0
2001240000,240,0,0
2001240000,241,0,0
2001240000,242,0,0
2001240000,243,0,0
2001240000,244,0,0
2001240000,245,0,0
2001240000,246,0,0
2001240000,247,0,0
2001240000,248,0,0
2001240000,249,0,0
2001240000,250,0,0
2001240000,251,0,0
2001240000,252,0,0
2001240000,253,0,0
2001240000,254,0,0
2001240000,255,0,0
2001240000,256,0,0
2001240000,257,0,0
2001240000,258,0,0
2001240000,259,0,0
2001240000,260,0,0
2001240000,261,0,0
2001240000,262,0,0
2001240000,263,0,0
2001240000,264,0,0
2001240000,265,0,0
2001240000,266,0,0
2001240000,267,0,0
2001240000,268,0,0
2001240000,269,0,0
2001240000,270,0,0
2001240000,271,0,0
2001240000,272,0,0
2001240000,273,0,0
2001240000,274,0,0
2001240000,275,0,0
2001240000,276,0,0
2001240000,277,0,0
2001240000,278,0,0
2001240000,279,0,0
2001240000,280,0,0
2001240000,281,0,0
2001240000,282,0,0
2001240000,283,0,0
2001240000,284,0,0
2001240000,285,0,0
2001240000,286,0,0
2001240000,287,0,0
2001250000,32,0,0
2001250000,33,0,0
2001250000,34,0,0
2001250000,35,0,0
2001250000,36,0,0
2001250000,37,0,0
2001250000,38,0,0
2001250000,39,0,0
2001250000,40,0,0
2001250000,41,0,0
2001250000,42,0,0
2001250000,43,0,0
2001250000,44,0,0
2001250000,45,0,0
2001250000,46,0,0
2001250000,47,0,0
2001250000,48,0,0
2001250000,49,0,0
2001250000,50,0,0
2001250000,51,0,0
2001250000,52,0,0
2001250000,53,0,0
2001250000,54,0,0
2001250000,55,0,0
2001250000,56,0,0
2001250000,57,0,0
2001250000,58,0,0
2001250000,59,0,0
2001250000,60,0,0
2001250000,61,0,0
2001250000,62,0,0
2001250000,63,0,0
2001250000,64,0,0
2001250000,65,0,0
2001250000,66,0,0
2001250000,67,0,0
2001250000,68,0,0
2001250000,69,0,0
2001250000,70,0,0
2001250000,71,0,0
2001250000,72,0,0
2001250000,73,0,0
2001250000,74,0,0
2001250000,75,0,0
2001250000,76,0,0
2001250000,77,0,0
2001250000,78,0,0
2001250000,79,0,0
2001250000,80,0,0
2001250000,81,0,0
2001250000,82,0,0
2001250000,83,0,0
2001250000,84,0,0
2001250000,85,0,0
2001250000,86,0,0
2001250000,87,0,0
2001250000,88,0,0
2001250000,89,0,0
2001250000,90,0,0
2001250000,91,0,0
2001250000,92,0,0
2001250000,93,0,0
2001250000,94,0,0
2001250000,95,0,0
2001250000,96,0,0
2001250000,97,0,0
2001250000,98,0,0
2001250000,99,0,0
2001250000,100,0,0
2001250000,101,0,0
2001250000,102,0,0
2001250000,103,0,0
2001250000,104,0,0
2001250000,105,0,0
2001250000,106,0,0
2001250000,107,0,0
2001250000,108,0,0
2001250000,109,0,0
2001250000,110,0,0
2001250000,111,0,0
2001250000,112,0,0
2001250000,113,0,0
2001250000,114,0,0
2001250000,115,0,0
2001250000,116,0,0
2001250000,117,0,0
2001250000,118,0,0
2001250000,119,0,0
2001250000,120,1,1
2001250000,121,0,0
2001250000,122,0,0
2001250000,123,0,0
2001250000,124,0,0
2001250000,125,0,0
2001250000,126,0,0
2001250000,127,0,0
2001250000,128,0,0
2001250000,129,0,0
2001250000,130,0,0
2001250000,131,0,0
2001250000,132,0,0
2001250000,133,0,0
2001250000,134,0,0
2001250000,135,0,0
2001250000,136,0,0
2001250000,137,0,0
2001250000,138,0,0
2001250000,139,0,0
2001250000,140,1,1
2001250000,141,0,0
2001250000,142,0,0
2001250000,143,0,0
2001250000,144,0,0
2001250000,145,0,0
2001250000,146,0,0
2001250000,147,0,0
2001250000,148,0,0
2001250000,149,0,0
2001250000,150,0,0
2001250000,151,0,0
2001250000,152,0,0
2001250000,153,0,0
2001250000,154,0,0
2001250000,155,0,0
2001250000,156,0,0
2001250000,157,0,0
2001250000,158,0,0
2001250000,159,0,0
2001250000,160,0,0
2001250000,161,0,0
2001250000,162,0,0
2001250000,163,0,0
2001250000,164,0,0
2001250000,165,0,0
2001250000,166,0,0
2001250000,167,0,0
2001250000,168,0,0
2001250000,169,0,0
2001250000,170,0,0
2001250000,171,0,0
2001250000,172,0,0
2001250000,173,0,0
2001250000,174,0,0
2001250000,175,0,0
2001250000,176,0,0
2001250000,177,0,0
2001250000,178,0,0
2001250000,179,0,0
2001250000,180,0,0
2001250000,181,0,0
2001250000,182,0,0
2001250000,183,0,0
2001250000,184,0,0
2001250000,185,0,0
2001250000,186,0,0
2001250000,187,0,0
2001250000,188,0,0
2001250000,189,0,0
2001250000,190,0,0
2001250000,191,0,0
2001250000,192,0,0
2001250000,193,0,0
2001250000,194,0,0
2001250000,195,0,0
2001250000,196,0,0
2001250000,197,0,0
2001250000,198,0,0
2001250000,199,0,0
2001250000,200,0,0
2001250000,201,0,0
2001250000,202,0,0
2001250000,203,0,0
2001250000,204,0,0
2001250000,205,0,0
2001250000,206,0,0
2001250000,207,0,0
2001250000,208,0,0
2001250000,209,0,0
2001250000,210,0,0
2001250000,211,0,0
2001250000,212,0,0
2001250000,213,0,0
2001250000,214,0,0
2001250000,215,0,0
2001250000,216,0,0
2001250000,217,0,0
2001250000,218,0,0
2001250000,219,0,0
2001250000,220,0,0
2001250000,221,0,0
2001250000,222,0,0
2001250000,223,0,0
2001250000,224,0,0
2001250000,225,0,0
2001250000,226,0,0
2001250000,227,0,0
2001250000,228,0,0
2001250000,229,0,0
2001250000,230,0,0
2001250000,231,0,0
2001250000,232,0,0
2001250000,233,0,0
2001250000,234,0,0
2001250000,235,0,0
2001250000,236,0,0
2001250000,237,0,0
2001250000,238,0,0
2001250000,239,0,0
2001250000,240,0,0
2001250000,241,0,0
2001250000,242,0,0
2001250000,243,0,0
2001250000,244,0,0
2001250000,245,0,0
2001250000,246,0,0
2001250000,247,0,0
2001250000,248,0,0
2001250000,249,0,0
2001250000,250,0,0
2001250000,251,0,0
2001250000,252,0,0
2001250000,253,0,0
2001250000,254,0,0
2001250000,255,0,0
2001250000,256,0,0
2001250000,257,0,0
2001250000,258,0,0
2001250000,259,0,0
2001250000,260,0,0
2001250000,261,0,0
2001250000,262,0,0
2001250000,263,0,0
2001250000,264,0,0
2001250000,265,0,0
2001250000,266,0,0
2001250000,267,0,0
2001250000,268,0,0
2001250000,269,0,0
2001250000,270,0,0
2001250000,271,0,0
2001250000,272,0,0
2001250000,273,0,0
2001250000,274,0,0
2001250000,275,0,0
2001250000,276,0,0
2001250000,277,0,0
2001250000,278,0,0
2001250000,279,0,0
2001250000,280,0,0
2001250000,281,0,0
2001250000,282,0,0
2001250000,283,0,0
2001250000,284,0,0
2001250000,285,0,0
2001250000,286,0,0
2001250000,287,0,0
2001260000,32,0,0
2001260000,33,0,0
2001260000,34,0,0
2001260000,35,0,0
2001260000,36,0,0
2001260000,37,0,0
2001260000,38,0,0
2001260000,39,0,0
2001260000,40,0,0
2001260000,41,0,0
2001260000,42,0,0
2001260000,43,0,0
2001260000,44,0,0
2001260000,45,0,0
2001260000,46,0,0
2001260000,47,0,0
2001260000,48,0,0
2001260000,49,0,0
2001260000,50,0,0
2001260000,51,0,0
2001260000,52,0,0
2001260000,53,0,0
2001260000,54,0,0
2001260000,55,0,0
2001260000,56,0,0
2001260000,57,0,0
2001260000,58,0,0
2001260000,59,0,0
2001260000,60,0,0
2001260000,61,0,0
2001260000,62,0,0
2001260000,63,0,0
2001260000,64,0,0
2001260000,65,0,0
2001260000,66,0,0
2001260000,67,0,0
2001260000,68,0,0
2001260000,69,0,0
2001260000,70,0,0
2001260000,71,0,0
2001260000,72,0,0
2001260000,73,0,0
2001260000,74,0,0
2001260000,75,0,0
2001260000,76,0,0
2001260000,77,0,0
2001260000,78,0,0
2001260000,79,0,0
2001260000,80,0,0
2001260000,81,0,0
2001260000,82,0,0
2001260000,83,0,0
2001260000,84,0,0
2001260000,85,0,0
2001260000,86,0,0
2001260000,87,0,0
2001260000,88,0,0
2001260000,89,0,0
2001260000,90,0,0
2001260000,91,0,0
2001260000,92,0,0
2001260000,93,0,0
2001260000,94,0,0
2001260000,95,0,0
2001260000,96,0,0
2001260000,97,0,0
2001260000,98,0,0
2001260000,99,0,0
2001260000,100,0,0
2001260000,101,0,0
2001260000,102,0,0
2001260000,103,0,0
2001260000,104,0,0
2001260000,105,0,0
2001260000,106,0,0
2001260000,107,0,0
2001260000,108,0,0
2001260000,109,0,0
2001260000,110,0,0
2001260000,111,0,0
2001260000,112,0,0
2001260000,113,0,0
2001260000,114,0,0
2001260000,115,0,0
2001260000,116,0,0
2001260000,117,0,0
2001260000,118,0,0
2001260000,119,0,0
2001260000,120,1,1
2001260000,121,0,0
2001260000,122,0,0
2001260000,123,0,0
2001260000,124,0,0
2001260000,125,0,0
2001260000,126,0,0
2001260000,127,0,0
2001260000,128,0,0
2001260000,129,0,0
2001260000,130,0,0
2001260000,131,0,0
2001260000,132,0,0
2001260000,133,0,0
2001260000,134,0,0
2001260000,135,0,0
2001260000,136,0,0
2001260000,137,0,0
2001260000,138,0,0
2001260000,139,0,0
2001260000,140,1,0
2001260000,141,0,0
2001260000,142,0,0
2001260000,143,0,0
2001260000,144,0,0
2001260000,145,0,0
2001260000,146,0,0
2001260000,147,0,0
2001260000,148,0,0
2001260000,149,0,0
2001260000,150,0,0
2001260000,151,0,0
2001260000,152,0,0
2001260000,153,0,0
2001260000,154,0,0
2001260000,155,0,0
2001260000,156,0,0
2001260000,157,0,0
2001260000,158,0,0
2001260000,159,0,0
2001260000,160,0,0
2001260000,161,0,0
2001260000,162,0,0
2001260000,163,0,0
2001260000,164,0,0
2001260000,165,0,0
2001260000,166,0,0
2001260000,167,0,0
2001260000,168,0,0
2001260000,169,0,0
2001260000,170,0,0
2001260000,171,0,0
2001260000,172,0,0
2001260000,173,0,0
2001260000,174,0,0
2001260000,175,0,0
2001260000,176,0,0
2001260000,177,0,0
2001260000,178,0,0
2001260000,179,0,0
2001260000,180,0,0
2001260000,181,0,0
2001260000,182,0,0
2001260000,183,0,0
2001260000,184,0,0
2001260000,185,0,0
2001260000,186,0,0
2001260000,187,0,0
2001260000,188,0,0
2001260000,189,0,0
2001260000,190,0,0
2001260000,191,0,0
2001260000,192,0,0
2001260000,193,0,0
2001260000,194,0,0
2001260000,195,0,0
2001260000,196,0,0
2001260000,197,0,0
2001260000,198,0,0
2001260000,199,0,0
2001260000,200,0,0
2001260000,201,0,0
2001260000,202,0,0
2001260000,203,0,0
2001260000,204,0,0
2001260000,205,0,0
2001260000,206,0,0
2001260000,207,0,0
2001260000,208,0,0
2001260000,209,0,0
2001260000,210,0,0
2001260000,211,0,0
2001260000,212,0,0
2001260000,213,0,0
2001260000,214,0,0
2001260000,215,0,0
2001260000,216,0,0
2001260000,217,0,0
2001260000,218,0,0
2001260000,219,0,0
2001260000,220,0,0
2001260000,221,0,0
2001260000,222,0,0
2001260000,223,0,0
2001260000,224,0,0
2001260000,225,0,0
2001260000,226,0,0
2001260000,227,0,0
2001260000,228,0,0
2001260000,229,0,0
2001260000,230,0,0
2001260000,231,0,0
2001260000,232,0,0
2001260000,233,0,0
2001260000,234,0,0
2001260000,235,0,0
2001260000,236,0,0
2001260000,237,0,0
2001260000,238,0,0
2001260000,239,0,0
2001260000,240,0,0
2001260000,241,0,0
2001260000,242,0,0
2001260000,243,0,0
2001260000,244,0,0
2001260000,245,0,0
2001260000,246,0,0
2001260000,247,0,0
2001260000,248,0,0
2001260000,249,0,0
2001260000,250,0,0
2001260000,251,0,0
2001260000,252,0,0
2001260000,253,0,0
2001260000,254,0,0
2001260000,255,0,0
2001260000,256,0,0
2001260000,257,0,0
2001260000,258,0,0
2001260000,259,0,0
2001260000,260,0,0
2001260000,261,0,0
2001260000,262,0,0
2001260000,263,0,0
2001260000,264,0,0
2001260000,265,0,0
2001260000,266,0,0
2001260000,267,0,0
2001260000,268,0,0
2001260000,269,0,0
2001260000,270,0,0
2001260000,271,0,0
2001260000,272,0,0
2001260000,273,0,0
2001260000,274,0,0
2001260000,275,0,0
2001260000,276,0,0
2001260000,277,0,0
2001260000,278,0,0
2001260000,279,0,0
2001260000,280,0,0
2001260000,281,0,0
2001260000,282,0,0
2001260000,283,0,0
2001260000,284,0,0
2001260000,285,0,0
2001260000,286,0,0
2001260000,287,0,0
2001270000,32,0,0
2001270000,33,0,0
2001270000,34,0,0
2001270000,35,0,0
2001270000,36,0,0
2001270000,37,0,0
2001270000,38,0,0
2001270000,39,0,0
2001270000,40,0,0
2001270000,41,0,0
2001270000,42,0,0
2001270000,43,0,0
2001270000,44,0,0
2001270000,45,0,0
2001270000,46,0,0
2001270000,47,0,0
2001270000,48,0,0
2001270000,49,0,0
2001270000,50,0,0
2001270000,51,0,0
2001270000,52,0,0
2001270000,53,0,0
2001270000,54,0,0
2001270000,55,0,0
2001270000,56,0,0
2001270000,57,0,0
2001270000,58,0,0
2001270000,59,0,0
2001270000,60,0,0
2001270000,61,0,0
2001270000,62,0,0
2001270000,63,0,0
2001270000,64,0,0
2001270000,65,0,0
2001270000,66,0,0
2001270000,67,0,0
2001270000,68,0,0
2001270000,69,0,0
2001270000,70,0,0
2001270000,71,0,0
2001270000,72,0,0
2001270000,73,0,0
2001270000,74,0,0
2001270000,75,0,0
2001270000,76,0,0
2001270000,77,0,0
2001270000,78,0,0
2001270000,79,0,0
2001270000,80,0,0
2001270000,81,0,0
2001270000,82,0,0
2001270000,83,0,0
2001270000,84,0,0
2001270000,85,0,0
2001270000,86,0,0
2001270000,87,0,0
2001270000,88,0,0
2001270000,89,0,0
2001270000,90,0,0
2001270000,91,0,0
2001270000,92,0,0
2001270000,93,0,0
2001270000,94,0,0
2001270000,95,0,0
2001270000,96,0,0
2001270000,97,0,0
2001270000,98,0,0
2001270000,99,0,0
2001270000,100,0,0
2001270000,101,0,0
2001270000,102,0,0
2001270000,103,0,0
2001270000,104,0,0
2001270000,105,0,0
2001270000,106,0,0
2001270000,107,0,0
2001270000,108,0,0
2001270000,109,0,0
2001270000,110,0,0
2001270000,111,0,0
2001270000,112,0,0
2001270000,113,0,0
2001270000,114,0,0
2001270000,115,0,0
2001270000,116,0,0
2001270000,117,0,0
2001270000,118,0,0
2001270000,119,0,0
2001270000,120,1,1
2001270000,121,0,0
2001270000,122,0,0
2001270000,123,0,0
2001270000,124,0,0
2001270000,125,0,0
2001270000,126,0,0
2001270000,127,0,0
2001270000,128,0,0
2001270000,129,0,0
2001270000,130,0,0
2001270000,131,0,0
2001270000,132,0,0
2001270000,133,0,0
2001270000,134,0,0
2001270000,135,0,0
2001270000,136,0,0
2001270000,137,0,0
2001270000,138,0,0
2001270000,139,0,0
2001270000,140,1,0
2001270000,141,0,0
2001270000,142,0,0
2001270000,143,0,0
2001270000,144,0,0
2001270000,145,0,0
2001270000,146,0,0
2001270000,147,0,0
2001270000,148,0,0
2001270000,149,0,0
2001270000,150,0,0
2001270000,151,0,0
2001270000,152,0,0
2001270000,153,0,0
2001270000,154,0,0
2001270000,155,0,0
2001270000,156,0,0
2001270000,157,0,0
2001270000,158,0,0
2001270000,159,0,0
2001270000,160,0,0
2001270000,161,0,0
2001270000,162,0,0
2001270000,163,0,0
2001270000,164,0,0
2001270000,165,0,0
2001270000,166,0,0
2001270000,167,0,0
2001270000,168,0,0
2001270000,169,0,0
2001270000,170,0,0
2001270000,171,0,0
2001270000,172,0,0
2001270000,173,0,0
2001270000,174,0,0
2001270000,175,0,0
2001270000,176,0,0
2001270000,177,0,0
2001270000,178,0,0
2001270000,179,0,0
2001270000,180,0,0
2001270000,181,0,0
2001270000,182,0,0
2001270000,183,0,0
2001270000,184,0,0
2001270000,185,0,0
2001270000,186,0,0
2001270000,187,0,0
2001270000,188,0,0
2001270000,189,0,0
2001270000,190,0,0
2001270000,191,0,0
2001270000,192,0,0
2001270000,193,0,0
2001270000,194,0,0
2001270000,195,0,0
2001270000,196,0,0
2001270000,197,0,0
2001270000,198,0,0
2001270000,199,0,0
2001270000,200,0,0
2001270000,201,0,0
2001270000,202,0,0
2001270000,203,0,0
2001270000,204,0,0
2001270000,205,0,0
2001270000,206,0,0
2001270000,207,0,0
2001270000,208,0,0
2001270000,209,0,0
2001270000,210,0,0
2001270000,211,0,0
2001270000,212,0,0
2001270000,213,0,0
2001270000,214,0,0
2001270000,215,0,0
2001270000,216,0,0
2001270000,217,0,0
2001270000,218,0,0
2001270000,219,0,0
2001270000,220,0,0
2001270000,221,0,0
2001270000,222,0,0
2001270000,223,0,0
2001270000,224,0,0
2001270000,225,0,0
2001270000,226,0,0
2001270000,227,0,0
2001270000,228,0,0
2001270000,229,0,0
2001270000,230,0,0
2001270000,231,0,0
2001270000,232,0,0
2001270000,233,0,0
2001270000,234,0,0
2001270000,235,0,0
2001270000,236,0,0
2001270000,237,0,0
2001270000,238,0,0
2001270000,239,0,0
2001270000,240,0,0
2001270000,241,0,0
2001270000,242,0,0
2001270000,243,0,0
2001270000,244,0,0
2001270000,245,0,0
2001270000,246,0,0
2001270000,247,0,0
2001270000,248,0,0
2001270000,249,0,0
2001270000,250,0,0
2001270000,251,0,0
2001270000,252,0,0
2001270000,253,0,0
2001270000,254,0,0
2001270000,255,0,0
2001270000,256,0,0
2001270000,257,0,0
2001270000,258,0,0
2001270000,259,0,0
2001270000,260,0,0
2001270000,261,0,0
2001270000,262,0,0
2001270000,263,0,0
2001270000,264,0,0
2001270000,265,0,0
2001270000,266,0,0
2001270000,267,0,0
2001270000,268,0,0
2001270000,269,0,0
2001270000,270,0,0
2001270000,271,0,0
2001270000,272,0,0
2001270000,273,0,0
2001270000,274,0,0
2001270000,275,0,0
2001270000,276,0,0
2001270000,277,0,0
2001270000,278,0,0
2001270000,279,0,0
2001270000,280,0,0
2001270000,281,0,0
2001270000,282,0,0
2001270000,283,0,0
2001270000,284,0,0
2001270000,285,0,0
2001270000,286,0,0
2001270000,287,0,0
2001280000,32,0,0
2001280000,33,0,0
2001280000,34,0,0
2001280000,35,0,0
2001280000,36,0,0
2001280000,37,0,0
2001280000,38,0,0
2001280000,39,0,0
2001280000,40,0,0
2001280000,41,0,0
2001280000,42,0,0
2001280000,43,0,0
2001280000,44,0,0
2001280000,45,0,0
2001280000,46,0,0
2001280000,47,0,0
2001280000,48,0,0
2001280000,49,0,0
2001280000,50,0,0
2001280000,51,0,0
2001280000,52,0,0
2001280000,53,0,0
2001280000,54,0,0
2001280000,55,0,0
2001280000,56,0,0
2001280000,57,0,0
2001280000,58,0,0
2001280000,59,0,0
2001280000,60,0,0
2001280000,61,0,0
2001280000,62,0,0
2001280000,63,0,0
2001280000,64,0,0
2001280000,65,0,0
2001280000,66,0,0
2001280000,67,0,0
2001280000,68,0,0
2001280000,69,0,0
2001280000,70,0,0
2001280000,71,0,0
2001280000,72,0,0
2001280000,73,0,0
2001280000,74,0,0
2001280000,75,0,0
2001280000,76,0,0
2001280000,77,0,0
2001280000,78,0,0
2001280000,79,0,0
2001280000,80,0,0
2001280000,81,0,0
2001280000,82,0,0
2001280000,83,0,0
2001280000,84,0,0
2001280000,85,0,0
2001280000,86,0,0
2001280000,87,0,0
2001280000,88,0,0
2001280000,89,0,0
2001280000,90,0,0
2001280000,91,0,0
2001280000,92,0,0
2001280000,93,0,0
2001280000,94,0,0
2001280000,95,0,0
2001280000,96,0,0
2001280000,97,0,0
2001280000,98,0,0
2001280000,99,0,0
2001280000,100,0,0
2001280000,101,0,0
2001280000,102,0,0
2001280000,103,0,0
2001280000,104,0,0
2001280000,105,0,0
2001280000,106,0,0
2001280000,107,0,0
2001280000,108,0,0
2001280000,109,0,0
2001280000,110,0,0
2001280000,111,0,0
2001280000,112,0,0
2001280000,113,0,0
2001280000,114,0,0
2001280000,115,0,0
2001280000,116,0,0
2001280000,117,0,0
2001280000,118,0,0
2001280000,119,0,0
2001280000,120,1,1
2001280000,121,0,0
2001280000,122,0,0
2001280000,123,0,0
2001280000,124,0,0
2001280000,125,0,0
2001280000,126,0,0
2001280000,127,0,0
2001280000,128,0,0
2001280000,129,0,0
2001280000,130,0,0
2001280000,131,0,0
2001280000,132,0,0
2001280000,133,0,0
2001280000,134,0,0
2001280000,135,0,0
2001280000,136,0,0
2001280000,137,0,0
2001280000,138,0,0
2001280000,139,0,0
2001280000,140,1,0
2001280000,141,0,0
2001280000,142,0,0
2001280000,143,0,0
2001280000,144,0,0
2001280000,145,0,0
2001280000,146,0,0
2001280000,147,0,0
2001280000,148,0,0
2001280000,149,0,0
2001280000,150,0,0
2001280000,151,0,0
2001280000,152,0,0
2001280000,153,0,0
2001280000,154,0,0
2001280000,155,0,0
2001280000,156,0,0
2001280000,157,0,0
2001280000,158,0,0
2001280000,159,0,0
2001280000,160,0,0
2001280000,161,0,0
2001280000,162,0,0
2001280000,163,0,0
2001280000,164,0,0
2001280000,165,0,0
2001280000,166,0,0
2001280000,167,0,0
2001280000,168,0,0
2001280000,169,0,0
2001280000,170,0,0
2001280000,171,0,0
2001280000,172,0,0
2001280000,173,0,0
2001280000,174,0,0
2001280000,175,0,0
2001280000,176,0,0
2001280000,177,0,0
2001280000,178,0,0
2001280000,179,0,0
2001280000,180,0,0
2001280000,181,0,0
2001280000,182,0,0
2001280000,183,0,0
2001280000,184,0,0
2001280000,185,0,0
2001280000,186,0,0
2001280000,187,0,0
2001280000,188,0,0
2001280000,189,0,0
2001280000,190,0,0
2001280000,191,0,0
2001280000,192,0,0
2001280000,193,0,0
2001280000,194,0,0
2001280000,195,0,0
2001280000,196,0,0
2001280000,197,0,0
2001280000,198,0,0
2001280000,199,0,0
2001280000,200,0,0
2001280000,201,0,0
2001280000,202,0,0
2001280000,203,0,0
2001280000,204,0,0
2001280000,205,0,0
2001280000,206,0,0
2001280000,207,0,0
2001280000,208,0,0
2001280000,209,0,0
2001280000,210,0,0
2001280000,211,0,0
2001280000,212,0,0
2001280000,213,0,0
2001280000,214,0,0
2001280000,215,0,0
2001280000,216,0,0
2001280000,217,0,0
2001280000,218,0,0
2001280000,219,0,0
2001280000,220,0,0
2001280000,221,0,0
2001280000,222,0,0
2001280000,223,0,0
2001280000,224,0,0
2001280000,225,0,0
2001280000,226,0,0
2001280000,227,0,0
2001280000,228,0,0
2001280000,229,0,0
2001280000,230,0,0
2001280000,231,0,0
2001280000,232,0,0
2001280000,233,0,0
2001280000,234,0,0
2001280000,235,0,0
2001280000,236,0,0
2001280000,237,0,0
2001280000,238,0,0
2001280000,239,0,0
2001280000,240,0,0
2001280000,241,0,0
2001280000,242,0,0
2001280000,243,0,0
2001280000,244,0,0
2001280000,245,0,0
2001280000,246,0,0
2001280000,247,0,0
2001280000,248,0,0
2001280000,249,0,0
2001280000,250,0,0
2001280000,251,0,0
2001280000,252,0,0
2001280000,253,0,0
2001280000,254,0,0
2001280000,255,0,0
2001280000,256,0,0
2001280000,257,0,0
2001280000,258,0,0
2001280000,259,0,0
2001280000,260,0,0
2001280000,261,0,0
2001280000,262,0,0
2001280000,263,0,0
2001280000,264,0,0
2001280000,265,0,0
2001280000,266,0,0
2001280000,267,0,0
2001280000,268,0,0
2001280000,269,0,0
2001280000,270,0,0
2001280000,271,0,0
2001280000,272,0,0
2001280000,273,0,0
2001280000,274,0,0
2001280000,275,0,0
2001280000,276,0,0
2001280000,277,0,0
2001280000,278,0,0
2001280000,279,0,0
2001280000,280,0,0
2001280000,281,0,0
2001280000,282,0,0
2001280000,283,0,0
2001280000,284,0,0
2001280000,285,0,0
2001280000,286,0,0
2001280000,287,0,0
2001290000,32,0,0
2001290000,33,0,0
2001290000,34,0,0
2001290000,35,0,0
2001290000,36,0,0
2001290000,37,0,0
2001290000,38,0,0
2001290000,39,0,0
2001290000,40,0,0
2001290000,41,0,0
2001290000,42,0,0
2001290000,43,0,0
2001290000,44,0,0
2001290000,45,0,0
2001290000,46,0,0
2001290000,47,0,0
2001290000,48,0,0
2001290000,49,0,0
2001290000,50,0,0
2001290000,51,0,0
2001290000,52,0,0
2001290000,53,0,0
2001290000,54,0,0
2001290000,55,0,0
2001290000,56,0,0
2001290000,57,0,0
2001290000,58,0,0
2001290000,59,0,0
2001290000,60,0,0
2001290000,61,0,0
2001290000,62,0,0
2001290000,63,0,0
2001290000,64,0,0
2001290000,65,0,0
2001290000,66,0,0
2001290000,67,0,0
2001290000,68,0,0
2001290000,69,0,0
2001290000,70,0,0
2001290000,71,0,0
2001290000,72,0,0
2001290000,73,0,0
2001290000,74,0,0
2001290000,75,0,0
2001290000,76,0,0
2001290000,77,0,0
2001290000,78,0,0
2001290000,79,0,0
2001290000,80,0,0
2001290000,81,0,0
2001290000,82,0,0
2001290000,83,0,0
2001290000,84,0,0
2001290000,85,0,0
2001290000,86,0,0
2001290000,87,0,0
2001290000,88,0,0
2001290000,89,0,0
2001290000,90,0,0
2001290000,91,0,0
2001290000,92,0,0
2001290000,93,0,0
2001290000,94,0,0
2001290000,95,0,0
2001290000,96,0,0
2001290000,97,0,0
2001290000,98,0,0
2001290000,99,0,0
2001290000,100,0,0
2001290000,101,0,0
2001290000,102,0,0
2001290000,103,0,0
2001290000,104,0,0
2001290000,105,0,0
2001290000,106,0,0
2001290000,107,0,0
2001290000,108,0,0
2001290000,109,0,0
2001290000,110,0,0
2001290000,111,0,0
2001290000,112,0,0
2001290000,113,0,0
2001290000,114,0,0
2001290000,115,0,0
2001290000,116,0,0
2001290000,117,0,0
2001290000,118,0,0
2001290000,119,0,0
2001290000,120,1,1
2001290000,121,0,0
2001290000,122,0,0
2001290000,123,0,0
2001290000,124,0,0
2001290000,125,0,0
2001290000,126,0,0
2001290000,127,0,0
2001290000,128,0,0
2001290000,129,0,0
2001290000,130,0,0
2001290000,131,0,0
2001290000,132,0,0
2001290000,133,0,0
2001290000,134,0,0
2001290000,135,0,0
2001290000,136,0,0
2001290000,137,0,0
2001290000,138,0,0
2001290000,139,0,0
2001290000,140,1,0
2001290000,141,0,0
2001290000,142,0,0
2001290000,143,0,0
2001290000,144,0,0
2001290000,145,0,0
2001290000,146,0,0
2001290000,147,0,0
2001290000,148,0,0
2001290000,149,0,0
2001290000,150,0,0
2001290000,151,0,0
2001290000,152,0,0
2001290000,153,0,0
2001290000,154,0,0
2001290000,155,0,0
2001290000,156,0,0
2001290000,157,0,0
2001290000,158,0,0
2001290000,159,0,0
2001290000,160,0,0
2001290000,161,0,0
2001290000,162,0,0
2001290000,163,0,0
2001290000,164,0,0
2001290000,165,0,0
2001290000,166,0,0
2001290000,167,0,0
2001290000,168,0,0
2001290000,169,0,0
2001290000,170,0,0
2001290000,171,0,0
2001290000,172,0,0
2001290000,173,0,0
2001290000,174,0,0
2001290000,175,0,0
2001290000,176,0,0
2001290000,177,0,0
2001290000,178,0,0
2001290000,179,0,0
2001290000,180,0,0
2001290000,181,0,0
2001290000,182,0,0
2001290000,183,0,0
2001290000,184,0,0
2001290000,185,0,0
2001290000,186,0,0
2001290000,187,0,0
2001290000,188,0,0
2001290000,189,0,0
2001290000,190,0,0
2001290000,191,0,0
2001290000,192,0,0
2001290000,193,0,0
2001290000,194,0,0
2001290000,195,0,0
2001290000,196,0,0
2001290000,197,0,0
2001290000,198,0,0
2001290000,199,0,0
2001290000,200,0,0
2001290000,201,0,0
2001290000,202,0,0
2001290000,203,0,0
2001290000,204,0,0
2001290000,205,0,0
2001290000,206,0,0
2001290000,207,0,0
2001290000,208,0,0
2001290000,209,0,0
2001290000,210,0,0
2001290000,211,0,0
2001290000,212,0,0
2001290000,213,0,0
2001290000,214,0,0
2001290000,215,0,0
2001290000,216,0,0
2001290000,217,0,0
2001290000,218,0,0
2001290000,219,0,0
2001290000,220,0,0
2001290000,221,0,0
2001290000,222,0,0
2001290000,223,0,0
2001290000,224,0,0
2001290000,225,0,0
2001290000,226,0,0
2001290000,227,0,0
2001290000,228,0,0
2001290000,229,0,0
2001290000,230,0,0
2001290000,231,0,0
2001290000,232,0,0
2001290000,233,0,0
2001290000,234,0,0
2001290000,235,0,0
2001290000,236,0,0
2001290000,237,0,0
2001290000,238,0,0
2001290000,239,0,0
2001290000,240,0,0
2001290000,241,0,0
2001290000,242,0,0
2001290000,243,0,0
2001290000,244,0,0
2001290000,245,0,0
2001290000,246,0,0
2001290000,247,0,0
2001290000,248,0,0
2001290000,249,0,0
2001290000,250,0,0
2001290000,251,0,0
2001290000,252,0,0
2001290000,253,0,0
2001290000,254,0,0
2001290000,255,0,0
2001290000,256,0,0
2001290000,257,0,0
2001290000,258,0,0
2001290000,259,0,0
2001290000,260,0,0
2001290000,261,0,0
2001290000,262,0,0
2001290000,263,0,0
2001290000,264,0,0
2001290000,265,0,0
2001290000,266,0,0
2001290000,267,0,0
2001290000,268,0,0
2001290000,269,0,0
2001290000,270,0,0
2001290000,271,0,0
2001290000,272,0,0
2001290000,273,0,0
2001290000,274,0,0
2001290000,275,0,0
2001290000,276,0,0
2001290000,277,0,0
2001290000,278,0,0
2001290000,279,0,0
2001290000,280,0,0
2001290000,281,0,0
2001290000,282,0,0
2001290000,283,0,0
2001290000,284,0,0
2001290000,285,0,0
2001290000,286,0,0
2001290000,287,0,0
2001300000,32,0,0
2001300000,33,0,0
2001300000,34,0,0
2001300000,35,0,0
2001300000,36,0,0
2001300000,37,0,0
2001300000,38,0,0
2001300000,39,0,0
2001300000,40,0,0
2001300000,41,0,0
2001300000,42,0,0
2001300000,43,0,0
2001300000,44,0,0
2001300000,45,0,0
2001300000,46,0,0
2001300000,47,0,0
2001300000,48,0,0
2001300000,49,0,0
2001300000,50,0,0
2001300000,51,0,0
2001300000,52,0,0
2001300000,53,0,0
2001300000,54,0,0
2001300000,55,0,0
2001300000,56,0,0
2001300000,57,0,0
2001300000,58,0,0
2001300000,59,0,0
2001300000,60,0,0
2001300000,61,0,0
2001300000,62,0,0
2001300000,63,0,0
2001300000,64,0,0
2001300000,65,0,0
2001300000,66,0,0
2001300000,67,0,0
2001300000,68,0,0
2001300000,69,0,0
2001300000,70,0,0
2001300000,71,0,0
2001300000,72,0,0
2001300000,73,0,0
2001300000,74,0,0
2001300000,75,0,0
2001300000,76,0,0
2001300000,77,0,0
2001300000,78,0,0
2001300000,79,0,0
2001300000,80,0,0
2001300000,81,0,0
2001300000,82,0,0
2001300000,83,0,0
2001300000,84,0,0
2001300000,85,0,0
2001300000,86,0,0
2001300000,87,0,0
2001300000,88,0,0
2001300000,89,0,0
2001300000,90,0,0
2001300000,91,0,0
2001300000,92,0,0
2001300000,93,0,0
2001300000,94,0,0
2001300000,95,0,0
2001300000,96,0,0
2001300000,97,0,0
2001300000,98,0,0
2001300000,99,0,0
2001300000,100,0,0
2001300000,101,0,0
2001300000,102,0,0
2001300000,103,0,0
2001300000,104,0,0
2001300000,105,0,0
2001300000,106,0,0
2001300000,107,0,0
2001300000,108,0,0
2001300000,109,0,0
2001300000,110,0,0
2001300000,111,0,0
2001300000,112,0,0
2001300000,113,0,0
2001300000,114,0,0
2001300000,115,0,0
2001300000,116,0,0
2001300000,117,0,0
2001300000,118,0,0
2001300000,119,0,0
2001300000,120,1,1
2001300000,121,0,0
2001300000,122,0,0
2001300000,123,0,0
2001300000,124,0,0
2001300000,125,0,0
2001300000,126,0,0
2001300000,127,0,0
2001300000,128,0,0
2001300000,129,0,0
2001300000,130,0,0
2001300000,131,0,0
2001300000,132,0,0
2001300000,133,0,0
2001300000,134,0,0
2001300000,135,0,0
2001300000,136,0,0
2001300000,137,0,0
2001300000,138,0,0
2001300000,139,0,0
2001300000,140,0,0
2001300000,141,0,0
2001300000,142,0,0
2001300000,143,0,0
2001300000,144,0,0
2001300000,145,0,0
2001300000,146,0,0
2001300000,147,0,0
2001300000,148,0,0
2001300000,149,0,0
2001300000,150,0,0
2001300000,151,0,0
2001300000,152,0,0
2001300000,153,0,0
2001300000,154,0,0
2001300000,155,0,0
2001300000,156,0,0
2001300000,157,0,0
2001300000,158,0,0
2001300000,159,0,0
2001300000,160,0,0
2001300000,161,0,0
2001300000,162,0,0
2001300000,163,0,0
2001300000,164,0,0
2001300000,165,0,0
2001300000,166,0,0
2001300000,167,0,0
2001300000,168,0,0
2001300000,169,0,0
2001300000,170,0,0
2001300000,171,0,0
2001300000,172,0,0
2001300000,173,0,0
2001300000,174,0,0
2001300000,175,0,0
2001300000,176,0,0
2001300000,177,0,0
2001300000,178,0,0
2001300000,179,0,0
2001300000,180,0,0
2001300000,181,0,0
2001300000,182,0,0
2001300000,183,0,0
2001300000,184,0,0
2001300000,185,0,0
2001300000,186,0,0
2001300000,187,0,0
2001300000,188,0,0
2001300000,189,0,0
2001300000,190,0,0
2001300000,191,0,0
2001300000,192,0,0
2001300000,193,0,0
2001300000,194,0,0
2001300000,195,0,0
2001300000,196,0,0
2001300000,197,0,0
2001300000,198,0,0
2001300000,199,0,0
2001300000,200,0,0
2001300000,201,0,0
2001300000,202,0,0
2001300000,203,0,0
2001300000,204,0,0
2001300000,205,0,0
2001300000,206,0,0
2001300000,207,0,0
2001300000,208,0,0
2001300000,209,0,0
2001300000,210,0,0
2001300000,211,0,0
2001300000,212,0,0
2001300000,213,0,0
2001300000,214,0,0
2001300000,215,0,0
2001300000,216,0,0
2001300000,217,0,0
2001300000,218,0,0
2001300000,219,0,0
2001300000,220,0,0
2001300000,221,0,0
2001300000,222,0,0
2001300000,223,0,0
2001300000,224,0,0
2001300000,225,0,0
2001300000,226,0,0
2001300000,227,0,0
2001300000,228,0,0
2001300000,229,0,0
2001300000,230,0,0
2001300000,231,0,0
2001300000,232,0,0
2001300000,233,0,0
2001300000,234,0,0
2001300000,235,0,0
2001300000,236,0,0
2001300000,237,0,0
2001300000,238,0,0
2001300000,239,0,0
2001300000,240,0,0
2001300000,241,0,0
2001300000,242,0,0
2001300000,243,0,0
2001300000,244,0,0
2001300000,245,0,0
2001300000,246,0,0
2001300000,247,0,0
2001300000,248,0,0
2001300000,249,0,0
2001300000,250,0,0
2001300000,251,0,0
2001300000,252,0,0
2001300000,253,0,0
2001300000,254,0,0
2001300000,255,0,0
2001300000,256,0,0
2001300000,257,0,0
2001300000,258,0,0
2001300000,259,0,0
2001300000,260,0,0
2001300000,261,0,0
2001300000,262,0,0
2001300000,263,0,0
2001300000,264,0,0
2001300000,265,0,0
2001300000,266,0,0
2001300000,267,0,0
2001300000,268,0,0
2001300000,269,0,0
2001300000,270,0,0
2001300000,271,0,0
2001300000,272,0,0
2001300000,273,0,0
2001300000,274,0,0
2001300000,275,0,0
2001300000,276,0,0
2001300000,277,0,0
2001300000,278,0,0
2001300000,279,0,0
2001300000,280,0,0
2001300000,281,0,0
2001300000,282,0,0
2001300000,283,0,0
2001300000,284,0,0
2001300000,285,0,0
2001300000,286,0,0
2001300000,287,0,0
2001310000,32,0,0
2001310000,33,0,0
2001310000,34,0,0
2001310000,35,0,0
2001310000,36,0,0
2001310000,37,0,0
2001310000,38,0,0
2001310000,39,0,0
2001310000,40,0,0
2001310000,41,0,0
2001310000,42,0,0
2001310000,43,0,0
2001310000,44,0,0
2001310000,45,0,0
2001310000,46,0,0
2001310000,47,0,0
2001310000,48,0,0
2001310000,49,0,0
2001310000,50,0,0
2001310000,51,0,0
2001310000,52,0,0
2001310000,53,0,0
2001310000,54,0,0
2001310000,55,0,0
2001310000,56,0,0
2001310000,57,0,0
2001310000,58,0,0
2001310000,59,0,0
2001310000,60,0,0
2001310000,61,0,0
2001310000,62,0,0
2001310000,63,0,0
2001310000,64,0,0
2001310000,65,0,0
2001310000,66,0,0
2001310000,67,0,0
2001310000,68,0,0
2001310000,69,0,0
2001310000,70,0,0
2001310000,71,0,0
2001310000,72,0,0
2001310000,73,0,0
2001310000,74,0,0
2001310000,75,0,0
2001310000,76,0,0
2001310000,77,0,0
2001310000,78,0,0
2001310000,79,0,0
2001310000,80,0,0
2001310000,81,0,0
2001310000,82,0,0
2001310000,83,0,0
2001310000,84,0,0
2001310000,85,0,0
2001310000,86,0,0
2001310000,87,0,0
2001310000,88,0,0
2001310000,89,0,0
2001310000,90,0,0
2001310000,91,0,0
2001310000,92,0,0
2001310000,93,0,0
2001310000,94,0,0
2001310000,95,0,0
2001310000,96,0,0
2001310000,97,0,0
2001310000,98,0,0
2001310000,99,0,0
2001310000,100,0,0
2001310000,101,0,0
2001310000,102,0,0
2001310000,103,0,0
2001310000,104,0,0
2001310000,105,0,0
2001310000,106,0,0
2001310000,107,0,0
2001310000,108,0,0
2001310000,109,0,0
2001310000,110,0,0
2001310000,111,0,0
2001310000,112,0,0
2001310000,113,0,0
2001310000,114,0,0
2001310000,115,0,0
2001310000,116,0,0
2001310000,117,0,0
2001310000,118,0,0
2001310000,119,0,0
2001310000,120,1,1
2001310000,121,0,0
2001310000,122,0,0
2001310000,123,0,0
2001310000,124,0,0
2001310000,125,0,0
2001310000,126,0,0
2001310000,127,0,0
2001310000,128,0,0
2001310000,129,0,0
2001310000,130,0,0
2001310000,131,0,0
2001310000,132,0,0
2001310000,133,0,0
2001310000,134,0,0
2001310000,135,0,0
2001310000,136,0,0
2001310000,137,0,0
2001310000,138,0,0
2001310000,139,0,0
2001310000,140,0,0
2001310000,141,0,0
2001310000,142,0,0
2001310000,143,0,0
2001310000,144,0,0
2001310000,145,0,0
2001310000,146,0,0
2001310000,147,0,0
2001310000,148,0,0
2001310000,149,0,0
2001310000,150,0,0
2001310000,151,0,0
2001310000,152,0,0
2001310000,153,0,0
2001310000,154,0,0
2001310000,155,0,0
2001310000,156,0,0
2001310000,157,0,0
2001310000,158,0,0
2001310000,159,0,0
2001310000,160,0,0
2001310000,161,0,0
2001310000,162,0,0
2001310000,163,0,0
2001310000,164,0,0
2001310000,165,0,0
2001310000,166,0,0
2001310000,167,0,0
2001310000,168,0,0
2001310000,169,0,0
2001310000,170,0,0
2001310000,171,0,0
2001310000,172,0,0
2001310000,173,0,0
2001310000,174,0,0
2001310000,175,0,0
2001310000,176,0,0
2001310000,177,0,0
2001310000,178,0,0
2001310000,179,0,0
2001310000,180,0,0
2001310000,181,0,0
2001310000,182,0,0
2001310000,183,0,0
2001310000,184,0,0
2001310000,185,0,0
2001310000,186,0,0
2001310000,187,0,0
2001310000,188,0,0
2001310000,189,0,0
2001310000,190,0,0
2001310000,191,0,0
2001310000,192,0,0
2001310000,193,0,0
2001310000,194,0,0
2001310000,195,0,0
2001310000,196,0,0
2001310000,197,0,0
2001310000,198,0,0
2001310000,199,0,0
2001310000,200,0,0
2001310000,201,0,0
2001310000,202,0,0
2001310000,203,0,0
2001310000,204,0,0
2001310000,205,0,0
2001310000,206,0,0
2001310000,207,0,0
2001310000,208,0,0
2001310000,209,0,0
2001310000,210,0,0
2001310000,211,0,0
2001310000,212,0,0
2001310000,213,0,0
2001310000,214,0,0
2001310000,215,0,0
2001310000,216,0,0
2001310000,217,0,0
2001310000,218,0,0
2001310000,219,0,0
2001310000,220,0,0
2001310000,221,0,0
2001310000,222,0,0
2001310000,223,0,0
2001310000,224,0,0
2001310000,225,0,0
2001310000,226,0,0
2001310000,227,0,0
2001310000,228,0,0
2001310000,229,0,0
2001310000,230,0,0
2001310000,231,0,0
2001310000,232,0,0
2001310000,233,0,0
2001310000,234,0,0
2001310000,235,0,0
2001310000,236,0,0
2001310000,237,0,0
2001310000,238,0,0
2001310000,239,0,0
2001310000,240,0,0
2001310000,241,0,0
2001310000,242,0,0
2001310000,243,0,0
2001310000,244,0,0
2001310000,245,0,0
2001310000,246,0,0
2001310000,247,0,0
2001310000,248,0,0
2001310000,249,0,0
2001310000,250,0,0
2001310000,251,0,0
2001310000,252,0,0
2001310000,253,0,0
2001310000,254,0,0
2001310000,255,0,0
2001310000,256,0,0
2001310000,257,0,0
2001310000,258,0,0
2001310000,259,0,0
2001310000,260,0,0
2001310000,261,0,0
2001310000,262,0,0
2001310000,263,0,0
2001310000,264,0,0
2001310000,265,0,0
2001310000,266,0,0
2001310000,267,0,0
2001310000,268,0,0
2001310000,269,0,0
2001310000,270,0,0
2001310000,271,0,0
2001310000,272,0,0
2001310000,273,0,0
2001310000,274,0,0
2001310000,275,0,0
2001310000,276,0,0
2001310000,277,0,0
2001310000,278,0,0
2001310000,279,0,0
2001310000,280,0,0
2001310000,281,0,0
2001310000,282,0,0
2001310000,283,0,0
2001310000,284,0,0
2001310000,285,0,0
2001310000,286,0,0
2001310000,287,0,0
2001320000,32,0,0
2001320000,33,0,0
2001320000,34,0,0
2001320000,35,0,0
2001320000,36,0,0
2001320000,37,0,0
2001320000,38,0,0
2001320000,39,0,0
2001320000,40,0,0
2001320000,41,0,0
2001320000,42,0,0
2001320000,43,0,0
2001320000,44,0,0
2001320000,45,0,0
2001320000,46,0,0
2001320000,47,0,0
2001320000,48,0,0
2001320000,49,0,0
2001320000,50,0,0
2001320000,51,0,0
2001320000,52,0,0
2001320000,53,0,0
2001320000,54,0,0
2001320000,55,0,0
2001320000,56,0,0
2001320000,57,0,0
2001320000,58,0,0
2001320000,59,0,0
2001320000,60,0,0
2001320000,61,0,0
2001320000,62,0,0
2001320000,63,0,0
2001320000,64,0,0
2001320000,65,0,0
2001320000,66,0,0
2001320000,67,0,0
2001320000,68,0,0
2001320000,69,0,0
2001320000,70,0,0
2001320000,71,0,0
2001320000,72,0,0
2001320000,73,0,0
2001320000,74,0,0
2001320000,75,0,0
2001320000,76,0,0
2001320000,77,0,0
2001320000,78,0,0
2001320000,79,0,0
2001320000,80,0,0
2001320000,81,0,0
2001320000,82,0,0
2001320000,83,0,0
2001320000,84,0,0
2001320000,85,0,0
2001320000,86,0,0
2001320000,87,0,0
2001320000,88,0,0
2001320000,89,0,0
2001320000,90,0,0
2001320000,91,0,0
2001320000,92,0,0
2001320000,93,0,0
2001320000,94,0,0
2001320000,95,0,0
2001320000,96,0,0
2001320000,97,0,0
2001320000,98,0,0
2001320000,99,0,0
2001320000,100,0,0
2001320000,101,0,0
2001320000,102,0,0
2001320000,103,0,0
2001320000,104,0,0
2001320000,105,0,0
2001320000,106,0,0
2001320000,107,0,0
2001320000,108,0,0
2001320000,109,0,0
2001320000,110,0,0
2001320000,111,0,0
2001320000,112,0,0
2001320000,113,0,0
2001320000,114,0,0
2001320000,115,0,0
2001320000,116,0,0
2001320000,117,0,0
2001320000,118,0,0
2001320000,119,0,0
2001320000,120,1,1
2001320000,121,0,0
2001320000,122,0,0
2001320000,123,0,0
2001320000,124,0,0
2001320000,125,0,0
2001320000,126,0,0
2001320000,127,0,0
2001320000,128,0,0
2001320000,129,0,0
2001320000,130,0,0
2001320000,131,0,0
2001320000,132,0,0
2001320000,133,0,0
2001320000,134,0,0
2001320000,135,0,0
2001320000,136,0,0
2001320000,137,0,0
2001320000,138,0,0
2001320000,139,0,0
2001320000,140,0,0
2001320000,141,0,0
2001320000,142,0,0
2001320000,143,0,0
2001320000,144,0,0
2001320000,145,0,0
2001320000,146,0,0
2001320000,147,0,0
2001320000,148,0,0
2001320000,149,0,0
2001320000,150,0,0
2001320000,151,0,0
2001320000,152,0,0
2001320000,153,0,0
2001320000,154,0,0
2001320000,155,0,0
2001320000,156,0,0
2001320000,157,0,0
2001320000,158,0,0
2001320000,159,0,0
2001320000,160,0,0
2001320000,161,0,0
2001320000,162,0,0
2001320000,163,0,0
2001320000,164,0,0
2001320000,165,0,0
2001320000,166,0,0
2001320000,167,0,0
2001320000,168,0,0
2001320000,169,0,0
2001320000,170,0,0
2001320000,171,0,0
2001320000,172,0,0
2001320000,173,0,0
2001320000,174,0,0
2001320000,175,0,0
2001320000,176,0,0
2001320000,177,0,0
2001320000,178,0,0
2001320000,179,0,0
2001320000,180,0,0
2001320000,181,0,0
2001320000,182,0,0
2001320000,183,0,0
2001320000,184,0,0
2001320000,185,0,0
2001320000,186,0,0
2001320000,187,0,0
2001320000,188,0,0
2001320000,189,0,0
2001320000,190,0,0
2001320000,191,0,0
2001320000,192,0,0
2001320000,193,0,0
2001320000,194,0,0
2001320000,195,0,0
2001320000,196,0,0
2001320000,197,0,0
2001320000,198,0,0
2001320000,199,0,0
2001320000,200,0,0
2001320000,201,0,0
2001320000,202,0,0
2001320000,203,0,0
2001320000,204,0,0
2001320000,205,0,0
2001320000,206,0,0
2001320000,207,0,0
2001320000,208,0,0
2001320000,209,0,0
2001320000,210,0,0
2001320000,211,0,0
2001320000,212,0,0
2001320000,213,0,0
2001320000,214,0,0
2001320000,215,0,0
2001320000,216,0,0
2001320000,217,0,0
2001320000,218,0,0
2001320000,219,0,0
2001320000,220,0,0
2001320000,221,0,0
2001320000,222,0,0
2001320000,223,0,0
2001320000,224,0,0
2001320000,225,0,0
2001320000,226,0,0
2001320000,227,0,0
2001320000,228,0,0
2001320000,229,0,0
2001320000,230,0,0
2001320000,231,0,0
2001320000,232,0,0
2001320000,233,0,0
2001320000,234,0,0
2001320000,235,0,0
2001320000,236,0,0
2001320000,237,0,0
2001320000,238,0,0
2001320000,239,0,0
2001320000,240,0,0
2001320000,241,0,0
2001320000,242,0,0
2001320000,243,0,0
2001320000,244,0,0
2001320000,245,0,0
2001320000,246,0,0
2001320000,247,0,0
2001320000,248,0,0
2001320000,249,0,0
2001320000,250,0,0
2001320000,251,0,0
2001320000,252,0,0
2001320000,253,0,0
2001320000,254,0,0
2001320000,255,0,0
2001320000,256,0,0
2001320000,257,0,0
2001320000,258,0,0
2001320000,259,0,0
2001320000,260,0,0
2001320000,261,0,0
2001320000,262,0,0
2001320000,263,0,0
2001320000,264,0,0
2001320000,265,0,0
2001320000,266,0,0
2001320000,267,0,0
2001320000,268,0,0
2001320000,269,0,0
2001320000,270,0,0
2001320000,271,0,0
2001320000,272,0,0
2001320000,273,0,0
2001320000,274,0,0
2001320000,275,0,0
2001320000,276,0,0
2001320000,277,0,0
2001320000,278,0,0
2001320000,279,0,0
2001320000,280,0,0
2001320000,281,0,0
2001320000,282,0,0
2001320000,283,0,0
2001320000,284,0,0
2001320000,285,0,0
2001320000,286,0,0
2001320000,287,0,0
2001330000,32,0,0
2001330000,33,0,0
2001330000,34,0,0
2001330000,35,0,0
2001330000,36,0,0
2001330000,37,0,0
2001330000,38,0,0
2001330000,39,0,0
2001330000,40,0,0
2001330000,41,0,0
2001330000,42,0,0
2001330000,43,0,0
2001330000,44,0,0
2001330000,45,0,0
2001330000,46,0,0
2001330000,47,0,0
2001330000,48,0,0
2001330000,49,0,0
2001330000,50,0,0
2001330000,51,0,0
2001330000,52,0,0
2001330000,53,0,0
2001330000,54,0,0
2001330000,55,0,0
2001330000,56,0,0
2001330000,57,0,0
2001330000,58,0,0
2001330000,59,0,0
2001330000,60,0,0
2001330000,61,0,0
2001330000,62,0,0
2001330000,63,0,0
2001330000,64,0,0
2001330000,65,0,0
2001330000,66,0,0
2001330000,67,0,0
2001330000,68,0,0
2001330000,69,0,0
2001330000,70,0,0
2001330000,71,0,0
2001330000,72,0,0
2001330000,73,0,0
2001330000,74,0,0
2001330000,75,0,0
2001330000,76,0,0
2001330000,77,0,0
2001330000,78,0,0
2001330000,79,0,0
2001330000,80,0,0
2001330000,81,0,0
2001330000,82,0,0
2001330000,83,0,0
2001330000,84,0,0
2001330000,85,0,0
2001330000,86,0,0
2001330000,87,0,0
2001330000,88,0,0
2001330000,89,0,0
2001330000,90,0,0
2001330000,91,0,0
2001330000,92,0,0
2001330000,93,0,0
2001330000,94,0,0
2001330000,95,0,0
2001330000,96,0,0
2001330000,97,0,0
2001330000,98,0,0
2001330000,99,0,0
2001330000,100,0,0
2001330000,101,0,0
2001330000,102,0,0
2001330000,103,0,0
2001330000,104,0,0
2001330000,105,0,0
2001330000,106,0,0
2001330000,107,0,0
2001330000,108,0,0
2001330000,109,0,0
2001330000,110,0,0
2001330000,111,0,0
2001330000,112,0,0
2001330000,113,0,0
2001330000,114,0,0
2001330000,115,0,0
2001330000,116,0,0
2001330000,117,0,0
2001330000,118,0,0
2001330000,119,0,0
2001330000,120,1,1
2001330000,121,0,0
2001330000,122,0,0
2001330000,123,0,0
2001330000,124,0,0
2001330000,125,0,0
2001330000,126,0,0
2001330000,127,0,0
2001330000,128,0,0
2001330000,129,0,0
2001330000,130,0,0
2001330000,131,0,0
2001330000,132,0,0
2001330000,133,0,0
2001330000,134,0,0
2001330000,135,0,0
2001330000,136,0,0
2001330000,137,0,0
2001330000,138,0,0
2001330000,139,0,0
2001330000,140,0,0
2001330000,141,0,0
2001330000,142,0,0
2001330000,143,0,0
2001330000,144,0,0
2001330000,145,0,0
2001330000,146,0,0
2001330000,147,0,0
2001330000,148,0,0
2001330000,149,0,0
2001330000,150,0,0
2001330000,151,0,0
2001330000,152,0,0
2001330000,153,0,0
2001330000,154,0,0
2001330000,155,0,0
2001330000,156,0,0
2001330000,157,0,0
2001330000,158,0,0
2001330000,159,0,0
2001330000,160,0,0
2001330000,161,0,0
2001330000,162,0,0
2001330000,163,0,0
2001330000,164,0,0
2001330000,165,0,0
2001330000,166,0,0
2001330000,167,0,0
2001330000,168,0,0
2001330000,169,0,0
2001330000,170,0,0
2001330000,171,0,0
2001330000,172,0,0
2001330000,173,0,0
2001330000,174,0,0
2001330000,175,0,0
2001330000,176,0,0
2001330000,177,0,0
2001330000,178,0,0
2001330000,179,0,0
2001330000,180,0,0
2001330000,181,0,0
2001330000,182,0,0
2001330000,183,0,0
2001330000,184,0,0
2001330000,185,0,0
2001330000,186,0,0
2001330000,187,0,0
2001330000,188,0,0
2001330000,189,0,0
2001330000,190,0,0
2001330000,191,0,0
2001330000,192,0,0
2001330000,193,0,0
2001330000,194,0,0
2001330000,195,0,0
2001330000,196,0,0
2001330000,197,0,0
2001330000,198,0,0
2001330000,199,0,0
2001330000,200,0,0
2001330000,201,0,0
2001330000,202,0,0
2001330000,203,0,0
2001330000,204,0,0
2001330000,205,0,0
2001330000,206,0,0
2001330000,207,0,0
2001330000,208,0,0
2001330000,209,0,0
2001330000,210,0,0
2001330000,211,0,0
2001330000,212,0,0
2001330000,213,0,0
2001330000,214,0,0
2001330000,215,0,0
2001330000,216,0,0
2001330000,217,0,0
2001330000,218,0,0
2001330000,219,0,0
2001330000,220,0,0
2001330000,221,0,0
2001330000,222,0,0
2001330000,223,0,0
2001330000,224,0,0
2001330000,225,0,0
2001330000,226,0,0
2001330000,227,0,0
2001330000,228,0,0
2001330000,229,0,0
2001330000,230,0,0
2001330000,231,0,0
2001330000,232,0,0
2001330000,233,0,0
2001330000,234,0,0
2001330000,235,0,0
2001330000,236,0,0
2001330000,237,0,0
2001330000,238,0,0
2001330000,239,0,0
2001330000,240,0,0
2001330000,241,0,0
2001330000,242,0,0
2001330000,243,0,0
2001330000,244,0,0
2001330000,245,0,0
2001330000,246,0,0
2001330000,247,0,0
2001330000,248,0,0
2001330000,249,0,0
2001330000,250,0,0
2001330000,251,0,0
2001330000,252,0,0
2001330000,253,0,0
2001330000,254,0,0
2001330000,255,0,0
2001330000,256,0,0
2001330000,257,0,0
2001330000,258,0,0
2001330000,259,0,0
2001330000,260,0,0
2001330000,261,0,0
2001330000,262,0,0
2001330000,263,0,0
2001330000,264,0,0
2001330000,265,0,0
2001330000,266,0,0
2001330000,267,0,0
2001330000,268,0,0
2001330000,269,0,0
2001330000,270,0,0
2001330000,271,0,0
2001330000,272,0,0
2001330000,273,0,0
2001330000,274,0,0
2001330000,275,0,0
2001330000,276,0,0
2001330000,277,0,0
2001330000,278,0,0
2001330000,279,0,0
2001330000,280,0,0
2001330000,281,0,0
2001330000,282,0,0
2001330000,283,0,0
2001330000,284,0,0
2001330000,285,0,0
2001330000,286,0,0
2001330000,287,0,0
2001340000,32,0,0
2001340000,33,0,0
2001340000,34,0,0
2001340000,35,0,0
2001340000,36,0,0
2001340000,37,0,0
2001340000,38,0,0
2001340000,39,0,0
2001340000,40,0,0
2001340000,41,0,0
2001340000,42,0,0
2001340000,43,0,0
2001340000,44,0,0
2001340000,45,0,0
2001340000,46,0,0
2001340000,47,0,0
2001340000,48,0,0
2001340000,49,0,0
2001340000,50,0,0
2001340000,51,0,0
2001340000,52,0,0
2001340000,53,0,0
2001340000,54,0,0
2001340000,55,0,0
2001340000,56,0,0
2001340000,57,0,0
2001340000,58,0,0
2001340000,59,0,0
2001340000,60,0,0
2001340000,61,0,0
2001340000,62,0,0
2001340000,63,0,0
2001340000,64,0,0
2001340000,65,0,0
2001340000,66,0,0
2001340000,67,0,0
2001340000,68,0,0
2001340000,69,0,0
2001340000,70,0,0
2001340000,71,0,0
2001340000,72,0,0
2001340000,73,0,0
2001340000,74,0,0
2001340000,75,0,0
2001340000,76,0,0
2001340000,77,0,0
2001340000,78,0,0
2001340000,79,0,0
2001340000,80,0,0
2001340000,81,0,0
2001340000,82,0,0
2001340000,83,0,0
2001340000,84,0,0
2001340000,85,0,0
2001340000,86,0,0
2001340000,87,0,0
2001340000,88,0,0
2001340000,89,0,0
2001340000,90,0,0
2001340000,91,0,0
2001340000,92,0,0
2001340000,93,0,0
2001340000,94,0,0
2001340000,95,0,0
2001340000,96,0,0
2001340000,97,0,0
2001340000,98,0,0
2001340000,99,0,0
2001340000,100,0,0
2001340000,101,0,0
2001340000,102,0,0
2001340000,103,0,0
2001340000,104,0,0
2001340000,105,0,0
2001340000,106,0,0
2001340000,107,0,0
2001340000,108,0,0
2001340000,109,0,0
2001340000,110,0,0
2001340000,111,0,0
2001340000,112,0,0
2001340000,113,0,0
2001340000,114,0,0
2001340000,115,0,0
2001340000,116,0,0
2001340000,117,0,0
2001340000,118,0,0
2001340000,119,0,0
2001340000,120,1,1
2001340000,121,0,0
2001340000,122,0,0
2001340000,123,0,0
2001340000,124,0,0
2001340000,125,0,0
2001340000,126,0,0
2001340000,127,0,0
2001340000,128,0,0
2001340000,129,0,0
2001340000,130,0,0
2001340000,131,0,0
2001340000,132,0,0
2001340000,133,0,0
2001340000,134,0,0
2001340000,135,0,0
2001340000,136,0,0
2001340000,137,0,0
2001340000,138,0,0
2001340000,139,0,0
2001340000,140,0,0
2001340000,141,0,0
2001340000,142,0,0
2001340000,143,0,0
2001340000,144,0,0
2001340000,145,0,0
2001340000,146,0,0
2001340000,147,0,0
2001340000,148,0,0
2001340000,149,0,0
2001340000,150,0,0
2001340000,151,0,0
2001340000,152,0,0
2001340000,153,0,0
2001340000,154,0,0
2001340000,155,0,0
2001340000,156,0,0
2001340000,157,0,0
2001340000,158,0,0
2001340000,159,0,0
2001340000,160,0,0
2001340000,161,0,0
2001340000,162,0,0
2001340000,163,0,0
2001340000,164,0,0
2001340000,165,0,0
2001340000,166,0,0
2001340000,167,0,0
2001340000,168,0,0
2001340000,169,0,0
2001340000,170,0,0
2001340000,171,0,0
2001340000,172,0,0
2001340000,173,0,0
2001340000,174,0,0
2001340000,175,0,0
2001340000,176,0,0
2001340000,177,0,0
2001340000,178,0,0
2001340000,179,0,0
2001340000,180,0,0
2001340000,181,0,0
2001340000,182,0,0
2001340000,183,0,0
2001340000,184,0,0
2001340000,185,0,0
2001340000,186,0,0
2001340000,187,0,0
2001340000,188,0,0
2001340000,189,0,0
2001340000,190,0,0
2001340000,191,0,0
2001340000,192,0,0
2001340000,193,0,0
2001340000,194,0,0
2001340000,195,0,0
2001340000,196,0,0
2001340000,197,0,0
2001340000,198,0,0
2001340000,199,0,0
2001340000,200,0,0
2001340000,201,0,0
2001340000,202,0,0
2001340000,203,0,0
2001340000,204,0,0
2001340000,205,0,0
2001340000,206,0,0
2001340000,207,0,0
2001340000,208,0,0
2001340000,209,0,0
2001340000,210,0,0
2001340000,211,0,0
2001340000,212,0,0
2001340000,213,0,0
2001340000,214,0,0
2001340000,215,0,0
2001340000,216,0,0
2001340000,217,0,0
2001340000,218,0,0
2001340000,219,0,0
2001340000,220,0,0
2001340000,221,0,0
2001340000,222,0,0
2001340000,223,0,0
2001340000,224,0,0
2001340000,225,0,0
2001340000,226,0,0
2001340000,227,0,0
2001340000,228,0,0
2001340000,229,0,0
2001340000,230,0,0
2001340000,231,0,0
2001340000,232,0,0
2001340000,233,0,0
2001340000,234,0,0
2001340000,235,0,0
2001340000,236,0,0
2001340000,237,0,0
2001340000,238,0,0
2001340000,239,0,0
2001340000,240,0,0
2001340000,241,0,0
2001340000,242,0,0
2001340000,243,0,0
2001340000,244,0,0
2001340000,245,0,0
2001340000,246,0,0
2001340000,247,0,0
2001340000,248,0,0
2001340000,249,0,0
2001340000,250,0,0
2001340000,251,0,0
2001340000,252,0,0
2001340000,253,0,0
2001340000,254,0,0
2001340000,255,0,0
2001340000,256,0,0
2001340000,257,0,0
2001340000,258,0,0
2001340000,259,0,0
2001340000,260,0,0
2001340000,261,0,0
2001340000,262,0,0
2001340000,263,0,0
2001340000,264,0,0
2001340000,265,0,0
2001340000,266,0,0
2001340000,267,0,0
2001340000,268,0,0
2001340000,269,0,0
2001340000,270,0,0
2001340000,271,0,0
2001340000,272,0,0
2001340000,273,0,0
2001340000,274,0,0
2001340000,275,0,0
2001340000,276,0,0
2001340000,277,0,0
2001340000,278,0,0
2001340000,279,0,0
2001340000,280,0,0
2001340000,281,0,0
2001340000,282,0,0
2001340000,283,0,0
2001340000,284,0,0
2001340000,285,0,0
2001340000,286,0,0
2001340000,287,0,0
2001350000,32,0,0
2001350000,33,0,0
2001350000,34,0,0
2001350000,35,0,0
2001350000,36,0,0
2001350000,37,0,0
2001350000,38,0,0
2001350000,39,0,0
2001350000,40,0,0
2001350000,41,0,0
2001350000,42,0,0
2001350000,43,0,0
2001350000,44,0,0
2001350000,45,0,0
2001350000,46,0,0
2001350000,47,0,0
2001350000,48,0,0
2001350000,49,0,0
2001350000,50,0,0
2001350000,51,0,0
2001350000,52,0,0
2001350000,53,0,0
2001350000,54,0,0
2001350000,55,0,0
2001350000,56,0,0
2001350000,57,0,0
2001350000,58,0,0
2001350000,59,0,0
2001350000,60,0,0
2001350000,61,0,0
2001350000,62,0,0
2001350000,63,0,0
2001350000,64,0,0
2001350000,65,0,0
2001350000,66,0,0
2001350000,67,0,0
2001350000,68,0,0
2001350000,69,0,0
2001350000,70,0,0
2001350000,71,0,0
2001350000,72,0,0
2001350000,73,0,0
2001350000,74,0,0
2001350000,75,0,0
2001350000,76,0,0
2001350000,77,0,0
2001350000,78,0,0
2001350000,79,0,0
2001350000,80,0,0
2001350000,81,0,0
2001350000,82,0,0
2001350000,83,0,0
2001350000,84,0,0
2001350000,85,0,0
2001350000,86,0,0
2001350000,87,0,0
2001350000,88,0,0
2001350000,89,0,0
2001350000,90,0,0
2001350000,91,0,0
2001350000,92,0,0
2001350000,93,0,0
2001350000,94,0,0
2001350000,95,0,0
2001350000,96,0,0
2001350000,97,0,0
2001350000,98,0,0
2001350000,99,0,0
2001350000,100,0,0
2001350000,101,0,0
2001350000,102,0,0
2001350000,103,0,0
2001350000,104,0,0
2001350000,105,0,0
2001350000,106,0,0
2001350000,107,0,0
2001350000,108,0,0
2001350000,109,0,0
2001350000,110,0,0
2001350000,111,0,0
2001350000,112,0,0
2001350000,113,0,0
2001350000,114,0,0
2001350000,115,0,0
2001350000,116,0,0
2001350000,117,0,0
2001350000,118,0,0
2001350000,119,0,0
2001350000,120,1,1
2001350000,121,0,0
2001350000,122,0,0
2001350000,123,0,0
2001350000,124,0,0
2001350000,125,0,0
2001350000,126,0,0
2001350000,127,0,0
2001350000,128,0,0
2001350000,129,0,0
2001350000,130,0,0
2001350000,131,0,0
2001350000,132,0,0
2001350000,133,0,0
2001350000,134,0,0
2001350000,135,0,0
2001350000,136,0,0
2001350000,137,0,0
2001350000,138,0,0
2001350000,139,0,0
2001350000,140,0,0
2001350000,141,0,0
2001350000,142,0,0
2001350000,143,0,0
2001350000,144,0,0
2001350000,145,0,0
2001350000,146,0,0
2001350000,147,0,0
2001350000,148,0,0
2001350000,149,0,0
2001350000,150,0,0
2001350000,151,0,0
2001350000,152,0,0
2001350000,153,0,0
2001350000,154,0,0
2001350000,155,0,0
2001350000,156,0,0
2001350000,157,0,0
2001350000,158,0,0
2001350000,159,0,0
2001350000,160,0,0
2001350000,161,0,0
2001350000,162,0,0
2001350000,163,0,0
2001350000,164,0,0
2001350000,165,0,0
2001350000,166,0,0
2001350000,167,0,0
2001350000,168,0,0
2001350000,169,0,0
2001350000,170,0,0
2001350000,171,0,0
2001350000,172,0,0
2001350000,173,0,0
2001350000,174,0,0
2001350000,175,0,0
2001350000,176,0,0
2001350000,177,0,0
2001350000,178,0,0
2001350000,179,0,0
2001350000,180,0,0
2001350000,181,0,0
2001350000,182,0,0
2001350000,183,0,0
2001350000,184,0,0
2001350000,185,0,0
2001350000,186,0,0
2001350000,187,0,0
2001350000,188,0,0
2001350000,189,0,0
2001350000,190,0,0
2001350000,191,0,0
2001350000,192,0,0
2001350000,193,0,0
2001350000,194,0,0
2001350000,195,0,0
2001350000,196,0,0
2001350000,197,0,0
2001350000,198,0,0
2001350000,199,0,0
2001350000,200,0,0
2001350000,201,0,0
2001350000,202,0,0
2001350000,203,0,0
2001350000,204,0,0
2001350000,205,0,0
2001350000,206,0,0
2001350000,207,0,0
2001350000,208,0,0
2001350000,209,0,0
2001350000,210,0,0
2001350000,211,0,0
2001350000,212,0,0
2001350000,213,0,0
2001350000,214,0,0
2001350000,215,0,0
2001350000,216,0,0
2001350000,217,0,0
2001350000,218,0,0
2001350000,219,0,0
2001350000,220,0,0
2001350000,221,0,0
2001350000,222,0,0
2001350000,223,0,0
2001350000,224,0,0
2001350000,225,0,0
2001350000,226,0,0
2001350000,227,0,0
2001350000,228,0,0
2001350000,229,0,0
2001350000,230,0,0
2001350000,231,0,0
2001350000,232,0,0
2001350000,233,0,0
2001350000,234,0,0
2001350000,235,0,0
2001350000,236,0,0
2001350000,237,0,0
2001350000,238,0,0
2001350000,239,0,0
2001350000,240,0,0
2001350000,241,0,0
2001350000,242,0,0
2001350000,243,0,0
2001350000,244,0,0
2001350000,245,0,0
2001350000,246,0,0
2001350000,247,0,0
2001350000,248,0,0
2001350000,249,0,0
2001350000,250,0,0
2001350000,251,0,0
2001350000,252,0,0
2001350000,253,0,0
2001350000,254,0,0
2001350000,255,0,0
2001350000,256,0,0
2001350000,257,0,0
2001350000,258,0,0
2001350000,259,0,0
2001350000,260,0,0
2001350000,261,0,0
2001350000,262,0,0
2001350000,263,0,0
2001350000,264,0,0
2001350000,265,0,0
2001350000,266,0,0
2001350000,267,0,0
2001350000,268,0,0
2001350000,269,0,0
2001350000,270,0,0
2001350000,271,0,0
2001350000,272,0,0
2001350000,273,0,0
2001350000,274,0,0
2001350000,275,0,0
2001350000,276,0,0
2001350000,277,0,0
2001350000,278,0,0
2001350000,279,0,0
2001350000,280,0,0
2001350000,281,0,0
2001350000,282,0,0
2001350000,283,0,0
2001350000,284,0,0
2001350000,285,0,0
2001350000,286,0,0
2001350000,287,0,0
2001360000,32,0,0
2001360000,33,0,0
2001360000,34,0,0
2001360000,35,0,0
2001360000,36,0,0
2001360000,37,0,0
2001360000,38,0,0
2001360000,39,0,0
2001360000,40,0,0
2001360000,41,0,0
2001360000,42,0,0
2001360000,43,0,0
2001360000,44,0,0
2001360000,45,0,0
2001360000,46,0,0
2001360000,47,0,0
2001360000,48,0,0
2001360000,49,0,0
2001360000,50,0,0
2001360000,51,0,0
2001360000,52,0,0
2001360000,53,0,0
2001360000,54,0,0
2001360000,55,0,0
2001360000,56,0,0
2001360000,57,0,0
2001360000,58,0,0
2001360000,59,0,0
2001360000,60,0,0
2001360000,61,0,0
2001360000,62,0,0
2001360000,63,0,0
2001360000,64,0,0
2001360000,65,0,0
2001360000,66,0,0
2001360000,67,0,0
2001360000,68,0,0
2001360000,69,0,0
2001360000,70,0,0
2001360000,71,0,0
2001360000,72,0,0
2001360000,73,0,0
2001360000,74,0,0
2001360000,75,0,0
2001360000,76,0,0
2001360000,77,0,0
2001360000,78,0,0
2001360000,79,0,0
2001360000,80,0,0
2001360000,81,0,0
2001360000,82,0,0
2001360000,83,0,0
2001360000,84,0,0
2001360000,85,0,0
2001360000,86,0,0
2001360000,87,0,0
2001360000,88,0,0
2001360000,89,0,0
2001360000,90,0,0
2001360000,91,0,0
2001360000,92,0,0
2001360000,93,0,0
2001360000,94,0,0
2001360000,95,0,0
2001360000,96,0,0
2001360000,97,0,0
2001360000,98,0,0
2001360000,99,0,0
2001360000,100,0,0
2001360000,101,0,0
2001360000,102,0,0
2001360000,103,0,0
2001360000,104,0,0
2001360000,105,0,0
2001360000,106,0,0
2001360000,107,0,0
2001360000,108,0,0
2001360000,109,0,0
2001360000,110,0,0
2001360000,111,0,0
2001360000,112,0,0
2001360000,113,0,0
2001360000,114,0,0
2001360000,115,0,0
2001360000,116,0,0
2001360000,117,0,0
2001360000,118,0,0
2001360000,119,0,0
2001360000,120,1,1
2001360000,121,0,0
2001360000,122,0,0
2001360000,123,0,0
2001360000,124,0,0
2001360000,125,0,0
2001360000,126,0,0
2001360000,127,0,0
2001360000,128,0,0
2001360000,129,0,0
2001360000,130,0,0
2001360000,131,0,0
2001360000,132,0,0
2001360000,133,0,0
2001360000,134,0,0
2001360000,135,0,0
2001360000,136,0,0
2001360000,137,0,0
2001360000,138,0,0
2001360000,139,0,0
2001360000,140,0,0
2001360000,141,0,0
2001360000,142,0,0
2001360000,143,0,0
2001360000,144,0,0
2001360000,145,0,0
2001360000,146,0,0
2001360000,147,0,0
2001360000,148,0,0
2001360000,149,0,0
2001360000,150,0,0
2001360000,151,0,0
2001360000,152,0,0
2001360000,153,0,0
2001360000,154,0,0
2001360000,155,0,0
2001360000,156,0,0
2001360000,157,0,0
2001360000,158,0,0
2001360000,159,0,0
2001360000,160,0,0
2001360000,161,0,0
2001360000,162,0,0
2001360000,163,0,0
2001360000,164,0,0
2001360000,165,0,0
2001360000,166,0,0
2001360000,167,0,0
2001360000,168,0,0
2001360000,169,0,0
2001360000,170,0,0
2001360000,171,0,0
2001360000,172,0,0
2001360000,173,0,0
2001360000,174,0,0
2001360000,175,0,0
2001360000,176,0,0
2001360000,177,0,0
2001360000,178,0,0
2001360000,179,0,0
2001360000,180,0,0
2001360000,181,0,0
2001360000,182,0,0
2001360000,183,0,0
2001360000,184,0,0
2001360000,185,0,0
2001360000,186,0,0
2001360000,187,0,0
2001360000,188,0,0
2001360000,189,0,0
2001360000,190,0,0
2001360000,191,0,0
2001360000,192,0,0
2001360000,193,0,0
2001360000,194,0,0
2001360000,195,0,0
2001360000,196,0,0
2001360000,197,0,0
2001360000,198,0,0
2001360000,199,0,0
2001360000,200,0,0
2001360000,201,0,0
2001360000,202,0,0
2001360000,203,0,0
2001360000,204,0,0
2001360000,205,0,0
2001360000,206,0,0
2001360000,207,0,0
2001360000,208,0,0
2001360000,209,0,0
2001360000,210,0,0
2001360000,211,0,0
2001360000,212,0,0
2001360000,213,0,0
2001360000,214,0,0
2001360000,215,0,0
2001360000,216,0,0
2001360000,217,0,0
2001360000,218,0,0
2001360000,219,0,0
2001360000,220,0,0
2001360000,221,0,0
2001360000,222,0,0
2001360000,223,0,0
2001360000,224,0,0
2001360000,225,0,0
2001360000,226,0,0
2001360000,227,0,0
2001360000,228,0,0
2001360000,229,0,0
2001360000,230,0,0
2001360000,231,0,0
2001360000,232,0,0
2001360000,233,0,0
2001360000,234,0,0
2001360000,235,0,0
2001360000,236,0,0
2001360000,237,0,0
2001360000,238,0,0
2001360000,239,0,0
2001360000,240,0,0
2001360000,241,0,0
2001360000,242,0,0
2001360000,243,0,0
2001360000,244,0,0
2001360000,245,0,0
2001360000,246,0,0
2001360000,247,0,0
2001360000,248,0,0
2001360000,249,0,0
2001360000,250,0,0
2001360000,251,0,0
2001360000,252,0,0
2001360000,253,0,0
2001360000,254,0,0
2001360000,255,0,0
2001360000,256,0,0
2001360000,257,0,0
2001360000,258,0,0
2001360000,259,0,0
2001360000,260,0,0
2001360000,261,0,0
2001360000,262,0,0
2001360000,263,0,0
2001360000,264,0,0
2001360000,265,0,0
2001360000,266,0,0
2001360000,267,0,0
2001360000,268,0,0
2001360000,269,0,0
2001360000,270,0,0
2001360000,271,0,0
2001360000,272,0,0
2001360000,273,0,0
2001360000,274,0,0
2001360000,275,0,0
2001360000,276,0,0
2001360000,277,0,0
2001360000,278,0,0
2001360000,279,0,0
2001360000,280,0,0
2001360000,281,0,0
2001360000,282,0,0
2001360000,283,0,0
2001360000,284,0,0
2001360000,285,0,0
2001360000,286,0,0
2001360000,287,0,0
2001370000,32,0,0
2001370000,33,0,0
2001370000,34,0,0
2001370000,35,0,0
2001370000,36,0,0
2001370000,37,0,0
2001370000,38,0,0
2001370000,39,0,0
2001370000,40,0,0
2001370000,41,0,0
2001370000,42,0,0
2001370000,43,0,0
2001370000,44,0,0
2001370000,45,0,0
2001370000,46,0,0
2001370000,47,0,0
2001370000,48,0,0
2001370000,49,0,0
2001370000,50,0,0
2001370000,51,0,0
2001370000,52,0,0
2001370000,53,0,0
2001370000,54,0,0
2001370000,55,0,0
2001370000,56,0,0
2001370000,57,0,0
2001370000,58,0,0
2001370000,59,0,0
2001370000,60,0,0
2001370000,61,0,0
2001370000,62,0,0
2001370000,63,0,0
2001370000,64,0,0
2001370000,65,0,0
2001370000,66,0,0
2001370000,67,0,0
2001370000,68,0,0
2001370000,69,0,0
2001370000,70,0,0
2001370000,71,0,0
2001370000,72,0,0
2001370000,73,0,0
2001370000,74,0,0
2001370000,75,0,0
2001370000,76,0,0
2001370000,77,0,0
2001370000,78,0,0
2001370000,79,0,0
2001370000,80,0,0
2001370000,81,0,0
2001370000,82,0,0
2001370000,83,0,0
2001370000,84,0,0
2001370000,85,0,0
2001370000,86,0,0
2001370000,87,0,0
2001370000,88,0,0
2001370000,89,0,0
2001370000,90,0,0
2001370000,91,0,0
2001370000,92,0,0
2001370000,93,0,0
2001370000,94,0,0
2001370000,95,0,0
2001370000,96,0,0
2001370000,97,0,0
2001370000,98,0,0
2001370000,99,0,0
2001370000,100,0,0
2001370000,101,0,0
2001370000,102,0,0
2001370000,103,0,0
2001370000,104,0,0
2001370000,105,0,0
2001370000,106,0,0
2001370000,107,0,0
2001370000,108,0,0
2001370000,109,0,0
2001370000,110,0,0
2001370000,111,0,0
2001370000,112,0,0
2001370000,113,0,0
2001370000,114,0,0
2001370000,115,0,0
2001370000,116,0,0
2001370000,117,0,0
2001370000,118,0,0
2001370000,119,0,0
2001370000,120,1,1
2001370000,121,0,0
2001370000,122,0,0
2001370000,123,0,0
2001370000,124,0,0
2001370000,125,0,0
2001370000,126,0,0
2001370000,127,0,0
2001370000,128,0,0
2001370000,129,0,0
2001370000,130,0,0
2001370000,131,0,0
2001370000,132,0,0
2001370000,133,0,0
2001370000,134,0,0
2001370000,135,0,0
2001370000,136,0,0
2001370000,137,0,0
2001370000,138,0,0
2001370000,139,0,0
2001370000,140,0,0
2001370000,141,0,0
2001370000,142,0,0
2001370000,143,0,0
2001370000,144,0,0
2001370000,145,0,0
2001370000,146,0,0
2001370000,147,0,0
2001370000,148,0,0
2001370000,149,0,0
2001370000,150,0,0
2001370000,151,0,0
2001370000,152,0,0
2001370000,153,0,0
2001370000,154,0,0
2001370000,155,0,0
2001370000,156,0,0
2001370000,157,0,0
2001370000,158,0,0
2001370000,159,0,0
2001370000,160,0,0
2001370000,161,0,0
2001370000,162,0,0
2001370000,163,0,0
2001370000,164,0,0
2001370000,165,0,0
2001370000,166,0,0
2001370000,167,0,0
2001370000,168,0,0
2001370000,169,0,0
2001370000,170,0,0
2001370000,171,0,0
2001370000,172,0,0
2001370000,173,0,0
2001370000,174,0,0
2001370000,175,0,0
2001370000,176,0,0
2001370000,177,0,0
2001370000,178,0,0
2001370000,179,0,0
2001370000,180,0,0
2001370000,181,0,0
2001370000,182,0,0
2001370000,183,0,0
2001370000,184,0,0
2001370000,185,0,0
2001370000,186,0,0
2001370000,187,0,0
2001370000,188,0,0
2001370000,189,0,0
2001370000,190,0,0
2001370000,191,0,0
2001370000,192,0,0
2001370000,193,0,0
2001370000,194,0,0
2001370000,195,0,0
2001370000,196,0,0
2001370000,197,0,0
2001370000,198,0,0
2001370000,199,0,0
2001370000,200,0,0
2001370000,201,0,0
2001370000,202,0,0
2001370000,203,0,0
2001370000,204,0,0
2001370000,205,0,0
2001370000,206,0,0
2001370000,207,0,0
2001370000,208,0,0
2001370000,209,0,0
2001370000,210,0,0
2001370000,211,0,0
2001370000,212,0,0
2001370000,213,0,0
2001370000,214,0,0
2001370000,215,0,0
2001370000,216,0,0
2001370000,217,0,0
2001370000,218,0,0
2001370000,219,0,0
2001370000,220,0,0
2001370000,221,0,0
2001370000,222,0,0
2001370000,223,0,0
2001370000,224,0,0
2001370000,225,0,0
2001370000,226,0,0
2001370000,227,0,0
2001370000,228,0,0
2001370000,229,0,0
2001370000,230,0,0
2001370000,231,0,0
2001370000,232,0,0
2001370000,233,0,0
2001370000,234,0,0
2001370000,235,0,0
2001370000,236,0,0
2001370000,237,0,0
2001370000,238,0,0
2001370000,239,0,0
2001370000,240,0,0
2001370000,241,0,0
2001370000,242,0,0
2001370000,243,0,0
2001370000,244,0,0
2001370000,245,0,0
2001370000,246,0,0
2001370000,247,0,0
2001370000,248,0,0
2001370000,249,0,0
2001370000,250,0,0
2001370000,251,0,0
2001370000,252,0,0
2001370000,253,0,0
2001370000,254,0,0
2001370000,255,0,0
2001370000,256,0,0
2001370000,257,0,0
2001370000,258,0,0
2001370000,259,0,0
2001370000,260,0,0
2001370000,261,0,0
2001370000,262,0,0
2001370000,263,0,0
2001370000,264,0,0
2001370000,265,0,0
2001370000,266,0,0
2001370000,267,0,0
2001370000,268,0,0
2001370000,269,0,0
2001370000,270,0,0
2001370000,271,0,0
2001370000,272,0,0
2001370000,273,0,0
2001370000,274,0,0
2001370000,275,0,0
2001370000,276,0,0
2001370000,277,0,0
2001370000,278,0,0
2001370000,279,0,0
2001370000,280,0,0
2001370000,281,0,0
2001370000,282,0,0
2001370000,283,0,0
2001370000,284,0,0
2001370000,285,0,0
2001370000,286,0,0
2001370000,287,0,0
2001380000,32,0,0
2001380000,33,0,0
2001380000,34,0,0
2001380000,35,0,0
2001380000,36,0,0
2001380000,37,0,0
2001380000,38,0,0
2001380000,39,0,0
2001380000,40,0,0
2001380000,41,0,0
2001380000,42,0,0
2001380000,43,0,0
2001380000,44,0,0
2001380000,45,0,0
2001380000,46,0,0
2001380000,47,0,0
2001380000,48,0,0
2001380000,49,0,0
2001380000,50,0,0
2001380000,51,0,0
2001380000,52,0,0
2001380000,53,0,0
2001380000,54,0,0
2001380000,55,0,0
2001380000,56,0,0
2001380000,57,0,0
2001380000,58,0,0
2001380000,59,0,0
2001380000,60,0,0
2001380000,61,0,0
2001380000,62,0,0
2001380000,63,0,0
2001380000,64,0,0
2001380000,65,0,0
2001380000,66,0,0
2001380000,67,0,0
2001380000,68,0,0
2001380000,69,0,0
2001380000,70,0,0
2001380000,71,0,0
2001380000,72,0,0
2001380000,73,0,0
2001380000,74,0,0
2001380000,75,0,0
2001380000,76,0,0
2001380000,77,0,0
2001380000,78,0,0
2001380000,79,0,0
2001380000,80,0,0
2001380000,81,0,0
2001380000,82,0,0
2001380000,83,0,0
2001380000,84,0,0
2001380000,85,0,0
2001380000,86,0,0
2001380000,87,0,0
2001380000,88,0,0
2001380000,89,0,0
2001380000,90,0,0
2001380000,91,0,0
2001380000,92,0,0
2001380000,93,0,0
2001380000,94,0,0
2001380000,95,0,0
2001380000,96,0,0
2001380000,97,0,0
2001380000,98,0,0
2001380000,99,0,0
2001380000,100,0,0
2001380000,101,0,0
2001380000,102,0,0
2001380000,103,0,0
2001380000,104,0,0
2001380000,105,0,0
2001380000,106,0,0
2001380000,107,0,0
2001380000,108,0,0
2001380000,109,0,0
2001380000,110,0,0
2001380000,111,0,0
2001380000,112,0,0
2001380000,113,0,0
2001380000,114,0,0
2001380000,115,0,0
2001380000,116,0,0
2001380000,117,0,0
2001380000,118,0,0
2001380000,119,0,0
2001380000,120,1,1
2001380000,121,0,0
2001380000,122,0,0
2001380000,123,0,0
2001380000,124,0,0
2001380000,125,0,0
2001380000,126,0,0
2001380000,127,0,0
2001380000,128,0,0
2001380000,129,0,0
2001380000,130,0,0
2001380000,131,0,0
2001380000,132,0,0
2001380000,133,0,0
2001380000,134,0,0
2001380000,135,0,0
2001380000,136,0,0
2001380000,137,0,0
2001380000,138,0,0
2001380000,139,0,0
2001380000,140,0,0
2001380000,141,0,0
2001380000,142,0,0
2001380000,143,0,0
2001380000,144,0,0
2001380000,145,0,0
2001380000,146,0,0
2001380000,147,0,0
2001380000,148,0,0
2001380000,149,0,0
2001380000,150,0,0
2001380000,151,0,0
2001380000,152,0,0
2001380000,153,0,0
2001380000,154,0,0
2001380000,155,0,0
2001380000,156,0,0
2001380000,157,0,0
2001380000,158,0,0
2001380000,159,0,0
2001380000,160,0,0
2001380000,161,0,0
2001380000,162,0,0
2001380000,163,0,0
2001380000,164,0,0
2001380000,165,0,0
2001380000,166,0,0
2001380000,167,0,0
2001380000,168,0,0
2001380000,169,0,0
2001380000,170,0,0
2001380000,171,0,0
2001380000,172,0,0
2001380000,173,0,0
2001380000,174,0,0
2001380000,175,0,0
2001380000,176,0,0
2001380000,177,0,0
2001380000,178,0,0
2001380000,179,0,0
2001380000,180,0,0
2001380000,181,0,0
2001380000,182,0,0
2001380000,183,0,0
2001380000,184,0,0
2001380000,185,0,0
2001380000,186,0,0
2001380000,187,0,0
2001380000,188,0,0
2001380000,189,0,0
2001380000,190,0,0
2001380000,191,0,0
2001380000,192,0,0
2001380000,193,0,0
2001380000,194,0,0
2001380000,195,0,0
2001380000,196,0,0
2001380000,197,0,0
2001380000,198,0,0
2001380000,199,0,0
2001380000,200,0,0
2001380000,201,0,0
2001380000,202,0,0
2001380000,203,0,0
2001380000,204,0,0
2001380000,205,0,0
2001380000,206,0,0
2001380000,207,0,0
2001380000,208,0,0
2001380000,209,0,0
2001380000,210,0,0
2001380000,211,0,0
2001380000,212,0,0
2001380000,213,0,0
2001380000,214,0,0
2001380000,215,0,0
2001380000,216,0,0
2001380000,217,0,0
2001380000,218,0,0
2001380000,219,0,0
2001380000,220,0,0
2001380000,221,0,0
2001380000,222,0,0
2001380000,223,0,0
2001380000,224,0,0
2001380000,225,0,0
2001380000,226,0,0
2001380000,227,0,0
2001380000,228,0,0
2001380000,229,0,0
2001380000,230,0,0
2001380000,231,0,0
2001380000,232,0,0
2001380000,233,0,0
2001380000,234,0,0
2001380000,235,0,0
2001380000,236,0,0
2001380000,237,0,0
2001380000,238,0,0
2001380000,239,0,0
2001380000,240,0,0
2001380000,241,0,0
2001380000,242,0,0
2001380000,243,0,0
2001380000,244,0,0
2001380000,245,0,0
2001380000,246,0,0
2001380000,247,0,0
2001380000,248,0,0
2001380000,249,0,0
2001380000,250,0,0
2001380000,251,0,0
2001380000,252,0,0
2001380000,253,0,0
2001380000,254,0,0
2001380000,255,0,0
2001380000,256,0,0
2001380000,257,0,0
2001380000,258,0,0
2001380000,259,0,0
2001380000,260,0,0
2001380000,261,0,0
2001380000,262,0,0
2001380000,263,0,0
2001380000,264,0,0
2001380000,265,0,0
2001380000,266,0,0
2001380000,267,0,0
2001380000,268,0,0
2001380000,269,0,0
2001380000,270,0,0
2001380000,271,0,0
2001380000,272,0,0
2001380000,273,0,0
2001380000,274,0,0
2001380000,275,0,0
2001380000,276,0,0
2001380000,277,0,0
2001380000,278,0,0
2001380000,279,0,0
2001380000,280,0,0
2001380000,281,0,0
2001380000,282,0,0
2001380000,283,0,0
2001380000,284,0,0
2001380000,285,0,0
2001380000,286,0,0
2001380000,287,0,0
2001390000,32,0,0
2001390000,33,0,0
2001390000,34,0,0
2001390000,35,0,0
2001390000,36,0,0
2001390000,37,0,0
2001390000,38,0,0
2001390000,39,0,0
2001390000,40,0,0
2001390000,41,0,0
2001390000,42,0,0
2001390000,43,0,0
2001390000,44,0,0
2001390000,45,0,0
2001390000,46,0,0
2001390000,47,0,0
2001390000,48,0,0
2001390000,49,0,0
2001390000,50,0,0
2001390000,51,0,0
2001390000,52,0,0
2001390000,53,0,0
2001390000,54,0,0
2001390000,55,0,0
2001390000,56,0,0
2001390000,57,0,0
2001390000,58,0,0
2001390000,59,0,0
2001390000,60,0,0
2001390000,61,0,0
2001390000,62,0,0
2001390000,63,0,0
2001390000,64,0,0
2001390000,65,0,0
2001390000,66,0,0
2001390000,67,0,0
2001390000,68,0,0
2001390000,69,0,0
2001390000,70,0,0
2001390000,71,0,0
2001390000,72,0,0
2001390000,73,0,0
2001390000,74,0,0
2001390000,75,0,0
2001390000,76,0,0
2001390000,77,0,0
2001390000,78,0,0
2001390000,79,0,0
2001390000,80,0,0
2001390000,81,0,0
2001390000,82,0,0
2001390000,83,0,0
2001390000,84,0,0
2001390000,85,0,0
2001390000,86,0,0
2001390000,87,0,0
2001390000,88,0,0
2001390000,89,0,0
2001390000,90,0,0
2001390000,91,0,0
2001390000,92,0,0
2001390000,93,0,0
2001390000,94,0,0
2001390000,95,0,0
2001390000,96,0,0
2001390000,97,0,0
2001390000,98,0,0
2001390000,99,0,0
2001390000,100,0,0
2001390000,101,0,0
2001390000,102,0,0
2001390000,103,0,0
2001390000,104,0,0
2001390000,105,0,0
2001390000,106,0,0
2001390000,107,0,0
2001390000,108,0,0
2001390000,109,0,0
2001390000,110,0,0
2001390000,111,0,0
2001390000,112,0,0
2001390000,113,0,0
2001390000,114,0,0
2001390000,115,0,0
2001390000,116,0,0
2001390000,117,0,0
2001390000,118,0,0
2001390000,119,0,0
2001390000,120,1,1
2001390000,121,0,0
2001390000,122,0,0
2001390000,123,0,0
2001390000,124,0,0
2001390000,125,0,0
2001390000,126,0,0
2001390000,127,0,0
2001390000,128,0,0
2001390000,129,0,0
2001390000,130,0,0
2001390000,131,0,0
2001390000,132,0,0
2001390000,133,0,0
2001390000,134,0,0
2001390000,135,0,0
2001390000,136,0,0
2001390000,137,0,0
2001390000,138,0,0
2001390000,139,0,0
2001390000,140,0,0
2001390000,141,0,0
2001390000,142,0,0
2001390000,143,0,0
2001390000,144,0,0
2001390000,145,0,0
2001390000,146,0,0
2001390000,147,0,0
2001390000,148,0,0
2001390000,149,0,0
2001390000,150,0,0
2001390000,151,0,0
2001390000,152,0,0
2001390000,153,0,0
2001390000,154,0,0
2001390000,155,0,0
2001390000,156,0,0
2001390000,157,0,0
2001390000,158,0,0
2001390000,159,0,0
2001390000,160,0,0
2001390000,161,0,0
2001390000,162,0,0
2001390000,163,0,0
2001390000,164,0,0
2001390000,165,0,0
2001390000,166,0,0
2001390000,167,0,0
2001390000,168,0,0
2001390000,169,0,0
2001390000,170,0,0
2001390000,171,0,0
2001390000,172,0,0
2001390000,173,0,0
2001390000,174,0,0
2001390000,175,0,0
2001390000,176,0,0
2001390000,177,0,0
2001390000,178,0,0
2001390000,179,0,0
2001390000,180,0,0
2001390000,181,0,0
2001390000,182,0,0
2001390000,183,0,0
2001390000,184,0,0
2001390000,185,0,0
2001390000,186,0,0
2001390000,187,0,0
2001390000,188,0,0
2001390000,189,0,0
2001390000,190,0,0
2001390000,191,0,0
2001390000,192,0,0
2001390000,193,0,0
2001390000,194,0,0
2001390000,195,0,0
2001390000,196,0,0
2001390000,197,0,0
2001390000,198,0,0
2001390000,199,0,0
2001390000,200,0,0
2001390000,201,0,0
2001390000,202,0,0
2001390000,203,0,0
2001390000,204,0,0
2001390000,205,0,0
2001390000,206,0,0
2001390000,207,0,0
2001390000,208,0,0
2001390000,209,0,0
2001390000,210,0,0
2001390000,211,0,0
2001390000,212,0,0
2001390000,213,0,0
2001390000,214,0,0
2001390000,215,0,0
2001390000,216,0,0
2001390000,217,0,0
2001390000,218,0,0
2001390000,219,0,0
2001390000,220,0,0
2001390000,221,0,0
2001390000,222,0,0
2001390000,223,0,0
2001390000,224,0,0
2001390000,225,0,0
2001390000,226,0,0
2001390000,227,0,0
2001390000,228,0,0
2001390000,229,0,0
2001390000,230,0,0
2001390000,231,0,0
2001390000,232,0,0
2001390000,233,0,0
2001390000,234,0,0
2001390000,235,0,0
2001390000,236,0,0
2001390000,237,0,0
2001390000,238,0,0
2001390000,239,0,0
2001390000,240,0,0
2001390000,241,0,0
2001390000,242,0,0
2001390000,243,0,0
2001390000,244,0,0
2001390000,245,0,0
2001390000,246,0,0
2001390000,247,0,0
2001390000,248,0,0
2001390000,249,0,0
2001390000,250,0,0
2001390000,251,0,0
2001390000,252,0,0
2001390000,253,0,0
2001390000,254,0,0
2001390000,255,0,0
2001390000,256,0,0
2001390000,257,0,0
2001390000,258,0,0
2001390000,259,0,0
2001390000,260,0,0
2001390000,261,0,0
2001390000,262,0,0
2001390000,263,0,0
2001390000,264,0,0
2001390000,265,0,0
2001390000,266,0,0
2001390000,267,0,0
2001390000,268,0,0
2001390000,269,0,0
2001390000,270,0,0
2001390000,271,0,0
2001390000,272,0,0
2001390000,273,0,0
2001390000,274,0,0
2001390000,275,0,0
2001390000,276,0,0
2001390000,277,0,0
2001390000,278,0,0
2001390000,279,0,0
2001390000,280,0,0
2001390000,281,0,0
2001390000,282,0,0
2001390000,283,0,0
2001390000,284,0,0
2001390000,285,0,0
2001390000,286,0,0
2001390000,287,0,0
2001400000,32,0,0
2001400000,33,0,0
2001400000,34,0,0
2001400000,35,0,0
2001400000,36,0,0
2001400000,37,0,0
2001400000,38,0,0
2001400000,39,0,0
2001400000,40,0,0
2001400000,41,0,0
2001400000,42,0,0
2001400000,43,0,0
2001400000,44,0,0
2001400000,45,0,0
2001400000,46,0,0
2001400000,47,0,0
2001400000,48,0,0
2001400000,49,0,0
2001400000,50,0,0
2001400000,51,0,0
2001400000,52,0,0
2001400000,53,0,0
2001400000,54,0,0
2001400000,55,0,0
2001400000,56,0,0
2001400000,57,0,0
2001400000,58,0,0
2001400000,59,0,0
2001400000,60,0,0
2001400000,61,0,0
2001400000,62,0,0
2001400000,63,0,0
2001400000,64,0,0
2001400000,65,0,0
2001400000,66,0,0
2001400000,67,0,0
2001400000,68,0,0
2001400000,69,0,0
2001400000,70,0,0
2001400000,71,0,0
2001400000,72,0,0
2001400000,73,0,0
2001400000,74,0,0
2001400000,75,0,0
2001400000,76,0,0
2001400000,77,0,0
2001400000,78,0,0
2001400000,79,0,0
2001400000,80,0,0
2001400000,81,0,0
2001400000,82,0,0
2001400000,83,0,0
2001400000,84,0,0
2001400000,85,0,0
2001400000,86,0,0
2001400000,87,0,0
2001400000,88,0,0
2001400000,89,0,0
2001400000,90,0,0
2001400000,91,0,0
2001400000,92,0,0
2001400000,93,0,0
2001400000,94,0,0
2001400000,95,0,0
2001400000,96,0,0
2001400000,97,0,0
2001400000,98,0,0
2001400000,99,0,0
2001400000,100,0,0
2001400000,101,0,0
2001400000,102,0,0
2001400000,103,0,0
2001400000,104,0,0
2001400000,105,0,0
2001400000,106,0,0
2001400000,107,0,0
2001400000,108,0,0
2001400000,109,0,0
2001400000,110,0,0
2001400000,111,0,0
2001400000,112,0,0
2001400000,113,0,0
2001400000,114,0,0
2001400000,115,0,0
2001400000,116,0,0
2001400000,117,0,0
2001400000,118,0,0
2001400000,119,0,0
2001400000,120,1,1
2001400000,121,0,0
2001400000,122,0,0
2001400000,123,0,0
2001400000,124,0,0
2001400000,125,0,0
2001400000,126,0,0
2001400000,127,0,0
2001400000,128,0,0
2001400000,129,0,0
2001400000,130,0,0
2001400000,131,0,0
2001400000,132,0,0
2001400000,133,0,0
2001400000,134,0,0
2001400000,135,0,0
2001400000,136,0,0
2001400000,137,0,0
2001400000,138,0,0
2001400000,139,0,0
2001400000,140,0,0
2001400000,141,0,0
2001400000,142,0,0
2001400000,143,0,0
2001400000,144,0,0
2001400000,145,0,0
2001400000,146,0,0
2001400000,147,0,0
2001400000,148,0,0
2001400000,149,0,0
2001400000,150,0,0
2001400000,151,0,0
2001400000,152,0,0
2001400000,153,0,0
2001400000,154,0,0
2001400000,155,0,0
2001400000,156,0,0
2001400000,157,0,0
2001400000,158,0,0
2001400000,159,0,0
2001400000,160,0,0
2001400000,161,0,0
2001400000,162,0,0
2001400000,163,0,0
2001400000,164,0,0
2001400000,165,0,0
2001400000,166,0,0
2001400000,167,0,0
2001400000,168,0,0
2001400000,169,0,0
2001400000,170,0,0
2001400000,171,0,0
2001400000,172,0,0
2001400000,173,0,0
2001400000,174,0,0
2001400000,175,0,0
2001400000,176,0,0
2001400000,177,0,0
2001400000,178,0,0
2001400000,179,0,0
2001400000,180,0,0
2001400000,181,0,0
2001400000,182,0,0
2001400000,183,0,0
2001400000,184,0,0
2001400000,185,0,0
2001400000,186,0,0
2001400000,187,0,0
2001400000,188,0,0
2001400000,189,0,0
2001400000,190,0,0
2001400000,191,0,0
2001400000,192,0,0
2001400000,193,0,0
2001400000,194,0,0
2001400000,195,0,0
2001400000,196,0,0
2001400000,197,0,0
2001400000,198,0,0
2001400000,199,0,0
2001400000,200,0,0
2001400000,201,0,0
2001400000,202,0,0
2001400000,203,0,0
2001400000,204,0,0
2001400000,205,0,0
2001400000,206,0,0
2001400000,207,0,0
2001400000,208,0,0
2001400000,209,0,0
2001400000,210,0,0
2001400000,211,0,0
2001400000,212,0,0
2001400000,213,0,0
2001400000,214,0,0
2001400000,215,0,0
2001400000,216,0,0
2001400000,217,0,0
2001400000,218,0,0
2001400000,219,0,0
2001400000,220,0,0
2001400000,221,0,0
2001400000,222,0,0
2001400000,223,0,0
2001400000,224,0,0
2001400000,225,0,0
2001400000,226,0,0
2001400000,227,0,0
2001400000,228,0,0
2001400000,229,0,0
2001400000,230,0,0
2001400000,231,0,0
2001400000,232,0,0
2001400000,233,0,0
2001400000,234,0,0
2001400000,235,0,0
2001400000,236,0,0
2001400000,237,0,0
2001400000,238,0,0
2001400000,239,0,0
2001400000,240,0,0
2001400000,241,0,0
2001400000,242,0,0
2001400000,243,0,0
2001400000,244,0,0
2001400000,245,0,0
2001400000,246,0,0
2001400000,247,0,0
2001400000,248,0,0
2001400000,249,0,0
2001400000,250,0,0
2001400000,251,0,0
2001400000,252,0,0
2001400000,253,0,0
2001400000,254,0,0
2001400000,255,0,0
2001400000,256,0,0
2001400000,257,0,0
2001400000,258,0,0
2001400000,259,0,0
2001400000,260,0,0
2001400000,261,0,0
2001400000,262,0,0
2001400000,263,0,0
2001400000,264,0,0
2001400000,265,0,0
2001400000,266,0,0
2001400000,267,0,0
2001400000,268,0,0
2001400000,269,0,0
2001400000,270,0,0
2001400000,271,0,0
2001400000,272,0,0
2001400000,273,0,0
2001400000,274,0,0
2001400000,275,0,0
2001400000,276,0,0
2001400000,277,0,0
2001400000,278,0,0
2001400000,279,0,0
2001400000,280,0,0
2001400000,281,0,0
2001400000,282,0,0
2001400000,283,0,0
2001400000,284,0,0
2001400000,285,0,0
2001400000,286,0,0
2001400000,287,0,0
2001410000,32,0,0
2001410000,33,0,0
2001410000,34,0,0
2001410000,35,0,0
2001410000,36,0,0
2001410000,37,0,0
2001410000,38,0,0
2001410000,39,0,0
2001410000,40,0,0
2001410000,41,0,0
2001410000,42,0,0
2001410000,43,0,0
2001410000,44,0,0
2001410000,45,0,0
2001410000,46,0,0
2001410000,47,0,0
2001410000,48,0,0
2001410000,49,0,0
2001410000,50,0,0
2001410000,51,0,0
2001410000,52,0,0
2001410000,53,0,0
2001410000,54,0,0
2001410000,55,0,0
2001410000,56,0,0
2001410000,57,0,0
2001410000,58,0,0
2001410000,59,0,0
2001410000,60,0,0
2001410000,61,0,0
2001410000,62,0,0
2001410000,63,0,0
2001410000,64,0,0
2001410000,65,0,0
2001410000,66,0,0
2001410000,67,0,0
2001410000,68,0,0
2001410000,69,0,0
2001410000,70,0,0
2001410000,71,0,0
2001410000,72,0,0
2001410000,73,0,0
2001410000,74,0,0
2001410000,75,0,0
2001410000,76,0,0
2001410000,77,0,0
2001410000,78,0,0
2001410000,79,0,0
2001410000,80,0,0
2001410000,81,0,0
2001410000,82,0,0
2001410000,83,0,0
2001410000,84,0,0
2001410000,85,0,0
2001410000,86,0,0
2001410000,87,0,0
2001410000,88,0,0
2001410000,89,0,0
2001410000,90,0,0
2001410000,91,0,0
2001410000,92,0,0
2001410000,93,0,0
2001410000,94,0,0
2001410000,95,0,0
2001410000,96,0,0
2001410000,97,0,0
2001410000,98,0,0
2001410000,99,0,0
2001410000,100,0,0
2001410000,101,0,0
2001410000,102,0,0
2001410000,103,0,0
2001410000,104,0,0
2001410000,105,0,0
2001410000,106,0,0
2001410000,107,0,0
2001410000,108,0,0
2001410000,109,0,0
2001410000,110,0,0
2001410000,111,0,0
2001410000,112,0,0
2001410000,113,0,0
2001410000,114,0,0
2001410000,115,0,0
2001410000,116,0,0
2001410000,117,0,0
2001410000,118,0,0
2001410000,119,0,0
2001410000,120,1,1
2001410000,121,0,0
2001410000,122,0,0
2001410000,123,0,0
2001410000,124,0,0
2001410000,125,0,0
2001410000,126,0,0
2001410000,127,0,0
2001410000,128,0,0
2001410000,129,0,0
2001410000,130,0,0
2001410000,131,0,0
2001410000,132,0,0
2001410000,133,0,0
2001410000,134,0,0
2001410000,135,0,0
2001410000,136,0,0
2001410000,137,0,0
2001410000,138,0,0
2001410000,139,0,0
2001410000,140,0,0
2001410000,141,0,0
2001410000,142,0,0
2001410000,143,0,0
2001410000,144,0,0
2001410000,145,0,0
2001410000,146,0,0
2001410000,147,0,0
2001410000,148,0,0
2001410000,149,0,0
2001410000,150,0,0
2001410000,151,0,0
2001410000,152,0,0
2001410000,153,0,0
2001410000,154,0,0
2001410000,155,0,0
2001410000,156,0,0
2001410000,157,0,0
2001410000,158,0,0
2001410000,159,0,0
2001410000,160,0,0
2001410000,161,0,0
2001410000,162,0,0
2001410000,163,0,0
2001410000,164,0,0
2001410000,165,0,0
2001410000,166,0,0
2001410000,167,0,0
2001410000,168,0,0
2001410000,169,0,0
2001410000,170,0,0
2001410000,171,0,0
2001410000,172,0,0
2001410000,173,0,0
2001410000,174,0,0
2001410000,175,0,0
2001410000,176,0,0
2001410000,177,0,0
2001410000,178,0,0
2001410000,179,0,0
2001410000,180,0,0
2001410000,181,0,0
2001410000,182,0,0
2001410000,183,0,0
2001410000,184,0,0
2001410000,185,0,0
2001410000,186,0,0
2001410000,187,0,0
2001410000,188,0,0
2001410000,189,0,0
2001410000,190,0,0
2001410000,191,0,0
2001410000,192,0,0
2001410000,193,0,0
2001410000,194,0,0
2001410000,195,0,0
2001410000,196,0,0
2001410000,197,0,0
2001410000,198,0,0
2001410000,199,0,0
2001410000,200,0,0
2001410000,201,0,0
2001410000,202,0,0
2001410000,203,0,0
2001410000,204,0,0
2001410000,205,0,0
2001410000,206,0,0
2001410000,207,0,0
2001410000,208,0,0
2001410000,209,0,0
2001410000,210,0,0
2001410000,211,0,0
2001410000,212,0,0
2001410000,213,0,0
2001410000,214,0,0
2001410000,215,0,0
2001410000,216,0,0
2001410000,217,0,0
2001410000,218,0,0
2001410000,219,0,0
2001410000,220,0,0
2001410000,221,0,0
2001410000,222,0,0
2001410000,223,0,0
2001410000,224,0,0
2001410000,225,0,0
2001410000,226,0,0
2001410000,227,0,0
2001410000,228,0,0
2001410000,229,0,0
2001410000,230,0,0
2001410000,231,0,0
2001410000,232,0,0
2001410000,233,0,0
2001410000,234,0,0
2001410000,235,0,0
2001410000,236,0,0
2001410000,237,0,0
2001410000,238,0,0
2001410000,239,0,0
2001410000,240,0,0
2001410000,241,0,0
2001410000,242,0,0
2001410000,243,0,0
2001410000,244,0,0
2001410000,245,0,0
2001410000,246,0,0
2001410000,247,0,0
2001410000,248,0,0
2001410000,249,0,0
2001410000,250,0,0
2001410000,251,0,0
2001410000,252,0,0
2001410000,253,0,0
2001410000,254,0,0
2001410000,255,0,0
2001410000,256,0,0
2001410000,257,0,0
2001410000,258,0,0
2001410000,259,0,0
2001410000,260,0,0
2001410000,261,0,0
2001410000,262,0,0
2001410000,263,0,0
2001410000,264,0,0
2001410000,265,0,0
2001410000,266,0,0
2001410000,267,0,0
2001410000,268,0,0
2001410000,269,0,0
2001410000,270,0,0
2001410000,271,0,0
2001410000,272,0,0
2001410000,273,0,0
2001410000,274,0,0
2001410000,275,0,0
2001410000,276,0,0
2001410000,277,0,0
2001410000,278,0,0
2001410000,279,0,0
2001410000,280,0,0
2001410000,281,0,0
2001410000,282,0,0
2001410000,283,0,0
2001410000,284,0,0
2001410000,285,0,0
2001410000,286,0,0
2001410000,287,0,0
2001420000,32,0,0
2001420000,33,0,0
2001420000,34,0,0
2001420000,35,0,0
2001420000,36,0,0
2001420000,37,0,0
2001420000,38,0,0
2001420000,39,0,0
2001420000,40,0,0
2001420000,41,0,0
2001420000,42,0,0
2001420000,43,0,0
2001420000,44,0,0
2001420000,45,0,0
2001420000,46,0,0
2001420000,47,0,0
2001420000,48,0,0
2001420000,49,0,0
2001420000,50,0,0
2001420000,51,0,0
2001420000,52,0,0
2001420000,53,0,0
2001420000,54,0,0
2001420000,55,0,0
2001420000,56,0,0
2001420000,57,0,0
2001420000,58,0,0
2001420000,59,0,0
2001420000,60,0,0
2001420000,61,0,0
2001420000,62,0,0
2001420000,63,0,0
2001420000,64,0,0
2001420000,65,0,0
2001420000,66,0,0
2001420000,67,0,0
2001420000,68,0,0
2001420000,69,0,0
2001420000,70,0,0
2001420000,71,0,0
2001420000,72,0,0
2001420000,73,0,0
2001420000,74,0,0
2001420000,75,0,0
2001420000,76,0,0
2001420000,77,0,0
2001420000,78,0,0
2001420000,79,0,0
2001420000,80,0,0
2001420000,81,0,0
2001420000,82,0,0
2001420000,83,0,0
2001420000,84,0,0
2001420000,85,0,0
2001420000,86,0,0
2001420000,87,0,0
2001420000,88,0,0
2001420000,89,0,0
2001420000,90,0,0
2001420000,91,0,0
2001420000,92,0,0
2001420000,93,0,0
2001420000,94,0,0
2001420000,95,0,0
2001420000,96,0,0
2001420000,97,0,0
2001420000,98,0,0
2001420000,99,0,0
2001420000,100,0,0
2001420000,101,0,0
2001420000,102,0,0
2001420000,103,0,0
2001420000,104,0,0
2001420000,105,0,0
2001420000,106,0,0
2001420000,107,0,0
2001420000,108,0,0
2001420000,109,0,0
2001420000,110,0,0
2001420000,111,0,0
2001420000,112,0,0
2001420000,113,0,0
2001420000,114,0,0
2001420000,115,0,0
2001420000,116,0,0
2001420000,117,0,0
2001420000,118,0,0
2001420000,119,0,0
2001420000,120,1,1
2001420000,121,0,0
2001420000,122,0,0
2001420000,123,0,0
2001420000,124,0,0
2001420000,125,0,0
2001420000,126,0,0
2001420000,127,0,0
2001420000,128,0,0
2001420000,129,0,0
2001420000,130,0,0
2001420000,131,0,0
2001420000,132,0,0
2001420000,133,0,0
2001420000,134,0,0
2001420000,135,0,0
2001420000,136,0,0
2001420000,137,0,0
2001420000,138,0,0
2001420000,139,0,0
2001420000,140,0,0
2001420000,141,0,0
2001420000,142,0,0
2001420000,143,0,0
2001420000,144,0,0
2001420000,145,0,0
2001420000,146,0,0
2001420000,147,0,0
2001420000,148,0,0
2001420000,149,0,0
2001420000,150,0,0
2001420000,151,0,0
2001420000,152,0,0
2001420000,153,0,0
2001420000,154,0,0
2001420000,155,0,0
2001420000,156,0,0
2001420000,157,0,0
2001420000,158,0,0
2001420000,159,0,0
2001420000,160,0,0
2001420000,161,0,0
2001420000,162,0,0
2001420000,163,0,0
2001420000,164,0,0
2001420000,165,0,0
2001420000,166,0,0
2001420000,167,0,0
2001420000,168,0,0
2001420000,169,0,0
2001420000,170,0,0
2001420000,171,0,0
2001420000,172,0,0
2001420000,173,0,0
2001420000,174,0,0
2001420000,175,0,0
2001420000,176,0,0
2001420000,177,0,0
2001420000,178,0,0
2001420000,179,0,0
2001420000,180,0,0
2001420000,181,0,0
2001420000,182,0,0
2001420000,183,0,0
2001420000,184,0,0
2001420000,185,0,0
2001420000,186,0,0
2001420000,187,0,0
2001420000,188,0,0
2001420000,189,0,0
2001420000,190,0,0
2001420000,191,0,0
2001420000,192,0,0
2001420000,193,0,0
2001420000,194,0,0
2001420000,195,0,0
2001420000,196,0,0
2001420000,197,0,0
2001420000,198,0,0
2001420000,199,0,0
2001420000,200,0,0
2001420000,201,0,0
2001420000,202,0,0
2001420000,203,0,0
2001420000,204,0,0
2001420000,205,0,0
2001420000,206,0,0
2001420000,207,0,0
2001420000,208,0,0
2001420000,209,0,0
2001420000,210,0,0
2001420000,211,0,0
2001420000,212,0,0
2001420000,213,0,0
2001420000,214,0,0
2001420000,215,0,0
2001420000,216,0,0
2001420000,217,0,0
2001420000,218,0,0
2001420000,219,0,0
2001420000,220,0,0
2001420000,221,0,0
2001420000,222,0,0
2001420000,223,0,0
2001420000,224,0,0
2001420000,225,0,0
2001420000,226,0,0
2001420000,227,0,0
2001420000,228,0,0
2001420000,229,0,0
2001420000,230,0,0
2001420000,231,0,0
2001420000,232,0,0
2001420000,233,0,0
2001420000,234,0,0
2001420000,235,0,0
2001420000,236,0,0
2001420000,237,0,0
2001420000,238,0,0
2001420000,239,0,0
2001420000,240,0,0
2001420000,241,0,0
2001420000,242,0,0
2001420000,243,0,0
2001420000,244,0,0
2001420000,245,0,0
2001420000,246,0,0
2001420000,247,0,0
2001420000,248,0,0
2001420000,249,0,0
2001420000,250,0,0
2001420000,251,0,0
2001420000,252,0,0
2001420000,253,0,0
2001420000,254,0,0
2001420000,255,0,0
2001420000,256,0,0
2001420000,257,0,0
2001420000,258,0,0
2001420000,259,0,0
2001420000,260,0,0
2001420000,261,0,0
2001420000,262,0,0
2001420000,263,0,0
2001420000,264,0,0
2001420000,265,0,0
2001420000,266,0,0
2001420000,267,0,0
2001420000,268,0,0
2001420000,269,0,0
2001420000,270,0,0
2001420000,271,0,0
2001420000,272,0,0
2001420000,273,0,0
2001420000,274,0,0
2001420000,275,0,0
2001420000,276,0,0
2001420000,277,0,0
2001420000,278,0,0
2001420000,279,0,0
2001420000,280,0,0
2001420000,281,0,0
2001420000,282,0,0
2001420000,283,0,0
2001420000,284,0,0
2001420000,285,0,0
2001420000,286,0,0
2001420000,287,0,0
2001430000,32,0,0
2001430000,33,0,0
2001430000,34,0,0
2001430000,35,0,0
2001430000,36,0,0
2001430000,37,0,0
2001430000,38,0,0
2001430000,39,0,0
2001430000,40,0,0
2001430000,41,0,0
2001430000,42,0,0
2001430000,43,0,0
2001430000,44,0,0
2001430000,45,0,0
2001430000,46,0,0
2001430000,47,0,0
2001430000,48,0,0
2001430000,49,0,0
2001430000,50,0,0
2001430000,51,0,0
2001430000,52,0,0
2001430000,53,0,0
2001430000,54,0,0
2001430000,55,0,0
2001430000,56,0,0
2001430000,57,0,0
2001430000,58,0,0
2001430000,59,0,0
2001430000,60,0,0
2001430000,61,0,0
2001430000,62,0,0
2001430000,63,0,0
2001430000,64,0,0
2001430000,65,0,0
2001430000,66,0,0
2001430000,67,0,0
2001430000,68,0,0
2001430000,69,0,0
2001430000,70,0,0
2001430000,71,0,0
2001430000,72,0,0
2001430000,73,0,0
2001430000,74,0,0
2001430000,75,0,0
2001430000,76,0,0
2001430000,77,0,0
2001430000,78,0,0
2001430000,79,0,0
2001430000,80,0,0
2001430000,81,0,0
2001430000,82,0,0
2001430000,83,0,0
2001430000,84,0,0
2001430000,85,0,0
2001430000,86,0,0
2001430000,87,0,0
2001430000,88,0,0
2001430000,89,0,0
2001430000,90,0,0
2001430000,91,0,0
2001430000,92,0,0
2001430000,93,0,0
2001430000,94,0,0
2001430000,95,0,0
2001430000,96,0,0
2001430000,97,0,0
2001430000,98,0,0
2001430000,99,0,0
2001430000,100,0,0
2001430000,101,0,0
2001430000,102,0,0
2001430000,103,0,0
2001430000,104,0,0
2001430000,105,0,0
2001430000,106,0,0
2001430000,107,0,0
2001430000,108,0,0
2001430000,109,0,0
2001430000,110,0,0
2001430000,111,0,0
2001430000,112,0,0
2001430000,113,0,0
2001430000,114,0,0
2001430000,115,0,0
2001430000,116,0,0
2001430000,117,0,0
2001430000,118,0,0
2001430000,119,0,0
2001430000,120,1,1
2001430000,121,0,0
2001430000,122,0,0
2001430000,123,0,0
2001430000,124,0,0
2001430000,125,0,0
2001430000,126,0,0
2001430000,127,0,0
2001430000,128,0,0
2001430000,129,0,0
2001430000,130,0,0
2001430000,131,0,0
2001430000,132,0,0
2001430000,133,0,0
2001430000,134,0,0
2001430000,135,0,0
2001430000,136,0,0
2001430000,137,0,0
2001430000,138,0,0
2001430000,139,0,0
2001430000,140,0,0
2001430000,141,0,0
2001430000,142,0,0
2001430000,143,0,0
2001430000,144,0,0
2001430000,145,0,0
2001430000,146,0,0
2001430000,147,0,0
2001430000,148,0,0
2001430000,149,0,0
2001430000,150,0,0
2001430000,151,0,0
2001430000,152,0,0
2001430000,153,0,0
2001430000,154,0,0
2001430000,155,0,0
2001430000,156,0,0
2001430000,157,0,0
2001430000,158,0,0
2001430000,159,0,0
2001430000,160,0,0
2001430000,161,0,0
2001430000,162,0,0
2001430000,163,0,0
2001430000,164,0,0
2001430000,165,0,0
2001430000,166,0,0
2001430000,167,0,0
2001430000,168,0,0
2001430000,169,0,0
2001430000,170,0,0
2001430000,171,0,0
2001430000,172,0,0
2001430000,173,0,0
2001430000,174,0,0
2001430000,175,0,0
2001430000,176,0,0
2001430000,177,0,0
2001430000,178,0,0
2001430000,179,0,0
2001430000,180,0,0
2001430000,181,0,0
2001430000,182,0,0
2001430000,183,0,0
2001430000,184,0,0
2001430000,185,0,0
2001430000,186,0,0
2001430000,187,0,0
2001430000,188,0,0
2001430000,189,0,0
2001430000,190,0,0
2001430000,191,0,0
2001430000,192,0,0
2001430000,193,0,0
2001430000,194,0,0
2001430000,195,0,0
2001430000,196,0,0
2001430000,197,0,0
2001430000,198,0,0
2001430000,199,0,0
2001430000,200,0,0
2001430000,201,0,0
2001430000,202,0,0
2001430000,203,0,0
2001430000,204,0,0
2001430000,205,0,0
2001430000,206,0,0
2001430000,207,0,0
2001430000,208,0,0
2001430000,209,0,0
2001430000,210,0,0
2001430000,211,0,0
2001430000,212,0,0
2001430000,213,0,0
2001430000,214,0,0
2001430000,215,0,0
2001430000,216,0,0
2001430000,217,0,0
2001430000,218,0,0
2001430000,219,0,0
2001430000,220,0,0
2001430000,221,0,0
2001430000,222,0,0
2001430000,223,0,0
2001430000,224,0,0
2001430000,225,0,0
2001430000,226,0,0
2001430000,227,0,0
2001430000,228,0,0
2001430000,229,0,0
2001430000,230,0,0
2001430000,231,0,0
2001430000,232,0,0
2001430000,233,0,0
2001430000,234,0,0
2001430000,235,0,0
2001430000,236,0,0
2001430000,237,0,0
2001430000,238,0,0
2001430000,239,0,0
2001430000,240,0,0
2001430000,241,0,0
2001430000,242,0,0
2001430000,243,0,0
2001430000,244,0,0
2001430000,245,0,0
2001430000,246,0,0
2001430000,247,0,0
2001430000,248,0,0
2001430000,249,0,0
2001430000,250,0,0
2001430000,251,0,0
2001430000,252,0,0
2001430000,253,0,0
2001430000,254,0,0
2001430000,255,0,0
2001430000,256,0,0
2001430000,257,0,0
2001430000,258,0,0
2001430000,259,0,0
2001430000,260,0,0
2001430000,261,0,0
2001430000,262,0,0
2001430000,263,0,0
2001430000,264,0,0
2001430000,265,0,0
2001430000,266,0,0
2001430000,267,0,0
2001430000,268,0,0
2001430000,269,0,0
2001430000,270,0,0
2001430000,271,0,0
2001430000,272,0,0
2001430000,273,0,0
2001430000,274,0,0
2001430000,275,0,0
2001430000,276,0,0
2001430000,277,0,0
2001430000,278,0,0
2001430000,279,0,0
2001430000,280,0,0
2001430000,281,0,0
2001430000,282,0,0
2001430000,283,0,0
2001430000,284,0,0
2001430000,285,0,0
2001430000,286,0,0
2001430000,287,0,0
2001440000,32,0,0
2001440000,33,0,0
2001440000,34,0,0
2001440000,35,0,0
2001440000,36,0,0
2001440000,37,0,0
2001440000,38,0,0
2001440000,39,0,0
2001440000,40,0,0
2001440000,41,0,0
2001440000,42,0,0
2001440000,43,0,0
2001440000,44,0,0
2001440000,45,0,0
2001440000,46,0,0
2001440000,47,0,0
2001440000,48,0,0
2001440000,49,0,0
2001440000,50,0,0
2001440000,51,0,0
2001440000,52,0,0
2001440000,53,0,0
2001440000,54,0,0
2001440000,55,0,0
2001440000,56,0,0
2001440000,57,0,0
2001440000,58,0,0
2001440000,59,0,0
2001440000,60,0,0
2001440000,61,0,0
2001440000,62,0,0
2001440000,63,0,0
2001440000,64,0,0
2001440000,65,0,0
2001440000,66,0,0
2001440000,67,0,0
2001440000,68,0,0
2001440000,69,0,0
2001440000,70,0,0
2001440000,71,0,0
2001440000,72,0,0
2001440000,73,0,0
2001440000,74,0,0
2001440000,75,0,0
2001440000,76,0,0
2001440000,77,0,0
2001440000,78,0,0
2001440000,79,0,0
2001440000,80,0,0
2001440000,81,0,0
2001440000,82,0,0
2001440000,83,0,0
2001440000,84,0,0
2001440000,85,0,0
2001440000,86,0,0
2001440000,87,0,0
2001440000,88,0,0
2001440000,89,0,0
2001440000,90,0,0
2001440000,91,0,0
2001440000,92,0,0
2001440000,93,0,0
2001440000,94,0,0
2001440000,95,0,0
2001440000,96,0,0
2001440000,97,0,0
2001440000,98,0,0
2001440000,99,0,0
2001440000,100,0,0
2001440000,101,0,0
2001440000,102,0,0
2001440000,103,0,0
2001440000,104,0,0
2001440000,105,0,0
2001440000,106,0,0
2001440000,107,0,0
2001440000,108,0,0
2001440000,109,0,0
2001440000,110,0,0
2001440000,111,0,0
2001440000,112,0,0
2001440000,113,0,0
2001440000,114,0,0
2001440000,115,0,0
2001440000,116,0,0
2001440000,117,0,0
2001440000,118,0,0
2001440000,119,0,0
2001440000,120,1,1
2001440000,121,0,0
2001440000,122,0,0
2001440000,123,0,0
2001440000,124,0,0
2001440000,125,0,0
2001440000,126,0,0
2001440000,127,0,0
2001440000,128,0,0
2001440000,129,0,0
2001440000,130,0,0
2001440000,131,0,0
2001440000,132,0,0
2001440000,133,0,0
2001440000,134,0,0
2001440000,135,0,0
2001440000,136,0,0
2001440000,137,0,0
2001440000,138,0,0
2001440000,139,0,0
2001440000,140,0,0
2001440000,141,0,0
2001440000,142,0,0
2001440000,143,0,0
2001440000,144,0,0
2001440000,145,0,0
2001440000,146,0,0
2001440000,147,0,0
2001440000,148,0,0
2001440000,149,0,0
2001440000,150,0,0
2001440000,151,0,0
2001440000,152,0,0
2001440000,153,0,0
2001440000,154,0,0
2001440000,155,0,0
2001440000,156,0,0
2001440000,157,0,0
2001440000,158,0,0
2001440000,159,0,0
2001440000,160,0,0
2001440000,161,0,0
2001440000,162,0,0
2001440000,163,0,0
2001440000,164,0,0
2001440000,165,0,0
2001440000,166,0,0
2001440000,167,0,0
2001440000,168,0,0
2001440000,169,0,0
2001440000,170,0,0
2001440000,171,0,0
2001440000,172,0,0
2001440000,173,0,0
2001440000,174,0,0
2001440000,175,0,0
2001440000,176,0,0
2001440000,177,0,0
2001440000,178,0,0
2001440000,179,0,0
2001440000,180,0,0
2001440000,181,0,0
2001440000,182,0,0
2001440000,183,0,0
2001440000,184,0,0
2001440000,185,0,0
2001440000,186,0,0
2001440000,187,0,0
2001440000,188,0,0
2001440000,189,0,0
2001440000,190,0,0
2001440000,191,0,0
2001440000,192,0,0
2001440000,193,0,0
2001440000,194,0,0
2001440000,195,0,0
2001440000,196,0,0
2001440000,197,0,0
2001440000,198,0,0
2001440000,199,0,0
2001440000,200,0,0
2001440000,201,0,0
2001440000,202,0,0
2001440000,203,0,0
2001440000,204,0,0
2001440000,205,0,0
2001440000,206,0,0
2001440000,207,0,0
2001440000,208,0,0
2001440000,209,0,0
2001440000,210,0,0
2001440000,211,0,0
2001440000,212,0,0
2001440000,213,0,0
2001440000,214,0,0
2001440000,215,0,0
2001440000,216,0,0
2001440000,217,0,0
2001440000,218,0,0
2001440000,219,0,0
2001440000,220,0,0
2001440000,221,0,0
2001440000,222,0,0
2001440000,223,0,0
2001440000,224,0,0
2001440000,225,0,0
2001440000,226,0,0
2001440000,227,0,0
2001440000,228,0,0
2001440000,229,0,0
2001440000,230,0,0
2001440000,231,0,0
2001440000,232,0,0
2001440000,233,0,0
2001440000,234,0,0
2001440000,235,0,0
2001440000,236,0,0
2001440000,237,0,0
2001440000,238,0,0
2001440000,239,0,0
2001440000,240,0,0
2001440000,241,0,0
2001440000,242,0,0
2001440000,243,0,0
2001440000,244,0,0
2001440000,245,0,0
2001440000,246,0,0
2001440000,247,0,0
2001440000,248,0,0
2001440000,249,0,0
2001440000,250,0,0
2001440000,251,0,0
2001440000,252,0,0
2001440000,253,0,0
2001440000,254,0,0
2001440000,255,0,0
2001440000,256,0,0
2001440000,257,0,0
2001440000,258,0,0
2001440000,259,0,0
2001440000,260,0,0
2001440000,261,0,0
2001440000,262,0,0
2001440000,263,0,0
2001440000,264,0,0
2001440000,265,0,0
2001440000,266,0,0
2001440000,267,0,0
2001440000,268,0,0
2001440000,269,0,0
2001440000,270,0,0
2001440000,271,0,0
2001440000,272,0,0
2001440000,273,0,0
2001440000,274,0,0
2001440000,275,0,0
2001440000,276,0,0
2001440000,277,0,0
2001440000,278,0,0
2001440000,279,0,0
2001440000,280,0,0
2001440000,281,0,0
2001440000,282,0,0
2001440000,283,0,0
2001440000,284,0,0
2001440000,285,0,0
2001440000,286,0,0
2001440000,287,0,0
2001450000,32,0,0
2001450000,33,0,0
2001450000,34,0,0
2001450000,35,0,0
2001450000,36,0,0
2001450000,37,0,0
2001450000,38,0,0
2001450000,39,0,0
2001450000,40,0,0
2001450000,41,0,0
2001450000,42,0,0
2001450000,43,0,0
2001450000,44,0,0
2001450000,45,0,0
2001450000,46,0,0
2001450000,47,0,0
2001450000,48,0,0
2001450000,49,0,0
2001450000,50,0,0
2001450000,51,0,0
2001450000,52,0,0
2001450000,53,0,0
2001450000,54,0,0
2001450000,55,0,0
2001450000,56,0,0
2001450000,57,0,0
2001450000,58,0,0
2001450000,59,0,0
2001450000,60,0,0
2001450000,61,0,0
2001450000,62,0,0
2001450000,63,0,0
2001450000,64,0,0
2001450000,65,0,0
2001450000,66,0,0
2001450000,67,0,0
2001450000,68,0,0
2001450000,69,0,0
2001450000,70,0,0
2001450000,71,0,0
2001450000,72,0,0
2001450000,73,0,0
2001450000,74,0,0
2001450000,75,0,0
2001450000,76,0,0
2001450000,77,0,0
2001450000,78,0,0
2001450000,79,0,0
2001450000,80,0,0
2001450000,81,0,0
2001450000,82,0,0
2001450000,83,0,0
2001450000,84,0,0
2001450000,85,0,0
2001450000,86,0,0
2001450000,87,0,0
2001450000,88,0,0
2001450000,89,0,0
2001450000,90,0,0
2001450000,91,0,0
2001450000,92,0,0
2001450000,93,0,0
2001450000,94,0,0
2001450000,95,0,0
2001450000,96,0,0
2001450000,97,0,0
2001450000,98,0,0
2001450000,99,0,0
2001450000,100,0,0
2001450000,101,0,0
2001450000,102,0,0
2001450000,103,0,0
2001450000,104,0,0
2001450000,105,0,0
2001450000,106,0,0
2001450000,107,0,0
2001450000,108,0,0
2001450000,109,0,0
2001450000,110,0,0
2001450000,111,0,0
2001450000,112,0,0
2001450000,113,0,0
2001450000,114,0,0
2001450000,115,0,0
2001450000,116,0,0
2001450000,117,0,0
2001450000,118,0,0
2001450000,119,0,0
2001450000,120,1,1
2001450000,121,0,0
2001450000,122,0,0
2001450000,123,0,0
2001450000,124,0,0
2001450000,125,0,0
2001450000,126,0,0
2001450000,127,0,0
2001450000,128,0,0
2001450000,129,0,0
2001450000,130,0,0
2001450000,131,0,0
2001450000,132,0,0
2001450000,133,0,0
2001450000,134,0,0
2001450000,135,0,0
2001450000,136,0,0
2001450000,137,0,0
2001450000,138,0,0
2001450000,139,0,0
2001450000,140,0,0
2001450000,141,0,0
2001450000,142,0,0
2001450000,143,0,0
2001450000,144,0,0
2001450000,145,0,0
2001450000,146,0,0
2001450000,147,0,0
2001450000,148,0,0
2001450000,149,0,0
2001450000,150,0,0
2001450000,151,0,0
2001450000,152,0,0
2001450000,153,0,0
2001450000,154,0,0
2001450000,155,0,0
2001450000,156,0,0
2001450000,157,0,0
2001450000,158,0,0
2001450000,159,0,0
2001450000,160,0,0
2001450000,161,0,0
2001450000,162,0,0
2001450000,163,0,0
2001450000,164,0,0
2001450000,165,0,0
2001450000,166,0,0
2001450000,167,0,0
2001450000,168,0,0
2001450000,169,0,0
2001450000,170,0,0
2001450000,171,0,0
2001450000,172,0,0
2001450000,173,0,0
2001450000,174,0,0
2001450000,175,0,0
2001450000,176,0,0
2001450000,177,0,0
2001450000,178,0,0
2001450000,179,0,0
2001450000,180,0,0
2001450000,181,0,0
2001450000,182,0,0
2001450000,183,0,0
2001450000,184,0,0
2001450000,185,0,0
2001450000,186,0,0
2001450000,187,0,0
2001450000,188,0,0
2001450000,189,0,0
2001450000,190,0,0
2001450000,191,0,0
2001450000,192,0,0
2001450000,193,0,0
2001450000,194,0,0
2001450000,195,0,0
2001450000,196,0,0
2001450000,197,0,0
2001450000,198,0,0
2001450000,199,0,0
2001450000,200,0,0
2001450000,201,0,0
2001450000,202,0,0
2001450000,203,0,0
2001450000,204,0,0
2001450000,205,0,0
2001450000,206,0,0
2001450000,207,0,0
2001450000,208,0,0
2001450000,209,0,0
2001450000,210,0,0
2001450000,211,0,0
2001450000,212,0,0
2001450000,213,0,0
2001450000,214,0,0
2001450000,215,0,0
2001450000,216,0,0
2001450000,217,0,0
2001450000,218,0,0
2001450000,219,0,0
2001450000,220,0,0
2001450000,221,0,0
2001450000,222,0,0
2001450000,223,0,0
2001450000,224,0,0
2001450000,225,0,0
2001450000,226,0,0
2001450000,227,0,0
2001450000,228,0,0
2001450000,229,0,0
2001450000,230,0,0
2001450000,231,0,0
2001450000,232,0,0
2001450000,233,0,0
2001450000,234,0,0
2001450000,235,0,0
2001450000,236,0,0
2001450000,237,0,0
2001450000,238,0,0
2001450000,239,0,0
2001450000,240,0,0
2001450000,241,0,0
2001450000,242,0,0
2001450000,243,0,0
2001450000,244,0,0
2001450000,245,0,0
2001450000,246,0,0
2001450000,247,0,0
2001450000,248,0,0
2001450000,249,0,0
2001450000,250,0,0
2001450000,251,0,0
2001450000,252,0,0
2001450000,253,0,0
2001450000,254,0,0
2001450000,255,0,0
2001450000,256,0,0
2001450000,257,0,0
2001450000,258,0,0
2001450000,259,0,0
2001450000,260,0,0
2001450000,261,0,0
2001450000,262,0,0
2001450000,263,0,0
2001450000,264,0,0
2001450000,265,0,0
2001450000,266,0,0
2001450000,267,0,0
2001450000,268,0,0
2001450000,269,0,0
2001450000,270,0,0
2001450000,271,0,0
2001450000,272,0,0
2001450000,273,0,0
2001450000,274,0,0
2001450000,275,0,0
2001450000,276,0,0
2001450000,277,0,0
2001450000,278,0,0
2001450000,279,0,0
2001450000,280,0,0
2001450000,281,0,0
2001450000,282,0,0
2001450000,283,0,0
2001450000,284,0,0
2001450000,285,0,0
2001450000,286,0,0
2001450000,287,0,0
2001460000,32,0,0
2001460000,33,0,0
2001460000,34,0,0
2001460000,35,0,0
2001460000,36,0,0
2001460000,37,0,0
2001460000,38,0,0
2001460000,39,0,0
2001460000,40,0,0
2001460000,41,0,0
2001460000,42,0,0
2001460000,43,0,0
2001460000,44,0,0
2001460000,45,0,0
2001460000,46,0,0
2001460000,47,0,0
2001460000,48,0,0
2001460000,49,0,0
2001460000,50,0,0
2001460000,51,0,0
2001460000,52,0,0
2001460000,53,0,0
2001460000,54,0,0
2001460000,55,0,0
2001460000,56,0,0
2001460000,57,0,0
2001460000,58,0,0
2001460000,59,0,0
2001460000,60,0,0
2001460000,61,0,0
2001460000,62,0,0
2001460000,63,0,0
2001460000,64,0,0
2001460000,65,0,0
2001460000,66,0,0
2001460000,67,0,0
2001460000,68,0,0
2001460000,69,0,0
2001460000,70,0,0
2001460000,71,0,0
2001460000,72,0,0
2001460000,73,0,0
2001460000,74,0,0
2001460000,75,0,0
2001460000,76,0,0
2001460000,77,0,0
2001460000,78,0,0
2001460000,79,0,0
2001460000,80,0,0
2001460000,81,0,0
2001460000,82,0,0
2001460000,83,0,0
2001460000,84,0,0
2001460000,85,0,0
2001460000,86,0,0
2001460000,87,0,0
2001460000,88,0,0
2001460000,89,0,0
2001460000,90,0,0
2001460000,91,0,0
2001460000,92,0,0
2001460000,93,0,0
2001460000,94,0,0
2001460000,95,0,0
2001460000,96,0,0
2001460000,97,0,0
2001460000,98,0,0
2001460000,99,0,0
2001460000,100,0,0
2001460000,101,0,0
2001460000,102,0,0
2001460000,103,0,0
2001460000,104,0,0
2001460000,105,0,0
2001460000,106,0,0
2001460000,107,0,0
2001460000,108,0,0
2001460000,109,0,0
2001460000,110,0,0
2001460000,111,0,0
2001460000,112,0,0
2001460000,113,0,0
2001460000,114,0,0
2001460000,115,0,0
2001460000,116,0,0
2001460000,117,0,0
2001460000,118,0,0
2001460000,119,0,0
2001460000,120,1,1
2001460000,121,0,0
2001460000,122,0,0
2001460000,123,0,0
2001460000,124,0,0
2001460000,125,0,0
2001460000,126,0,0
2001460000,127,0,0
2001460000,128,0,0
2001460000,129,0,0
2001460000,130,0,0
2001460000,131,0,0
2001460000,132,0,0
2001460000,133,0,0
2001460000,134,0,0
2001460000,135,0,0
2001460000,136,0,0
2001460000,137,0,0
2001460000,138,0,0
2001460000,139,0,0
2001460000,140,0,0
2001460000,141,0,0
2001460000,142,0,0
2001460000,143,0,0
2001460000,144,0,0
2001460000,145,0,0
2001460000,146,0,0
2001460000,147,0,0
2001460000,148,0,0
2001460000,149,0,0
2001460000,150,0,0
2001460000,151,0,0
2001460000,152,0,0
2001460000,153,0,0
2001460000,154,0,0
2001460000,155,0,0
2001460000,156,0,0
2001460000,157,0,0
2001460000,158,0,0
2001460000,159,0,0
2001460000,160,0,0
2001460000,161,0,0
2001460000,162,0,0
2001460000,163,0,0
2001460000,164,0,0
2001460000,165,0,0
2001460000,166,0,0
2001460000,167,0,0
2001460000,168,0,0
2001460000,169,0,0
2001460000,170,0,0
2001460000,171,0,0
2001460000,172,0,0
2001460000,173,0,0
2001460000,174,0,0
2001460000,175,0,0
2001460000,176,0,0
2001460000,177,0,0
2001460000,178,0,0
2001460000,179,0,0
2001460000,180,0,0
2001460000,181,0,0
2001460000,182,0,0
2001460000,183,0,0
2001460000,184,0,0
2001460000,185,0,0
2001460000,186,0,0
2001460000,187,0,0
2001460000,188,0,0
2001460000,189,0,0
2001460000,190,0,0
2001460000,191,0,0
2001460000,192,0,0
2001460000,193,0,0
2001460000,194,0,0
2001460000,195,0,0
2001460000,196,0,0
2001460000,197,0,0
2001460000,198,0,0
2001460000,199,0,0
2001460000,200,0,0
2001460000,201,0,0
2001460000,202,0,0
2001460000,203,0,0
2001460000,204,0,0
2001460000,205,0,0
2001460000,206,0,0
2001460000,207,0,0
2001460000,208,0,0
2001460000,209,0,0
2001460000,210,0,0
2001460000,211,0,0
2001460000,212,0,0
2001460000,213,0,0
2001460000,214,0,0
2001460000,215,0,0
2001460000,216,0,0
2001460000,217,0,0
2001460000,218,0,0
2001460000,219,0,0
2001460000,220,0,0
2001460000,221,0,0
2001460000,222,0,0
2001460000,223,0,0
2001460000,224,0,0
2001460000,225,0,0
2001460000,226,0,0
2001460000,227,0,0
2001460000,228,0,0
2001460000,229,0,0
2001460000,230,0,0
2001460000,231,0,0
2001460000,232,0,0
2001460000,233,0,0
2001460000,234,0,0
2001460000,235,0,0
2001460000,236,0,0
2001460000,237,0,0
2001460000,238,0,0
2001460000,239,0,0
2001460000,240,0,0
2001460000,241,0,0
2001460000,242,0,0
2001460000,243,0,0
2001460000,244,0,0
2001460000,245,0,0
2001460000,246,0,0
2001460000,247,0,0
2001460000,248,0,0
2001460000,249,0,0
2001460000,250,0,0
2001460000,251,0,0
2001460000,252,0,0
2001460000,253,0,0
2001460000,254,0,0
2001460000,255,0,0
2001460000,256,0,0
2001460000,257,0,0
2001460000,258,0,0
2001460000,259,0,0
2001460000,260,0,0
2001460000,261,0,0
2001460000,262,0,0
2001460000,263,0,0
2001460000,264,0,0
2001460000,265,0,0
2001460000,266,0,0
2001460000,267,0,0
2001460000,268,0,0
2001460000,269,0,0
2001460000,270,0,0
2001460000,271,0,0
2001460000,272,0,0
2001460000,273,0,0
2001460000,274,0,0
2001460000,275,0,0
2001460000,276,0,0
2001460000,277,0,0
2001460000,278,0,0
2001460000,279,0,0
2001460000,280,0,0
2001460000,281,0,0
2001460000,282,0,0
2001460000,283,0,0
2001460000,284,0,0
2001460000,285,0,0
2001460000,286,0,0
2001460000,287,0,0
2001470000,32,0,0
2001470000,33,0,0
2001470000,34,0,0
2001470000,35,0,0
2001470000,36,0,0
2001470000,37,0,0
2001470000,38,0,0
2001470000,39,0,0
2001470000,40,0,0
2001470000,41,0,0
2001470000,42,0,0
2001470000,43,0,0
2001470000,44,0,0
2001470000,45,0,0
2001470000,46,0,0
2001470000,47,0,0
2001470000,48,0,0
2001470000,49,0,0
2001470000,50,0,0
2001470000,51,0,0
2001470000,52,0,0
2001470000,53,0,0
2001470000,54,0,0
2001470000,55,0,0
2001470000,56,0,0
2001470000,57,0,0
2001470000,58,0,0
2001470000,59,0,0
2001470000,60,0,0
2001470000,61,0,0
2001470000,62,0,0
2001470000,63,0,0
2001470000,64,0,0
2001470000,65,0,0
2001470000,66,0,0
2001470000,67,0,0
2001470000,68,0,0
2001470000,69,0,0
2001470000,70,0,0
2001470000,71,0,0
2001470000,72,0,0
2001470000,73,0,0
2001470000,74,0,0
2001470000,75,0,0
2001470000,76,0,0
2001470000,77,0,0
2001470000,78,0,0
2001470000,79,0,0
2001470000,80,0,0
2001470000,81,0,0
2001470000,82,0,0
2001470000,83,0,0
2001470000,84,0,0
2001470000,85,0,0
2001470000,86,0,0
2001470000,87,0,0
2001470000,88,0,0
2001470000,89,0,0
2001470000,90,0,0
2001470000,91,0,0
2001470000,92,0,0
2001470000,93,0,0
2001470000,94,0,0
2001470000,95,0,0
2001470000,96,0,0
2001470000,97,0,0
2001470000,98,0,0
2001470000,99,0,0
2001470000,100,0,0
2001470000,101,0,0
2001470000,102,0,0
2001470000,103,0,0
2001470000,104,0,0
2001470000,105,0,0
2001470000,106,0,0
2001470000,107,0,0
2001470000,108,0,0
2001470000,109,0,0
2001470000,110,0,0
2001470000,111,0,0
2001470000,112,0,0
2001470000,113,0,0
2001470000,114,0,0
2001470000,115,0,0
2001470000,116,0,0
2001470000,117,0,0
2001470000,118,0,0
2001470000,119,0,0
2001470000,120,1,1
2001470000,121,0,0
2001470000,122,0,0
2001470000,123,0,0
2001470000,124,0,0
2001470000,125,0,0
2001470000,126,0,0
2001470000,127,0,0
2001470000,128,0,0
2001470000,129,0,0
2001470000,130,0,0
2001470000,131,0,0
2001470000,132,0,0
2001470000,133,0,0
2001470000,134,0,0
2001470000,135,0,0
2001470000,136,0,0
2001470000,137,0,0
2001470000,138,0,0
2001470000,139,0,0
2001470000,140,0,0
2001470000,141,0,0
2001470000,142,0,0
2001470000,143,0,0
2001470000,144,0,0
2001470000,145,0,0
2001470000,146,0,0
2001470000,147,0,0
2001470000,148,0,0
2001470000,149,0,0
2001470000,150,0,0
2001470000,151,0,0
2001470000,152,0,0
2001470000,153,0,0
2001470000,154,0,0
2001470000,155,0,0
2001470000,156,0,0
2001470000,157,0,0
2001470000,158,0,0
2001470000,159,0,0
2001470000,160,0,0
2001470000,161,0,0
2001470000,162,0,0
2001470000,163,0,0
2001470000,164,0,0
2001470000,165,0,0
2001470000,166,0,0
2001470000,167,0,0
2001470000,168,0,0
2001470000,169,0,0
2001470000,170,0,0
2001470000,171,0,0
2001470000,172,0,0
2001470000,173,0,0
2001470000,174,0,0
2001470000,175,0,0
2001470000,176,0,0
2001470000,177,0,0
2001470000,178,0,0
2001470000,179,0,0
2001470000,180,0,0
2001470000,181,0,0
2001470000,182,0,0
2001470000,183,0,0
2001470000,184,0,0
2001470000,185,0,0
2001470000,186,0,0
2001470000,187,0,0
2001470000,188,0,0
2001470000,189,0,0
2001470000,190,0,0
2001470000,191,0,0
2001470000,192,0,0
2001470000,193,0,0
2001470000,194,0,0
2001470000,195,0,0
2001470000,196,0,0
2001470000,197,0,0
2001470000,198,0,0
2001470000,199,0,0
2001470000,200,0,0
2001470000,201,0,0
2001470000,202,0,0
2001470000,203,0,0
2001470000,204,0,0
2001470000,205,0,0
2001470000,206,0,0
2001470000,207,0,0
2001470000,208,0,0
2001470000,209,0,0
2001470000,210,0,0
2001470000,211,0,0
2001470000,212,0,0
2001470000,213,0,0
2001470000,214,0,0
2001470000,215,0,0
2001470000,216,0,0
2001470000,217,0,0
2001470000,218,0,0
2001470000,219,0,0
2001470000,220,0,0
2001470000,221,0,0
2001470000,222,0,0
2001470000,223,0,0
2001470000,224,0,0
2001470000,225,0,0
2001470000,226,0,0
2001470000,227,0,0
2001470000,228,0,0
2001470000,229,0,0
2001470000,230,0,0
2001470000,231,0,0
2001470000,232,0,0
2001470000,233,0,0
2001470000,234,0,0
2001470000,235,0,0
2001470000,236,0,0
2001470000,237,0,0
2001470000,238,0,0
2001470000,239,0,0
2001470000,240,0,0
2001470000,241,0,0
2001470000,242,0,0
2001470000,243,0,0
2001470000,244,0,0
2001470000,245,0,0
2001470000,246,0,0
2001470000,247,0,0
2001470000,248,0,0
2001470000,249,0,0
2001470000,250,0,0
2001470000,251,0,0
2001470000,252,0,0
2001470000,253,0,0
2001470000,254,0,0
2001470000,255,0,0
2001470000,256,0,0
2001470000,257,0,0
2001470000,258,0,0
2001470000,259,0,0
2001470000,260,0,0
2001470000,261,0,0
2001470000,262,0,0
2001470000,263,0,0
2001470000,264,0,0
2001470000,265,0,0
2001470000,266,0,0
2001470000,267,0,0
2001470000,268,0,0
2001470000,269,0,0
2001470000,270,0,0
2001470000,271,0,0
2001470000,272,0,0
2001470000,273,0,0
2001470000,274,0,0
2001470000,275,0,0
2001470000,276,0,0
2001470000,277,0,0
2001470000,278,0,0
2001470000,279,0,0
2001470000,280,0,0
2001470000,281,0,0
2001470000,282,0,0
2001470000,283,0,0
2001470000,284,0,0
2001470000,285,0,0
2001470000,286,0,0
2001470000,287,0,0
2001480000,32,0,0
2001480000,33,0,0
2001480000,34,0,0
2001480000,35,0,0
2001480000,36,0,0
2001480000,37,0,0
2001480000,38,0,0
2001480000,39,0,0
2001480000,40,0,0
2001480000,41,0,0
2001480000,42,0,0
2001480000,43,0,0
2001480000,44,0,0
2001480000,45,0,0
2001480000,46,0,0
2001480000,47,0,0
2001480000,48,0,0
2001480000,49,0,0
2001480000,50,0,0
2001480000,51,0,0
2001480000,52,0,0
2001480000,53,0,0
2001480000,54,0,0
2001480000,55,0,0
2001480000,56,0,0
2001480000,57,0,0
2001480000,58,0,0
2001480000,59,0,0
2001480000,60,0,0
2001480000,61,0,0
2001480000,62,0,0
2001480000,63,0,0
2001480000,64,0,0
2001480000,65,0,0
2001480000,66,0,0
2001480000,67,0,0
2001480000,68,0,0
2001480000,69,0,0
2001480000,70,0,0
2001480000,71,0,0
2001480000,72,0,0
2001480000,73,0,0
2001480000,74,0,0
2001480000,75,0,0
2001480000,76,0,0
2001480000,77,0,0
2001480000,78,0,0
2001480000,79,0,0
2001480000,80,0,0
2001480000,81,0,0
2001480000,82,0,0
2001480000,83,0,0
2001480000,84,0,0
2001480000,85,0,0
2001480000,86,0,0
2001480000,87,0,0
2001480000,88,0,0
2001480000,89,0,0
2001480000,90,0,0
2001480000,91,0,0
2001480000,92,0,0
2001480000,93,0,0
2001480000,94,0,0
2001480000,95,0,0
2001480000,96,0,0
2001480000,97,0,0
2001480000,98,0,0
2001480000,99,0,0
2001480000,100,0,0
2001480000,101,0,0
2001480000,102,0,0
2001480000,103,0,0
2001480000,104,0,0
2001480000,105,0,0
2001480000,106,0,0
2001480000,107,0,0
2001480000,108,0,0
2001480000,109,0,0
2001480000,110,0,0
2001480000,111,0,0
2001480000,112,0,0
2001480000,113,0,0
2001480000,114,0,0
2001480000,115,0,0
2001480000,116,0,0
2001480000,117,0,0
2001480000,118,0,0
2001480000,119,0,0
2001480000,120,1,0
2001480000,121,0,0
2001480000,122,0,0
2001480000,123,0,0
2001480000,124,0,0
2001480000,125,0,0
2001480000,126,0,0
2001480000,127,0,0
2001480000,128,0,0
2001480000,129,0,0
2001480000,130,0,0
2001480000,131,0,0
2001480000,132,0,0
2001480000,133,0,0
2001480000,134,0,0
2001480000,135,0,0
2001480000,136,0,0
2001480000,137,0,0
2001480000,138,0,0
2001480000,139,0,0
2001480000,140,0,0
2001480000,141,0,0
2001480000,142,0,0
2001480000,143,0,0
2001480000,144,0,0
2001480000,145,0,0
2001480000,146,0,0
2001480000,147,0,0
2001480000,148,0,0
2001480000,149,0,0
2001480000,150,0,0
2001480000,151,0,0
2001480000,152,0,0
2001480000,153,0,0
2001480000,154,0,0
2001480000,155,0,0
2001480000,156,0,0
2001480000,157,0,0
2001480000,158,0,0
2001480000,159,0,0
2001480000,160,0,0
2001480000,161,0,0
2001480000,162,0,0
2001480000,163,0,0
2001480000,164,0,0
2001480000,165,0,0
2001480000,166,0,0
2001480000,167,0,0
2001480000,168,0,0
2001480000,169,0,0
2001480000,170,0,0
2001480000,171,0,0
2001480000,172,0,0
2001480000,173,0,0
2001480000,174,0,0
2001480000,175,0,0
2001480000,176,0,0
2001480000,177,0,0
2001480000,178,0,0
2001480000,179,0,0
2001480000,180,0,0
2001480000,181,0,0
2001480000,182,0,0
2001480000,183,0,0
2001480000,184,0,0
2001480000,185,0,0
2001480000,186,0,0
2001480000,187,0,0
2001480000,188,0,0
2001480000,189,0,0
2001480000,190,0,0
2001480000,191,0,0
2001480000,192,0,0
2001480000,193,0,0
2001480000,194,0,0
2001480000,195,0,0
2001480000,196,0,0
2001480000,197,0,0
2001480000,198,0,0
2001480000,199,0,0
2001480000,200,0,0
2001480000,201,0,0
2001480000,202,0,0
2001480000,203,0,0
2001480000,204,0,0
2001480000,205,0,0
2001480000,206,0,0
2001480000,207,0,0
2001480000,208,0,0
2001480000,209,0,0
2001480000,210,0,0
2001480000,211,0,0
2001480000,212,0,0
2001480000,213,0,0
2001480000,214,0,0
2001480000,215,0,0
2001480000,216,0,0
2001480000,217,0,0
2001480000,218,0,0
2001480000,219,0,0
2001480000,220,0,0
2001480000,221,0,0
2001480000,222,0,0
2001480000,223,0,0
2001480000,224,0,0
2001480000,225,0,0
2001480000,226,0,0
2001480000,227,0,0
2001480000,228,0,0
2001480000,229,0,0
2001480000,230,0,0
2001480000,231,0,0
2001480000,232,0,0
2001480000,233,0,0
2001480000,234,0,0
2001480000,235,0,0
2001480000,236,0,0
2001480000,237,0,0
2001480000,238,0,0
2001480000,239,0,0
2001480000,240,0,0
2001480000,241,0,0
2001480000,242,0,0
2001480000,243,0,0
2001480000,244,0,0
2001480000,245,0,0
2001480000,246,0,0
2001480000,247,0,0
2001480000,248,0,0
2001480000,249,0,0
2001480000,250,0,0
2001480000,251,0,0
2001480000,252,0,0
2001480000,253,0,0
2001480000,254,0,0
2001480000,255,0,0
2001480000,256,0,0
2001480000,257,0,0
2001480000,258,0,0
2001480000,259,0,0
2001480000,260,0,0
2001480000,261,0,0
2001480000,262,0,0
2001480000,263,0,0
2001480000,264,0,0
2001480000,265,0,0
2001480000,266,0,0
2001480000,267,0,0
2001480000,268,0,0
2001480000,269,0,0
2001480000,270,0,0
2001480000,271,0,0
2001480000,272,0,0
2001480000,273,0,0
2001480000,274,0,0
2001480000,275,0,0
2001480000,276,0,0
2001480000,277,0,0
2001480000,278,0,0
2001480000,279,0,0
2001480000,280,0,0
2001480000,281,0,0
2001480000,282,0,0
2001480000,283,0,0
2001480000,284,0,0
2001480000,285,0,0
2001480000,286,0,0
2001480000,287,0,0
2001490000,32,0,0
2001490000,33,0,0
2001490000,34,0,0
2001490000,35,0,0
2001490000,36,0,0
2001490000,37,0,0
2001490000,38,0,0
2001490000,39,0,0
2001490000,40,0,0
2001490000,41,0,0
2001490000,42,0,0
2001490000,43,0,0
2001490000,44,0,0
2001490000,45,0,0
2001490000,46,0,0
2001490000,47,0,0
2001490000,48,0,0
2001490000,49,0,0
2001490000,50,0,0
2001490000,51,0,0
2001490000,52,0,0
2001490000,53,0,0
2001490000,54,0,0
2001490000,55,0,0
2001490000,56,0,0
2001490000,57,0,0
2001490000,58,0,0
2001490000,59,0,0
2001490000,60,0,0
2001490000,61,0,0
2001490000,62,0,0
2001490000,63,0,0
2001490000,64,0,0
2001490000,65,0,0
2001490000,66,0,0
2001490000,67,0,0
2001490000,68,0,0
2001490000,69,0,0
2001490000,70,0,0
2001490000,71,0,0
2001490000,72,0,0
2001490000,73,0,0
2001490000,74,0,0
2001490000,75,0,0
2001490000,76,0,0
2001490000,77,0,0
2001490000,78,0,0
2001490000,79,0,0
2001490000,80,0,0
2001490000,81,0,0
2001490000,82,0,0
2001490000,83,0,0
2001490000,84,0,0
2001490000,85,0,0
2001490000,86,0,0
2001490000,87,0,0
2001490000,88,0,0
2001490000,89,0,0
2001490000,90,0,0
2001490000,91,0,0
2001490000,92,0,0
2001490000,93,0,0
2001490000,94,0,0
2001490000,95,0,0
2001490000,96,0,0
2001490000,97,0,0
2001490000,98,0,0
2001490000,99,0,0
2001490000,100,0,0
2001490000,101,0,0
2001490000,102,0,0
2001490000,103,0,0
2001490000,104,0,0
2001490000,105,0,0
2001490000,106,0,0
2001490000,107,0,0
2001490000,108,0,0
2001490000,109,0,0
2001490000,110,0,0
2001490000,111,0,0
2001490000,112,0,0
2001490000,113,0,0
2001490000,114,0,0
2001490000,115,0,0
2001490000,116,0,0
2001490000,117,0,0
2001490000,118,0,0
2001490000,119,0,0
2001490000,120,1,0
2001490000,121,0,0
2001490000,122,0,0
2001490000,123,0,0
2001490000,124,0,0
2001490000,125,0,0
2001490000,126,0,0
2001490000,127,0,0
2001490000,128,0,0
2001490000,129,0,0
2001490000,130,0,0
2001490000,131,0,0
2001490000,132,0,0
2001490000,133,0,0
2001490000,134,0,0
2001490000,135,0,0
2001490000,136,0,0
2001490000,137,0,0
2001490000,138,0,0
2001490000,139,0,0
2001490000,140,0,0
2001490000,141,0,0
2001490000,142,0,0
2001490000,143,0,0
2001490000,144,0,0
2001490000,145,0,0
2001490000,146,0,0
2001490000,147,0,0
2001490000,148,0,0
2001490000,149,0,0
2001490000,150,0,0
2001490000,151,0,0
2001490000,152,0,0
2001490000,153,0,0
2001490000,154,0,0
2001490000,155,0,0
2001490000,156,0,0
2001490000,157,0,0
2001490000,158,0,0
2001490000,159,0,0
2001490000,160,0,0
2001490000,161,0,0
2001490000,162,0,0
2001490000,163,0,0
2001490000,164,0,0
2001490000,165,0,0
2001490000,166,0,0
2001490000,167,0,0
2001490000,168,0,0
2001490000,169,0,0
2001490000,170,0,0
2001490000,171,0,0
2001490000,172,0,0
2001490000,173,0,0
2001490000,174,0,0
2001490000,175,0,0
2001490000,176,0,0
2001490000,177,0,0
2001490000,178,0,0
2001490000,179,0,0
2001490000,180,0,0
2001490000,181,0,0
2001490000,182,0,0
2001490000,183,0,0
2001490000,184,0,0
2001490000,185,0,0
2001490000,186,0,0
2001490000,187,0,0
2001490000,188,0,0
2001490000,189,0,0
2001490000,190,0,0
2001490000,191,0,0
2001490000,192,0,0
2001490000,193,0,0
2001490000,194,0,0
2001490000,195,0,0
2001490000,196,0,0
2001490000,197,0,0
2001490000,198,0,0
2001490000,199,0,0
2001490000,200,0,0
2001490000,201,0,0
2001490000,202,0,0
2001490000,203,0,0
2001490000,204,0,0
2001490000,205,0,0
2001490000,206,0,0
2001490000,207,0,0
2001490000,208,0,0
2001490000,209,0,0
2001490000,210,0,0
2001490000,211,0,0
2001490000,212,0,0
2001490000,213,0,0
2001490000,214,0,0
2001490000,215,0,0
2001490000,216,0,0
2001490000,217,0,0
2001490000,218,0,0
2001490000,219,0,0
2001490000,220,0,0
2001490000,221,0,0
2001490000,222,0,0
2001490000,223,0,0
2001490000,224,0,0
2001490000,225,0,0
2001490000,226,0,0
2001490000,227,0,0
2001490000,228,0,0
2001490000,229,0,0
2001490000,230,0,0
2001490000,231,0,0
2001490000,232,0,0
2001490000,233,0,0
2001490000,234,0,0
2001490000,235,0,0
2001490000,236,0,0
2001490000,237,0,0
2001490000,238,0,0
2001490000,239,0,0
2001490000,240,0,0
2001490000,241,0,0
2001490000,242,0,0
2001490000,243,0,0
2001490000,244,0,0
2001490000,245,0,0
2001490000,246,0,0
2001490000,247,0,0
2001490000,248,0,0
2001490000,249,0,0
2001490000,250,0,0
2001490000,251,0,0
2001490000,252,0,0
2001490000,253,0,0
2001490000,254,0,0
2001490000,255,0,0
2001490000,256,0,0
2001490000,257,0,0
2001490000,258,0,0
2001490000,259,0,0
2001490000,260,0,0
2001490000,261,0,0
2001490000,262,0,0
2001490000,263,0,0
2001490000,264,0,0
2001490000,265,0,0
2001490000,266,0,0
2001490000,267,0,0
2001490000,268,0,0
2001490000,269,0,0
2001490000,270,0,0
2001490000,271,0,0
2001490000,272,0,0
2001490000,273,0,0
2001490000,274,0,0
2001490000,275,0,0
2001490000,276,0,0
2001490000,277,0,0
2001490000,278,0,0
2001490000,279,0,0
2001490000,280,0,0
2001490000,281,0,0
2001490000,282,0,0
2001490000,283,0,0
2001490000,284,0,0
2001490000,285,0,0
2001490000,286,0,0
2001490000,287,0,0
2001500000,32,0,0
2001500000,33,0,0
2001500000,34,0,0
2001500000,35,0,0
2001500000,36,0,0
2001500000,37,0,0
2001500000,38,0,0
2001500000,39,0,0
2001500000,40,0,0
2001500000,41,0,0
2001500000,42,0,0
2001500000,43,0,0
2001500000,44,0,0
2001500000,45,0,0
2001500000,46,0,0
2001500000,47,0,0
2001500000,48,0,0
2001500000,49,0,0
2001500000,50,0,0
2001500000,51,0,0
2001500000,52,0,0
2001500000,53,0,0
2001500000,54,0,0
2001500000,55,0,0
2001500000,56,0,0
2001500000,57,0,0
2001500000,58,0,0
2001500000,59,0,0
2001500000,60,0,0
2001500000,61,0,0
2001500000,62,0,0
2001500000,63,0,0
2001500000,64,0,0
2001500000,65,0,0
2001500000,66,0,0
2001500000,67,0,0
2001500000,68,0,0
2001500000,69,0,0
2001500000,70,0,0
2001500000,71,0,0
2001500000,72,0,0
2001500000,73,0,0
2001500000,74,0,0
2001500000,75,0,0
2001500000,76,0,0
2001500000,77,0,0
2001500000,78,0,0
2001500000,79,0,0
2001500000,80,0,0
2001500000,81,0,0
2001500000,82,0,0
2001500000,83,0,0
2001500000,84,0,0
2001500000,85,0,0
2001500000,86,0,0
2001500000,87,0,0
2001500000,88,0,0
2001500000,89,0,0
2001500000,90,0,0
2001500000,91,0,0
2001500000,92,0,0
2001500000,93,0,0
2001500000,94,0,0
2001500000,95,0,0
2001500000,96,0,0
2001500000,97,0,0
2001500000,98,0,0
2001500000,99,0,0
2001500000,100,0,0
2001500000,101,0,0
2001500000,102,0,0
2001500000,103,0,0
2001500000,104,0,0
2001500000,105,0,0
2001500000,106,0,0
2001500000,107,0,0
2001500000,108,0,0
2001500000,109,0,0
2001500000,110,0,0
2001500000,111,0,0
2001500000,112,0,0
2001500000,113,0,0
2001500000,114,0,0
2001500000,115,0,0
2001500000,116,0,0
2001500000,117,0,0
2001500000,118,0,0
2001500000,119,0,0
2001500000,120,0,0
2001500000,121,0,0
2001500000,122,0,0
2001500000,123,0,0
2001500000,124,0,0
2001500000,125,0,0
2001500000,126,0,0
2001500000,127,0,0
2001500000,128,0,0
2001500000,129,0,0
2001500000,130,0,0
2001500000,131,0,0
2001500000,132,0,0
2001500000,133,0,0
2001500000,134,0,0
2001500000,135,0,0
2001500000,136,0,0
2001500000,137,0,0
2001500000,138,0,0
2001500000,139,0,0
2001500000,140,0,0
2001500000,141,0,0
2001500000,142,0,0
2001500000,143,0,0
2001500000,144,0,0
2001500000,145,0,0
2001500000,146,0,0
2001500000,147,0,0
2001500000,148,0,0
2001500000,149,0,0
2001500000,150,0,0
2001500000,151,0,0
2001500000,152,0,0
2001500000,153,0,0
2001500000,154,0,0
2001500000,155,0,0
2001500000,156,0,0
2001500000,157,0,0
2001500000,158,0,0
2001500000,159,0,0
2001500000,160,0,0
2001500000,161,0,0
2001500000,162,0,0
2001500000,163,0,0
2001500000,164,0,0
2001500000,165,0,0
2001500000,166,0,0
2001500000,167,0,0
2001500000,168,0,0
2001500000,169,0,0
2001500000,170,0,0
2001500000,171,0,0
2001500000,172,0,0
2001500000,173,0,0
2001500000,174,0,0
2001500000,175,0,0
2001500000,176,0,0
2001500000,177,0,0
2001500000,178,0,0
2001500000,179,0,0
2001500000,180,0,0
2001500000,181,0,0
2001500000,182,0,0
2001500000,183,0,0
2001500000,184,0,0
2001500000,185,0,0
2001500000,186,0,0
2001500000,187,0,0
2001500000,188,0,0
2001500000,189,0,0
2001500000,190,0,0
2001500000,191,0,0
2001500000,192,0,0
2001500000,193,0,0
2001500000,194,0,0
2001500000,195,0,0
2001500000,196,0,0
2001500000,197,0,0
2001500000,198,0,0
2001500000,199,0,0
2001500000,200,0,0
2001500000,201,0,0
2001500000,202,0,0
2001500000,203,0,0
2001500000,204,0,0
2001500000,205,0,0
2001500000,206,0,0
2001500000,207,0,0
2001500000,208,0,0
2001500000,209,0,0
2001500000,210,0,0
2001500000,211,0,0
2001500000,212,0,0
2001500000,213,0,0
2001500000,214,0,0
2001500000,215,0,0
2001500000,216,0,0
2001500000,217,0,0
2001500000,218,0,0
2001500000,219,0,0
2001500000,220,0,0
2001500000,221,0,0
2001500000,222,0,0
2001500000,223,0,0
2001500000,224,0,0
2001500000,225,0,0
2001500000,226,0,0
2001500000,227,0,0
2001500000,228,0,0
2001500000,229,0,0
2001500000,230,0,0
2001500000,231,0,0
2001500000,232,0,0
2001500000,233,0,0
2001500000,234,0,0
2001500000,235,0,0
2001500000,236,0,0
2001500000,237,0,0
2001500000,238,0,0
2001500000,239,0,0
2001500000,240,0,0
2001500000,241,0,0
2001500000,242,0,0
2001500000,243,0,0
2001500000,244,0,0
2001500000,245,0,0
2001500000,246,0,0
2001500000,247,0,0
2001500000,248,0,0
2001500000,249,0,0
2001500000,250,0,0
2001500000,251,0,0
2001500000,252,0,0
2001500000,253,0,0
2001500000,254,0,0
2001500000,255,0,0
2001500000,256,0,0
2001500000,257,0,0
2001500000,258,0,0
2001500000,259,0,0
2001500000,260,0,0
2001500000,261,0,0
2001500000,262,0,0
2001500000,263,0,0
2001500000,264,0,0
2001500000,265,0,0
2001500000,266,0,0
2001500000,267,0,0
2001500000,268,0,0
2001500000,269,0,0
2001500000,270,0,0
2001500000,271,0,0
2001500000,272,0,0
2001500000,273,0,0
2001500000,274,0,0
2001500000,275,0,0
2001500000,276,0,0
2001500000,277,0,0
2001500000,278,0,0
2001500000,279,0,0
2001500000,280,0,0
2001500000,281,0,0
2001500000,282,0,0
2001500000,283,0,0
2001500000,284,0,0
2001500000,285,0,0
2001500000,286,0,0
2001500000,287,0,0
