2001153465 130 1 20 1
2001153472 130 1 20 0
2001153558 130 1 20 1
2001153561 130 1 20 0
2001153647 130 1 20 1
2001153733 130 1 20 1
2001153831 130 1 20 1
2001153917 130 1 20 1
2001154003 130 1 20 1
2001154010 130 1 20 1
2001154100 130 1 20 0
2001154107 130 1 20 1
2001154193 130 1 20 1
2001154200 130 1 20 1
2001154286 130 1 20 1
2001154372 130 1 20 1
2001154466 130 1 20 1
2001154552 130 1 20 1
2001154638 130 1 20 1
2001154728 130 1 20 1
2001154822 130 1 20 1
2001154908 130 1 20 1
2001154994 130 1 20 1
2001155080 130 1 20 1
2001155178 130 1 20 1
2001155264 130 1 20 1
2001155350 130 1 20 1
2001155436 130 1 20 1
2001155530 130 1 20 1
2001155620 130 1 20 1
2001155706 130 1 20 1
2001155792 130 1 20 1
2001156230 130 1 20 1
2001157194 130 1 20 0
2001341478 132 1 21 1
2001341482 132 1 21 1
2001341640 132 1 21 1
2001341648 132 1 21 1
2001341735 132 1 21 1
2001341839 132 1 21 1
2001341905 132 1 21 1
2001342035 132 1 21 1
2001342144 132 1 21 1
2001342154 132 1 21 1
2001342311 132 1 21 1
2001342324 132 1 21 1
2001342478 132 1 21 1
2001342490 132 1 21 1
2001342645 132 1 21 1
2001342664 132 1 21 1
2001342747 132 1 21 1
2001342835 132 1 21 1
2001342917 132 1 21 1
2001343043 132 1 21 1
2001343146 132 1 21 1
2001343153 132 1 21 1
2001343243 132 1 21 1
2001343333 132 1 21 1
2001343482 132 1 21 1
2001343488 132 1 21 1
2001350953 132 1 21 1
2001351039 132 1 21 1
2001351135 132 1 21 1
2001351221 132 1 21 1
2001351311 132 1 21 1
2001351397 132 1 21 1
2001351420 132 1 21 1
2001351514 132 1 21 1
2001351608 132 1 21 1
2001351694 132 1 21 1
2001351838 132 1 21 1
2001351845 132 1 21 1
2001351931 132 1 21 1
2001352025 132 1 21 1
2001352165 132 1 21 1
2001352251 132 1 21 1
2001352270 132 1 21 1
2001352377 132 1 21 1
2001352436 132 1 21 1
2001352543 132 1 21 1
2001352629 132 1 21 1
2001352689 132 1 21 1
2001352820 132 1 21 1
2001352906 132 1 21 1
2001352946 132 1 21 1
2001353076 132 1 21 1
2001357515 132 1 21 0
2001361110 132 1 21 1
2001361119 132 1 21 0
2001361173 132 1 21 1
2001361281 132 1 21 1
2001361343 132 1 21 1
2001361444 132 1 21 1
2001361603 132 1 21 1
2001361606 132 1 21 1
2001361696 132 1 21 1
2001361782 132 1 21 1
2001361945 132 1 21 1
2001361952 132 1 21 1
2001362039 132 1 21 1
2001362139 132 1 21 1
2001362279 132 1 21 1
2001362296 132 1 21 1
2001362446 132 1 21 1
2001362470 132 1 21 1
2001362641 132 1 21 1
2001362648 132 1 21 1
2001362780 132 1 21 1
2001362830 132 1 21 1
2001362951 132 1 21 1
2001363000 132 1 21 1
2001363139 132 1 21 1
2001363174 132 1 21 1
2001365720 132 1 21 0
2001370541 132 1 21 1
2001370581 132 1 21 0
2001370698 132 1 21 1
2001370706 132 1 21 1
2001370865 132 1 21 1
2001370880 132 1 21 1
2001370971 132 1 21 1
2001371061 132 1 21 1
2001371199 132 1 21 1
2001371228 132 1 21 1
2001371366 132 1 21 1
2001371402 132 1 21 1
2001371439 132 1 21 1
2001371541 132 1 21 1
2001371613 132 1 21 1
2001371781 132 1 21 1
2001371871 132 1 21 1
2001371878 132 1 21 1
2001372034 132 1 21 1
2001372060 132 1 21 1
2001372201 132 1 21 1
2001372246 132 1 21 1
2001372368 132 1 21 1
2001372420 132 1 21 1
2001372565 132 1 21 1
2001372651 132 1 21 1
2001372741 132 1 21 1
2001374901 132 1 21 0
2001378292 132 1 21 1
2001378295 132 1 21 0
2001378381 132 1 21 1
2001378423 132 1 21 1
2001378553 132 1 21 1
2001378601 132 1 21 1
2001378714 132 1 21 1
2001378775 132 1 21 1
2001378884 132 1 21 1
2001378970 132 1 21 1
2001379083 132 1 21 1
2001379127 132 1 21 1
2001379215 132 1 21 1
2001379297 132 1 21 1
2001379385 132 1 21 1
2001379467 132 1 21 1
2001379632 132 1 21 1
2001379719 132 1 21 1
2001379732 132 1 21 1
2001379893 132 1 21 1
2001379910 132 1 21 1
2001380050 132 1 21 1
2001380084 132 1 21 1
2001380224 132 1 21 1
2001380258 132 1 21 1
2001380411 132 1 21 1
2001380432 132 1 21 1
2001383348 132 1 21 0
2001389638 132 1 21 1
2001389679 132 1 21 0
2001389725 132 1 21 1
2001389762 132 1 21 0
2001389816 132 1 21 1
2001389899 132 1 21 1
2001389986 132 1 21 1
2001390123 132 1 21 1
2001390164 132 1 21 1
2001390247 132 1 21 1
2001390314 132 1 21 1
2001390401 132 1 21 1
2001390484 132 1 21 1
2001390757 132 1 21 1
2001390840 132 1 21 1
2001390927 132 1 21 1
2001391014 132 1 21 1
2001391097 132 1 21 1
2001391115 132 1 21 1
2001391837 132 1 21 0
2001859525 58 0 1 1
2001859597 58 0 1 0
2001859691 58 0 1 1
2001859774 58 0 1 1
2001859857 58 0 1 1
2001859940 58 0 1 1
2001860023 58 0 1 1
2001860106 58 0 1 1
2001860189 58 0 1 1
2001860272 58 0 1 1
2001860357 58 0 1 1
2001860438 58 0 1 1
2001860521 58 0 1 1
2001860604 58 0 1 1
2001860687 58 0 1 1
2001860770 58 0 1 1
2001860853 58 0 1 1
2001860936 58 0 1 1
2001861019 58 0 1 1
2001861102 58 0 1 1
2001861185 58 0 1 1
2001861268 58 0 1 1
2001861351 58 0 1 1
2001861434 58 0 1 1
2001861517 58 0 1 1
2001861600 58 0 1 1
2001861683 58 0 1 1
2001861766 58 0 1 1
2001863684 58 0 1 0
2001867762 58 0 1 1
2001867795 58 0 1 0
2001867845 58 0 1 1
2001867928 58 0 1 1
2001868011 58 0 1 1
2001868094 58 0 1 1
2001868177 58 0 1 1
2001868260 58 0 1 1
2001868343 58 0 1 1
2001868426 58 0 1 1
2001868509 58 0 1 1
2001868592 58 0 1 1
2001868675 58 0 1 1
2001868758 58 0 1 1
2001868841 58 0 1 1
2001868924 58 0 1 1
2001869007 58 0 1 1
2001869090 58 0 1 1
2001869173 58 0 1 1
2001869256 58 0 1 1
2001869339 58 0 1 1
2001869422 58 0 1 1
2001869505 58 0 1 1
2001869588 58 0 1 1
2001869671 58 0 1 1
2001869754 58 0 1 1
2001869837 58 0 1 1
2001869920 58 0 1 1
2001871131 58 0 1 0
2001878363 58 0 1 1
2001878401 58 0 1 0
2001878446 58 0 1 1
2001878529 58 0 1 1
2001878612 58 0 1 1
2001878650 58 0 1 0
2001878695 58 0 1 1
2001878778 58 0 1 1
2001878861 58 0 1 1
2001878944 58 0 1 1
2001879027 58 0 1 1
2001879110 58 0 1 1
2001879193 58 0 1 1
2001879276 58 0 1 1
2001879359 58 0 1 1
2001879442 58 0 1 1
2001879525 58 0 1 1
2001879608 58 0 1 1
2001879691 58 0 1 1
2001879774 58 0 1 1
2001879857 58 0 1 1
2001879940 58 0 1 1
2001880023 58 0 1 1
2001880106 58 0 1 1
2001880189 58 0 1 1
2001880272 58 0 1 1
2001880355 58 0 1 1
2001880438 58 0 1 1
2001880521 58 0 1 1
2001880736 58 0 1 1
2001881318 58 0 1 0
2002192052 132 1 21 1
2002192142 132 1 21 0
2002192145 132 1 21 1
2002192231 132 1 21 1
2002192321 132 1 21 1
2002192407 132 1 21 1
2002192497 132 1 21 1
2002192583 132 1 21 1
2002192673 132 1 21 1
2002192759 132 1 21 1
2002192849 132 1 21 1
2002192935 132 1 21 1
2002193025 132 1 21 1
2002193111 132 1 21 1
2002193197 132 1 21 1
2002193283 132 1 21 1
2002193369 132 1 21 1
2002193455 132 1 21 1
2002193541 132 1 21 1
2002193627 132 1 21 1
2002193713 132 1 21 1
2002193799 132 1 21 1
2002193885 132 1 21 1
2002193971 132 1 21 1
2002193974 132 1 21 1
2002194060 132 1 21 1
2002194229 132 1 21 1
2002201797 132 1 21 1
2002201800 132 1 21 0
2002201969 132 1 21 1
2002201972 132 1 21 0
2002202058 132 1 21 1
2002202144 132 1 21 1
2002202230 132 1 21 1
2002202316 132 1 21 1
2002202402 132 1 21 1
2002202488 132 1 21 1
2002202574 132 1 21 1
2002202660 132 1 21 1
2002202746 132 1 21 1
2002202832 132 1 21 1
2002202918 132 1 21 1
2002202925 132 1 21 1
2002203011 132 1 21 1
2002203105 132 1 21 1
2002203191 132 1 21 1
2002203285 132 1 21 1
2002203375 132 1 21 1
2002203461 132 1 21 1
2002203547 132 1 21 1
2002203633 132 1 21 1
2002203719 132 1 21 1
2002203805 132 1 21 1
2002203891 132 1 21 1
2002203977 132 1 21 1
2002204063 132 1 21 1
2002204149 132 1 21 1
2002211456 132 1 21 1
2002211542 132 1 21 1
2002211628 132 1 21 1
2002211685 132 1 21 1
2002211771 132 1 21 1
2002211940 132 1 21 1
2002212026 132 1 21 1
2002212112 132 1 21 1
2002212198 132 1 21 1
2002212284 132 1 21 1
2002212370 132 1 21 1
2002212456 132 1 21 1
2002212542 132 1 21 1
2002212628 132 1 21 1
2002212714 132 1 21 1
2002212800 132 1 21 1
2002212886 132 1 21 1
2002212972 132 1 21 1
2002213058 132 1 21 1
2002213144 132 1 21 1
2002213230 132 1 21 1
2002213316 132 1 21 1
2002213402 132 1 21 1
2002213488 132 1 21 1
2002217752 132 1 21 0
2002220826 132 1 21 1
2002220912 132 1 21 1
2002220998 132 1 21 1
2002221084 132 1 21 1
2002221170 132 1 21 1
2002221256 132 1 21 1
2002221342 132 1 21 1
2002221428 132 1 21 1
2002221597 132 1 21 1
2002221683 132 1 21 1
2002221769 132 1 21 1
2002221855 132 1 21 1
2002221941 132 1 21 1
2002222027 132 1 21 1
2002222113 132 1 21 1
2002222199 132 1 21 1
2002222285 132 1 21 1
2002222371 132 1 21 1
2002222457 132 1 21 1
2002222543 132 1 21 1
2002222629 132 1 21 1
2002222715 132 1 21 1
2002222801 132 1 21 1
2002222887 132 1 21 1
2002225214 132 1 21 0
2004128911 132 1 20 1
2004128923 132 1 20 0
2004128940 132 1 20 1
2004129023 132 1 20 1
2004129106 132 1 20 1
2004129189 132 1 20 1
2004129342 132 1 20 1
2004129355 132 1 20 1
2004129442 132 1 20 1
2004129525 132 1 20 1
2004129686 132 1 20 1
2004129691 132 1 20 1
2004129774 132 1 20 1
2004129857 132 1 20 1
2004129940 132 1 20 1
2004130023 132 1 20 1
2004130113 132 1 20 1
2004130193 132 1 20 1
2004130276 132 1 20 1
2004130359 132 1 20 1
2004130442 132 1 20 1
2004130525 132 1 20 1
2004130627 132 1 20 1
2004130695 132 1 20 1
2004130778 132 1 20 1
2004130861 132 1 20 1
2004130944 132 1 20 1
2004134249 132 1 20 0
2004138937 132 1 20 1
2004138952 132 1 20 0
2004139024 132 1 20 1
2004139107 132 1 20 1
2004139194 132 1 20 1
2004139308 132 1 20 1
2004139368 132 1 20 1
2004139455 132 1 20 1
2004139538 132 1 20 1
2004139629 132 1 20 1
2004139712 132 1 20 1
2004139799 132 1 20 1
2004139886 132 1 20 1
2004139973 132 1 20 1
2004140064 132 1 20 1
2004140147 132 1 20 1
2004140234 132 1 20 1
2004140317 132 1 20 1
2004140408 132 1 20 1
2004140491 132 1 20 1
2004140574 132 1 20 1
2004140661 132 1 20 1
2004140752 132 1 20 1
2004140839 132 1 20 1
2004140922 132 1 20 1
2004141009 132 1 20 1
2004141151 132 1 20 1
2004142368 132 1 20 0
2004147594 132 1 20 1
2004147597 132 1 20 0
2004147681 132 1 20 1
2004147768 132 1 20 1
2004147859 132 1 20 1
2004147946 132 1 20 1
2004148033 132 1 20 1
2004148116 132 1 20 1
2004148245 132 1 20 1
2004148294 132 1 20 1
2004148381 132 1 20 1
2004148476 132 1 20 1
2004148559 132 1 20 1
2004148654 132 1 20 1
2004148741 132 1 20 1
2004148900 132 1 20 1
2004148919 132 1 20 1
2004149010 132 1 20 1
2004149093 132 1 20 1
2004149180 132 1 20 1
2004149263 132 1 20 1
2004149354 132 1 20 1
2004149441 132 1 20 1
2004149532 132 1 20 1
2004149628 132 1 20 1
2004149702 132 1 20 1
2004150647 132 1 20 0
2004157696 132 1 20 1
2004157753 132 1 20 0
2004157783 132 1 20 1
2004157888 132 1 20 0
2004157891 132 1 20 1
2004157957 132 1 20 1
2004158048 132 1 20 1
2004158135 132 1 20 1
2004158222 132 1 20 1
2004158309 132 1 20 1
2004158396 132 1 20 1
2004158487 132 1 20 1
2004158574 132 1 20 1
2004158661 132 1 20 1
2004158748 132 1 20 1
2004158835 132 1 20 1
2004158948 132 1 20 1
2004159013 132 1 20 1
2004159100 132 1 20 1
2004159187 132 1 20 1
2004159334 132 1 20 1
2004159361 132 1 20 1
2004159508 132 1 20 1
2004159594 132 1 20 1
2004159630 132 1 20 1
2004159717 132 1 20 1
2004159852 132 1 20 1
2004159974 132 1 20 1
2004160408 132 1 20 0
2005717547 74 0 1 1
2005717579 74 0 1 0
2005717796 74 0 1 1
2005717832 74 0 1 0
2005717879 74 0 1 1
2005717966 74 0 1 1
2005718053 74 0 1 1
2005718211 74 0 1 1
2005718223 74 0 1 1
2005718306 74 0 1 1
2005718389 74 0 1 1
2005718472 74 0 1 1
2005718555 74 0 1 1
2005718638 74 0 1 1
2005718725 74 0 1 1
2005718808 74 0 1 1
2005718891 74 0 1 1
2005718983 74 0 1 1
2005719057 74 0 1 1
2005719140 74 0 1 1
2005719223 74 0 1 1
2005719306 74 0 1 1
2005719389 74 0 1 1
2005719472 74 0 1 1
2005719559 74 0 1 1
2005719665 74 0 1 1
2005719813 74 0 1 1
2005719831 74 0 1 1
2005719918 74 0 1 1
2005721722 74 0 1 0
2005728642 74 0 1 1
2005728684 74 0 1 0
2005728725 74 0 1 1
2005728771 74 0 1 0
2005728812 74 0 1 1
2005728854 74 0 1 0
2005728895 74 0 1 1
2005728941 74 0 1 0
2005729027 74 0 1 1
2005729030 74 0 1 0
2005729061 74 0 1 1
2005729144 74 0 1 1
2005729227 74 0 1 1
2005729310 74 0 1 1
2005729393 74 0 1 1
2005729476 74 0 1 1
2005729563 74 0 1 1
2005729646 74 0 1 1
2005729729 74 0 1 1
2005729852 74 0 1 1
2005729895 74 0 1 1
2005729978 74 0 1 1
2005730061 74 0 1 1
2005730144 74 0 1 1
2005730227 74 0 1 1
2005730310 74 0 1 1
2005730397 74 0 1 1
2005730516 74 0 1 1
2005730563 74 0 1 1
2005730646 74 0 1 1
2005730770 74 0 1 1
2005730857 74 0 1 1
2005730940 74 0 1 1
2005731027 74 0 1 1
2005731116 74 0 1 1
2005731681 74 0 1 0
2005753545 132 1 22 1
2005753631 132 1 22 1
2005753717 132 1 22 1
2005753724 132 1 22 1
2005753810 132 1 22 1
2005753896 132 1 22 1
2005753982 132 1 22 1
2005754072 132 1 22 1
2005754158 132 1 22 1
2005754244 132 1 22 1
2005754330 132 1 22 1
2005754420 132 1 22 1
2005754506 132 1 22 1
2005754596 132 1 22 1
2005754690 132 1 22 1
2005754780 132 1 22 1
2005754866 132 1 22 1
2005754956 132 1 22 1
2005755042 132 1 22 1
2005755128 132 1 22 1
2005755214 132 1 22 1
2005755304 132 1 22 1
2005755390 132 1 22 1
2005755476 132 1 22 1
2005755562 132 1 22 1
2005755652 132 1 22 1
2005761201 128 1 22 1
2005761284 128 1 22 1
2005761367 128 1 22 1
2005761450 128 1 22 1
2005761585 128 1 22 1
2005761671 128 1 22 1
2005761761 128 1 22 1
2005761782 128 1 22 1
2005761794 128 1 22 1
2005761921 128 1 22 1
2005762007 128 1 22 1
2005762093 128 1 22 1
2005762126 128 1 22 1
2005762261 128 1 22 1
2005762347 128 1 22 1
2005762433 128 1 22 1
2005762523 128 1 22 1
2005762541 128 1 22 1
2005762668 128 1 22 1
2005762748 132 1 22 1
2005762758 128 1 22 1
2005762838 132 1 22 1
2005762852 128 1 22 1
2005762873 128 1 22 1
2005762924 132 1 22 1
2005762996 128 1 22 1
2005763010 132 1 22 1
2005763082 128 1 22 1
2005763100 132 1 22 1
2005763172 128 1 22 1
2005763186 132 1 22 1
2005763205 128 1 22 1
2005763272 132 1 22 1
2005763362 132 1 22 1
2005763448 132 1 22 1
2005763534 132 1 22 1
2005763624 132 1 22 1
2005763710 132 1 22 1
2005763800 132 1 22 1
2005763892 132 1 22 1
2005763978 132 1 22 1
2005764019 132 1 22 1
2005764151 132 1 22 1
2005764189 132 1 22 1
2005764317 132 1 22 1
2005764359 132 1 22 1
2005764487 132 1 22 1
2005764533 132 1 22 1
2005764620 132 1 22 1
2005764736 132 1 22 1
2005764794 132 1 22 1
2005770892 128 1 22 1
2005770986 128 1 22 1
2005771076 128 1 22 1
2005771166 128 1 22 1
2005771256 128 1 22 1
2005771346 128 1 22 1
2005771440 128 1 22 1
2005771530 128 1 22 1
2005771545 128 1 22 1
2005771631 128 1 22 1
2005771725 128 1 22 1
2005771811 128 1 22 1
2005771901 128 1 22 1
2005771995 128 1 22 1
2005772093 128 1 22 1
2005772179 128 1 22 1
2005772269 128 1 22 1
2005772363 128 1 22 1
2005772374 128 1 22 1
2005772468 128 1 22 1
2005772562 128 1 22 1
2005772616 132 1 22 1
2005772648 128 1 22 1
2005772702 132 1 22 1
2005772738 128 1 22 1
2005772792 132 1 22 1
2005772836 128 1 22 1
2005772878 132 1 22 1
2005772885 132 1 22 1
2005772922 128 1 22 1
2005772975 132 1 22 1
2005773012 128 1 22 1
2005773061 132 1 22 1
2005773151 132 1 22 1
2005773237 132 1 22 1
2005773327 132 1 22 1
2005773452 132 1 22 1
2005773542 132 1 22 1
2005773628 132 1 22 1
2005773635 132 1 22 1
2005773728 132 1 22 1
2005773797 132 1 22 1
2005773893 132 1 22 1
2005773967 132 1 22 1
2005774050 132 1 22 1
2005774143 132 1 22 1
2005774216 132 1 22 1
2005774299 132 1 22 1
2005774416 132 1 22 1
2005774465 132 1 22 1
2005774548 132 1 22 1
2005774631 132 1 22 1
2005779574 132 1 22 0
2005780162 128 1 22 1
2005780260 128 1 22 1
2005780346 128 1 22 1
2005780353 128 1 22 1
2005780443 128 1 22 1
2005780560 128 1 22 1
2005780654 128 1 22 1
2005780748 128 1 22 1
2005780842 128 1 22 1
2005780849 128 1 22 1
2005780939 128 1 22 1
2005781029 128 1 22 1
2005781119 128 1 22 1
2005781213 128 1 22 1
2005781311 128 1 22 1
2005781401 128 1 22 1
2005781444 128 1 22 1
2005781491 128 1 22 1
2005781574 128 1 22 1
2005781657 128 1 22 1
2005781740 128 1 22 1
2005781823 128 1 22 1
2005781906 128 1 22 1
2005781989 128 1 22 1
2005782072 128 1 22 1
2005782143 128 1 22 1
2005782226 128 1 22 1
2005782877 132 1 22 1
2005782963 132 1 22 1
2005783053 132 1 22 1
2005783139 132 1 22 1
2005783225 132 1 22 1
2005783311 132 1 22 1
2005783401 132 1 22 1
2005783491 132 1 22 1
2005783577 132 1 22 1
2005783663 132 1 22 1
2005783670 132 1 22 1
2005783756 132 1 22 1
2005783842 132 1 22 1
2005783928 132 1 22 1
2005784018 132 1 22 1
2005784104 132 1 22 1
2005784190 132 1 22 1
2005784280 132 1 22 1
2005784366 132 1 22 1
2005784456 132 1 22 1
2005784546 132 1 22 1
2005784632 132 1 22 1
2005784726 132 1 22 1
2005784816 132 1 22 1
2005784910 132 1 22 1
2005785000 132 1 22 1
2005787400 132 1 22 0
2005790739 128 1 22 1
2005790798 128 1 22 0
2005790822 128 1 22 1
2005790901 132 1 22 1
2005790905 128 1 22 1
2005791010 128 1 22 1
2005791010 132 1 22 1
2005791067 132 1 22 1
2005791071 128 1 22 1
2005791176 128 1 22 1
2005791176 132 1 22 1
2005791233 132 1 22 1
2005791237 128 1 22 1
2005791320 128 1 22 1
2005791337 132 1 22 1
2005791403 132 1 22 1
2005791421 128 1 22 1
2005791486 128 1 22 1
2005791502 132 1 22 1
2005791569 132 1 22 1
2005791589 128 1 22 1
2005791628 128 1 22 1
2005791663 132 1 22 1
2005791710 128 1 22 1
2005791735 132 1 22 1
2005791793 128 1 22 1
2005791832 132 1 22 1
2005791901 132 1 22 1
2005791937 128 1 22 1
2005791959 128 1 22 1
2005792042 128 1 22 1
2005792048 132 1 22 1
2005792067 132 1 22 1
2005792125 128 1 22 1
2005792210 132 1 22 1
2005792233 132 1 22 1
2005792281 128 1 22 1
2005792292 128 1 22 1
2005792375 132 1 22 1
2005792375 128 1 22 1
2005792403 132 1 22 1
2005792538 128 1 22 1
2005792540 132 1 22 1
2005792541 128 1 22 1
2005792573 132 1 22 1
2005792624 128 1 22 1
2005792705 132 1 22 1
2005792706 128 1 22 1
2005792747 132 1 22 1
2005792807 128 1 22 1
2005792834 132 1 22 1
2005792884 128 1 22 1
2005792930 132 1 22 1
2005795822 128 1 22 0
2005797094 132 1 22 0
2005800101 132 1 22 1
2005800151 132 1 22 0
2005800255 132 1 22 1
2005800271 132 1 22 1
2005800420 132 1 22 1
2005800437 132 1 22 1
2005800585 132 1 22 1
2005800603 132 1 22 1
2005800750 132 1 22 1
2005800773 132 1 22 1
2005800856 132 1 22 1
2005800971 132 1 22 1
2005801022 132 1 22 1
2005801132 132 1 22 1
2005801192 132 1 22 1
2005801297 132 1 22 1
2005801358 132 1 22 1
2005801466 132 1 22 1
2005801528 132 1 22 1
2005801631 132 1 22 1
2005801694 132 1 22 1
2005801844 132 1 22 1
2005801860 132 1 22 1
2005802009 132 1 22 1
2005802026 132 1 22 1
2005802174 132 1 22 1
2005802237 132 1 22 1
2005802339 132 1 22 1
2005805932 132 1 22 0
2005809113 132 1 22 1
2005809218 132 1 22 0
2005809221 132 1 22 1
2005809283 132 1 22 1
2005809383 132 1 22 1
2005809449 132 1 22 1
2005809552 132 1 22 1
2005809619 132 1 22 1
2005809714 132 1 22 1
2005809785 132 1 22 1
2005809930 132 1 22 1
2005809951 132 1 22 1
2005810095 132 1 22 1
2005810121 132 1 22 1
2005810260 132 1 22 1
2005810291 132 1 22 1
2005810425 132 1 22 1
2005810461 132 1 22 1
2005810590 132 1 22 1
2005810627 132 1 22 1
2005810714 132 1 22 1
2005810811 132 1 22 1
2005810884 132 1 22 1
2005810972 132 1 22 1
2005811050 132 1 22 1
2005811141 132 1 22 1
2005811304 132 1 22 1
2005814626 132 1 22 0
2007010859 129 1 22 1
2007010871 129 1 22 0
2007010942 129 1 22 1
2007011025 129 1 22 1
2007011108 129 1 22 1
2007011191 129 1 22 1
2007011274 129 1 22 1
2007011393 129 1 22 1
2007011440 129 1 22 1
2007011523 129 1 22 1
2007011606 129 1 22 1
2007011693 129 1 22 1
2007011776 129 1 22 1
2007011859 129 1 22 1
2007011942 129 1 22 1
2007012025 129 1 22 1
2007012112 129 1 22 1
2007012195 129 1 22 1
2007012318 129 1 22 1
2007012365 129 1 22 1
2007012448 129 1 22 1
2007012531 129 1 22 1
2007012614 129 1 22 1
2007012697 129 1 22 1
2007012780 129 1 22 1
2007012867 129 1 22 1
2007012957 129 1 22 1
2007015400 129 1 22 0
2007019919 129 1 22 1
2007019932 129 1 22 0
2007020002 129 1 22 1
2007020015 129 1 22 0
2007020089 129 1 22 1
2007020098 129 1 22 0
2007020172 129 1 22 1
2007020255 129 1 22 1
2007020342 129 1 22 1
2007020429 129 1 22 1
2007020512 129 1 22 1
2007020595 129 1 22 1
2007020764 129 1 22 1
2007020769 129 1 22 1
2007020856 129 1 22 1
2007020943 129 1 22 1
2007021026 129 1 22 1
2007021113 129 1 22 1
2007021200 129 1 22 1
2007021287 129 1 22 1
2007021374 129 1 22 1
2007021539 129 1 22 1
2007021548 129 1 22 1
2007021635 129 1 22 1
2007021730 129 1 22 1
2007021813 129 1 22 1
2007021912 129 1 22 1
2007021995 129 1 22 1
2007022086 129 1 22 1
2007022169 129 1 22 1
2007022298 129 1 22 1
2007024016 129 1 22 0
2007027660 129 1 22 1
2007027692 129 1 22 0
2007027747 129 1 22 1
2007027885 129 1 22 1
2007027913 129 1 22 1
2007028004 129 1 22 1
2007028091 129 1 22 1
2007028219 129 1 22 1
2007028265 129 1 22 1
2007028399 129 1 22 1
2007028439 129 1 22 1
2007028526 129 1 22 1
2007028652 129 1 22 1
2007028696 129 1 22 1
2007028787 129 1 22 1
2007028913 129 1 22 1
2007029004 129 1 22 1
2007029048 129 1 22 1
2007029135 129 1 22 1
2007029222 129 1 22 1
2007029344 129 1 22 1
2007029414 129 1 22 1
2007029483 129 1 22 1
2007029566 129 1 22 1
2007029723 129 1 22 1
2007029744 129 1 22 1
2007029827 129 1 22 1
2007032293 129 1 22 0
2008112402 108 0 1 1
2008112485 108 0 1 1
2008112568 108 0 1 1
2008112593 108 0 1 1
2008112676 108 0 1 1
2008112759 108 0 1 1
2008112842 108 0 1 1
2008112925 108 0 1 1
2008113008 108 0 1 1
2008113091 108 0 1 1
2008113174 108 0 1 1
2008113257 108 0 1 1
2008113340 108 0 1 1
2008113423 108 0 1 1
2008113506 108 0 1 1
2008113589 108 0 1 1
2008113756 108 0 1 1
2008113923 108 0 1 1
2008114090 108 0 1 1
2008114215 108 0 1 1
2008114298 108 0 1 1
2008114465 108 0 1 1
2008117663 108 0 1 0
2008826973 130 1 20 1
2008826980 130 1 20 0
2008827070 130 1 20 1
2008827160 130 1 20 1
2008827250 130 1 20 1
2008827344 130 1 20 1
2008827430 130 1 20 1
2008827516 130 1 20 1
2008827602 130 1 20 1
2008827696 130 1 20 1
2008827782 130 1 20 1
2008827868 130 1 20 1
2008827958 130 1 20 1
2008828044 130 1 20 1
2008828047 130 1 20 1
2008828137 130 1 20 1
2008828223 130 1 20 1
2008828313 130 1 20 1
2008828399 130 1 20 1
2008828485 130 1 20 1
2008828575 130 1 20 1
2008828661 130 1 20 1
2008828751 130 1 20 1
2008828837 130 1 20 1
2008828927 130 1 20 1
2008829013 130 1 20 1
2008829099 130 1 20 1
2008832146 130 1 20 0
2008835956 130 1 20 1
2008835959 130 1 20 0
2008836049 130 1 20 1
2008836135 130 1 20 1
2008836221 130 1 20 1
2008836307 130 1 20 1
2008836397 130 1 20 1
2008836483 130 1 20 1
2008836569 130 1 20 1
2008836659 130 1 20 1
2008836749 130 1 20 1
2008836835 130 1 20 1
2008836921 130 1 20 1
2008837007 130 1 20 1
2008837093 130 1 20 1
2008837179 130 1 20 1
2008837273 130 1 20 1
2008837359 130 1 20 1
2008837445 130 1 20 1
2008837452 130 1 20 1
2008837538 130 1 20 1
2008837624 130 1 20 1
2008837714 130 1 20 1
2008837800 130 1 20 1
2008837890 130 1 20 1
2008837976 130 1 20 1
2008838062 130 1 20 1
2008838148 130 1 20 1
2008841524 130 1 20 0
2008844685 130 1 20 1
2008844688 130 1 20 0
2008844691 130 1 20 1
2008844777 130 1 20 1
2008844855 130 1 20 1
2008844938 130 1 20 1
2008845021 130 1 20 1
2008845170 130 1 20 1
2008845187 130 1 20 1
2008845270 130 1 20 1
2008845356 130 1 20 1
2008845436 130 1 20 1
2008845523 130 1 20 1
2008845685 130 1 20 1
2008845692 130 1 20 1
2008845772 130 1 20 1
2008845899 130 1 20 1
2008845938 130 1 20 1
2008846022 130 1 20 1
2008846128 130 1 20 1
2008846235 130 1 20 1
2008846329 130 1 20 1
2008846353 130 1 20 1
2008846436 130 1 20 1
2008846567 130 1 20 1
2008846602 130 1 20 1
2008846685 130 1 20 1
2008846768 130 1 20 1
2008850089 130 1 20 0
2008853171 130 1 20 1
2008853336 130 1 20 1
2008853343 130 1 20 1
2008853420 130 1 20 1
2008853503 130 1 20 1
2008853586 130 1 20 1
2008853669 130 1 20 1
2008853752 130 1 20 1
2008853842 130 1 20 1
2008853932 130 1 20 1
2008854001 130 1 20 1
2008854084 130 1 20 1
2008854167 130 1 20 1
2008854257 130 1 20 1
2008854343 130 1 20 1
2008854437 130 1 20 1
2008854499 130 1 20 1
2008854582 130 1 20 1
2008854670 130 1 20 1
2008854748 130 1 20 1
2008854834 130 1 20 1
2008854914 130 1 20 1
2008855021 130 1 20 1
2008855111 130 1 20 1
2008855163 130 1 20 1
2008855246 130 1 20 1
2008858737 130 1 20 0
2008862204 130 1 20 1
2008862234 130 1 20 1
2008862317 130 1 20 1
2008862453 130 1 20 1
2008862483 130 1 20 1
2008862642 130 1 20 1
2008862649 130 1 20 1
2008862732 130 1 20 1
2008862815 130 1 20 1
2008862898 130 1 20 1
2008863062 130 1 20 1
2008863069 130 1 20 1
2008863159 130 1 20 1
2008863245 130 1 20 1
2008863331 130 1 20 1
2008863417 130 1 20 1
2008863511 130 1 20 1
2008863601 130 1 20 1
2008863695 130 1 20 1
2008863799 130 1 20 1
2008863811 130 1 20 1
2008863956 130 1 20 1
2008863977 130 1 20 1
2008864060 130 1 20 1
2008864143 130 1 20 1
2008864226 130 1 20 1
2008868356 130 1 20 0
2008871624 130 1 20 1
2008871694 130 1 20 0
2008871707 130 1 20 1
2008871840 130 1 20 1
2008871873 130 1 20 1
2008871956 130 1 20 1
2008872119 130 1 20 1
2008872126 130 1 20 1
2008872282 130 1 20 1
2008872293 130 1 20 1
2008872371 130 1 20 1
2008872454 130 1 20 1
2008872537 130 1 20 1
2008872620 130 1 20 1
2008872720 130 1 20 1
2008872786 130 1 20 1
2008872869 130 1 20 1
2008872939 130 1 20 0
2008872952 130 1 20 1
2008872955 130 1 20 0
2008879695 130 1 20 1
2008879800 130 1 20 1
2008879861 130 1 20 1
2008879944 130 1 20 1
2008880027 130 1 20 1
2008880179 130 1 20 1
2008880273 130 1 20 1
2008880276 130 1 20 1
2008880367 130 1 20 1
2008880442 130 1 20 1
2008880537 130 1 20 1
2008880627 130 1 20 1
2008880691 130 1 20 1
2008880802 130 1 20 1
2008880857 130 1 20 1
2008880940 130 1 20 1
2008881055 130 1 20 1
2008881065 130 1 20 1
2008881148 130 1 20 1
2008881231 130 1 20 1
2008881314 130 1 20 1
2008881397 130 1 20 1
2008881562 130 1 20 1
2008881577 130 1 20 1
2008881671 130 1 20 1
2008881729 130 1 20 1
2008883100 130 1 20 0
2009840572 135 1 21 1
2009840575 135 1 21 0
2009840661 135 1 21 1
2009840747 135 1 21 1
2009840833 135 1 21 1
2009840919 135 1 21 1
2009841005 135 1 21 1
2009841091 135 1 21 1
2009841185 135 1 21 1
2009841271 135 1 21 1
2009841365 135 1 21 1
2009841451 135 1 21 1
2009841545 135 1 21 1
2009841631 135 1 21 1
2009841725 135 1 21 1
2009841763 135 1 21 1
2009841853 135 1 21 1
2009841939 135 1 21 1
2009842033 135 1 21 1
2009842073 135 1 21 1
2009842218 135 1 21 1
2009842239 135 1 21 1
2009842396 135 1 21 1
2009842482 135 1 21 1
2009842489 135 1 21 1
2009842575 135 1 21 1
2009842654 135 1 21 1
2009842737 135 1 21 1
2009846631 135 1 21 0
2009849471 135 1 21 1
2009849557 135 1 21 0
2009849560 135 1 21 1
2009849646 135 1 21 1
2009849732 135 1 21 1
2009849818 135 1 21 1
2009849905 135 1 21 1
2009849962 135 1 21 1
2009850079 135 1 21 1
2009850166 135 1 21 1
2009850211 135 1 21 1
2009850344 135 1 21 1
2009850434 135 1 21 1
2009850524 135 1 21 1
2009850543 135 1 21 1
2009850626 135 1 21 1
2009850787 135 1 21 1
2009850873 135 1 21 1
2009850876 135 1 21 1
2009850958 135 1 21 1
2009851048 135 1 21 1
2009851139 135 1 21 1
2009851225 135 1 21 1
2009851290 135 1 21 1
2009851396 135 1 21 1
2009851493 135 1 21 1
2009851579 135 1 21 1
2009851665 135 1 21 1
2009853973 135 1 21 0
2009858653 135 1 21 1
2009858743 135 1 21 1
2009858833 135 1 21 1
2009858919 135 1 21 1
2009859009 135 1 21 1
2009859099 135 1 21 1
2009859185 135 1 21 1
2009859196 135 1 21 1
2009859282 135 1 21 1
2009859412 135 1 21 1
2009859498 135 1 21 1
2009859588 135 1 21 1
2009859674 135 1 21 1
2009859760 135 1 21 1
2009859850 135 1 21 1
2009859936 135 1 21 1
2009859943 135 1 21 1
2009860029 135 1 21 1
2009860119 135 1 21 1
2009860205 135 1 21 1
2009860291 135 1 21 1
2009860381 135 1 21 1
2009860467 135 1 21 1
2009860557 135 1 21 1
2009860643 135 1 21 1
2009860741 135 1 21 1
2009863557 135 1 21 0
2009867995 135 1 21 1
2009868081 135 1 21 0
2009868084 135 1 21 1
2009868170 135 1 21 0
2009868173 135 1 21 1
2009868259 135 1 21 0
2009868262 135 1 21 1
2009868265 135 1 21 0
2009868351 135 1 21 1
2009868437 135 1 21 1
2009868527 135 1 21 1
2009868613 135 1 21 1
2009868699 135 1 21 1
2009868785 135 1 21 1
2009868871 135 1 21 1
2009868874 135 1 21 1
2009868964 135 1 21 1
2009869050 135 1 21 1
2009869136 135 1 21 1
2009869222 135 1 21 1
2009869308 135 1 21 1
2009869394 135 1 21 1
2009869480 135 1 21 1
2009869570 135 1 21 1
2009869656 135 1 21 1
2009869746 135 1 21 1
2009869832 135 1 21 1
2009869918 135 1 21 1
2009870004 135 1 21 1
2009870090 135 1 21 1
2009870180 135 1 21 1
2009870266 135 1 21 1
2009870352 135 1 21 1
2009870442 135 1 21 1
2009872140 135 1 21 0
2009875602 135 1 21 1
2009875609 135 1 21 0
2009875695 135 1 21 1
2009875781 135 1 21 1
2009875871 135 1 21 1
2009875961 135 1 21 1
2009876047 135 1 21 1
2009876133 135 1 21 1
2009876136 135 1 21 1
2009876226 135 1 21 1
2009876312 135 1 21 1
2009876402 135 1 21 1
2009876441 135 1 21 1
2009876524 135 1 21 1
2009876644 135 1 21 1
2009876738 135 1 21 1
2009876824 135 1 21 1
2009876914 135 1 21 1
2009877004 135 1 21 1
2009877011 135 1 21 1
2009877170 135 1 21 1
2009877257 135 1 21 1
2009877264 135 1 21 1
2009877358 135 1 21 1
2009877444 135 1 21 1
2009877538 135 1 21 1
2009877624 135 1 21 1
2009877718 135 1 21 1
2009877804 135 1 21 1
2009879005 135 1 21 0
2009883260 135 1 21 1
2009883318 135 1 21 0
2009883343 135 1 21 1
2009883374 135 1 21 0
2009883426 135 1 21 1
2009883509 135 1 21 1
2009883592 135 1 21 1
2009883675 135 1 21 1
2009883740 135 1 21 1
2009883854 135 1 21 1
2009883906 135 1 21 1
2009884028 135 1 21 1
2009884118 135 1 21 1
2009884155 135 1 21 1
2009884268 135 1 21 1
2009884317 135 1 21 1
2009884399 135 1 21 1
2009884482 135 1 21 1
2009884611 135 1 21 1
2009884648 135 1 21 1
2009884731 135 1 21 1
2009884814 135 1 21 1
2009884897 135 1 21 1
2009884978 135 1 21 0
2009884981 135 1 21 1
2009885008 135 1 21 0
2009885063 135 1 21 1
2009885095 135 1 21 0
2009885146 135 1 21 1
2009885182 135 1 21 0
2009885229 135 1 21 1
2009885269 135 1 21 0
2009962926 130 1 20 1
2009963035 130 1 20 0
2009963038 130 1 20 1
2009963132 130 1 20 1
2009963222 130 1 20 1
2009963308 130 1 20 1
2009963394 130 1 20 1
2009963488 130 1 20 1
2009963574 130 1 20 1
2009963623 130 1 20 1
2009963713 130 1 20 1
2009963760 130 1 20 1
2009963847 130 1 20 1
2009963930 130 1 20 1
2009964013 130 1 20 1
2009964096 130 1 20 1
2009964179 130 1 20 1
2009964262 130 1 20 1
2009964345 130 1 20 1
2009964481 130 1 20 1
2009964515 130 1 20 1
2009964643 130 1 20 1
2009964681 130 1 20 1
2009964768 130 1 20 1
2009964851 130 1 20 1
2009964934 130 1 20 1
2009965121 130 1 20 1
2009968243 130 1 20 0
2009971452 130 1 20 1
2009971535 130 1 20 1
2009971627 130 1 20 1
2009971713 130 1 20 1
2009971796 130 1 20 1
2009971883 130 1 20 1
2009971966 130 1 20 1
2009972053 130 1 20 1
2009972136 130 1 20 1
2009972223 130 1 20 1
2009972310 130 1 20 1
2009972393 130 1 20 1
2009972480 130 1 20 1
2009972568 130 1 20 1
2009972650 130 1 20 1
2009972791 130 1 20 1
2009972820 130 1 20 1
2009972911 130 1 20 1
2009972994 130 1 20 1
2009973081 130 1 20 1
2009973164 130 1 20 1
2009973255 130 1 20 1
2009973338 130 1 20 1
2009973434 130 1 20 1
2009973520 130 1 20 1
2009977296 130 1 20 0
2009980552 130 1 20 1
2009980685 130 1 20 1
2009980771 130 1 20 1
2009980862 130 1 20 1
2009980948 130 1 20 1
2009981042 130 1 20 1
2009981058 130 1 20 1
2009981208 130 1 20 1
2009981224 130 1 20 1
2009981378 130 1 20 1
2009981390 130 1 20 1
2009981540 130 1 20 1
2009981627 130 1 20 1
2009981717 130 1 20 1
2009981726 130 1 20 1
2009981876 130 1 20 1
2009981896 130 1 20 1
2009982042 130 1 20 1
2009982132 130 1 20 1
2009982145 130 1 20 1
2009982237 130 1 20 1
2009982315 130 1 20 1
2009982453 130 1 20 1
2009982481 130 1 20 1
2009982567 130 1 20 1
2009986061 130 1 20 0
2009989954 130 1 20 1
2009989957 130 1 20 0
2009990037 130 1 20 1
2009990043 130 1 20 0
2009990120 130 1 20 1
2009990130 130 1 20 0
2009990250 130 1 20 1
2009990290 130 1 20 1
2009990455 130 1 20 1
2009990462 130 1 20 1
2009990539 130 1 20 1
2009990622 130 1 20 1
2009990705 130 1 20 1
2009990788 130 1 20 1
2009990875 130 1 20 1
2009990958 130 1 20 1
2009991041 130 1 20 1
2009991124 130 1 20 1
2009991207 130 1 20 1
2009991341 130 1 20 1
2009991427 130 1 20 1
2009991460 130 1 20 1
2009991543 130 1 20 1
2009991626 130 1 20 1
2009991713 130 1 20 1
2009991796 130 1 20 1
2009991879 130 1 20 1
2009991962 130 1 20 1
2009992049 130 1 20 1
2009992132 130 1 20 1
2009992255 130 1 20 1
2009992299 130 1 20 1
2009993326 130 1 20 0
2009998673 130 1 20 1
2009998732 130 1 20 0
2009998756 130 1 20 1
2009998843 130 1 20 1
2009998926 130 1 20 1
2009999009 130 1 20 1
2009999092 130 1 20 1
2009999175 130 1 20 1
2009999262 130 1 20 1
2009999345 130 1 20 1
2009999428 130 1 20 1
2009999562 130 1 20 1
2009999598 130 1 20 1
2009999685 130 1 20 1
2009999771 130 1 20 1
2009999855 130 1 20 1
2009999945 130 1 20 1
2010000033 130 1 20 1
2010000119 130 1 20 1
2010000203 130 1 20 1
2010000290 130 1 20 1
2010000377 130 1 20 1
2010000464 130 1 20 1
2010000547 130 1 20 1
2010000630 130 1 20 1
2010000779 130 1 20 1
2010000818 130 1 20 1
2010002962 130 1 20 0
2010012081 130 1 20 1
2010012084 130 1 20 0
2010012087 130 1 20 1
2010012173 130 1 20 0
2010012176 130 1 20 1
2010012262 130 1 20 1
2010012348 130 1 20 0
2010012351 130 1 20 1
2010012354 130 1 20 0
2010012440 130 1 20 1
2010012443 130 1 20 0
2010012529 130 1 20 1
2010012532 130 1 20 0
2010012666 130 1 20 1
2010012669 130 1 20 0
2010012672 130 1 20 1
2010012758 130 1 20 0
2010012761 130 1 20 1
2010012847 130 1 20 0
2010012850 130 1 20 1
2010012936 130 1 20 0
2010012939 130 1 20 1
2010013025 130 1 20 1
2010013111 130 1 20 1
2010013197 130 1 20 1
2010013283 130 1 20 1
2010013369 130 1 20 0
2010013372 130 1 20 1
2010013458 130 1 20 1
2010013465 130 1 20 0
2010013551 130 1 20 1
2010013554 130 1 20 0
2010441660 128 1 22 1
2010441817 128 1 22 1
2010441830 128 1 22 1
2010441995 128 1 22 1
2010442000 128 1 22 1
2010442169 128 1 22 1
2010442174 128 1 22 1
2010442329 128 1 22 1
2010442415 128 1 22 1
2010442501 128 1 22 1
2010442587 128 1 22 1
2010442679 128 1 22 1
2010442686 128 1 22 1
2010442849 128 1 22 1
2010442858 128 1 22 1
2010442941 128 1 22 1
2010443050 128 1 22 1
2010443107 128 1 22 1
2010443198 128 1 22 1
2010443361 128 1 22 1
2010443368 128 1 22 1
2010443521 128 1 22 1
2010443607 128 1 22 1
2010443693 128 1 22 1
2010443779 128 1 22 1
2010450932 128 1 22 1
2010451022 128 1 22 1
2010451108 128 1 22 1
2010451118 128 1 22 1
2010451273 128 1 22 1
2010451288 128 1 22 1
2010451443 128 1 22 1
2010451535 128 1 22 1
2010451545 128 1 22 1
2010451692 128 1 22 1
2010451711 128 1 22 1
2010451866 128 1 22 1
2010451885 128 1 22 1
2010452029 128 1 22 1
2010452051 128 1 22 1
2010452196 128 1 22 1
2010452217 128 1 22 1
2010452363 128 1 22 1
2010452391 128 1 22 1
2010452533 128 1 22 1
2010452557 128 1 22 1
2010452700 128 1 22 1
2010452727 128 1 22 1
2010452867 128 1 22 1
2010452897 128 1 22 1
2010453034 128 1 22 1
2010460166 128 1 22 1
2010460203 128 1 22 1
2010460304 128 1 22 1
2010460395 128 1 22 1
2010460485 128 1 22 1
2010460575 128 1 22 1
2010460676 128 1 22 1
2010460781 128 1 22 1
2010460804 128 1 22 1
2010460933 128 1 22 1
2010460970 128 1 22 1
2010461057 128 1 22 1
2010461190 128 1 22 1
2010461227 128 1 22 1
2010461310 128 1 22 1
2010461447 128 1 22 1
2010461484 128 1 22 1
2010461567 128 1 22 1
2010461650 128 1 22 1
2010461754 128 1 22 1
2010461850 128 1 22 1
2010461907 128 1 22 1
2010462036 128 1 22 1
2010462089 128 1 22 1
2010462176 128 1 22 1
2010464816 128 1 22 0
2010468958 128 1 22 1
2010468997 128 1 22 0
2010469045 128 1 22 1
2010469080 128 1 22 0
2010469171 128 1 22 1
2010469174 128 1 22 0
2010469215 128 1 22 1
2010469246 128 1 22 0
2010469298 128 1 22 1
2010469389 128 1 22 1
2010469507 128 1 22 1
2010469555 128 1 22 1
2010469642 128 1 22 1
2010469729 128 1 22 1
2010469847 128 1 22 1
2010469899 128 1 22 1
2010469982 128 1 22 1
2010470131 128 1 22 1
2010470221 128 1 22 1
2010470239 128 1 22 1
2010470326 128 1 22 1
2010470417 128 1 22 1
2010470515 128 1 22 1
2010470605 128 1 22 1
2010470674 128 1 22 1
2010470851 128 1 22 1
2010470858 128 1 22 1
2010470935 128 1 22 1
2010471026 128 1 22 1
2010471183 128 1 22 1
2010471204 128 1 22 1
2010471287 128 1 22 1
2010471374 128 1 22 1
2010473505 128 1 22 0
2010477720 128 1 22 1
2010477806 128 1 22 0
2010477813 128 1 22 1
2010477899 128 1 22 1
2010477993 128 1 22 1
2010478083 128 1 22 1
2010478169 128 1 22 1
2010478172 128 1 22 0
2010478262 128 1 22 1
2010478265 128 1 22 0
2010478351 128 1 22 1
2010478441 128 1 22 1
2010478527 128 1 22 1
2010478617 128 1 22 1
2010478703 128 1 22 1
2010478793 128 1 22 1
2010478879 128 1 22 1
2010478969 128 1 22 1
2010478972 128 1 22 1
2010479062 128 1 22 1
2010479148 128 1 22 1
2010479238 128 1 22 1
2010479324 128 1 22 1
2010479414 128 1 22 1
2010479500 128 1 22 1
2010479590 128 1 22 1
2010479719 128 1 22 1
2010479809 128 1 22 1
2010479899 128 1 22 1
2010480329 128 1 22 1
2010480415 128 1 22 1
2010480505 128 1 22 1
2010481785 128 1 22 0
2010486759 128 1 22 1
2010486762 128 1 22 0
2010486891 128 1 22 1
2010487004 128 1 22 0
2010487007 128 1 22 1
2010487010 128 1 22 0
2010487061 128 1 22 1
2010487181 128 1 22 1
2010487267 128 1 22 1
2010487314 128 1 22 1
2010487397 128 1 22 1
2010487510 128 1 22 1
2010487563 128 1 22 1
2010487650 128 1 22 1
2010487759 128 1 22 1
2010487878 128 1 22 1
2010487907 128 1 22 1
2010488012 128 1 22 1
2010488126 128 1 22 1
2010488164 128 1 22 1
2010488261 128 1 22 1
2010488379 128 1 22 1
2010488421 128 1 22 1
2010488515 128 1 22 1
2010488607 128 1 22 1
2010488711 128 1 22 1
2010488797 128 1 22 1
2010488860 128 1 22 1
2010488947 128 1 22 1
2010489166 128 1 22 1
2010490270 128 1 22 0
2011006451 133 1 19 1
2011006567 133 1 19 0
2011006570 133 1 19 1
2011006603 133 1 19 0
2011006621 133 1 19 1
2011006764 133 1 19 1
2011006781 133 1 19 0
2011006791 133 1 19 1
2011006878 133 1 19 1
2011006961 133 1 19 1
2011007108 133 1 19 1
2011007131 133 1 19 1
2011007218 133 1 19 1
2011007301 133 1 19 1
2011007444 133 1 19 1
2011007471 133 1 19 1
2011007554 133 1 19 1
2011007641 133 1 19 1
2011007780 133 1 19 1
2011007811 133 1 19 1
2011007894 133 1 19 1
2011007977 133 1 19 1
2011008120 133 1 19 1
2011008151 133 1 19 1
2011008238 133 1 19 1
2011008321 133 1 19 1
2011008460 133 1 19 1
2011008491 133 1 19 1
2011008653 133 1 19 1
2011008867 133 1 19 1
2011009945 133 1 19 0
2011070857 133 1 20 1
2011070997 133 1 20 1
2011071023 133 1 20 1
2011071106 133 1 20 1
2011071189 133 1 20 1
2011071272 133 1 20 1
2011071355 133 1 20 1
2011071438 133 1 20 1
2011071524 133 1 20 1
2011071604 133 1 20 1
2011071687 133 1 20 1
2011071770 133 1 20 1
2011071865 133 1 20 1
2011071936 133 1 20 1
2011072019 133 1 20 1
2011072122 133 1 20 1
2011072185 133 1 20 1
2011072268 133 1 20 1
2011072351 133 1 20 1
2011072477 133 1 20 1
2011072517 133 1 20 1
2011072600 133 1 20 1
2011072683 133 1 20 1
2011072766 133 1 20 1
2011072849 133 1 20 1
2011072932 133 1 20 1
2011077204 82 0 1 1
2011077287 82 0 1 1
2011077370 82 0 1 1
2011077453 82 0 1 1
2011077536 82 0 1 1
2011077619 82 0 1 1
2011077702 82 0 1 1
2011077785 82 0 1 1
2011077868 82 0 1 1
2011077951 82 0 1 1
2011078034 82 0 1 1
2011078117 82 0 1 1
2011078200 82 0 1 1
2011078283 82 0 1 1
2011078366 82 0 1 1
2011078449 82 0 1 1
2011078532 82 0 1 1
2011078615 82 0 1 1
2011078698 82 0 1 1
2011078781 82 0 1 1
2011078943 82 0 1 1
2011078950 82 0 1 1
2011079030 82 0 1 1
2011079113 82 0 1 1
2011079196 82 0 1 1
2011079279 82 0 1 1
2011080101 133 1 20 1
2011080184 133 1 20 1
2011080322 133 1 20 1
2011080350 133 1 20 1
2011080433 133 1 20 1
2011080516 133 1 20 1
2011080658 133 1 20 1
2011080682 133 1 20 1
2011080765 133 1 20 1
2011080848 133 1 20 1
2011080990 133 1 20 1
2011081076 133 1 20 1
2011081097 133 1 20 1
2011081180 133 1 20 1
2011081322 133 1 20 1
2011081346 133 1 20 1
2011081429 133 1 20 1
2011081582 133 1 20 1
2011081595 133 1 20 1
2011081678 133 1 20 1
2011081801 133 1 20 1
2011081844 133 1 20 1
2011081965 133 1 20 1
2011082010 133 1 20 1
2011082093 133 1 20 1
2011082176 133 1 20 1
2011086306 82 0 1 1
2011086389 82 0 1 1
2011086476 82 0 1 1
2011086559 82 0 1 1
2011086646 82 0 1 1
2011086729 82 0 1 1
2011086816 82 0 1 1
2011086899 82 0 1 1
2011087017 82 0 1 1
2011087069 82 0 1 1
2011087156 82 0 1 1
2011087266 82 0 1 1
2011087322 82 0 1 1
2011087436 82 0 1 1
2011087522 82 0 1 1
2011087614 82 0 1 1
2011087654 82 0 1 1
2011087737 82 0 1 1
2011087820 82 0 1 1
2011087903 82 0 1 1
2011087986 82 0 1 1
2011088069 82 0 1 1
2011088152 82 0 1 1
2011088235 82 0 1 1
2011088318 82 0 1 1
2011089262 133 1 20 1
2011089370 133 1 20 1
2011089428 133 1 20 1
2011089511 133 1 20 1
2011089658 133 1 20 1
2011089677 133 1 20 1
2011089760 133 1 20 1
2011089843 133 1 20 1
2011089994 133 1 20 1
2011090009 133 1 20 1
2011090092 133 1 20 1
2011090175 133 1 20 1
2011090334 133 1 20 1
2011090341 133 1 20 1
2011090424 133 1 20 1
2011090507 133 1 20 1
2011090670 133 1 20 1
2011090673 133 1 20 1
2011090756 133 1 20 1
2011090839 133 1 20 1
2011090922 133 1 20 1
2011091008 133 1 20 1
2011091088 133 1 20 1
2011091171 133 1 20 1
2011091258 133 1 20 1
2011091344 133 1 20 1
2011095404 82 0 1 1
2011095487 82 0 1 1
2011095570 82 0 1 1
2011095653 82 0 1 1
2011095736 82 0 1 1
2011095819 82 0 1 1
2011095902 82 0 1 1
2011095985 82 0 1 1
2011096068 82 0 1 1
2011096151 82 0 1 1
2011096234 82 0 1 1
2011096317 82 0 1 1
2011096400 82 0 1 1
2011096483 82 0 1 1
2011096566 82 0 1 1
2011096649 82 0 1 1
2011096732 82 0 1 1
2011096815 82 0 1 1
2011096898 82 0 1 1
2011096981 82 0 1 1
2011097064 82 0 1 1
2011097147 82 0 1 1
2011097230 82 0 1 1
2011097313 82 0 1 1
2011097396 82 0 1 1
2011097479 82 0 1 1
2011099426 133 1 20 1
2011099532 133 1 20 0
2011099535 133 1 20 1
2011099592 133 1 20 1
2011099675 133 1 20 1
2011099834 133 1 20 1
2011099841 133 1 20 1
2011099924 133 1 20 1
2011100007 133 1 20 1
2011100121 133 1 20 1
2011100243 133 1 20 1
2011100256 133 1 20 1
2011100339 133 1 20 1
2011100422 133 1 20 1
2011100505 133 1 20 1
2011100627 133 1 20 1
2011100713 133 1 20 1
2011100754 133 1 20 1
2011100837 133 1 20 1
2011100920 133 1 20 1
2011101077 133 1 20 1
2011101163 133 1 20 1
2011101169 133 1 20 1
2011101252 133 1 20 1
2011101335 133 1 20 1
2011101496 133 1 20 1
2011101582 133 1 20 1
2011101618 133 1 20 1
2011104592 82 0 1 1
2011104648 82 0 1 1
2011104758 82 0 1 1
2011104814 82 0 1 1
2011104928 82 0 1 1
2011105015 82 0 1 1
2011105063 82 0 1 1
2011105181 82 0 1 1
2011105242 82 0 1 1
2011105320 82 0 1 1
2011105434 82 0 1 1
2011105520 82 0 1 1
2011105581 82 0 1 1
2011105623 133 1 20 0
2011105687 82 0 1 1
2011105755 82 0 1 1
2011105865 82 0 1 1
2011105925 82 0 1 1
2011106072 82 0 1 1
2011106095 82 0 1 1
2011106265 82 0 1 1
2011106269 82 0 1 1
2011106435 82 0 1 1
2011106439 82 0 1 1
2011106601 82 0 1 1
2011106604 82 0 1 1
2011108559 133 1 20 1
2011108646 133 1 20 1
2011108729 133 1 20 1
2011108866 133 1 20 1
2011108952 133 1 20 1
2011108986 133 1 20 1
2011109069 133 1 20 1
2011109202 133 1 20 1
2011109243 133 1 20 1
2011109283 82 0 1 0
2011109326 133 1 20 1
2011109413 133 1 20 1
2011109535 133 1 20 1
2011109621 133 1 20 1
2011109674 133 1 20 1
2011109761 133 1 20 1
2011109882 133 1 20 1
2011109968 133 1 20 1
2011110022 133 1 20 1
2011110109 133 1 20 1
2011110196 133 1 20 1
2011110302 133 1 20 1
2011110366 133 1 20 1
2011110468 133 1 20 1
2011110558 133 1 20 1
2011110623 133 1 20 1
2011112913 82 0 1 1
2011112996 82 0 1 1
2011114027 133 1 20 0
2011114281 82 0 1 1
2011114612 82 0 1 1
2011114744 82 0 1 1
2011115491 82 0 1 0
2011116853 129 1 20 1
2011116953 129 1 20 1
2011117026 133 1 20 1
2011117031 129 1 20 1
2011117119 129 1 20 1
2011117161 133 1 20 0
2011117164 133 1 20 1
2011117192 133 1 20 1
2011117205 129 1 20 1
2011117296 129 1 20 1
2011117338 133 1 20 1
2011117358 133 1 20 1
2011117395 129 1 20 1
2011117441 133 1 20 1
2011117481 129 1 20 1
2011117524 133 1 20 1
2011117567 129 1 20 1
2011117653 129 1 20 1
2011117678 133 1 20 1
2011117690 133 1 20 1
2011117723 129 1 20 1
2011117853 133 1 20 1
2011117856 133 1 20 1
2011117874 129 1 20 1
2011117964 129 1 20 1
2011118014 133 1 20 1
2011118026 133 1 20 1
2011118050 129 1 20 1
2011118113 133 1 20 1
2011118140 129 1 20 1
2011118158 129 1 20 1
2011118245 129 1 20 1
2011118276 133 1 20 1
2011118332 129 1 20 1
2011118362 133 1 20 1
2011118370 133 1 20 1
2011118419 129 1 20 1
2011118457 133 1 20 1
2011118544 133 1 20 1
2011118548 129 1 20 1
2011118631 133 1 20 1
2011118638 129 1 20 1
2011118672 129 1 20 1
2011118766 133 1 20 1
2011118807 129 1 20 1
2011118856 133 1 20 1
2011118880 133 1 20 1
2011118894 129 1 20 1
2011118985 129 1 20 1
2011119026 133 1 20 1
2011119046 133 1 20 1
2011119247 133 1 20 1
2011121168 133 1 20 0
2011124578 89 0 1 1
2011124581 89 0 1 0
2011124661 89 0 1 1
2011124743 89 0 1 0
2011124746 89 0 1 1
2011124827 89 0 1 1
2011124910 89 0 1 1
2011124993 89 0 1 1
2011125076 89 0 1 1
2011125159 89 0 1 1
2011125242 89 0 1 1
2011125246 133 1 20 1
2011125269 133 1 20 0
2011125325 89 0 1 1
2011125329 133 1 20 1
2011125408 89 0 1 1
2011125416 133 1 20 1
2011125491 89 0 1 1
2011125502 133 1 20 1
2011125574 89 0 1 1
2011125578 133 1 20 1
2011125657 89 0 1 1
2011125661 133 1 20 1
2011125740 89 0 1 1
2011125752 133 1 20 1
2011125823 89 0 1 1
2011125838 133 1 20 1
2011125906 89 0 1 1
2011125910 133 1 20 1
2011125989 89 0 1 1
2011125993 133 1 20 1
2011126071 129 1 20 1
2011126072 89 0 1 1
2011126086 133 1 20 1
2011126172 133 1 20 1
2011126222 129 1 20 1
2011126239 89 0 1 1
2011126242 133 1 20 1
2011126245 129 1 20 1
2011126325 133 1 20 1
2011126340 129 1 20 1
2011126406 89 0 1 1
2011126422 133 1 20 1
2011126471 129 1 20 1
2011126491 133 1 20 1
2011126557 129 1 20 1
2011126573 89 0 1 1
2011126574 133 1 20 1
2011126643 129 1 20 1
2011126685 133 1 20 1
2011126729 129 1 20 1
2011126740 89 0 1 1
2011126740 133 1 20 1
2011126815 129 1 20 1
2011126865 133 1 20 1
2011126901 129 1 20 1
2011126906 133 1 20 1
2011126987 129 1 20 1
2011126989 133 1 20 1
2011127073 129 1 20 1
2011127104 133 1 20 1
2011127159 129 1 20 1
2011127190 133 1 20 1
2011127238 133 1 20 1
2011127245 129 1 20 1
2011127321 133 1 20 1
2011127352 129 1 20 1
2011127434 133 1 20 1
2011127438 129 1 20 1
2011127524 129 1 20 1
2011127633 129 1 20 1
2011127649 129 1 20 1
2011127736 129 1 20 1
2011127823 129 1 20 1
2011127965 129 1 20 1
2011127997 129 1 20 1
2011128131 129 1 20 1
2011129706 133 1 20 0
2011133506 133 1 20 1
2011133510 133 1 20 0
2011133535 133 1 20 1
2011133618 133 1 20 1
2011133734 133 1 20 1
2011133846 133 1 20 1
2011133867 133 1 20 1
2011133950 133 1 20 1
2011134033 133 1 20 1
2011134153 133 1 20 1
2011134239 133 1 20 1
2011134282 133 1 20 1
2011134365 133 1 20 1
2011134526 133 1 20 1
2011134612 133 1 20 1
2011134615 133 1 20 1
2011134697 133 1 20 1
2011134780 133 1 20 1
2011134866 133 1 20 1
2011134906 89 0 1 1
2011134952 133 1 20 1
2011134986 89 0 1 0
2011134989 89 0 1 1
2011135029 133 1 20 1
2011135071 89 0 1 1
2011135112 133 1 20 1
2011135154 89 0 1 1
2011135206 133 1 20 1
2011135237 89 0 1 1
2011135269 129 1 20 1
2011135282 129 1 20 1
2011135292 133 1 20 1
2011135320 89 0 1 1
2011135361 133 1 20 1
2011135365 129 1 20 1
2011135365 89 0 1 1
2011135444 133 1 20 1
2011135518 129 1 20 1
2011135535 129 1 20 1
2011135546 133 1 20 1
2011135622 129 1 20 1
2011135659 133 1 20 1
2011135767 129 1 20 1
2011135792 129 1 20 1
2011135824 89 0 1 1
2011135894 129 1 20 1
2011135962 129 1 20 1
2011135982 89 0 1 0
2011136049 129 1 20 1
2011136136 129 1 20 1
2011136219 129 1 20 1
2011136348 129 1 20 1
2011136389 129 1 20 1
2011136514 129 1 20 1
2011136559 129 1 20 1
2011136642 129 1 20 1
2011136763 129 1 20 1
2011136849 129 1 20 1
2011136907 129 1 20 1
2011137012 129 1 20 1
2011137077 129 1 20 1
2011137164 129 1 20 1
2011137261 129 1 20 1
2011137338 129 1 20 1
2011138800 133 1 20 0
2011141882 133 1 20 1
2011141920 133 1 20 0
2011142047 133 1 20 1
2011142050 133 1 20 1
2011142136 133 1 20 1
2011142214 133 1 20 1
2011142300 133 1 20 1
2011142380 133 1 20 1
2011142470 133 1 20 1
2011142556 133 1 20 1
2011142629 133 1 20 1
2011142712 133 1 20 1
2011142802 133 1 20 1
2011142888 133 1 20 1
2011142961 133 1 20 1
2011143049 133 1 20 1
2011143127 133 1 20 1
2011143225 133 1 20 1
2011143311 133 1 20 1
2011143397 133 1 20 1
2011143459 133 1 20 1
2011143566 133 1 20 1
2011143652 133 1 20 1
2011143708 133 1 20 1
2011143814 133 1 20 1
2011143900 133 1 20 1
2011143986 133 1 20 1
2011144072 133 1 20 1
2011144158 133 1 20 1
2011144424 129 1 20 1
2011144565 129 1 20 1
2011144598 129 1 20 1
2011144731 129 1 20 1
2011144768 129 1 20 1
2011144863 129 1 20 1
2011145005 129 1 20 1
2011145091 129 1 20 1
2011145120 129 1 20 1
2011145207 129 1 20 1
2011145312 129 1 20 1
2011145377 129 1 20 1
2011145478 129 1 20 1
2011145555 129 1 20 1
2011145644 129 1 20 1
2011145725 129 1 20 1
2011145812 129 1 20 1
2011145976 129 1 20 1
2011146062 129 1 20 1
2011146069 129 1 20 1
2011146156 129 1 20 1
2011146308 129 1 20 1
2011146322 129 1 20 1
2011146416 129 1 20 1
2011146557 129 1 20 1
2011148123 133 1 20 0
2011151396 133 1 20 1
2011151487 133 1 20 0
2011151490 133 1 20 1
2011151576 133 1 20 1
2011151662 133 1 20 1
2011151748 133 1 20 1
2011151834 133 1 20 1
2011151920 133 1 20 1
2011152006 133 1 20 1
2011152092 133 1 20 1
2011152118 133 1 20 1
2011152201 133 1 20 1
2011152329 133 1 20 1
2011152446 133 1 20 1
2011152532 133 1 20 1
2011152535 133 1 20 1
2011152621 133 1 20 1
2011152707 133 1 20 1
2011152793 133 1 20 1
2011152879 133 1 20 1
2011153001 133 1 20 1
2011153087 133 1 20 1
2011153173 133 1 20 1
2011153259 133 1 20 1
2011153345 133 1 20 1
2011153431 133 1 20 1
2011153517 133 1 20 1
2011153573 133 1 20 1
2011153643 129 1 20 1
2011153649 129 1 20 1
2011153732 129 1 20 1
2011153861 129 1 20 1
2011153985 129 1 20 1
2011153989 129 1 20 1
2011154076 129 1 20 1
2011154163 129 1 20 1
2011154246 129 1 20 1
2011154359 129 1 20 1
2011154420 129 1 20 1
2011154503 129 1 20 1
2011154598 129 1 20 1
2011154681 129 1 20 1
2011154774 129 1 20 1
2011154855 129 1 20 1
2011154942 129 1 20 1
2011155025 129 1 20 1
2011155120 129 1 20 1
2011155272 129 1 20 1
2011155294 129 1 20 1
2011155377 129 1 20 1
2011155460 129 1 20 1
2011155543 129 1 20 1
2011155687 129 1 20 1
2011155713 129 1 20 1
2011157543 133 1 20 0
2011160824 133 1 20 1
2011160911 133 1 20 1
2011160997 133 1 20 1
2011161040 133 1 20 1
2011161164 133 1 20 1
2011161251 133 1 20 1
2011161337 133 1 20 1
2011161423 133 1 20 1
2011161455 133 1 20 1
2011161547 133 1 20 1
2011161633 133 1 20 1
2011161765 133 1 20 1
2011161855 133 1 20 1
2011161945 133 1 20 1
2011162031 133 1 20 1
2011162117 133 1 20 1
2011162124 133 1 20 1
2011162210 133 1 20 1
2011162300 133 1 20 1
2011162437 133 1 20 1
2011162527 133 1 20 1
2011162534 133 1 20 1
2011162690 133 1 20 1
2011162776 133 1 20 1
2011162783 133 1 20 1
2011162841 129 1 20 1
2011162869 133 1 20 1
2011162962 129 1 20 1
2011162973 129 1 20 1
2011163068 129 1 20 1
2011163173 129 1 20 1
2011163294 129 1 20 1
2011163325 129 1 20 1
2011163408 129 1 20 1
2011163509 129 1 20 1
2011163626 129 1 20 1
2011163673 129 1 20 1
2011163837 129 1 20 1
2011163851 129 1 20 1
2011163958 129 1 20 1
2011164086 129 1 20 1
2011164120 129 1 20 1
2011164207 129 1 20 1
2011164294 129 1 20 1
2011164418 129 1 20 1
2011164543 129 1 20 1
2011164555 129 1 20 1
2011164642 129 1 20 1
2011164792 129 1 20 1
2011164816 129 1 20 1
2011164899 129 1 20 1
2011171328 133 1 20 1
2011171414 133 1 20 1
2011171504 133 1 20 1
2011171532 133 1 20 1
2011171656 133 1 20 1
2011171743 133 1 20 1
2011171833 133 1 20 1
2011171923 133 1 20 1
2011171985 129 1 20 1
2011172009 133 1 20 1
2011172091 129 1 20 1
2011172095 133 1 20 1
2011172121 133 1 20 1
2011172151 129 1 20 1
2011172234 129 1 20 1
2011172249 133 1 20 1
2011172295 133 1 20 1
2011172321 129 1 20 1
2011172404 129 1 20 1
2011172417 133 1 20 1
2011172491 129 1 20 1
2011172507 133 1 20 1
2011172578 129 1 20 1
2011172593 133 1 20 1
2011172661 129 1 20 1
2011172683 133 1 20 1
2011172748 129 1 20 1
2011172773 133 1 20 1
2011172831 129 1 20 1
2011172859 133 1 20 1
2011172914 129 1 20 1
2011172949 133 1 20 1
2011173001 129 1 20 1
2011173039 133 1 20 1
2011173042 133 1 20 1
2011173084 129 1 20 1
2011173132 133 1 20 1
2011173167 129 1 20 1
2011173222 133 1 20 1
2011173261 129 1 20 1
2011173341 129 1 20 1
2011173352 133 1 20 1
2011173424 129 1 20 1
2011173438 133 1 20 1
2011173511 129 1 20 1
2011173598 129 1 20 1
2011173681 129 1 20 1
2011173764 129 1 20 1
2011173847 129 1 20 1
2011173934 129 1 20 1
2011174021 129 1 20 1
2011176920 133 1 20 0
2011180480 133 1 20 1
2011180483 133 1 20 0
2011180573 133 1 20 1
2011180667 133 1 20 1
2011180753 133 1 20 1
2011180843 133 1 20 1
2011180937 133 1 20 1
2011181023 133 1 20 1
2011181034 133 1 20 1
2011181107 129 1 20 1
2011181160 133 1 20 1
2011181190 129 1 20 1
2011181254 133 1 20 1
2011181339 129 1 20 1
2011181344 133 1 20 1
2011181360 129 1 20 1
2011181390 129 1 20 1
2011181430 133 1 20 1
2011181441 133 1 20 1
2011181505 129 1 20 1
2011181527 133 1 20 1
2011181556 129 1 20 1
2011181621 133 1 20 1
2011181639 129 1 20 1
2011181707 133 1 20 1
2011181726 129 1 20 1
2011181809 129 1 20 1
2011181836 133 1 20 1
2011181892 129 1 20 1
2011181922 133 1 20 1
2011181975 129 1 20 1
2011182012 133 1 20 1
2011182058 129 1 20 1
2011182102 133 1 20 1
2011182113 133 1 20 1
2011182141 129 1 20 1
2011182224 129 1 20 1
2011182255 133 1 20 1
2011182311 129 1 20 1
2011182349 133 1 20 1
2011182394 129 1 20 1
2011182435 133 1 20 1
2011182438 133 1 20 1
2011182485 129 1 20 1
2011182532 133 1 20 1
2011182568 129 1 20 1
2011182626 133 1 20 1
2011182651 129 1 20 1
2011182734 129 1 20 1
2011182817 129 1 20 1
2011182904 129 1 20 1
2011182987 129 1 20 1
2011183070 129 1 20 1
2011183157 129 1 20 1
2011189784 133 1 20 1
2011189795 133 1 20 1
2011189885 133 1 20 1
2011189971 133 1 20 1
2011190061 133 1 20 1
2011190155 133 1 20 1
2011190241 133 1 20 1
2011190243 129 1 20 1
2011190326 129 1 20 1
2011190331 133 1 20 1
2011190409 129 1 20 1
2011190421 133 1 20 1
2011190496 129 1 20 1
2011190511 133 1 20 1
2011190579 129 1 20 1
2011190597 133 1 20 1
2011190666 129 1 20 1
2011190695 133 1 20 1
2011190749 129 1 20 1
2011190781 133 1 20 1
2011190832 129 1 20 1
2011190871 133 1 20 1
2011190878 133 1 20 1
2011190915 129 1 20 1
2011190968 133 1 20 1
2011190998 129 1 20 1
2011191058 133 1 20 1
2011191143 129 1 20 1
2011191168 129 1 20 1
2011191176 133 1 20 1
2011191251 129 1 20 1
2011191270 133 1 20 1
2011191334 129 1 20 1
2011191356 133 1 20 1
2011191417 129 1 20 1
2011191450 133 1 20 1
2011191457 133 1 20 1
2011191500 129 1 20 1
2011191551 133 1 20 1
2011191566 129 1 20 1
2011191637 133 1 20 1
2011191649 129 1 20 1
2011191727 133 1 20 1
2011191732 129 1 20 1
2011191815 129 1 20 1
2011191821 133 1 20 1
2011191898 129 1 20 1
2011191981 129 1 20 1
2011192064 129 1 20 1
2011192147 129 1 20 1
2011192236 129 1 20 1
2011194325 133 1 20 0
2011196706 133 1 20 1
2011196792 133 1 20 1
2011196882 133 1 20 1
2011196976 133 1 20 1
2011197066 133 1 20 1
2011197156 133 1 20 1
2011197167 133 1 20 1
2011197257 133 1 20 1
2011197347 133 1 20 1
2011197437 133 1 20 1
2011197527 133 1 20 1
2011197621 133 1 20 1
2011197707 133 1 20 1
2011197805 133 1 20 1
2011197895 133 1 20 1
2011197985 133 1 20 1
2011197996 133 1 20 1
2011198090 133 1 20 1
2011198180 133 1 20 1
2011198274 133 1 20 1
2011198372 133 1 20 1
2011198462 133 1 20 1
2011198556 133 1 20 1
2011198646 133 1 20 1
2011198661 133 1 20 1
2011198751 133 1 20 1
2011205867 133 1 20 1
2011205957 133 1 20 1
2011205960 133 1 20 0
2011206050 133 1 20 1
2011206053 133 1 20 0
2011206147 133 1 20 1
2011206241 133 1 20 1
2011206331 133 1 20 1
2011206338 133 1 20 1
2011206432 133 1 20 1
2011206526 133 1 20 1
2011206624 133 1 20 1
2011206718 133 1 20 1
2011206804 133 1 20 1
2011206902 133 1 20 1
2011206917 133 1 20 1
2011207003 133 1 20 1
2011207097 133 1 20 1
2011207191 133 1 20 1
2011207281 133 1 20 1
2011207371 133 1 20 1
2011207465 133 1 20 1
2011207559 133 1 20 1
2011207653 133 1 20 1
2011207743 133 1 20 1
2011207750 133 1 20 1
2011207873 133 1 20 1
2011207959 133 1 20 1
2011208049 133 1 20 1
2011208139 133 1 20 1
2011208229 133 1 20 1
2011215361 133 1 20 1
2011215447 133 1 20 1
2011215537 133 1 20 1
2011215627 133 1 20 1
2011215713 133 1 20 1
2011215807 133 1 20 1
2011215893 133 1 20 1
2011215896 133 1 20 1
2011215982 133 1 20 1
2011216072 133 1 20 1
2011216166 133 1 20 1
2011216256 133 1 20 1
2011216350 133 1 20 1
2011216440 133 1 20 1
2011216530 133 1 20 1
2011216620 133 1 20 1
2011216710 133 1 20 1
2011216804 133 1 20 1
2011216815 133 1 20 1
2011216901 133 1 20 1
2011216991 133 1 20 1
2011217085 133 1 20 1
2011217179 133 1 20 1
2011217269 133 1 20 1
2011217359 133 1 20 1
2011217453 133 1 20 1
2011224547 133 1 20 1
2011224637 133 1 20 1
2011224731 133 1 20 1
2011224821 133 1 20 1
2011224907 133 1 20 1
2011224997 133 1 20 1
2011225087 133 1 20 1
2011225177 133 1 20 1
2011225263 133 1 20 1
2011225353 133 1 20 1
2011225443 133 1 20 1
2011225529 133 1 20 1
2011225536 133 1 20 1
2011225622 133 1 20 1
2011225712 133 1 20 1
2011225802 133 1 20 1
2011225888 133 1 20 1
2011225978 133 1 20 1
2011226064 133 1 20 1
2011226150 133 1 20 1
2011226244 133 1 20 1
2011226330 133 1 20 1
2011226416 133 1 20 1
2011226502 133 1 20 1
2011226592 133 1 20 1
2011226678 133 1 20 1
2011233910 133 1 20 1
2011234000 133 1 20 1
2011234086 133 1 20 1
2011234172 133 1 20 1
2011234258 133 1 20 1
2011234265 133 1 20 1
2011234351 133 1 20 1
2011234437 133 1 20 1
2011234523 133 1 20 1
2011234613 133 1 20 1
2011234699 133 1 20 1
2011234789 133 1 20 1
2011234879 133 1 20 1
2011234969 133 1 20 1
2011235055 133 1 20 1
2011235141 133 1 20 1
2011235231 133 1 20 1
2011235317 133 1 20 1
2011235403 133 1 20 1
2011235493 133 1 20 1
2011235579 133 1 20 1
2011235665 133 1 20 1
2011235751 133 1 20 1
2011235758 133 1 20 1
2011235844 133 1 20 1
2011235930 133 1 20 1
2011243762 133 1 20 1
2011243765 133 1 20 1
2011243851 133 1 20 1
2011243937 133 1 20 1
2011244027 133 1 20 1
2011244113 133 1 20 1
2011244199 133 1 20 1
2011244285 133 1 20 1
2011244371 133 1 20 1
2011244461 133 1 20 1
2011244547 133 1 20 1
2011244633 133 1 20 1
2011244723 133 1 20 1
2011244809 133 1 20 1
2011244895 133 1 20 1
2011244981 133 1 20 1
2011245067 133 1 20 1
2011245153 133 1 20 1
2011245239 133 1 20 1
2011245325 133 1 20 1
2011245411 133 1 20 1
2011245497 133 1 20 1
2011245583 133 1 20 1
2011245669 133 1 20 1
2011245755 133 1 20 1
2011245841 133 1 20 1
2011246176 133 1 20 0
2011250380 133 1 20 1
2011250466 133 1 20 0
2011250469 133 1 20 1
2011250472 133 1 20 0
2011250562 133 1 20 1
2011250565 133 1 20 0
2011250651 133 1 20 1
2011250654 133 1 20 0
2011250669 133 1 20 1
2011250732 133 1 20 0
2011250827 133 1 20 1
2011250830 133 1 20 0
2011250916 133 1 20 1
2011250919 133 1 20 0
2011250922 133 1 20 1
2011251008 133 1 20 0
2011251011 133 1 20 1
2011251097 133 1 20 0
2011251100 133 1 20 1
2011251186 133 1 20 0
2011251189 133 1 20 1
2011251275 133 1 20 0
2011251278 133 1 20 1
2011251364 133 1 20 0
2011251367 133 1 20 1
2011251453 133 1 20 1
2011251539 133 1 20 1
2011251582 133 1 20 1
2011251719 133 1 20 1
2011251805 133 1 20 1
2011251893 133 1 20 1
2011251979 133 1 20 1
2011251997 133 1 20 1
2011252123 133 1 20 1
2011252209 133 1 20 1
2011252295 133 1 20 1
2011252381 133 1 20 1
2011252480 133 1 20 1
2011252566 133 1 20 1
2011252652 133 1 20 1
2011252738 133 1 20 1
2011252899 133 1 20 1
2011252902 133 1 20 1
2011252988 133 1 20 1
2011253157 133 1 20 1
2011253243 133 1 20 1
2011253246 133 1 20 0
2011253272 133 1 20 1
2011253282 133 1 20 0
2011253368 133 1 20 1
2011253371 133 1 20 0
2011256439 133 1 20 1
2011256525 133 1 20 1
2011256577 133 1 20 1
2011256678 133 1 20 1
2011256764 133 1 20 1
2011256850 133 1 20 1
2011256936 133 1 20 1
2011256992 133 1 20 1
2011257093 133 1 20 1
2011257179 133 1 20 1
2011257265 133 1 20 1
2011257351 133 1 20 1
2011257441 133 1 20 1
2011257490 133 1 20 1
2011257608 133 1 20 1
2011257694 133 1 20 1
2011257780 133 1 20 1
2011257866 133 1 20 1
2011257961 133 1 20 1
2011258047 133 1 20 1
2011258133 133 1 20 1
2011258219 133 1 20 1
2011258237 133 1 20 1
2011258382 133 1 20 1
2011258468 133 1 20 1
2011258554 133 1 20 1
2011258896 133 1 20 0
2011265240 133 1 20 1
2011265243 133 1 20 0
2011265319 133 1 20 1
2011265326 133 1 20 0
2011265412 133 1 20 1
2011265415 133 1 20 0
2011265501 133 1 20 1
2011265504 133 1 20 0
2011265590 133 1 20 1
2011265593 133 1 20 0
2011265679 133 1 20 1
2011265682 133 1 20 0
2011265734 133 1 20 1
2011265745 133 1 20 0
2011265878 133 1 20 1
2011265881 133 1 20 0
2011265967 133 1 20 1
2011265970 133 1 20 0
2011266056 133 1 20 1
2011266066 133 1 20 1
2011266149 133 1 20 1
2011266268 133 1 20 1
2011266354 133 1 20 1
2011266440 133 1 20 1
2011266481 133 1 20 1
2011266612 133 1 20 1
2011266712 133 1 20 1
2011266798 133 1 20 1
2011266813 133 1 20 1
2011266960 133 1 20 1
2011266979 133 1 20 1
2011267127 133 1 20 1
2011267225 133 1 20 1
2011267311 133 1 20 1
2011267315 133 1 20 1
2011267478 133 1 20 1
2011267564 133 1 20 1
2011267650 133 1 20 1
2011267663 133 1 20 1
2011267818 133 1 20 1
2011267837 133 1 20 1
2011267957 133 1 20 1
2011268043 133 1 20 1
2011268170 133 1 20 1
2011270190 133 1 20 0
2011274098 133 1 20 1
2011274184 133 1 20 1
2011274187 133 1 20 1
2011274268 133 1 20 1
2011274355 133 1 20 1
2011274516 133 1 20 1
2011274519 133 1 20 1
2011274605 133 1 20 1
2011274703 133 1 20 1
2011274766 133 1 20 1
2011274873 133 1 20 1
2011274980 133 1 20 1
2011275066 133 1 20 1
2011275098 133 1 20 1
2011275181 133 1 20 1
2011275304 133 1 20 1
2011275390 133 1 20 1
2011275478 133 1 20 1
2011275513 133 1 20 1
2011275648 133 1 20 1
2011275734 133 1 20 1
2011275822 133 1 20 1
2011275845 133 1 20 1
2011275928 133 1 20 1
2011276083 133 1 20 1
2011276169 133 1 20 1
2011276177 133 1 20 1
2011276669 133 1 20 0
2011283105 133 1 20 1
2011283174 133 1 20 1
2011283268 133 1 20 1
2011283340 133 1 20 1
2011283442 133 1 20 1
2011283506 133 1 20 1
2011283601 133 1 20 1
2011283687 133 1 20 1
2011283755 133 1 20 1
2011283877 133 1 20 1
2011283963 133 1 20 1
2011284049 133 1 20 1
2011284087 133 1 20 1
2011284170 133 1 20 1
2011284304 133 1 20 1
2011284390 133 1 20 1
2011284419 133 1 20 1
2011284502 133 1 20 1
2011284585 133 1 20 1
2011284725 133 1 20 1
2011284751 133 1 20 1
2011284834 133 1 20 1
2011284996 133 1 20 1
2011285000 133 1 20 1
2011285130 133 1 20 1
2011285216 133 1 20 1
2011286985 133 1 20 0
2011709134 133 1 20 1
2011709188 133 1 20 0
2011709300 133 1 20 1
2011709384 133 1 20 1
2011709466 133 1 20 1
2011709549 133 1 20 1
2011709632 133 1 20 1
2011709715 133 1 20 1
2011709798 133 1 20 1
2011709890 133 1 20 1
2011709964 133 1 20 1
2011710060 133 1 20 1
2011710130 133 1 20 1
2011710213 133 1 20 1
2011710313 133 1 20 1
2011710399 133 1 20 1
2011710489 133 1 20 1
2011710575 133 1 20 1
2011710670 133 1 20 1
2011710756 133 1 20 1
2011710842 133 1 20 1
2011710928 133 1 20 1
2011711014 133 1 20 1
2011711104 133 1 20 1
2011711190 133 1 20 1
2011711276 133 1 20 1
2011711362 133 1 20 1
2011711448 133 1 20 1
2011712692 133 1 20 0
2011717807 135 1 20 1
2011717810 135 1 20 0
2011717871 133 1 20 1
2011717874 133 1 20 0
2011717896 135 1 20 1
2011718065 135 1 20 1
2011718120 133 1 20 1
2011718189 133 1 20 0
2011718244 135 1 20 1
2011718286 133 1 20 1
2011718289 133 1 20 0
2011718413 135 1 20 1
2011718535 133 1 20 1
2011718540 135 1 20 1
2011718612 133 1 20 0
2011718621 133 1 20 1
2011718624 133 1 20 0
2011718701 133 1 20 1
2011718704 133 1 20 0
2011718709 135 1 20 1
2011718784 133 1 20 1
2011718867 133 1 20 1
2011718878 135 1 20 1
2011718950 133 1 20 1
2011718953 133 1 20 0
2011719033 133 1 20 1
2011719047 135 1 20 1
2011719116 133 1 20 1
2011719122 133 1 20 0
2011719199 133 1 20 1
2011719216 135 1 20 1
2011719282 133 1 20 1
2011719365 133 1 20 1
2011719385 135 1 20 1
2011719448 133 1 20 1
2011719531 133 1 20 1
2011719554 135 1 20 1
2011719614 133 1 20 1
2011719697 133 1 20 1
2011719723 135 1 20 1
2011719780 133 1 20 1
2011719863 133 1 20 1
2011719892 135 1 20 1
2011719946 133 1 20 1
2011720029 133 1 20 1
2011720112 133 1 20 1
2011720195 133 1 20 1
2011720278 133 1 20 1
2011720361 133 1 20 1
2011720444 133 1 20 1
2011720527 133 1 20 1
2011720610 133 1 20 1
2011720698 133 1 20 1
2011720781 133 1 20 1
2011720857 133 1 20 0
2011720864 133 1 20 1
2011721013 133 1 20 0
2011721039 133 1 20 1
2011721107 133 1 20 0
2011726978 135 1 20 1
2011727077 135 1 20 1
2011727168 135 1 20 1
2011727255 135 1 20 1
2011727346 135 1 20 1
2011727437 135 1 20 1
2011727532 135 1 20 1
2011727653 135 1 20 1
2011727703 133 1 20 1
2011727706 133 1 20 0
2011727714 135 1 20 1
2011727786 133 1 20 1
2011727789 133 1 20 0
2011727801 135 1 20 1
2011727869 133 1 20 1
2011727892 135 1 20 1
2011727952 133 1 20 1
2011727991 135 1 20 1
2011728035 133 1 20 1
2011728082 135 1 20 1
2011728118 133 1 20 1
2011728173 135 1 20 1
2011728201 133 1 20 1
2011728284 133 1 20 1
2011728329 135 1 20 1
2011728351 135 1 20 1
2011728367 133 1 20 1
2011728446 135 1 20 1
2011728450 133 1 20 1
2011728533 133 1 20 1
2011728533 135 1 20 1
2011728616 133 1 20 1
2011728628 135 1 20 1
2011728699 133 1 20 1
2011728719 135 1 20 1
2011728782 133 1 20 1
2011728814 135 1 20 1
2011728865 133 1 20 1
2011728909 135 1 20 1
2011728948 133 1 20 1
2011729000 135 1 20 1
2011729031 133 1 20 1
2011729114 133 1 20 1
2011729160 133 1 20 1
2011729243 133 1 20 1
2011729326 133 1 20 1
2011729409 133 1 20 1
2011729492 133 1 20 1
2011729575 133 1 20 1
2011729658 133 1 20 1
2011729741 133 1 20 1
2011729824 133 1 20 1
2011729907 133 1 20 1
2011732604 133 1 20 0
2011736093 135 1 20 1
2011736173 135 1 20 1
2011736260 135 1 20 1
2011736351 135 1 20 1
2011736434 135 1 20 1
2011736539 135 1 20 1
2011736608 135 1 20 1
2011736769 135 1 20 1
2011736790 135 1 20 1
2011736881 135 1 20 1
2011737026 135 1 20 1
2011737055 135 1 20 1
2011737117 133 1 20 1
2011737142 135 1 20 1
2011737200 133 1 20 1
2011737233 135 1 20 1
2011737257 133 1 20 0
2011737283 133 1 20 1
2011737320 135 1 20 1
2011737366 133 1 20 1
2011737451 133 1 20 1
2011737457 135 1 20 1
2011737498 135 1 20 1
2011737532 133 1 20 1
2011737585 135 1 20 1
2011737615 133 1 20 1
2011737698 133 1 20 1
2011737710 135 1 20 1
2011737763 135 1 20 1
2011737781 133 1 20 1
2011737850 135 1 20 1
2011737864 133 1 20 1
2011737937 135 1 20 1
2011737947 133 1 20 1
2011738030 133 1 20 1
2011738054 135 1 20 1
2011738111 135 1 20 1
2011738113 133 1 20 1
2011738196 133 1 20 1
2011738279 133 1 20 1
2011738362 133 1 20 1
2011738425 133 1 20 1
2011738508 133 1 20 1
2011738591 133 1 20 1
2011738674 133 1 20 1
2011738757 133 1 20 1
2011738840 133 1 20 1
2011738923 133 1 20 1
2011739006 133 1 20 1
2011739089 133 1 20 1
2011739172 133 1 20 1
2011739343 133 1 20 1
2011740963 133 1 20 0
2011744986 133 1 20 1
2011745069 133 1 20 1
2011745126 133 1 20 0
2011745152 133 1 20 1
2011745235 133 1 20 1
2011745239 135 1 20 1
2011745284 135 1 20 1
2011745322 133 1 20 1
2011745371 135 1 20 1
2011745405 133 1 20 1
2011745488 133 1 20 1
2011745517 135 1 20 1
2011745545 135 1 20 1
2011745571 133 1 20 1
2011745654 133 1 20 1
2011745687 135 1 20 1
2011745715 135 1 20 1
2011745741 133 1 20 1
2011745798 135 1 20 1
2011745824 133 1 20 1
2011745885 135 1 20 1
2011745907 133 1 20 1
2011745990 133 1 20 1
2011746023 135 1 20 1
2011746051 135 1 20 1
2011746073 133 1 20 1
2011746160 133 1 20 1
2011746189 135 1 20 1
2011746243 133 1 20 1
2011746276 135 1 20 1
2011746308 135 1 20 1
2011746326 133 1 20 1
2011746409 133 1 20 1
2011746442 135 1 20 1
2011746478 135 1 20 1
2011746492 133 1 20 1
2011746566 135 1 20 1
2011746579 133 1 20 1
2011746648 135 1 20 1
2011746662 133 1 20 1
2011746735 135 1 20 1
2011746745 133 1 20 1
2011746821 135 1 20 1
2011746832 133 1 20 1
2011746905 135 1 20 1
2011746915 133 1 20 1
2011746988 135 1 20 1
2011746998 133 1 20 1
2011747071 135 1 20 1
2011747212 133 1 20 1
2011747234 135 1 20 1
2011747241 135 1 20 1
2011749114 133 1 20 0
2011752295 133 1 20 1
2011752333 133 1 20 0
2011752378 133 1 20 1
2011752461 133 1 20 1
2011752544 133 1 20 1
2011752631 133 1 20 1
2011752714 133 1 20 1
2011752797 133 1 20 1
2011752880 133 1 20 1
2011752963 133 1 20 1
2011753050 133 1 20 1
2011753133 133 1 20 1
2011753216 133 1 20 1
2011753299 133 1 20 1
2011753382 133 1 20 1
2011753465 133 1 20 1
2011753552 133 1 20 1
2011753635 133 1 20 1
2011753718 133 1 20 1
2011753801 133 1 20 1
2011753884 133 1 20 1
2011753971 133 1 20 1
2011754054 133 1 20 1
2011754137 133 1 20 1
2011754220 133 1 20 1
2011754303 133 1 20 1
2011754327 135 1 20 1
2011754418 135 1 20 1
2011754419 133 1 20 1
2011754505 135 1 20 1
2011754592 135 1 20 1
2011754679 135 1 20 1
2011754766 135 1 20 1
2011754853 135 1 20 1
2011754940 135 1 20 1
2011755027 135 1 20 1
2011755114 135 1 20 1
2011755201 135 1 20 1
2011755292 135 1 20 1
2011755379 135 1 20 1
2011755466 135 1 20 1
2011755553 135 1 20 1
2011755640 135 1 20 1
2011755727 135 1 20 1
2011755810 135 1 20 1
2011755897 135 1 20 1
2011755984 135 1 20 1
2011756067 135 1 20 1
2011756154 135 1 20 1
2011756241 135 1 20 1
2011756324 135 1 20 1
2011756411 135 1 20 1
2011758503 133 1 20 0
2011762000 133 1 20 1
2011762058 133 1 20 0
2011762083 133 1 20 1
2011762166 133 1 20 1
2011762249 133 1 20 1
2011762332 133 1 20 1
2011762415 133 1 20 1
2011762498 133 1 20 1
2011762581 133 1 20 1
2011762664 133 1 20 1
2011762747 133 1 20 1
2011762830 133 1 20 1
2011762913 133 1 20 1
2011762996 133 1 20 1
2011763079 133 1 20 1
2011763162 133 1 20 1
2011763245 133 1 20 1
2011763328 133 1 20 1
2011763411 133 1 20 1
2011763494 133 1 20 1
2011763577 133 1 20 1
2011763584 135 1 20 1
2011763660 133 1 20 1
2011763671 135 1 20 1
2011763743 133 1 20 1
2011763758 135 1 20 1
2011763826 133 1 20 1
2011763845 135 1 20 1
2011763909 133 1 20 1
2011763932 135 1 20 1
2011763992 133 1 20 1
2011764023 135 1 20 1
2011764075 133 1 20 1
2011764110 135 1 20 1
2011764158 133 1 20 1
2011764197 135 1 20 1
2011764284 135 1 20 1
2011764371 135 1 20 1
2011764458 135 1 20 1
2011764545 135 1 20 1
2011764632 135 1 20 1
2011764719 135 1 20 1
2011764806 135 1 20 1
2011764889 135 1 20 1
2011764972 135 1 20 1
2011765059 135 1 20 1
2011765146 135 1 20 1
2011765233 135 1 20 1
2011765325 135 1 20 1
2011765407 135 1 20 1
2011765494 135 1 20 1
2011765581 135 1 20 1
2011765668 135 1 20 1
2011768444 135 1 20 0
2011768789 133 1 20 0
2011771945 135 1 20 1
2011772032 135 1 20 1
2011772116 135 1 20 1
2011772203 135 1 20 1
2011772290 135 1 20 1
2011772377 135 1 20 1
2011772464 135 1 20 1
2011772551 135 1 20 1
2011772638 135 1 20 1
2011772725 135 1 20 1
2011772812 135 1 20 1
2011772899 135 1 20 1
2011772986 135 1 20 1
2011773073 135 1 20 1
2011773160 135 1 20 1
2011773247 135 1 20 1
2011773334 135 1 20 1
2011773421 135 1 20 1
2011773508 135 1 20 1
2011773595 135 1 20 1
2011773682 135 1 20 1
2011773769 135 1 20 1
2011773856 135 1 20 1
2011773943 135 1 20 1
2011774033 135 1 20 1
2011774626 133 1 20 1
2011774717 133 1 20 1
2011774800 133 1 20 1
2011774887 133 1 20 1
2011774970 133 1 20 1
2011775053 133 1 20 1
2011775144 133 1 20 1
2011775227 133 1 20 1
2011775318 133 1 20 1
2011775401 133 1 20 1
2011775488 133 1 20 1
2011775571 133 1 20 1
2011775662 133 1 20 1
2011775749 133 1 20 1
2011775840 133 1 20 1
2011775923 133 1 20 1
2011776006 133 1 20 1
2011776097 133 1 20 1
2011776184 133 1 20 1
2011776267 133 1 20 1
2011776350 133 1 20 1
2011776433 133 1 20 1
2011776516 133 1 20 1
2011776599 133 1 20 1
2011776682 133 1 20 1
2011777508 135 1 20 0
2011778679 133 1 20 0
2011779193 89 0 1 1
2011779395 89 0 1 1
2011779597 89 0 1 1
2011779799 89 0 1 1
2011780001 89 0 1 1
2011780203 89 0 1 1
2011780405 89 0 1 1
2011780607 89 0 1 1
2011780809 89 0 1 1
2011781011 89 0 1 1
2011781073 135 1 20 1
2011781082 135 1 20 0
2011781213 89 0 1 1
2011781230 135 1 20 1
2011781243 135 1 20 1
2011781408 135 1 20 1
2011781417 135 1 20 1
2011781586 135 1 20 1
2011781593 135 1 20 1
2011781678 135 1 20 1
2011781772 135 1 20 1
2011781888 135 1 20 1
2011781939 135 1 20 1
2011782006 89 0 1 0
2011782026 135 1 20 1
2011782109 135 1 20 1
2011782196 135 1 20 1
2011782283 135 1 20 1
2011782366 135 1 20 1
2011782453 135 1 20 1
2011782508 133 1 20 1
2011782540 135 1 20 1
2011782548 133 1 20 0
2011782591 133 1 20 1
2011782623 135 1 20 1
2011782674 133 1 20 1
2011782710 135 1 20 1
2011782757 133 1 20 1
2011782797 135 1 20 1
2011782840 133 1 20 1
2011782884 135 1 20 1
2011782923 133 1 20 1
2011782971 135 1 20 1
2011783006 133 1 20 1
2011783058 135 1 20 1
2011783089 133 1 20 1
2011783145 135 1 20 1
2011783172 133 1 20 1
2011783232 135 1 20 1
2011783255 133 1 20 1
2011783338 133 1 20 1
2011783421 133 1 20 1
2011783504 133 1 20 1
2011783587 133 1 20 1
2011783670 133 1 20 1
2011783753 133 1 20 1
2011783836 133 1 20 1
2011783922 133 1 20 1
2011784002 133 1 20 1
2011784085 133 1 20 1
2011784168 133 1 20 1
2011784251 133 1 20 1
2011784334 133 1 20 1
2011784417 133 1 20 1
2011784500 133 1 20 1
2011784583 133 1 20 1
2011784666 133 1 20 1
2011785283 89 0 1 1
2011785286 89 0 1 0
2011785289 89 0 1 1
2011785298 89 0 1 0
2011785470 89 0 1 1
2011785585 89 0 1 1
2011785668 89 0 1 1
2011785787 89 0 1 1
2011785834 89 0 1 1
2011785980 89 0 1 1
2011786000 89 0 1 1
2011786083 89 0 1 1
2011786166 89 0 1 1
2011786249 89 0 1 1
2011786332 89 0 1 1
2011786415 89 0 1 1
2011786498 89 0 1 1
2011786581 89 0 1 1
2011786664 89 0 1 1
2011786676 89 0 1 1
2011786759 89 0 1 1
2011786920 133 1 20 0
2011787372 89 0 1 1
2011787695 135 1 20 0
2011790401 133 1 20 1
2011790455 133 1 20 0
2011790559 133 1 20 1
2011790649 133 1 20 1
2011790652 133 1 20 1
2011790733 133 1 20 1
2011790820 133 1 20 1
2011790880 135 1 20 1
2011790910 133 1 20 1
2011790963 135 1 20 1
2011790996 133 1 20 1
2011791050 135 1 20 1
2011791082 133 1 20 1
2011791144 89 0 1 0
2011791148 133 1 20 1
2011791168 135 1 20 1
2011791216 135 1 20 1
2011791263 133 1 20 1
2011791303 135 1 20 1
2011791349 133 1 20 1
2011791390 135 1 20 1
2011791439 133 1 20 1
2011791480 133 1 20 1
2011791512 135 1 20 1
2011791560 135 1 20 1
2011791599 133 1 20 1
2011791643 135 1 20 1
2011791686 133 1 20 1
2011791730 135 1 20 1
2011791777 133 1 20 1
2011791864 133 1 20 1
2011791895 133 1 20 1
2011791898 135 1 20 1
2011791905 135 1 20 1
2011791991 135 1 20 1
2011792038 133 1 20 1
2011792077 135 1 20 1
2011792128 133 1 20 1
2011792151 133 1 20 1
2011792163 135 1 20 1
2011792241 133 1 20 1
2011792256 135 1 20 1
2011792327 133 1 20 1
2011792342 135 1 20 1
2011792428 135 1 20 1
2011792465 133 1 20 1
2011792501 135 1 20 1
2011792555 133 1 20 1
2011792562 133 1 20 1
2011792584 135 1 20 1
2011792671 135 1 20 1
2011792695 133 1 20 1
2011792758 135 1 20 1
2011792841 135 1 20 1
2011792928 135 1 20 1
2011795786 133 1 20 0
2011796052 135 1 20 0
2011798913 133 1 20 1
2011798999 133 1 20 0
2011799006 133 1 20 1
2011799096 133 1 20 1
2011799186 133 1 20 1
2011799200 133 1 20 1
2011799347 133 1 20 1
2011799437 133 1 20 1
2011799527 133 1 20 1
2011799613 133 1 20 1
2011799624 133 1 20 1
2011799714 133 1 20 1
2011799804 133 1 20 1
2011799894 133 1 20 1
2011799984 133 1 20 1
2011800070 133 1 20 1
2011800091 135 1 20 1
2011800101 135 1 20 0
2011800164 133 1 20 1
2011800178 135 1 20 1
2011800254 133 1 20 1
2011800261 135 1 20 1
2011800344 133 1 20 1
2011800350 135 1 20 1
2011800430 133 1 20 1
2011800431 135 1 20 1
2011800518 135 1 20 1
2011800520 133 1 20 1
2011800601 135 1 20 1
2011800606 133 1 20 1
2011800621 133 1 20 1
2011800688 135 1 20 1
2011800707 133 1 20 1
2011800771 135 1 20 1
2011800826 133 1 20 1
2011800858 135 1 20 1
2011800917 133 1 20 1
2011800941 135 1 20 1
2011801011 133 1 20 1
2011801028 135 1 20 1
2011801101 133 1 20 1
2011801111 135 1 20 1
2011801198 135 1 20 1
2011801281 135 1 20 1
2011801368 135 1 20 1
2011801451 135 1 20 1
2011801538 135 1 20 1
2011801621 135 1 20 1
2011801708 135 1 20 1
2011801791 135 1 20 1
2011801874 135 1 20 1
2011801965 135 1 20 1
2011802048 135 1 20 1
2011802131 135 1 20 1
2011802218 135 1 20 1
2011805117 133 1 20 0
2011805680 135 1 20 0
2011809855 133 1 20 1
2011809858 133 1 20 0
2011809942 133 1 20 1
2011810041 133 1 20 1
2011810127 133 1 20 0
2011810130 133 1 20 1
2011810137 133 1 20 1
2011810227 133 1 20 1
2011810234 133 1 20 0
2011810324 133 1 20 1
2011810414 133 1 20 1
2011810417 133 1 20 0
2011810507 133 1 20 1
2011810593 133 1 20 1
2011810683 133 1 20 1
2011810690 133 1 20 0
2011810693 133 1 20 1
2011810783 133 1 20 1
2011810877 133 1 20 0
2011810880 133 1 20 1
2011811014 133 1 20 1
2011811025 133 1 20 1
2011811190 133 1 20 1
2011811193 133 1 20 1
2011811274 133 1 20 1
2011811368 133 1 20 1
2011811440 133 1 20 1
2011811542 133 1 20 1
2011811606 133 1 20 1
2011811689 133 1 20 1
2011811803 133 1 20 1
2011811855 133 1 20 1
2011811981 133 1 20 1
2011812021 133 1 20 1
2011812272 133 1 20 1
2011812325 133 1 20 1
2011812454 133 1 20 1
2011812556 133 1 20 1
2011812646 133 1 20 1
2011812835 133 1 20 1
2011812963 133 1 20 1
2011813150 133 1 20 0
2011817475 133 1 20 1
2011817558 133 1 20 1
2011817641 133 1 20 1
2011817724 133 1 20 1
2011817807 133 1 20 1
2011817890 133 1 20 1
2011817973 133 1 20 1
2011818056 133 1 20 1
2011818139 133 1 20 1
2011818222 133 1 20 1
2011818305 133 1 20 1
2011818388 133 1 20 1
2011818471 133 1 20 1
2011818554 133 1 20 1
2011818637 133 1 20 1
2011818720 133 1 20 1
2011818829 133 1 20 1
2011818886 133 1 20 1
2011818969 133 1 20 1
2011819052 133 1 20 1
2011819123 89 0 1 1
2011819135 133 1 20 1
2011819218 133 1 20 1
2011819290 89 0 1 1
2011819301 133 1 20 1
2011819373 89 0 1 1
2011819384 133 1 20 1
2011819457 89 0 1 1
2011819467 133 1 20 1
2011819550 133 1 20 1
2011819624 89 0 1 1
2011819791 89 0 1 1
2011819958 89 0 1 1
2011820125 89 0 1 1
2011820208 89 0 1 1
2011820292 89 0 1 1
2011820459 89 0 1 1
2011820626 89 0 1 1
2011820793 89 0 1 1
2011820960 89 0 1 1
2011821043 89 0 1 1
2011821127 89 0 1 1
2011824476 133 1 20 0
2011827329 133 1 20 1
2011827382 133 1 20 0
2011827416 133 1 20 1
2011827499 133 1 20 1
2011827582 133 1 20 1
2011827673 133 1 20 1
2011827756 133 1 20 1
2011827872 133 1 20 1
2011827962 133 1 20 1
2011828048 133 1 20 1
2011828138 133 1 20 1
2011828232 133 1 20 1
2011828306 133 1 20 1
2011828337 133 1 20 1
2011828420 133 1 20 1
2011828510 133 1 20 1
2011828586 133 1 20 1
2011828669 133 1 20 1
2011828752 133 1 20 1
2011828835 133 1 20 1
2011828922 133 1 20 1
2011829009 133 1 20 1
2011829043 89 0 1 1
2011829092 133 1 20 1
2011829126 89 0 1 1
2011829179 133 1 20 1
2011829209 89 0 1 1
2011829262 133 1 20 1
2011829292 89 0 1 1
2011829349 133 1 20 1
2011829375 89 0 1 1
2011829458 89 0 1 1
2011829468 133 1 20 1
2011829541 89 0 1 1
2011829624 89 0 1 1
2011829707 89 0 1 1
2011829790 89 0 1 1
2011829873 89 0 1 1
2011829956 89 0 1 1
2011830039 89 0 1 1
2011830122 89 0 1 1
2011830205 89 0 1 1
2011830288 89 0 1 1
2011830371 89 0 1 1
2011830454 89 0 1 1
2011830537 89 0 1 1
2011830620 89 0 1 1
2011830703 89 0 1 1
2011830786 89 0 1 1
2011830869 89 0 1 1
2011830952 89 0 1 1
2011831035 89 0 1 1
2011831118 89 0 1 1
2011836569 133 1 20 1
2011836659 133 1 20 1
2011836757 133 1 20 1
2011836803 133 1 20 1
2011836921 133 1 20 1
2011837019 133 1 20 1
2011837109 133 1 20 1
2011837135 133 1 20 1
2011837281 133 1 20 1
2011837371 133 1 20 1
2011837461 133 1 20 1
2011837468 133 1 20 1
2011837550 133 1 20 1
2011837712 133 1 20 1
2011837719 133 1 20 1
2011837813 133 1 20 1
2011837915 133 1 20 1
2011838001 133 1 20 1
2011838048 133 1 20 1
2011838167 133 1 20 1
2011838257 133 1 20 1
2011838347 133 1 20 1
2011838380 133 1 20 1
2011838515 133 1 20 1
2011838606 133 1 20 1
2011838704 133 1 20 1
2011840170 89 0 1 1
2011840173 89 0 1 0
2011840253 89 0 1 1
2011840336 89 0 1 1
2011840419 89 0 1 1
2011840502 89 0 1 1
2011840585 89 0 1 1
2011840668 89 0 1 1
2011840751 89 0 1 1
2011840834 89 0 1 1
2011840917 89 0 1 1
2011841000 89 0 1 1
2011841083 89 0 1 1
2011841232 89 0 1 1
2011841323 89 0 1 1
2011841332 89 0 1 1
2011841489 89 0 1 1
2011841576 89 0 1 1
2011841583 89 0 1 1
2011841664 89 0 1 1
2011841747 89 0 1 1
2011841837 89 0 1 1
2011841923 89 0 1 1
2011842009 89 0 1 1
2011842079 89 0 1 1
2011842173 89 0 1 1
2011842259 89 0 1 1
2011842328 89 0 1 1
2011842510 133 1 20 0
2011846086 89 0 1 0
2011846422 133 1 20 1
2011846505 133 1 20 1
2011846664 133 1 20 1
2011846679 133 1 20 1
2011846754 133 1 20 1
2011846837 133 1 20 1
2011846929 133 1 20 1
2011847006 133 1 20 1
2011847096 133 1 20 1
2011847169 133 1 20 1
2011847273 133 1 20 1
2011847335 133 1 20 1
2011847451 133 1 20 1
2011847537 133 1 20 1
2011847586 133 1 20 1
2011847710 133 1 20 1
2011847750 133 1 20 1
2011847878 133 1 20 1
2011847916 133 1 20 1
2011847999 133 1 20 1
2011848143 133 1 20 1
2011848237 133 1 20 1
2011848248 133 1 20 1
2011848408 133 1 20 1
2011848494 133 1 20 1
2011848505 133 1 20 1
2011849720 89 0 1 1
2011849810 89 0 1 1
2011849813 89 0 1 1
2011849899 89 0 1 1
2011849985 89 0 1 1
2011850071 89 0 1 1
2011850161 89 0 1 1
2011850251 89 0 1 1
2011850337 89 0 1 1
2011850423 89 0 1 1
2011850509 89 0 1 1
2011850595 89 0 1 1
2011850685 89 0 1 1
2011850775 89 0 1 1
2011850861 89 0 1 1
2011850951 89 0 1 1
2011851041 89 0 1 1
2011851127 89 0 1 1
2011851213 89 0 1 1
2011851299 89 0 1 1
2011851389 89 0 1 1
2011851479 89 0 1 1
2011851565 89 0 1 1
2011851655 89 0 1 1
2011851745 89 0 1 1
2011851766 133 1 20 0
2011851831 89 0 1 1
2011854078 89 0 1 0
2011855095 133 1 20 1
2011855102 133 1 20 1
2011855192 133 1 20 1
2011855286 133 1 20 1
2011855358 133 1 20 1
2011855448 133 1 20 1
2011855546 133 1 20 1
2011855595 133 1 20 1
2011855685 133 1 20 1
2011855775 133 1 20 1
2011855844 133 1 20 1
2011855938 133 1 20 1
2011856024 133 1 20 1
2011856093 133 1 20 1
2011856176 133 1 20 1
2011856281 133 1 20 1
2011856383 133 1 20 1
2011856425 133 1 20 1
2011856526 133 1 20 1
2011856621 133 1 20 1
2011856674 133 1 20 1
2011856783 133 1 20 1
2011856877 133 1 20 1
2011856923 133 1 20 1
2011857006 133 1 20 1
2011857123 133 1 20 1
2011857172 133 1 20 1
2011858041 89 0 1 1
2011858205 89 0 1 1
2011858216 89 0 1 1
2011858302 89 0 1 1
2011858388 89 0 1 1
2011858519 89 0 1 1
2011858551 89 0 1 1
2011858638 89 0 1 1
2011858721 89 0 1 1
2011858819 89 0 1 1
2011858936 89 0 1 1
2011858978 89 0 1 1
2011859135 89 0 1 1
2011859148 89 0 1 1
2011859268 89 0 1 1
2011859322 89 0 1 1
2011859455 89 0 1 1
2011859492 89 0 1 1
2011859575 89 0 1 1
2011859683 89 0 1 1
2011859749 89 0 1 1
2011859857 89 0 1 1
2011859919 89 0 1 1
2011860083 89 0 1 1
2011860089 89 0 1 1
2011860776 133 1 20 0
2011863629 133 1 20 1
2011863717 133 1 20 1
2011863799 133 1 20 1
2011863886 133 1 20 1
2011863969 133 1 20 1
2011864052 133 1 20 1
2011864139 133 1 20 1
2011864226 133 1 20 1
2011864309 133 1 20 1
2011864396 133 1 20 1
2011864479 133 1 20 1
2011864562 133 1 20 1
2011864645 133 1 20 1
2011864728 133 1 20 1
2011864811 133 1 20 1
2011864894 133 1 20 1
2011864977 133 1 20 1
2011865060 133 1 20 1
2011865143 133 1 20 1
2011865226 133 1 20 1
2011865309 133 1 20 1
2011865392 133 1 20 1
2011865475 133 1 20 1
2011865558 133 1 20 1
2011865641 133 1 20 1
2011867556 89 0 1 1
2011867675 89 0 1 1
2011867685 89 0 1 1
2011867768 89 0 1 1
2011867928 89 0 1 1
2011867942 89 0 1 1
2011868094 89 0 1 1
2011868108 89 0 1 1
2011868195 89 0 1 1
2011868286 89 0 1 1
2011868365 89 0 1 1
2011868452 89 0 1 1
2011868531 89 0 1 1
2011868618 89 0 1 1
2011868762 89 0 1 1
2011868788 89 0 1 1
2011868871 89 0 1 1
2011869016 89 0 1 1
2011869041 89 0 1 1
2011869128 89 0 1 1
2011869264 89 0 1 1
2011869294 89 0 1 1
2011869381 89 0 1 1
2011869468 89 0 1 1
2011869596 89 0 1 1
2011869634 89 0 1 1
2011873659 89 0 1 0
2011873838 133 1 20 1
2011873921 133 1 20 1
2011874008 133 1 20 1
2011874091 133 1 20 1
2011874178 133 1 20 1
2011874261 133 1 20 1
2011874348 133 1 20 1
2011874431 133 1 20 1
2011874518 133 1 20 1
2011874601 133 1 20 1
2011874688 133 1 20 1
2011874775 133 1 20 1
2011874858 133 1 20 1
2011874945 133 1 20 1
2011875032 133 1 20 1
2011875115 133 1 20 1
2011875198 133 1 20 1
2011875289 133 1 20 1
2011875372 133 1 20 1
2011875455 133 1 20 1
2011875538 133 1 20 1
2011875621 133 1 20 1
2011875708 133 1 20 1
2011875791 133 1 20 1
2011875874 133 1 20 1
2011882960 133 1 20 1
2011883087 133 1 20 1
2011883134 133 1 20 1
2011883261 133 1 20 1
2011883351 133 1 20 1
2011883395 133 1 20 1
2011883506 133 1 20 1
2011883596 133 1 20 1
2011883652 133 1 20 1
2011883767 133 1 20 1
2011883853 133 1 20 1
2011883909 133 1 20 1
2011884016 133 1 20 1
2011884102 133 1 20 1
2011884162 133 1 20 1
2011884265 133 1 20 1
2011884355 133 1 20 1
2011884415 133 1 20 1
2011884524 133 1 20 1
2011884622 133 1 20 1
2011884668 133 1 20 1
2011884804 133 1 20 1
2011884894 133 1 20 1
2011884921 133 1 20 1
2011885057 133 1 20 1
2011885778 133 1 20 0
2011888528 133 1 20 1
2011888626 133 1 20 0
2011888633 133 1 20 1
2011888727 133 1 20 1
2011888777 133 1 20 1
2011888879 133 1 20 1
2011888969 133 1 20 1
2011889026 133 1 20 1
2011889128 133 1 20 1
2011889218 133 1 20 1
2011889275 133 1 20 1
2011889377 133 1 20 1
2011889471 133 1 20 1
2011889524 133 1 20 1
2011889630 133 1 20 1
2011889720 133 1 20 1
2011889773 133 1 20 1
2011889879 133 1 20 1
2011889965 133 1 20 1
2011890022 133 1 20 1
2011890128 133 1 20 1
2011890218 133 1 20 1
2011890271 133 1 20 1
2011890385 133 1 20 1
2011890471 133 1 20 1
2011890520 133 1 20 1
2011890634 133 1 20 1
2011890728 133 1 20 1
2011893384 133 1 20 0
2011898166 133 1 20 1
2011898217 133 1 20 0
2011898250 133 1 20 1
2011898332 133 1 20 1
2011898415 133 1 20 1
2011898498 133 1 20 1
2011898581 133 1 20 1
2011898664 133 1 20 1
2011898747 133 1 20 1
2011898830 133 1 20 1
2011898913 133 1 20 1
2011898996 133 1 20 1
2011899079 133 1 20 1
2011899162 133 1 20 1
2011899245 133 1 20 1
2011899328 133 1 20 1
2011899411 133 1 20 1
2011899494 133 1 20 1
2011899577 133 1 20 1
2011899660 133 1 20 1
2011899743 133 1 20 1
2011899826 133 1 20 1
2011899909 133 1 20 1
2011899992 133 1 20 1
2011900075 133 1 20 1
2011900158 133 1 20 1
2011900241 133 1 20 1
2011900324 133 1 20 1
2011902700 133 1 20 0
2011906778 133 1 20 1
2011906843 133 1 20 0
2011906861 133 1 20 1
2011906944 133 1 20 1
2011907027 133 1 20 1
2011907110 133 1 20 1
2011907193 133 1 20 1
2011907276 133 1 20 1
2011907359 133 1 20 1
2011907442 133 1 20 1
2011907525 133 1 20 1
2011907608 133 1 20 1
2011907691 133 1 20 1
2011907774 133 1 20 1
2011907857 133 1 20 1
2011907940 133 1 20 1
2011908023 133 1 20 1
2011908106 133 1 20 1
2011908189 133 1 20 1
2011908272 133 1 20 1
2011908355 133 1 20 1
2011908438 133 1 20 1
2011908521 133 1 20 1
2011908604 133 1 20 1
2011908687 133 1 20 1
2011908770 133 1 20 1
2011908853 133 1 20 1
2011908936 133 1 20 1
2011911789 133 1 20 0
2011921983 133 1 20 1
2011922064 133 1 20 0
2011922067 133 1 20 1
2011922147 133 1 20 0
2011922154 133 1 20 1
2011922230 133 1 20 0
2011922233 133 1 20 1
2011922316 133 1 20 1
2011922398 133 1 20 1
2011922481 133 1 20 1
2011922564 133 1 20 1
2011922647 133 1 20 1
2011922730 133 1 20 1
2011922813 133 1 20 1
2011922896 133 1 20 1
2011922979 133 1 20 1
2011923062 133 1 20 1
2011923145 133 1 20 1
2011923228 133 1 20 1
2011923311 133 1 20 1
2011923394 133 1 20 1
2011923477 133 1 20 1
2011923560 133 1 20 1
2011923643 133 1 20 1
2011923726 133 1 20 1
2011923809 133 1 20 1
2011923892 133 1 20 1
2011923975 133 1 20 1
2011924058 133 1 20 1
2011924150 133 1 20 1
2011924233 133 1 20 1
2011924316 133 1 20 1
2011924618 133 1 20 0
2011941833 135 1 20 1
2011941913 135 1 20 0
2011941916 135 1 20 1
2011941996 135 1 20 0
2011942003 135 1 20 1
2011942079 135 1 20 0
2011942339 135 1 20 1
2011942419 135 1 20 0
2011942422 135 1 20 1
2011942502 135 1 20 0
2011942509 135 1 20 1
2011942589 135 1 20 0
2011942596 135 1 20 1
2011942672 135 1 20 0
2011942679 135 1 20 1
2011942762 135 1 20 1
2011942845 135 1 20 1
2011942932 135 1 20 1
2011943015 135 1 20 1
2011943098 135 1 20 1
2011943189 135 1 20 1
2011943276 135 1 20 1
2011943363 135 1 20 1
2011943454 135 1 20 1
2011943541 135 1 20 1
2011943624 135 1 20 1
2011943711 135 1 20 1
2011943798 135 1 20 1
2011943881 135 1 20 1
2011943999 135 1 20 1
2011944082 135 1 20 1
2011944169 135 1 20 1
2011944252 135 1 20 1
2011944335 135 1 20 1
2011944505 135 1 20 1
2011944588 135 1 20 1
2011944675 135 1 20 1
2011944820 135 1 20 1
2011945172 135 1 20 0
2012802014 130 1 20 1
2012802017 130 1 20 0
2012802025 130 1 20 1
2012802180 130 1 20 1
2012802203 130 1 20 1
2012802346 130 1 20 1
2012802432 130 1 20 1
2012802522 130 1 20 1
2012802559 130 1 20 1
2012802646 130 1 20 1
2012802761 130 1 20 1
2012802824 130 1 20 1
2012802931 130 1 20 1
2012803006 130 1 20 1
2012803097 130 1 20 1
2012803263 130 1 20 1
2012803270 130 1 20 1
2012803429 130 1 20 1
2012803476 130 1 20 1
2012803536 130 1 20 1
2012803627 130 1 20 1
2012803714 130 1 20 1
2012803805 130 1 20 1
2012803892 130 1 20 1
2012803983 130 1 20 1
2012804070 130 1 20 1
2012805750 130 1 20 0
2012810989 130 1 20 1
2012810994 130 1 20 0
2012811084 130 1 20 1
2012811160 130 1 20 0
2012811171 130 1 20 1
2012811243 130 1 20 0
2012811262 130 1 20 1
2012811353 130 1 20 1
2012811440 130 1 20 1
2012811527 130 1 20 1
2012811618 130 1 20 1
2012811705 130 1 20 1
2012811800 130 1 20 1
2012811891 130 1 20 1
2012811982 130 1 20 1
2012812073 130 1 20 1
2012812168 130 1 20 1
2012812255 130 1 20 1
2012812350 130 1 20 1
2012812437 130 1 20 1
2012812527 130 1 20 1
2012812615 130 1 20 1
2012812775 130 1 20 1
2012812801 130 1 20 1
2012812945 130 1 20 1
2012812983 130 1 20 1
2012813074 130 1 20 1
2012813246 130 1 20 1
2012813329 130 1 20 1
2012815061 130 1 20 0
2012819240 130 1 20 1
2012819326 130 1 20 1
2012819412 130 1 20 1
2012819498 130 1 20 1
2012819584 130 1 20 1
2012819670 130 1 20 1
2012819756 130 1 20 1
2012819842 130 1 20 1
2012819928 130 1 20 1
2012820018 130 1 20 1
2012820104 130 1 20 1
2012820190 130 1 20 1
2012820276 130 1 20 1
2012820362 130 1 20 1
2012820448 130 1 20 1
2012820617 130 1 20 1
2012820620 130 1 20 1
2012820711 130 1 20 1
2012820809 130 1 20 1
2012820895 130 1 20 1
2012820968 130 1 20 1
2012821058 130 1 20 1
2012821224 130 1 20 1
2012821237 130 1 20 1
2012821390 130 1 20 1
2012822381 35 0 1 1
2012822464 35 0 1 1
2012822547 35 0 1 1
2012822630 35 0 1 1
2012822713 35 0 1 1
2012822796 35 0 1 1
2012822879 35 0 1 1
2012822962 35 0 1 1
2012823045 35 0 1 1
2012823128 35 0 1 1
2012823211 35 0 1 1
2012823294 35 0 1 1
2012823377 35 0 1 1
2012823460 35 0 1 1
2012823543 35 0 1 1
2012823616 130 1 20 0
2012823626 35 0 1 1
2012823709 35 0 1 1
2012823792 35 0 1 1
2012823875 35 0 1 1
2012823958 35 0 1 1
2012824041 35 0 1 1
2012824124 35 0 1 1
2012824207 35 0 1 1
2012824290 35 0 1 1
2012824373 35 0 1 1
2012824456 35 0 1 1
2012832040 35 0 1 1
2012832123 35 0 1 1
2012832206 35 0 1 1
2012832289 35 0 1 1
2012832372 35 0 1 1
2012832455 35 0 1 1
2012832538 35 0 1 1
2012832621 35 0 1 1
2012832704 35 0 1 1
2012832787 35 0 1 1
2012832870 35 0 1 1
2012832953 35 0 1 1
2012833036 35 0 1 1
2012833119 35 0 1 1
2012833202 35 0 1 1
2012833285 35 0 1 1
2012833368 35 0 1 1
2012833451 35 0 1 1
2012833534 35 0 1 1
2012833617 35 0 1 1
2012833700 35 0 1 1
2012833783 35 0 1 1
2012833866 35 0 1 1
2012833949 35 0 1 1
2012834032 35 0 1 1
2012834115 35 0 1 1
2012836376 35 0 1 0
2012840746 35 0 1 1
2012840825 35 0 1 0
2012840829 35 0 1 1
2012840856 130 1 20 1
2012840864 35 0 1 0
2012840885 130 1 20 0
2012840912 35 0 1 1
2012840995 35 0 1 1
2012841002 130 1 20 1
2012841030 130 1 20 1
2012841078 35 0 1 1
2012841161 35 0 1 1
2012841176 130 1 20 1
2012841244 35 0 1 1
2012841262 130 1 20 1
2012841327 35 0 1 1
2012841348 130 1 20 1
2012841378 130 1 20 1
2012841478 35 0 1 1
2012841520 130 1 20 1
2012841552 130 1 20 1
2012841564 35 0 1 1
2012841617 35 0 1 1
2012841682 130 1 20 1
2012841703 35 0 1 1
2012841773 130 1 20 1
2012841822 35 0 1 1
2012841825 35 0 1 1
2012841859 130 1 20 1
2012841908 35 0 1 1
2012841908 130 1 20 1
2012841994 35 0 1 1
2012842022 130 1 20 1
2012842082 130 1 20 1
2012842083 35 0 1 1
2012842157 35 0 1 1
2012842196 130 1 20 1
2012842257 35 0 1 1
2012842282 130 1 20 1
2012842323 35 0 1 1
2012842368 130 1 20 1
2012842422 130 1 20 1
2012842431 35 0 1 1
2012842489 35 0 1 1
2012842505 130 1 20 1
2012842605 35 0 1 1
2012842619 130 1 20 1
2012842696 35 0 1 1
2012842709 130 1 20 1
2012842738 35 0 1 1
2012842795 130 1 20 1
2012842866 35 0 1 1
2012842881 130 1 20 1
2012842953 35 0 1 1
2012842967 130 1 20 1
2012843039 35 0 1 1
2012843053 130 1 20 1
2012844689 130 1 20 0
2012851951 35 0 1 1
2012851999 35 0 1 0
2012852034 35 0 1 1
2012852086 35 0 1 0
2012852117 35 0 1 1
2012852173 35 0 1 0
2012852200 35 0 1 1
2012852283 35 0 1 1
2012852366 35 0 1 1
2012852449 35 0 1 1
2012852532 35 0 1 1
2012852615 35 0 1 1
2012852713 35 0 1 1
2012852781 35 0 1 1
2012852879 35 0 1 1
2012852947 35 0 1 1
2012853045 35 0 1 1
2012853131 35 0 1 1
2012853196 35 0 1 1
2012853298 35 0 1 1
2012853362 35 0 1 1
2012853464 35 0 1 1
2012853550 35 0 1 1
2012853611 35 0 1 1
2012853713 35 0 1 1
2012853799 35 0 1 1
2012853860 35 0 1 1
2012853962 35 0 1 1
2012854002 35 0 1 1
2012854128 35 0 1 1
2012854172 35 0 1 1
2012854294 35 0 1 1
2012855436 35 0 1 0
2012859597 35 0 1 1
2012859668 35 0 1 0
2012859680 35 0 1 1
2012859763 35 0 1 1
2012859846 35 0 1 1
2012859929 35 0 1 1
2012860012 35 0 1 1
2012860095 35 0 1 1
2012860178 35 0 1 1
2012860261 35 0 1 1
2012860344 35 0 1 1
2012860427 35 0 1 1
2012860510 35 0 1 1
2012860593 35 0 1 1
2012860676 35 0 1 1
2012860759 35 0 1 1
2012860842 35 0 1 1
2012860925 35 0 1 1
2012861008 35 0 1 1
2012861091 35 0 1 1
2012861174 35 0 1 1
2012861257 35 0 1 1
2012861340 35 0 1 1
2012861423 35 0 1 1
2012861506 35 0 1 1
2012861589 35 0 1 1
2012861672 35 0 1 1
2012861755 35 0 1 1
2012863258 35 0 1 0
2012881020 130 1 20 1
2012881144 130 1 20 1
2012881177 130 1 20 0
2012881194 130 1 20 1
2012881314 130 1 20 0
2012881317 130 1 20 1
2012881364 130 1 20 1
2012881451 130 1 20 1
2012881571 130 1 20 1
2012881617 130 1 20 1
2012881704 130 1 20 1
2012881828 130 1 20 1
2012881874 130 1 20 1
2012881961 130 1 20 1
2012882089 130 1 20 1
2012882131 130 1 20 1
2012882214 130 1 20 1
2012882350 130 1 20 1
2012882388 130 1 20 1
2012882524 130 1 20 1
2012882558 130 1 20 1
2012882645 130 1 20 1
2012882785 130 1 20 1
2012882815 130 1 20 1
2012882898 130 1 20 1
2012882981 130 1 20 1
2012883068 130 1 20 1
2012883299 130 1 20 1
2012883400 130 1 20 1
2012884320 130 1 20 0
2012890585 130 1 20 1
2012890588 130 1 20 0
2012890674 130 1 20 1
2012890677 130 1 20 0
2012890680 130 1 20 1
2012890766 130 1 20 1
2012890856 130 1 20 1
2012890942 130 1 20 1
2012891028 130 1 20 1
2012891114 130 1 20 1
2012891200 130 1 20 1
2012891286 130 1 20 1
2012891372 130 1 20 1
2012891458 130 1 20 1
2012891544 130 1 20 1
2012891630 130 1 20 1
2012891716 130 1 20 1
2012891806 130 1 20 1
2012891892 130 1 20 1
2012891978 130 1 20 1
2012892064 130 1 20 1
2012892150 130 1 20 1
2012892236 130 1 20 1
2012892322 130 1 20 1
2012892408 130 1 20 1
2012892494 130 1 20 1
2012892580 130 1 20 1
2012892666 130 1 20 1
2012892752 130 1 20 1
2012893929 130 1 20 0
2012897249 130 1 20 1
2012897339 130 1 20 0
2012897342 130 1 20 1
2012897345 130 1 20 0
2012897348 130 1 20 1
2012897438 130 1 20 1
2012897524 130 1 20 1
2012897614 130 1 20 1
2012897704 130 1 20 1
2012897790 130 1 20 1
2012897880 130 1 20 1
2012897966 130 1 20 1
2012898056 130 1 20 1
2012898146 130 1 20 1
2012898236 130 1 20 1
2012898326 130 1 20 1
2012898416 130 1 20 1
2012898427 130 1 20 1
2012898517 130 1 20 1
2012898607 130 1 20 1
2012898693 130 1 20 1
2012898787 130 1 20 1
2012898873 130 1 20 1
2012898963 130 1 20 1
2012899049 130 1 20 1
2012899135 130 1 20 1
2012899225 130 1 20 1
2012899311 130 1 20 1
2012899484 130 1 20 1
2012899997 130 1 20 0
2012906613 130 1 20 1
2012906616 130 1 20 0
2012906652 130 1 20 1
2012906663 130 1 20 0
2012906779 130 1 20 1
2012906818 130 1 20 1
2012906957 130 1 20 1
2012906984 130 1 20 1
2012907127 130 1 20 1
2012907221 130 1 20 1
2012907233 130 1 20 1
2012907392 130 1 20 1
2012907399 130 1 20 1
2012907482 130 1 20 1
2012907565 130 1 20 1
2012907655 130 1 20 1
2012907731 130 1 20 1
2012907814 130 1 20 1
2012907902 130 1 20 1
2012908063 130 1 20 1
2012908066 130 1 20 1
2012908167 130 1 20 1
2012908229 130 1 20 1
2012908382 130 1 20 1
2012908468 130 1 20 1
2012908478 130 1 20 1
2012908561 130 1 20 1
2012908726 130 1 20 1
2012908729 130 1 20 1
2012908810 130 1 20 1
2012909985 130 1 20 0
2012914945 130 1 20 1
2012914964 130 1 20 0
2012915032 130 1 20 1
2012915053 130 1 20 0
2012915115 130 1 20 1
2012915202 130 1 20 1
2012915285 130 1 20 1
2012915368 130 1 20 1
2012915407 130 1 20 0
2012915455 130 1 20 1
2012915611 130 1 20 1
2012915625 130 1 20 1
2012915716 130 1 20 1
2012915871 130 1 20 1
2012915886 130 1 20 1
2012915969 130 1 20 1
2012916052 130 1 20 1
2012916143 130 1 20 1
2012916226 130 1 20 1
2012916309 130 1 20 1
2012916392 130 1 20 1
2012916475 130 1 20 1
2012916558 130 1 20 1
2012916641 130 1 20 1
2012916724 130 1 20 1
2012916807 130 1 20 1
2012916890 130 1 20 1
2012916973 130 1 20 1
2012917060 130 1 20 1
2012917143 130 1 20 1
2012917493 130 1 20 1
2012918278 130 1 20 0
2012924431 130 1 20 1
2012924439 130 1 20 0
2012924514 130 1 20 1
2012924522 130 1 20 0
2012924597 130 1 20 1
2012924680 130 1 20 1
2012924763 130 1 20 1
2012924846 130 1 20 1
2012924929 130 1 20 1
2012925012 130 1 20 1
2012925095 130 1 20 1
2012925178 130 1 20 1
2012925261 130 1 20 1
2012925344 130 1 20 1
2012925427 130 1 20 1
2012925510 130 1 20 1
2012925593 130 1 20 1
2012925676 130 1 20 1
2012925759 130 1 20 1
2012925842 130 1 20 1
2012925925 130 1 20 1
2012926008 130 1 20 1
2012926091 130 1 20 1
2012926174 130 1 20 1
2012926257 130 1 20 1
2012926340 130 1 20 1
2012926423 130 1 20 1
2012926506 130 1 20 1
2012926589 130 1 20 1
2012926672 130 1 20 1
2012927887 130 1 20 0
2012933463 130 1 20 1
2012933546 130 1 20 1
2012933629 130 1 20 1
2012933712 130 1 20 1
2012933795 130 1 20 1
2012933878 130 1 20 1
2012933961 130 1 20 1
2012934044 130 1 20 1
2012934127 130 1 20 1
2012934249 130 1 20 1
2012934293 130 1 20 1
2012934376 130 1 20 1
2012934506 130 1 20 1
2012934542 130 1 20 1
2012934676 130 1 20 1
2012934708 130 1 20 1
2012934791 130 1 20 1
2012934914 130 1 20 1
2012935005 130 1 20 1
2012935092 130 1 20 1
2012935145 130 1 20 1
2012935206 130 1 20 1
2012935289 130 1 20 1
2012935372 130 1 20 1
2012935511 130 1 20 1
2012935538 130 1 20 1
2012935813 130 1 20 0
2012950038 130 1 20 1
2012950121 130 1 20 1
2012950204 130 1 20 1
2012950287 130 1 20 1
2012950370 130 1 20 1
2012950453 130 1 20 1
2012950536 130 1 20 1
2012950672 130 1 20 1
2012950702 130 1 20 1
2012950785 130 1 20 1
2012950868 130 1 20 1
2012950951 130 1 20 1
2012951034 130 1 20 1
2012951117 130 1 20 1
2012951200 130 1 20 1
2012951283 130 1 20 1
2012951366 130 1 20 1
2012951449 130 1 20 1
2012951532 130 1 20 1
2012951615 130 1 20 1
2012951698 130 1 20 1
2012951781 130 1 20 1
2012951864 130 1 20 1
2012951947 130 1 20 1
2012952030 130 1 20 1
2012952113 130 1 20 1
2012953174 130 1 20 0
2014622226 133 1 21 1
2014622229 133 1 21 0
2014622236 133 1 21 1
2014622330 133 1 21 1
2014622424 133 1 21 1
2014622522 133 1 21 1
2014622616 133 1 21 1
2014622718 133 1 21 1
2014622804 133 1 21 1
2014622819 133 1 21 1
2014622913 133 1 21 1
2014623011 133 1 21 1
2014623105 133 1 21 1
2014623203 133 1 21 1
2014623297 133 1 21 1
2014623395 133 1 21 1
2014623489 133 1 21 1
2014623500 133 1 21 1
2014623594 133 1 21 1
2014623692 133 1 21 1
2014623782 133 1 21 1
2014623884 133 1 21 1
2014623970 133 1 21 1
2014624068 133 1 21 1
2014624133 133 1 21 1
2014624235 133 1 21 1
2014624325 133 1 21 1
2014626692 133 1 21 0
2014638303 133 1 21 1
2014638324 133 1 21 0
2014638450 133 1 21 1
2014638536 133 1 21 1
2014638539 133 1 21 0
2014638558 133 1 21 1
2014638638 133 1 21 1
2014638786 133 1 21 1
2014638808 133 1 21 1
2014638894 133 1 21 1
2014639043 133 1 21 1
2014639057 133 1 21 1
2014639213 133 1 21 1
2014639227 133 1 21 1
2014639310 133 1 21 1
2014639466 133 1 21 1
2014639480 133 1 21 1
2014639632 133 1 21 1
2014639646 133 1 21 1
2014639729 133 1 21 1
2014639885 133 1 21 1
2014639899 133 1 21 1
2014639982 133 1 21 1
2014640034 133 1 21 1
2014640146 133 1 21 1
2014640204 133 1 21 1
2014640312 133 1 21 1
2014640367 133 1 21 1
2014640486 133 1 21 1
2014640652 133 1 21 1
2014641648 133 1 21 0
2014646906 131 1 21 1
2014646972 131 1 21 0
2014646997 131 1 21 1
2014647000 131 1 21 0
2014647084 131 1 21 1
2014647175 131 1 21 1
2014647258 131 1 21 1
2014647353 131 1 21 1
2014647436 131 1 21 1
2014647523 131 1 21 1
2014647606 131 1 21 1
2014647693 131 1 21 1
2014647776 131 1 21 1
2014647863 131 1 21 1
2014647946 131 1 21 1
2014648029 131 1 21 1
2014648112 131 1 21 1
2014648195 131 1 21 1
2014648282 131 1 21 1
2014648365 131 1 21 1
2014648452 131 1 21 1
2014648535 131 1 21 1
2014648622 131 1 21 1
2014648705 131 1 21 1
2014648788 131 1 21 1
2014648875 131 1 21 1
2014648958 131 1 21 1
2014649058 131 1 21 1
2014649141 131 1 21 1
2014652486 131 1 21 0
2014654902 133 1 21 1
2014655041 133 1 21 0
2014655155 133 1 21 1
2014655158 133 1 21 0
2014655744 133 1 21 1
2014655827 133 1 21 1
2014655928 131 1 21 1
2014655958 133 1 21 1
2014656000 133 1 21 1
2014656011 131 1 21 1
2014656080 133 1 21 1
2014656098 131 1 21 1
2014656164 133 1 21 1
2014656181 131 1 21 1
2014656268 131 1 21 1
2014656294 133 1 21 1
2014656334 133 1 21 1
2014656351 131 1 21 1
2014656416 133 1 21 1
2014656438 131 1 21 1
2014656500 133 1 21 1
2014656521 131 1 21 1
2014656608 131 1 21 1
2014656634 133 1 21 1
2014656669 133 1 21 1
2014656691 131 1 21 1
2014656752 133 1 21 1
2014656778 131 1 21 1
2014656861 131 1 21 1
2014656895 133 1 21 1
2014656898 133 1 21 1
2014656929 133 1 21 1
2014656948 131 1 21 1
2014657031 131 1 21 1
2014657118 131 1 21 1
2014657127 133 1 21 1
2014657201 131 1 21 1
2014657247 133 1 21 1
2014657288 131 1 21 1
2014657293 133 1 21 1
2014657371 131 1 21 1
2014657379 133 1 21 1
2014657458 131 1 21 1
2014657463 133 1 21 1
2014657541 131 1 21 1
2014657583 133 1 21 1
2014657628 131 1 21 1
2014657629 133 1 21 1
2014657711 131 1 21 1
2014657712 133 1 21 1
2014657794 131 1 21 1
2014657881 131 1 21 1
2014657968 131 1 21 1
2014658951 133 1 21 0
2014660186 131 1 21 0
2014669636 131 1 21 1
2014669723 131 1 21 1
2014669814 131 1 21 1
2014669901 131 1 21 1
2014669988 131 1 21 1
2014670071 131 1 21 1
2014670158 131 1 21 1
2014670245 131 1 21 1
2014670332 131 1 21 1
2014670419 131 1 21 1
2014670506 131 1 21 1
2014670593 131 1 21 1
2014670680 131 1 21 1
2014670763 131 1 21 1
2014670850 131 1 21 1
2014670937 131 1 21 1
2014671024 131 1 21 1
2014671111 131 1 21 1
2014671198 131 1 21 1
2014671354 131 1 21 1
2014671440 131 1 21 1
2014671455 131 1 21 1
2014671607 131 1 21 1
2014671693 131 1 21 1
2014671783 131 1 21 1
2014672546 131 1 21 0
2014683848 131 1 21 1
2014683927 131 1 21 1
2014684022 131 1 21 0
2014684025 131 1 21 1
2014684101 131 1 21 1
2014684204 131 1 21 1
2014684279 131 1 21 1
2014684374 131 1 21 1
2014684460 131 1 21 1
2014684546 131 1 21 1
2014684632 131 1 21 1
2014684722 131 1 21 1
2014684808 131 1 21 1
2014684894 131 1 21 1
2014684984 131 1 21 1
2014685070 131 1 21 1
2014685156 131 1 21 1
2014685242 131 1 21 1
2014685328 131 1 21 1
2014685414 131 1 21 1
2014685500 131 1 21 1
2014685586 131 1 21 1
2014685676 131 1 21 1
2014685766 131 1 21 1
2014685852 131 1 21 1
2014685938 131 1 21 1
2014686712 131 1 21 0
2014699855 131 1 21 1
2014699941 131 1 21 1
2014699944 131 1 21 0
2014699960 131 1 21 1
2014700100 131 1 21 1
2014700126 131 1 21 1
2014700266 131 1 21 1
2014700292 131 1 21 1
2014700432 131 1 21 1
2014700458 131 1 21 1
2014700598 131 1 21 1
2014700628 131 1 21 1
2014700677 131 1 21 1
2014700764 131 1 21 1
2014700843 131 1 21 1
2014700930 131 1 21 1
2014701056 131 1 21 1
2014701142 131 1 21 1
2014701232 131 1 21 1
2014701318 131 1 21 1
2014701404 131 1 21 1
2014701490 131 1 21 1
2014701576 131 1 21 1
2014701662 131 1 21 1
2014701748 131 1 21 1
2014701834 131 1 21 1
2014701924 131 1 21 1
2014701927 131 1 21 1
2014702096 131 1 21 1
2014703376 131 1 21 0
2014712288 131 1 21 1
2014712386 131 1 21 0
2014712389 131 1 21 1
2014712454 131 1 21 1
2014712544 131 1 21 1
2014712620 131 1 21 1
2014712710 131 1 21 1
2014712786 131 1 21 1
2014712876 131 1 21 1
2014712952 131 1 21 1
2014713042 131 1 21 1
2014713118 131 1 21 1
2014713210 131 1 21 1
2014713284 131 1 21 1
2014713380 131 1 21 1
2014713450 131 1 21 1
2014713558 131 1 21 1
2014713616 131 1 21 1
2014713716 131 1 21 1
2014713782 131 1 21 1
2014713886 131 1 21 1
2014713948 131 1 21 1
2014714056 131 1 21 1
2014714083 131 1 21 0
2014714114 131 1 21 1
2014714226 131 1 21 0
2014723910 131 1 21 1
2014723913 131 1 21 0
2014724084 131 1 21 1
2014724159 131 1 21 1
2014724258 131 1 21 1
2014724325 131 1 21 1
2014724432 131 1 21 1
2014724491 131 1 21 1
2014724606 131 1 21 1
2014724657 131 1 21 1
2014724768 131 1 21 1
2014724823 131 1 21 1
2014724942 131 1 21 1
2014724989 131 1 21 1
2014725112 131 1 21 1
2014725155 131 1 21 1
2014725278 131 1 21 1
2014725321 131 1 21 1
2014725448 131 1 21 1
2014725487 131 1 21 1
2014725618 131 1 21 1
2014725653 131 1 21 1
2014725788 131 1 21 1
2014725819 131 1 21 1
2014725958 131 1 21 1
2014725985 131 1 21 1
2014726124 131 1 21 1
2014726151 131 1 21 1
2014730988 131 1 21 0
2014735671 131 1 21 1
2014735792 131 1 21 1
2014735837 131 1 21 1
2014735954 131 1 21 1
2014736003 131 1 21 1
2014736120 131 1 21 1
2014736169 131 1 21 1
2014736286 131 1 21 1
2014736335 131 1 21 1
2014736452 131 1 21 1
2014736501 131 1 21 1
2014736618 131 1 21 1
2014736667 131 1 21 1
2014736784 131 1 21 1
2014736833 131 1 21 1
2014736950 131 1 21 1
2014736999 131 1 21 1
2014737116 131 1 21 1
2014737165 131 1 21 1
2014737282 131 1 21 1
2014737331 131 1 21 1
2014737448 131 1 21 1
2014737497 131 1 21 1
2014737614 131 1 21 1
2014737663 131 1 21 1
2014737780 131 1 21 1
2014738830 131 1 21 0
2015028200 134 1 18 1
2015028207 134 1 18 0
2015028291 134 1 18 1
2015028302 134 1 18 0
2015028382 134 1 18 1
2015028465 134 1 18 1
2015028552 134 1 18 1
2015028635 134 1 18 1
2015028730 134 1 18 1
2015028817 134 1 18 1
2015028904 134 1 18 1
2015028991 134 1 18 1
2015029078 134 1 18 1
2015029161 134 1 18 1
2015029256 134 1 18 1
2015029339 134 1 18 1
2015029430 134 1 18 1
2015029517 134 1 18 1
2015029604 134 1 18 1
2015029695 134 1 18 1
2015029778 134 1 18 1
2015029865 134 1 18 1
2015029952 134 1 18 1
2015031824 134 1 18 0
2015091655 130 1 18 1
2015091732 130 1 18 1
2015091827 130 1 18 1
2015091991 130 1 18 1
2015092005 130 1 18 1
2015092096 130 1 18 1
2015092206 130 1 18 1
2015092282 130 1 18 1
2015092371 130 1 18 1
2015092497 130 1 18 1
2015092547 130 1 18 1
2015092659 130 1 18 1
2015092731 130 1 18 1
2015092829 130 1 18 1
2015092907 130 1 18 1
2015092999 130 1 18 1
2015093169 130 1 18 1
2015093172 130 1 18 1
2015093335 130 1 18 1
2015093354 130 1 18 1
2015093505 130 1 18 1
2015093528 130 1 18 1
2015093667 130 1 18 1
2015093706 130 1 18 1
2015637586 130 1 18 1
2015637677 130 1 18 1
2015637760 130 1 18 1
2015637851 130 1 18 1
2015637942 130 1 18 1
2015638029 130 1 18 1
2015638120 130 1 18 1
2015638207 130 1 18 1
2015638301 130 1 18 1
2015638381 130 1 18 1
2015638546 130 1 18 1
2015638563 130 1 18 1
2015638650 130 1 18 1
2015638795 130 1 18 1
2015638881 130 1 18 1
2015638923 130 1 18 1
2015639044 130 1 18 1
2015639093 130 1 18 1
2015639180 130 1 18 1
2015639293 130 1 18 1
2015639380 130 1 18 1
2015639441 130 1 18 1
2015639546 130 1 18 1
2015639611 130 1 18 1
2015642305 130 1 18 0
2015645486 130 1 18 1
2015645569 130 1 18 1
2015645652 130 1 18 1
2015645735 130 1 18 1
2015645822 130 1 18 1
2015645905 130 1 18 1
2015645992 130 1 18 1
2015646075 130 1 18 1
2015646162 130 1 18 1
2015646249 130 1 18 1
2015646332 130 1 18 1
2015646415 130 1 18 1
2015646498 130 1 18 1
2015646589 130 1 18 1
2015646672 130 1 18 1
2015646755 130 1 18 1
2015646846 130 1 18 1
2015646929 130 1 18 1
2015647012 130 1 18 1
2015647095 130 1 18 1
2015647182 130 1 18 1
2015647269 130 1 18 1
2015647352 130 1 18 1
2015647439 130 1 18 1
2015647526 130 1 18 1
2015651431 130 1 18 0
2015654490 130 1 18 1
2015654577 130 1 18 1
2015654734 130 1 18 1
2015654751 130 1 18 1
2015654834 130 1 18 1
2015654975 130 1 18 1
2015655061 130 1 18 1
2015655095 130 1 18 1
2015655186 130 1 18 1
2015655269 130 1 18 1
2015655360 130 1 18 1
2015655447 130 1 18 1
2015655534 130 1 18 1
2015655621 130 1 18 1
2015655708 130 1 18 1
2015655799 130 1 18 1
2015655882 130 1 18 1
2015655973 130 1 18 1
2015656064 130 1 18 1
2015656163 130 1 18 1
2015656238 130 1 18 1
2015656325 130 1 18 1
2015656450 130 1 18 1
2015656536 130 1 18 1
2015660916 130 1 18 0
2015664212 130 1 18 1
2015664285 130 1 18 0
2015664299 130 1 18 1
2015664386 130 1 18 1
2015664478 130 1 18 1
2015664564 130 1 18 1
2015664651 130 1 18 1
2015664738 130 1 18 1
2015664833 130 1 18 1
2015664920 130 1 18 1
2015665011 130 1 18 1
2015665098 130 1 18 1
2015665185 130 1 18 1
2015665268 130 1 18 1
2015665363 130 1 18 1
2015665446 130 1 18 1
2015665537 130 1 18 1
2015665624 130 1 18 1
2015665711 130 1 18 1
2015665802 130 1 18 1
2015665901 130 1 18 1
2015665992 130 1 18 1
2015666087 130 1 18 1
2015666178 130 1 18 1
2015666269 130 1 18 1
2015666371 130 1 18 1
2015673987 130 1 18 1
2015674038 130 1 18 0
2015674074 130 1 18 1
2015674165 130 1 18 1
2015674252 130 1 18 1
2015674343 130 1 18 1
2015674430 130 1 18 1
2015674517 130 1 18 1
2015674604 130 1 18 1
2015674691 130 1 18 1
2015674782 130 1 18 1
2015674869 130 1 18 1
2015674956 130 1 18 1
2015675047 130 1 18 1
2015675134 130 1 18 1
2015675221 130 1 18 1
2015675308 130 1 18 1
2015675399 130 1 18 1
2015675486 130 1 18 1
2015675577 130 1 18 1
2015675660 130 1 18 1
2015675747 130 1 18 1
2015675834 130 1 18 1
2015675925 130 1 18 1
2015676012 130 1 18 1
2015676124 130 1 18 1
2015680562 130 1 18 0
2015685044 130 1 18 1
2015685090 130 1 18 0
2015685127 130 1 18 1
2015685218 130 1 18 1
2015685309 130 1 18 1
2015685392 130 1 18 1
2015685479 130 1 18 1
2015685570 130 1 18 1
2015685657 130 1 18 1
2015685740 130 1 18 1
2015685827 130 1 18 1
2015685910 130 1 18 1
2015686059 130 1 18 1
2015686084 130 1 18 1
2015686167 130 1 18 1
2015686254 130 1 18 1
2015686337 130 1 18 1
2015686420 130 1 18 1
2015686511 130 1 18 1
2015686594 130 1 18 1
2015686677 130 1 18 1
2015686760 130 1 18 1
2015686847 130 1 18 1
2015686934 130 1 18 1
2015687021 130 1 18 1
2015687104 130 1 18 1
2015687187 130 1 18 1
2015689663 130 1 18 0
2015693655 130 1 18 1
2015693742 130 1 18 1
2015693829 130 1 18 1
2015693916 130 1 18 1
2015694003 130 1 18 1
2015694090 130 1 18 1
2015694173 130 1 18 1
2015694264 130 1 18 1
2015694351 130 1 18 1
2015694438 130 1 18 1
2015694521 130 1 18 1
2015694608 130 1 18 1
2015694691 130 1 18 1
2015694782 130 1 18 1
2015694869 130 1 18 1
2015694956 130 1 18 1
2015695043 130 1 18 1
2015695130 130 1 18 1
2015695217 130 1 18 1
2015695304 130 1 18 1
2015695387 130 1 18 1
2015695470 130 1 18 1
2015695561 130 1 18 1
2015695648 130 1 18 1
2015695731 130 1 18 1
2015697588 130 1 18 0
2015701390 130 1 18 1
2015701401 130 1 18 0
2015701473 130 1 18 1
2015701560 130 1 18 1
2015701647 130 1 18 1
2015701730 130 1 18 1
2015701813 130 1 18 1
2015701900 130 1 18 1
2015701987 130 1 18 1
2015702070 130 1 18 1
2015702153 130 1 18 1
2015702240 130 1 18 1
2015702327 130 1 18 1
2015702414 130 1 18 1
2015702501 130 1 18 1
2015702584 130 1 18 1
2015702671 130 1 18 1
2015702754 130 1 18 1
2015702841 130 1 18 1
2015703010 130 1 18 1
2015703017 130 1 18 1
2015703176 130 1 18 1
2015703181 130 1 18 1
2015703346 130 1 18 1
2015703432 130 1 18 1
2015703438 130 1 18 1
2015703603 130 1 18 1
2015706032 130 1 18 0
2015709237 130 1 18 1
2015709314 130 1 18 0
2015709320 130 1 18 1
2015709407 130 1 18 1
2015709490 130 1 18 1
2015709581 130 1 18 1
2015709668 130 1 18 1
2015709751 130 1 18 1
2015709838 130 1 18 1
2015709925 130 1 18 1
2015710008 130 1 18 1
2015710095 130 1 18 1
2015710178 130 1 18 1
2015710269 130 1 18 1
2015710352 130 1 18 1
2015710439 130 1 18 1
2015710530 130 1 18 1
2015710613 130 1 18 1
2015710700 130 1 18 1
2015710783 130 1 18 1
2015710874 130 1 18 1
2015710957 130 1 18 1
2015711044 130 1 18 1
2015711127 130 1 18 1
2015711218 130 1 18 1
2015711301 130 1 18 1
2015711400 130 1 18 1
2015713958 130 1 18 0
2015720710 130 1 18 1
2015720756 130 1 18 0
2015720797 130 1 18 1
2015720880 130 1 18 1
2015720967 130 1 18 1
2015721050 130 1 18 1
2015721141 130 1 18 1
2015721228 130 1 18 1
2015721311 130 1 18 1
2015721394 130 1 18 1
2015721477 130 1 18 1
2015721568 130 1 18 1
2015721655 130 1 18 1
2015721738 130 1 18 1
2015721825 130 1 18 1
2015721912 130 1 18 1
2015721999 130 1 18 1
2015722082 130 1 18 1
2015722169 130 1 18 1
2015722252 130 1 18 1
2015722335 130 1 18 1
2015722422 130 1 18 1
2015722513 130 1 18 1
2015722596 130 1 18 1
2015722683 130 1 18 1
2015722774 130 1 18 1
2015722865 130 1 18 1
2015723555 130 1 18 0
2015734586 130 1 18 1
2015734673 130 1 18 1
2015734760 130 1 18 1
2015734847 130 1 18 1
2015734930 130 1 18 1
2015735013 130 1 18 1
2015735104 130 1 18 1
2015735191 130 1 18 1
2015735274 130 1 18 1
2015735361 130 1 18 1
2015735448 130 1 18 1
2015735535 130 1 18 1
2015735618 130 1 18 1
2015735705 130 1 18 1
2015735792 130 1 18 1
2015735879 130 1 18 1
2015735962 130 1 18 1
2015736099 130 1 18 1
2015736186 130 1 18 1
2015736272 130 1 18 1
2015736358 130 1 18 1
2015736393 130 1 18 1
2015736480 130 1 18 1
2015736567 130 1 18 1
2015736650 130 1 18 1
2015737874 130 1 18 0
2015744239 130 1 18 1
2015744326 130 1 18 1
2015744409 130 1 18 1
2015744496 130 1 18 1
2015744583 130 1 18 1
2015744670 130 1 18 1
2015744753 130 1 18 1
2015744840 130 1 18 1
2015744927 130 1 18 1
2015745014 130 1 18 1
2015745097 130 1 18 1
2015745184 130 1 18 1
2015745271 130 1 18 1
2015745358 130 1 18 1
2015745441 130 1 18 1
2015745528 130 1 18 1
2015745611 130 1 18 1
2015745702 130 1 18 1
2015745785 130 1 18 1
2015745872 130 1 18 1
2015745959 130 1 18 1
2015746046 130 1 18 1
2015746129 130 1 18 1
2015746216 130 1 18 1
2015746303 130 1 18 1
2015746592 130 1 18 0
2016086830 132 1 18 1
2016086913 132 1 18 1
2016087001 132 1 18 1
2016087083 132 1 18 1
2016087166 132 1 18 1
2016087249 132 1 18 1
2016087332 132 1 18 1
2016087415 132 1 18 1
2016087498 132 1 18 1
2016087581 132 1 18 1
2016087664 132 1 18 1
2016087747 132 1 18 1
2016087830 132 1 18 1
2016087913 132 1 18 1
2016087996 132 1 18 1
2016088079 132 1 18 1
2016088162 132 1 18 1
2016088245 132 1 18 1
2016088328 132 1 18 1
2016088411 132 1 18 1
2016088494 132 1 18 1
2016088577 132 1 18 1
2016088660 132 1 18 1
2016088747 132 1 18 1
2016088830 132 1 18 1
2016088914 132 1 18 1
2016090252 132 1 18 0
2016094500 132 1 18 1
2016094593 132 1 18 0
2016094596 132 1 18 1
2016094666 132 1 18 1
2016094749 132 1 18 1
2016094832 132 1 18 1
2016094933 132 1 18 1
2016094998 132 1 18 1
2016095081 132 1 18 1
2016095164 132 1 18 1
2016095247 132 1 18 1
2016095344 132 1 18 1
2016095413 132 1 18 1
2016095500 132 1 18 1
2016095583 132 1 18 1
2016095666 132 1 18 1
2016095755 132 1 18 1
2016095871 132 1 18 1
2016095915 132 1 18 1
2016096045 132 1 18 1
2016096135 132 1 18 1
2016096164 132 1 18 1
2016096247 132 1 18 1
2016096366 132 1 18 1
2016096456 132 1 18 1
2016096500 132 1 18 1
2016096615 132 1 18 1
2016096705 132 1 18 1
2016099493 132 1 18 0
2016110077 132 1 18 1
2016110080 132 1 18 0
2016110160 132 1 18 1
2016110163 132 1 18 0
2016110253 132 1 18 1
2016110347 132 1 18 1
2016110409 132 1 18 1
2016110510 132 1 18 1
2016110579 132 1 18 1
2016110684 132 1 18 1
2016110778 132 1 18 1
2016110832 132 1 18 1
2016110941 132 1 18 1
2016111002 132 1 18 1
2016111119 132 1 18 1
2016111205 132 1 18 1
2016111251 132 1 18 1
2016111372 132 1 18 1
2016111417 132 1 18 1
2016111500 132 1 18 1
2016111625 132 1 18 1
2016111711 132 1 18 1
2016111749 132 1 18 1
2016111874 132 1 18 1
2016111915 132 1 18 1
2016112044 132 1 18 1
2016112130 132 1 18 1
2016112166 132 1 18 1
2016112297 132 1 18 1
2016112383 132 1 18 1
2016112649 132 1 18 0
2016533710 7 0 1 1
2016533743 7 0 1 0
2016533793 7 0 1 1
2016533880 7 0 1 1
2016534024 7 0 1 1
2016534046 7 0 1 1
2016534133 7 0 1 1
2016534216 7 0 1 1
2016534370 7 0 1 1
2016534386 7 0 1 1
2016534469 7 0 1 1
2016534552 7 0 1 1
2016534650 7 0 1 1
2016534776 7 0 1 1
2016534874 7 0 1 1
2016534888 7 0 1 1
2016534975 7 0 1 1
2016535058 7 0 1 1
2016535220 7 0 1 1
2016535224 7 0 1 1
2016535311 7 0 1 1
2016535398 7 0 1 1
2016535461 131 1 19 1
2016535503 7 0 1 1
2016535551 131 1 19 0
2016535568 7 0 1 1
2016535641 131 1 19 1
2016535651 7 0 1 1
2016535734 7 0 1 1
2016535840 7 0 1 1
2016535901 131 1 19 1
2016536078 131 1 19 1
2016536338 131 1 19 1
2016536515 131 1 19 1
2016536684 131 1 19 1
2016536774 131 1 19 1
2016536860 131 1 19 1
2016536950 131 1 19 1
2016537040 131 1 19 1
2016537126 131 1 19 1
2016537216 131 1 19 1
2016537219 131 1 19 1
2016537305 131 1 19 1
2016537482 131 1 19 1
2016537655 131 1 19 1
2016539169 131 1 19 0
2016542203 131 1 19 1
2016542293 131 1 19 0
2016542296 131 1 19 1
2016542386 131 1 19 0
2016542389 131 1 19 1
2016542475 131 1 19 1
2016542565 131 1 19 1
2016542655 131 1 19 1
2016542741 131 1 19 1
2016542831 131 1 19 1
2016542852 131 1 19 1
2016542926 7 0 1 1
2016542986 131 1 19 1
2016543009 7 0 1 1
2016543018 131 1 19 1
2016543107 7 0 1 1
2016543153 131 1 19 1
2016543183 7 0 1 1
2016543184 131 1 19 1
2016543266 7 0 1 1
2016543320 131 1 19 1
2016543350 131 1 19 1
2016543416 7 0 1 1
2016543432 7 0 1 1
2016543519 7 0 1 1
2016543602 7 0 1 1
2016543673 131 1 19 1
2016543695 7 0 1 1
2016543772 7 0 1 1
2016543855 7 0 1 1
2016543927 131 1 19 1
2016543989 7 0 1 1
2016544075 7 0 1 1
2016544108 7 0 1 1
2016544180 131 1 19 1
2016544191 7 0 1 1
2016544263 131 1 19 1
2016544274 7 0 1 1
2016544439 7 0 1 1
2016544444 7 0 1 1
2016544527 7 0 1 1
2016544614 7 0 1 1
2016544704 7 0 1 1
2016544784 7 0 1 1
2016544941 7 0 1 1
2016545027 7 0 1 1
2016546847 131 1 19 0
2016550991 131 1 19 1
2016550994 131 1 19 0
2016551228 131 1 19 1
2016551356 131 1 19 0
2016551359 131 1 19 1
2016551398 131 1 19 1
2016551555 131 1 19 1
2016551572 131 1 19 1
2016551918 131 1 19 1
2016552113 7 0 1 1
2016552200 7 0 1 1
2016552260 131 1 19 1
2016552283 7 0 1 1
2016552353 131 1 19 1
2016552370 7 0 1 1
2016552457 7 0 1 1
2016552576 7 0 1 1
2016552623 7 0 1 1
2016552706 7 0 1 1
2016552784 131 1 19 1
2016552789 7 0 1 1
2016552876 7 0 1 1
2016552959 7 0 1 1
2016553110 7 0 1 1
2016553125 7 0 1 1
2016553208 7 0 1 1
2016553215 131 1 19 1
2016553295 7 0 1 1
2016553420 7 0 1 1
2016553506 7 0 1 1
2016553598 7 0 1 1
2016553627 7 0 1 1
2016553780 7 0 1 1
2016553867 7 0 1 1
2016553872 131 1 19 0
2016553876 7 0 1 1
2016553897 7 0 1 1
2016554041 7 0 1 1
2016554136 7 0 1 1
2016554150 7 0 1 1
2016555932 7 0 1 0
2016556848 128 1 19 1
2016556851 128 1 19 0
2016556854 128 1 19 1
2016556944 128 1 19 1
2016557030 128 1 19 1
2016557124 128 1 19 1
2016557210 128 1 19 1
2016557304 128 1 19 1
2016557390 128 1 19 1
2016557480 128 1 19 1
2016557570 128 1 19 1
2016557660 128 1 19 1
2016557750 128 1 19 1
2016557840 128 1 19 1
2016557926 128 1 19 1
2016557937 128 1 19 1
2016558023 128 1 19 1
2016558109 128 1 19 1
2016558199 128 1 19 1
2016558293 128 1 19 1
2016558379 128 1 19 1
2016558469 128 1 19 1
2016558559 128 1 19 1
2016558649 128 1 19 1
2016558739 128 1 19 1
2016558829 128 1 19 1
2016558915 128 1 19 1
2016559005 128 1 19 1
2016559031 7 0 1 1
2016559114 7 0 1 1
2016559200 7 0 1 1
2016559284 7 0 1 1
2016559381 7 0 1 1
2016559450 7 0 1 1
2016559551 7 0 1 1
2016559645 7 0 1 1
2016559731 7 0 1 1
2016559817 7 0 1 1
2016559911 7 0 1 1
2016559997 7 0 1 1
2016560044 128 1 19 0
2016560063 7 0 1 1
2016560149 7 0 1 1
2016560243 7 0 1 1
2016560376 7 0 1 1
2016560383 7 0 1 1
2016560469 7 0 1 1
2016560629 7 0 1 1
2016560632 7 0 1 1
2016560722 7 0 1 1
2016560815 7 0 1 1
2016560859 7 0 1 1
2016560965 7 0 1 1
2016561084 7 0 1 1
2016561112 7 0 1 1
2016563660 7 0 1 0
2016565076 128 1 19 1
2016565162 128 1 19 0
2016565165 128 1 19 1
2016565251 128 1 19 0
2016565254 128 1 19 1
2016565257 128 1 19 0
2016565343 128 1 19 1
2016565346 128 1 19 0
2016565432 128 1 19 1
2016565522 128 1 19 1
2016565608 128 1 19 1
2016565694 128 1 19 1
2016565780 128 1 19 1
2016565866 128 1 19 1
2016565952 128 1 19 1
2016566042 128 1 19 1
2016566128 128 1 19 1
2016566218 128 1 19 1
2016566304 128 1 19 1
2016566390 128 1 19 1
2016566476 128 1 19 1
2016566566 128 1 19 1
2016566652 128 1 19 1
2016566738 128 1 19 1
2016566832 128 1 19 1
2016566918 128 1 19 1
2016566925 128 1 19 1
2016567011 128 1 19 1
2016567097 128 1 19 1
2016567270 128 1 19 1
2016567356 128 1 19 1
2016567442 128 1 19 1
2016567532 128 1 19 1
2016567875 128 1 19 0
2016574490 128 1 19 1
2016574580 128 1 19 0
2016574583 128 1 19 1
2016574594 128 1 19 0
2016574680 128 1 19 1
2016574683 128 1 19 0
2016574686 128 1 19 1
2016574776 128 1 19 1
2016574866 128 1 19 1
2016574952 128 1 19 1
2016575046 128 1 19 1
2016575132 128 1 19 1
2016575222 128 1 19 1
2016575316 128 1 19 1
2016575402 128 1 19 1
2016575488 128 1 19 1
2016575582 128 1 19 1
2016575668 128 1 19 1
2016575758 128 1 19 1
2016575844 128 1 19 1
2016575934 128 1 19 1
2016576028 128 1 19 1
2016576118 128 1 19 1
2016576204 128 1 19 1
2016576298 128 1 19 1
2016576388 128 1 19 1
2016576474 128 1 19 1
2016576564 128 1 19 1
2016576741 128 1 19 1
2016576831 128 1 19 1
2016578161 128 1 19 0
2016583522 128 1 19 1
2016583612 128 1 19 0
2016583615 128 1 19 1
2016583705 128 1 19 0
2016583708 128 1 19 1
2016583794 128 1 19 1
2016583892 128 1 19 0
2016583895 128 1 19 1
2016583989 128 1 19 1
2016584075 128 1 19 1
2016584082 128 1 19 1
2016584168 128 1 19 1
2016584262 128 1 19 1
2016584352 128 1 19 1
2016584438 128 1 19 1
2016584524 128 1 19 1
2016584614 128 1 19 1
2016584700 128 1 19 1
2016584790 128 1 19 1
2016584880 128 1 19 1
2016584966 128 1 19 1
2016585060 128 1 19 1
2016585146 128 1 19 1
2016585232 128 1 19 1
2016585322 128 1 19 1
2016585408 128 1 19 1
2016585502 128 1 19 1
2016585592 128 1 19 1
2016585765 128 1 19 1
2016585851 128 1 19 0
2016585854 128 1 19 1
2016585944 128 1 19 0
2016586030 128 1 19 1
2016586033 128 1 19 0
2016607988 132 1 22 1
2016608053 132 1 22 1
2016608136 132 1 22 1
2016608219 132 1 22 1
2016608381 132 1 22 1
2016608471 132 1 22 1
2016608547 132 1 22 1
2016608630 132 1 22 1
2016608713 132 1 22 1
2016608847 132 1 22 1
2016608962 132 1 22 1
2016609045 132 1 22 1
2016609128 132 1 22 1
2016609211 132 1 22 1
2016609294 132 1 22 1
2016609377 132 1 22 1
2016609543 132 1 22 1
2016609626 132 1 22 1
2016609714 132 1 22 1
2016609796 132 1 22 1
2016609879 132 1 22 1
2016609962 132 1 22 1
2016612197 132 1 22 0
2016616117 132 1 22 1
2016616200 132 1 22 1
2016616283 132 1 22 1
2016616366 132 1 22 1
2016616449 132 1 22 1
2016616536 132 1 22 1
2016616619 132 1 22 1
2016616727 132 1 22 1
2016616785 132 1 22 1
2016616884 132 1 22 1
2016616951 132 1 22 1
2016617034 132 1 22 1
2016617145 132 1 22 1
2016617200 132 1 22 1
2016617283 132 1 22 1
2016617406 132 1 22 1
2016617492 132 1 22 1
2016617594 132 1 22 1
2016617680 132 1 22 1
2016617702 132 1 22 1
2016617785 132 1 22 1
2016617924 132 1 22 1
2016617951 132 1 22 1
2016618034 132 1 22 1
2016618169 132 1 22 1
2016618200 132 1 22 1
2016622344 132 1 22 0
2016625480 132 1 22 1
2016625569 132 1 22 0
2016625572 132 1 22 1
2016625596 132 1 22 1
2016625739 132 1 22 1
2016625762 132 1 22 1
2016625909 132 1 22 1
2016625928 132 1 22 1
2016626075 132 1 22 1
2016626094 132 1 22 1
2016626120 132 1 22 1
2016626245 132 1 22 1
2016626331 132 1 22 1
2016626425 132 1 22 1
2016626511 132 1 22 1
2016626597 132 1 22 1
2016626687 132 1 22 1
2016626777 132 1 22 1
2016629173 132 1 22 0
2017129777 133 1 19 1
2017129860 133 1 19 1
2017129943 133 1 19 1
2017130074 133 1 19 1
2017130113 133 1 19 1
2017130196 133 1 19 1
2017130283 133 1 19 1
2017130366 133 1 19 1
2017130470 133 1 19 1
2017130556 133 1 19 1
2017130642 133 1 19 1
2017130728 133 1 19 1
2017130814 133 1 19 1
2017130900 133 1 19 1
2017130986 133 1 19 1
2017131072 133 1 19 1
2017131158 133 1 19 1
2017131244 133 1 19 1
2017131334 133 1 19 1
2017131420 133 1 19 1
2017131506 133 1 19 1
2017131592 133 1 19 1
2017131678 133 1 19 1
2017131764 133 1 19 1
2017131850 133 1 19 1
2017134683 133 1 19 0
2017139384 133 1 19 1
2017139425 133 1 19 0
2017139450 133 1 19 1
2017139453 133 1 19 0
2017139658 133 1 19 1
2017139741 133 1 19 1
2017139824 133 1 19 1
2017139969 133 1 19 1
2017139990 133 1 19 1
2017140077 133 1 19 1
2017140160 133 1 19 1
2017140243 133 1 19 1
2017140384 133 1 19 1
2017140409 133 1 19 1
2017140492 133 1 19 1
2017140575 133 1 19 1
2017140658 133 1 19 1
2017140745 133 1 19 1
2017140828 133 1 19 1
2017140973 133 1 19 1
2017140994 133 1 19 1
2017141077 133 1 19 1
2017141163 133 1 19 1
2017141243 133 1 19 1
2017141330 133 1 19 1
2017141413 133 1 19 1
2017141574 133 1 19 1
2017141594 133 1 19 1
2017141677 133 1 19 1
2017145129 133 1 19 0
2017149586 133 1 19 1
2017149639 133 1 19 1
2017149752 133 1 19 1
2017149838 133 1 19 1
2017149924 133 1 19 1
2017149975 133 1 19 1
2017150058 133 1 19 1
2017150171 133 1 19 1
2017150257 133 1 19 1
2017150343 133 1 19 1
2017150390 133 1 19 1
2017150507 133 1 19 1
2017150593 133 1 19 1
2017150643 133 1 19 1
2017150726 133 1 19 1
2017150847 133 1 19 1
2017150933 133 1 19 1
2017150975 133 1 19 1
2017151100 133 1 19 1
2017151191 133 1 19 1
2017151228 133 1 19 1
2017151361 133 1 19 1
2017151447 133 1 19 1
2017151477 133 1 19 1
2017151610 133 1 19 1
2017151701 133 1 19 1
2017154338 133 1 19 0
2017157734 133 1 19 1
2017157737 133 1 19 0
2017157823 133 1 19 1
2017157843 133 1 19 1
2017157926 133 1 19 1
2017158034 133 1 19 1
2017158124 133 1 19 1
2017158210 133 1 19 1
2017158296 133 1 19 1
2017158299 133 1 19 0
2017158341 133 1 19 1
2017158344 133 1 19 0
2017158453 133 1 19 1
2017158539 133 1 19 0
2017158542 133 1 19 1
2017158594 133 1 19 1
2017158702 133 1 19 1
2017158788 133 1 19 1
2017158874 133 1 19 1
2017158877 133 1 19 0
2017158926 133 1 19 1
2017158929 133 1 19 0
2019177858 131 1 21 1
2019177944 131 1 21 0
2019177947 131 1 21 1
2019178033 131 1 21 1
2019178123 131 1 21 1
2019178209 131 1 21 1
2019178295 131 1 21 1
2019178381 131 1 21 1
2019178471 131 1 21 1
2019178557 131 1 21 1
2019178643 131 1 21 1
2019178729 131 1 21 1
2019178812 131 1 21 1
2019178902 131 1 21 1
2019178988 131 1 21 1
2019179000 131 1 21 1
2019179083 131 1 21 1
2019179166 131 1 21 1
2019179249 131 1 21 1
2019179332 131 1 21 1
2019179415 131 1 21 1
2019179498 131 1 21 1
2019179581 131 1 21 1
2019179711 131 1 21 1
2019179876 131 1 21 1
2019180030 131 1 21 1
2019180703 131 1 21 0
2019403309 133 1 22 1
2019403427 133 1 22 1
2019403483 133 1 22 1
2019403593 133 1 22 1
2019403657 133 1 22 1
2019403759 133 1 22 1
2019403835 133 1 22 1
2019403925 133 1 22 1
2019404091 133 1 22 1
2019404177 133 1 22 1
2019404263 133 1 22 1
2019404270 133 1 22 1
2019404435 133 1 22 1
2019404448 133 1 22 1
2019404605 133 1 22 1
2019404644 133 1 22 1
2019404709 133 1 22 1
2019404800 133 1 22 1
2019404891 133 1 22 1
2019404978 133 1 22 1
2019405065 133 1 22 1
2019405156 133 1 22 1
2019405243 133 1 22 1
2019405416 133 1 22 1
2019413297 133 1 22 1
2019413311 133 1 22 0
2019413384 133 1 22 1
2019413475 133 1 22 1
2019413562 133 1 22 1
2019413661 133 1 22 1
2019413748 133 1 22 1
2019413835 133 1 22 1
2019413922 133 1 22 1
2019414034 133 1 22 1
2019414096 133 1 22 1
2019414187 133 1 22 1
2019414274 133 1 22 1
2019414365 133 1 22 1
2019414452 133 1 22 1
2019414543 133 1 22 1
2019414630 133 1 22 1
2019414721 133 1 22 1
2019414808 133 1 22 1
2019414899 133 1 22 1
2019414986 133 1 22 1
2019415077 133 1 22 1
2019415243 133 1 22 1
2019415255 133 1 22 1
2019415346 133 1 22 1
2019415441 133 1 22 1
2019419988 133 1 22 0
2019423813 133 1 22 1
2019423899 133 1 22 0
2019423902 133 1 22 1
2019423988 133 1 22 0
2019423991 133 1 22 1
2019424077 133 1 22 1
2019424163 133 1 22 1
2019424249 133 1 22 1
2019424335 133 1 22 1
2019424395 133 1 22 1
2019424564 133 1 22 1
2019424567 133 1 22 1
2019424653 133 1 22 1
2019424739 133 1 22 1
2019424825 133 1 22 1
2019424911 133 1 22 1
2019424997 133 1 22 1
2019425083 133 1 22 1
2019425169 133 1 22 1
2019425255 133 1 22 1
2019425341 133 1 22 1
2019425427 133 1 22 1
2019425513 133 1 22 1
2019425599 133 1 22 1
2019425685 133 1 22 1
2019425771 133 1 22 1
2019425857 133 1 22 1
2019426026 133 1 22 1
2019426112 133 1 22 1
2019428286 133 1 22 0
2019432262 133 1 22 1
2019432348 133 1 22 0
2019432351 133 1 22 1
2019432437 133 1 22 1
2019432523 133 1 22 1
2019432609 133 1 22 1
2019432695 133 1 22 1
2019432781 133 1 22 1
2019432867 133 1 22 1
2019432953 133 1 22 1
2019433039 133 1 22 1
2019433125 133 1 22 1
2019433211 133 1 22 1
2019433297 133 1 22 1
2019433383 133 1 22 1
2019433469 133 1 22 1
2019433555 133 1 22 1
2019433641 133 1 22 1
2019433727 133 1 22 1
2019433813 133 1 22 1
2019433899 133 1 22 1
2019433985 133 1 22 1
2019434071 133 1 22 1
2019434157 133 1 22 1
2019434243 133 1 22 1
2019434329 133 1 22 1
2019434415 133 1 22 1
2019434501 133 1 22 1
2019436101 133 1 22 0
2019441788 133 1 22 1
2019441791 133 1 22 0
2019441960 133 1 22 1
2019441963 133 1 22 0
2019442049 133 1 22 1
2019442135 133 1 22 1
2019442221 133 1 22 1
2019442307 133 1 22 1
2019442393 133 1 22 1
2019442479 133 1 22 1
2019442565 133 1 22 1
2019442651 133 1 22 1
2019442737 133 1 22 1
2019442823 133 1 22 1
2019442909 133 1 22 1
2019442995 133 1 22 1
2019443081 133 1 22 1
2019443167 133 1 22 1
2019443253 133 1 22 1
2019443256 133 1 22 1
2019443346 133 1 22 1
2019443432 133 1 22 1
2019443522 133 1 22 1
2019443608 133 1 22 1
2019443694 133 1 22 1
2019443780 133 1 22 1
2019443870 133 1 22 1
2019443956 133 1 22 1
2019444077 133 1 22 1
2019444163 133 1 22 1
2019445581 133 1 22 0
2019452931 133 1 22 1
2019453017 133 1 22 0
2019453020 133 1 22 1
2019453106 133 1 22 0
2019453109 133 1 22 1
2019453254 133 1 22 1
2019453282 133 1 22 1
2019453368 133 1 22 1
2019453454 133 1 22 1
2019453540 133 1 22 1
2019453626 133 1 22 1
2019453712 133 1 22 1
2019453798 133 1 22 1
2019453884 133 1 22 1
2019453970 133 1 22 1
2019454056 133 1 22 1
2019454142 133 1 22 1
2019454222 133 1 22 1
2019454308 133 1 22 1
2019454394 133 1 22 1
2019454480 133 1 22 1
2019454566 133 1 22 1
2019454652 133 1 22 1
2019454738 133 1 22 1
2019454824 133 1 22 1
2019454910 133 1 22 1
2019454996 133 1 22 1
2019455165 133 1 22 1
2019455238 133 1 22 1
2019455988 133 1 22 0
2019463625 133 1 22 1
2019463628 133 1 22 0
2019463635 133 1 22 1
2019463795 133 1 22 1
2019463881 133 1 22 1
2019463884 133 1 22 1
2019463970 133 1 22 1
2019464056 133 1 22 1
2019464142 133 1 22 1
2019464228 133 1 22 1
2019464314 133 1 22 1
2019464400 133 1 22 1
2019464486 133 1 22 1
2019464572 133 1 22 1
2019464658 133 1 22 1
2019464744 133 1 22 1
2019464830 133 1 22 1
2019464916 133 1 22 1
2019465002 133 1 22 1
2019465088 133 1 22 1
2019465174 133 1 22 1
2019465260 133 1 22 1
2019465346 133 1 22 1
2019465378 133 1 22 1
2019465495 133 1 22 1
2019465581 133 1 22 1
2019465667 133 1 22 1
2019465753 133 1 22 1
2019466483 133 1 22 0
2019474693 133 1 22 1
2019474711 133 1 22 0
2019474776 133 1 22 1
2019474794 133 1 22 0
2019474859 133 1 22 1
2019474881 133 1 22 0
2019474942 133 1 22 1
2019474964 133 1 22 0
2019475025 133 1 22 1
2019475108 133 1 22 1
2019475191 133 1 22 1
2019475289 133 1 22 1
2019475361 133 1 22 1
2019475455 133 1 22 1
2019475551 133 1 22 1
2019475637 133 1 22 1
2019475697 133 1 22 1
2019475829 133 1 22 1
2019475867 133 1 22 1
2019476030 133 1 22 1
2019476033 133 1 22 1
2019476119 133 1 22 1
2019476203 133 1 22 1
2019476286 133 1 22 1
2019476369 133 1 22 1
2019476456 133 1 22 1
2019476539 133 1 22 1
2019476622 133 1 22 1
2019476709 133 1 22 1
2019476828 133 1 22 1
2019476880 133 1 22 1
2019476967 133 1 22 1
2019477050 133 1 22 1
2019477739 133 1 22 0
2019481754 133 1 22 1
2019481818 133 1 22 0
2019481837 133 1 22 1
2019481946 133 1 22 0
2019481949 133 1 22 1
2019482035 133 1 22 0
2019482038 133 1 22 1
2019482124 133 1 22 0
2019482127 133 1 22 1
2019482213 133 1 22 0
2019482216 133 1 22 1
2019482302 133 1 22 1
2019482388 133 1 22 1
2019482474 133 1 22 1
2019482560 133 1 22 1
2019482646 133 1 22 1
2019482732 133 1 22 1
2019482818 133 1 22 1
2019482846 133 1 22 1
2019482932 133 1 22 1
2019483018 133 1 22 1
2019483144 133 1 22 1
2019483165 133 1 22 1
2019483248 133 1 22 1
2019483331 133 1 22 1
2019483414 133 1 22 1
2019483497 133 1 22 1
2019483580 133 1 22 1
2019483663 133 1 22 1
2019483746 133 1 22 1
2019483829 133 1 22 1
2019483912 133 1 22 1
2019484032 133 1 22 1
2019484153 133 1 22 1
2019484210 133 1 22 1
2019484299 133 1 22 1
2019484890 133 1 22 0
2019487411 133 1 22 1
2019487494 133 1 22 1
2019487581 133 1 22 1
2019487664 133 1 22 1
2019487747 133 1 22 1
2019487837 133 1 22 1
2019487917 133 1 22 1
2019488000 133 1 22 1
2019488083 133 1 22 1
2019488166 133 1 22 1
2019488249 133 1 22 1
2019488332 133 1 22 1
2019488415 133 1 22 1
2019488498 133 1 22 1
2019488581 133 1 22 1
2019488664 133 1 22 1
2019488747 133 1 22 1
2019488830 133 1 22 1
2019488913 133 1 22 1
2019489065 133 1 22 1
2019489079 133 1 22 1
2019489162 133 1 22 1
2019489245 133 1 22 1
2019489332 133 1 22 1
2019489415 133 1 22 1
2019491927 133 1 22 0
2019734926 3 0 1 1
2019734970 3 0 1 0
2019735013 3 0 1 1
2019735175 3 0 1 1
2019735183 3 0 1 1
2019735266 3 0 1 1
2019735349 3 0 1 1
2019735436 3 0 1 1
2019735519 3 0 1 1
2019735610 3 0 1 1
2019735693 3 0 1 1
2019735780 3 0 1 1
2019735863 3 0 1 1
2019735946 3 0 1 1
2019736037 3 0 1 1
2019736120 3 0 1 1
2019736203 3 0 1 1
2019736290 3 0 1 1
2019736377 3 0 1 1
2019736460 3 0 1 1
2019736543 3 0 1 1
2019736626 3 0 1 1
2019736709 3 0 1 1
2019736792 3 0 1 1
2019736875 3 0 1 1
2019736958 3 0 1 1
2019737056 3 0 1 1
2019738339 3 0 1 0
2019744409 3 0 1 1
2019744412 3 0 1 0
2019744492 3 0 1 1
2019744575 3 0 1 1
2019744658 3 0 1 1
2019744741 3 0 1 1
2019744824 3 0 1 1
2019744907 3 0 1 1
2019744990 3 0 1 1
2019745073 3 0 1 1
2019745156 3 0 1 1
2019745239 3 0 1 1
2019745322 3 0 1 1
2019745405 3 0 1 1
2019745488 3 0 1 1
2019745571 3 0 1 1
2019745654 3 0 1 1
2019745737 3 0 1 1
2019745820 3 0 1 1
2019745903 3 0 1 1
2019745987 3 0 1 1
2019746069 3 0 1 1
2019746152 3 0 1 1
2019746235 3 0 1 1
2019746318 3 0 1 1
2019746401 3 0 1 1
2019746484 3 0 1 1
2019746567 3 0 1 1
2019749520 3 0 1 0
2019755269 3 0 1 1
2019755346 3 0 1 0
2019755352 3 0 1 1
2019755435 3 0 1 1
2019755518 3 0 1 1
2019755601 3 0 1 1
2019755684 3 0 1 1
2019755767 3 0 1 1
2019755850 3 0 1 1
2019755933 3 0 1 1
2019756016 3 0 1 1
2019756099 3 0 1 1
2019756182 3 0 1 1
2019756265 3 0 1 1
2019756348 3 0 1 1
2019756431 3 0 1 1
2019756514 3 0 1 1
2019756597 3 0 1 1
2019756680 3 0 1 1
2019756763 3 0 1 1
2019756846 3 0 1 1
2019756931 3 0 1 1
2019757012 3 0 1 1
2019757095 3 0 1 1
2019757178 3 0 1 1
2019757261 3 0 1 1
2019757344 3 0 1 1
2019757432 3 0 1 1
2019761243 3 0 1 0
2019764491 3 0 1 1
2019764574 3 0 1 1
2019764657 3 0 1 1
2019764740 3 0 1 1
2019764823 3 0 1 1
2019764906 3 0 1 1
2019764989 3 0 1 1
2019765072 3 0 1 1
2019765155 3 0 1 1
2019765238 3 0 1 1
2019765321 3 0 1 1
2019765404 3 0 1 1
2019765487 3 0 1 1
2019765570 3 0 1 1
2019765653 3 0 1 1
2019765736 3 0 1 1
2019765819 3 0 1 1
2019765902 3 0 1 1
2019765985 3 0 1 1
2019766068 3 0 1 1
2019766151 3 0 1 1
2019766234 3 0 1 1
2019766317 3 0 1 1
2019766400 3 0 1 1
2019766483 3 0 1 1
2019766566 3 0 1 1
2019767598 3 0 1 0
2019776414 132 1 24 1
2019776518 132 1 24 1
2019776530 132 1 24 1
2019776613 132 1 24 1
2019776700 132 1 24 1
2019776836 132 1 24 1
2019776926 132 1 24 1
2019777012 132 1 24 1
2019777098 132 1 24 1
2019777203 132 1 24 1
2019777210 132 1 24 1
2019777297 132 1 24 1
2019777380 132 1 24 1
2019777463 132 1 24 1
2019777619 132 1 24 1
2019777705 132 1 24 1
2019777716 132 1 24 1
2019777803 132 1 24 1
2019777890 132 1 24 1
2019777973 132 1 24 1
2019778056 132 1 24 1
2019778143 132 1 24 1
2019778279 132 1 24 1
2019778313 132 1 24 1
2019778408 132 1 24 1
2019778495 132 1 24 1
2019783742 3 0 1 1
2019783751 3 0 1 0
2019783908 3 0 1 1
2019783917 3 0 1 0
2019783991 3 0 1 1
2019784070 3 0 1 0
2019784074 3 0 1 1
2019784083 3 0 1 0
2019784240 3 0 1 1
2019784249 3 0 1 0
2019784406 3 0 1 1
2019784415 3 0 1 0
2019784489 3 0 1 1
2019784568 3 0 1 0
2019784738 3 0 1 1
2019784747 3 0 1 0
2019784821 3 0 1 1
2019784824 3 0 1 0
2019786650 132 1 24 1
2019786733 132 1 24 1
2019786816 132 1 24 1
2019786903 132 1 24 1
2019786986 132 1 24 1
2019787073 132 1 24 1
2019787163 132 1 24 1
2019787254 132 1 24 1
2019787326 132 1 24 1
2019787409 132 1 24 1
2019787492 132 1 24 1
2019787579 132 1 24 1
2019787666 132 1 24 1
2019787825 132 1 24 1
2019787832 132 1 24 1
2019787915 132 1 24 1
2019788002 132 1 24 1
2019788085 132 1 24 1
2019788172 132 1 24 1
2019788255 132 1 24 1
2019788342 132 1 24 1
2019788458 132 1 24 1
2019788567 132 1 24 1
2019788595 132 1 24 1
2019788678 132 1 24 1
2019796373 132 1 24 1
2019796504 132 1 24 1
2019796543 132 1 24 1
2019796634 132 1 24 1
2019796749 132 1 24 1
2019796835 132 1 24 1
2019796925 132 1 24 1
2019797015 132 1 24 1
2019797053 132 1 24 1
2019797140 132 1 24 1
2019797251 132 1 24 1
2019797380 132 1 24 1
2019797397 132 1 24 1
2019797496 132 1 24 1
2019797563 132 1 24 1
2019797650 132 1 24 1
2019797749 132 1 24 1
2019797816 132 1 24 1
2019797967 132 1 24 1
2019798053 132 1 24 1
2019798143 132 1 24 1
2019798166 132 1 24 1
2019798239 132 1 24 1
2019798326 132 1 24 1
2019798409 132 1 24 1
2019806171 132 1 24 1
2019806319 132 1 24 0
2019806322 132 1 24 1
2019806349 132 1 24 1
2019806432 132 1 24 1
2019806515 132 1 24 1
2019806598 132 1 24 1
2019806686 132 1 24 1
2019806768 132 1 24 1
2019806851 132 1 24 1
2019806966 132 1 24 1
2019807021 132 1 24 1
2019807108 132 1 24 1
2019807191 132 1 24 1
2019807274 132 1 24 1
2019807361 132 1 24 1
2019807493 132 1 24 1
2019807579 132 1 24 1
2019807616 132 1 24 1
2019807734 132 1 24 1
2019807784 132 1 24 1
2019807890 132 1 24 1
2019807977 132 1 24 1
2019808078 132 1 24 1
2019808164 132 1 24 1
2019808211 132 1 24 1
2019808405 132 1 24 1
2019812602 132 1 24 0
2019815862 132 1 24 1
2019815915 132 1 24 0
2019815945 132 1 24 1
2019816032 132 1 24 1
2019816115 132 1 24 1
2019816198 132 1 24 1
2019816318 132 1 24 1
2019816416 132 1 24 1
2019816451 132 1 24 1
2019816538 132 1 24 1
2019816622 132 1 24 1
2019816704 132 1 24 1
2019816787 132 1 24 1
2019816870 132 1 24 1
2019817003 132 1 24 1
2019817036 132 1 24 1
2019817123 132 1 24 1
2019817210 132 1 24 1
2019817293 132 1 24 1
2019817376 132 1 24 1
2019817522 132 1 24 1
2019817542 132 1 24 1
2019817686 132 1 24 1
2019817712 132 1 24 1
2019817795 132 1 24 1
2019817878 132 1 24 1
2019818001 132 1 24 1
2019820893 132 1 24 0
2019824771 132 1 24 1
2019824774 132 1 24 0
2019824860 132 1 24 1
2019824946 132 1 24 1
2019825036 132 1 24 1
2019825122 132 1 24 1
2019825212 132 1 24 1
2019825302 132 1 24 1
2019825396 132 1 24 1
2019825482 132 1 24 1
2019825572 132 1 24 1
2019825662 132 1 24 1
2019825748 132 1 24 1
2019825755 132 1 24 1
2019825845 132 1 24 1
2019825935 132 1 24 1
2019826021 132 1 24 1
2019826111 132 1 24 1
2019826197 132 1 24 1
2019826283 132 1 24 1
2019826373 132 1 24 1
2019826459 132 1 24 1
2019826549 132 1 24 1
2019826635 132 1 24 1
2019826725 132 1 24 1
2019826811 132 1 24 1
2019826901 132 1 24 1
2019826987 132 1 24 1
2019829685 132 1 24 0
2019833637 132 1 24 1
2019833724 132 1 24 1
2019833861 132 1 24 1
2019833898 132 1 24 1
2019833985 132 1 24 1
2019834072 132 1 24 1
2019834155 132 1 24 1
2019834238 132 1 24 1
2019834325 132 1 24 1
2019834452 132 1 24 1
2019834538 132 1 24 1
2019834586 132 1 24 1
2019834673 132 1 24 1
2019834756 132 1 24 1
2019834839 132 1 24 1
2019834926 132 1 24 1
2019835035 132 1 24 1
2019835100 132 1 24 1
2019835187 132 1 24 1
2019835270 132 1 24 1
2019835353 132 1 24 1
2019835436 132 1 24 1
2019835523 132 1 24 1
2019835622 132 1 24 1
2019835753 132 1 24 1
2019838040 132 1 24 0
2019842977 132 1 24 1
2019842980 132 1 24 0
2019843149 132 1 24 1
2019843152 132 1 24 0
2019843238 132 1 24 1
2019843332 132 1 24 1
2019843418 132 1 24 1
2019843504 132 1 24 1
2019843590 132 1 24 1
2019843676 132 1 24 1
2019843762 132 1 24 1
2019843769 132 1 24 1
2019843859 132 1 24 1
2019843945 132 1 24 1
2019844031 132 1 24 1
2019844117 132 1 24 1
2019844207 132 1 24 1
2019844293 132 1 24 1
2019844379 132 1 24 1
2019844465 132 1 24 1
2019844555 132 1 24 1
2019844641 132 1 24 1
2019844731 132 1 24 1
2019844817 132 1 24 1
2019844903 132 1 24 1
2019844968 132 1 24 1
2019845024 132 1 24 1
2019845147 132 1 24 1
2019845233 132 1 24 1
2019845281 132 1 24 1
2019847398 132 1 24 0
2019852072 132 1 24 1
2019852075 132 1 24 0
2019852161 132 1 24 1
2019852247 132 1 24 1
2019852254 132 1 24 1
2019852340 132 1 24 1
2019852426 132 1 24 1
2019852516 132 1 24 1
2019852602 132 1 24 1
2019852688 132 1 24 1
2019852774 132 1 24 1
2019852868 132 1 24 1
2019852954 132 1 24 1
2019853040 132 1 24 1
2019853126 132 1 24 1
2019853212 132 1 24 1
2019853302 132 1 24 1
2019853388 132 1 24 1
2019853474 132 1 24 1
2019853560 132 1 24 1
2019853650 132 1 24 1
2019853736 132 1 24 1
2019853822 132 1 24 1
2019853908 132 1 24 1
2019853998 132 1 24 1
2019854084 132 1 24 1
2019854170 132 1 24 1
2019854256 132 1 24 1
2019856188 132 1 24 0
2019860871 132 1 24 1
2019860878 132 1 24 1
2019860962 132 1 24 1
2019861045 132 1 24 1
2019861131 132 1 24 1
2019861211 132 1 24 1
2019861351 132 1 24 1
2019861441 132 1 24 1
2019861464 132 1 24 1
2019861547 132 1 24 1
2019861651 132 1 24 1
2019861713 132 1 24 1
2019861800 132 1 24 1
2019861911 132 1 24 1
2019861966 132 1 24 1
2019862053 132 1 24 1
2019862171 132 1 24 1
2019862219 132 1 24 1
2019862310 132 1 24 1
2019862431 132 1 24 1
2019862476 132 1 24 1
2019862501 132 1 24 1
2019862596 132 1 24 1
2019862691 132 1 24 1
2019862754 132 1 24 1
2019862841 132 1 24 1
2019862951 132 1 24 1
2019864620 132 1 24 0
2019869784 132 1 24 1
2019869787 132 1 24 0
2019869895 132 1 24 1
2019869898 132 1 24 0
2019869984 132 1 24 1
2019870070 132 1 24 1
2019870156 132 1 24 1
2019870259 132 1 24 1
2019870262 132 1 24 1
2019870348 132 1 24 1
2019870441 132 1 24 1
2019870513 132 1 24 1
2019870623 132 1 24 1
2019870709 132 1 24 1
2019870817 132 1 24 1
2019870849 132 1 24 1
2019870955 132 1 24 1
2019871041 132 1 24 1
2019871102 132 1 24 1
2019871219 132 1 24 1
2019871343 132 1 24 1
2019871363 132 1 24 1
2019871475 132 1 24 1
2019871529 132 1 24 1
2019871612 132 1 24 1
2019871699 132 1 24 1
2019871785 132 1 24 1
2019871881 132 1 24 1
2019871972 132 1 24 1
2019872058 132 1 24 1
2019873544 132 1 24 0
2019878235 132 1 24 1
2019878321 132 1 24 1
2019878407 132 1 24 1
2019878493 132 1 24 1
2019878579 132 1 24 1
2019878665 132 1 24 1
2019878751 132 1 24 1
2019878841 132 1 24 1
2019878927 132 1 24 1
2019879013 132 1 24 1
2019879099 132 1 24 1
2019879185 132 1 24 1
2019879271 132 1 24 1
2019879361 132 1 24 1
2019879447 132 1 24 1
2019879533 132 1 24 1
2019879619 132 1 24 1
2019879705 132 1 24 1
2019879791 132 1 24 1
2019879877 132 1 24 1
2019879880 132 1 24 1
2019879966 132 1 24 1
2019880056 132 1 24 1
2019880142 132 1 24 1
2019880228 132 1 24 1
2019880314 132 1 24 1
2019883220 132 1 24 0
2019931194 129 1 22 1
2019931201 129 1 22 0
2019931291 129 1 22 1
2019931313 129 1 22 1
2019931403 129 1 22 1
2019931493 129 1 22 1
2019931579 129 1 22 1
2019931669 129 1 22 1
2019931759 129 1 22 1
2019931849 129 1 22 1
2019931935 129 1 22 1
2019932021 129 1 22 1
2019932107 129 1 22 1
2019932201 129 1 22 1
2019932291 129 1 22 1
2019932377 129 1 22 1
2019932463 129 1 22 1
2019932553 129 1 22 1
2019932556 129 1 22 1
2019932646 129 1 22 1
2019932732 129 1 22 1
2019932818 129 1 22 1
2019932908 129 1 22 1
2019932994 129 1 22 1
2019933080 129 1 22 1
2019933170 129 1 22 1
2019933260 129 1 22 1
2019933346 129 1 22 1
2019934733 129 1 22 0
2019937854 129 1 22 1
2019937910 129 1 22 1
2019937993 129 1 22 1
2019938076 129 1 22 1
2019938159 129 1 22 1
2019938242 129 1 22 1
2019938325 129 1 22 1
2019938471 129 1 22 1
2019938491 129 1 22 1
2019938574 129 1 22 1
2019938657 129 1 22 1
2019938744 129 1 22 1
2019938827 129 1 22 1
2019938910 129 1 22 1
2019938993 129 1 22 1
2019939106 129 1 22 1
2019939159 129 1 22 1
2019939242 129 1 22 1
2019939325 129 1 22 1
2019939408 129 1 22 1
2019939491 129 1 22 1
2019939574 129 1 22 1
2019939729 129 1 22 1
2019939740 129 1 22 1
2019939823 129 1 22 1
2019939906 129 1 22 1
2019947006 129 1 22 1
2019947096 129 1 22 1
2019947231 129 1 22 1
2019947242 129 1 22 1
2019947328 129 1 22 1
2019947418 129 1 22 1
2019947504 129 1 22 1
2019947594 129 1 22 1
2019947684 129 1 22 1
2019947774 129 1 22 1
2019947876 129 1 22 1
2019947970 129 1 22 1
2019948060 129 1 22 1
2019948154 129 1 22 1
2019948240 129 1 22 1
2019948326 129 1 22 1
2019948412 129 1 22 1
2019948415 129 1 22 1
2019948501 129 1 22 1
2019948587 129 1 22 1
2019948673 129 1 22 1
2019948808 129 1 22 1
2019948894 129 1 22 1
2019948917 129 1 22 1
2019949061 129 1 22 1
2019949147 129 1 22 1
2019956245 129 1 22 1
2019956331 129 1 22 1
2019956421 129 1 22 1
2019956507 129 1 22 1
2019956593 129 1 22 1
2019956683 129 1 22 1
2019956773 129 1 22 1
2019956859 129 1 22 1
2019956945 129 1 22 1
2019957031 129 1 22 1
2019957117 129 1 22 1
2019957203 129 1 22 1
2019957289 129 1 22 1
2019957379 129 1 22 1
2019957465 129 1 22 1
2019957551 129 1 22 1
2019957637 129 1 22 1
2019957723 129 1 22 1
2019957809 129 1 22 1
2019957895 129 1 22 1
2019957981 129 1 22 1
2019958067 129 1 22 1
2019958157 129 1 22 1
2019958243 129 1 22 1
2019958329 129 1 22 1
2019965437 129 1 22 1
2019965523 129 1 22 1
2019965581 129 1 22 1
2019965667 129 1 22 1
2019965747 129 1 22 1
2019965830 129 1 22 1
2019965920 129 1 22 1
2019966064 129 1 22 1
2019966150 129 1 22 1
2019966162 129 1 22 1
2019966248 129 1 22 1
2019966328 129 1 22 1
2019966414 129 1 22 1
2019966494 129 1 22 1
2019966577 129 1 22 1
2019966667 129 1 22 1
2019966757 129 1 22 1
2019966843 129 1 22 1
2019966909 129 1 22 1
2019966999 129 1 22 1
2019967075 129 1 22 1
2019967165 129 1 22 1
2019967318 129 1 22 1
2019967406 129 1 22 1
2019967413 129 1 22 1
2019967572 129 1 22 1
2019969211 134 1 21 1
2019969294 134 1 21 1
2019969377 134 1 21 1
2019969460 134 1 21 1
2019969547 134 1 21 1
2019969630 134 1 21 1
2019969713 134 1 21 1
2019969796 134 1 21 1
2019969879 134 1 21 1
2019970009 134 1 21 1
2019970049 134 1 21 1
2019970132 134 1 21 1
2019970215 134 1 21 1
2019970298 134 1 21 1
2019970318 134 1 21 1
2019970401 134 1 21 1
2019970484 134 1 21 1
2019970567 134 1 21 1
2019970654 134 1 21 1
2019970737 134 1 21 1
2019970820 134 1 21 1
2019970903 134 1 21 1
2019970985 134 1 21 1
2019971096 134 1 21 1
2019971151 134 1 21 1
2019971234 134 1 21 1
2019973429 30 0 1 1
2019973519 30 0 1 1
2019973575 134 1 21 0
2019973605 30 0 1 1
2019973695 30 0 1 1
2019973781 30 0 1 1
2019973871 30 0 1 0
2019973874 30 0 1 1
2019973960 30 0 1 1
2019974050 30 0 1 1
2019974136 30 0 1 0
2019974139 30 0 1 1
2019974225 30 0 1 0
2019974228 30 0 1 1
2019974318 30 0 1 1
2019974404 30 0 1 1
2019974490 30 0 1 1
2019974580 30 0 1 1
2019974658 129 1 22 1
2019974670 30 0 1 1
2019974756 30 0 1 1
2019974781 129 1 22 1
2019974846 30 0 1 1
2019974867 129 1 22 1
2019974907 129 1 22 1
2019974932 30 0 1 1
2019974990 129 1 22 1
2019975018 30 0 1 1
2019975108 30 0 1 1
2019975109 129 1 22 1
2019975194 30 0 1 1
2019975199 129 1 22 1
2019975280 30 0 1 1
2019975285 129 1 22 1
2019975322 129 1 22 1
2019975370 30 0 1 1
2019975445 129 1 22 1
2019975460 30 0 1 1
2019975535 129 1 22 1
2019975546 30 0 1 1
2019975571 129 1 22 1
2019975654 129 1 22 1
2019975768 129 1 22 1
2019975862 129 1 22 1
2019975952 129 1 22 1
2019975968 30 0 1 1
2019975986 129 1 22 1
2019976117 129 1 22 1
2019976203 129 1 22 1
2019976236 30 0 1 1
2019976243 129 1 22 1
2019976326 30 0 1 1
2019976395 129 1 22 1
2019976481 129 1 22 1
2019976567 129 1 22 1
2019976579 129 1 22 1
2019976662 129 1 22 1
2019983423 30 0 1 1
2019983509 30 0 1 1
2019983599 30 0 1 1
2019983723 30 0 1 1
2019983809 30 0 1 1
2019983899 30 0 1 1
2019983985 30 0 1 1
2019984071 30 0 1 1
2019984157 30 0 1 1
2019984164 30 0 1 0
2019984250 30 0 1 1
2019984336 30 0 1 1
2019984422 30 0 1 0
2019984425 30 0 1 1
2019984428 30 0 1 0
2019984514 30 0 1 1
2019984517 30 0 1 0
2019987413 129 1 22 1
2019987499 129 1 22 0
2019987510 129 1 22 1
2019987596 129 1 22 0
2019987599 129 1 22 1
2019987689 129 1 22 0
2019987692 129 1 22 1
2019987778 129 1 22 0
2019987785 129 1 22 1
2019987819 129 1 22 1
2019987966 129 1 22 1
2019987985 129 1 22 1
2019988068 129 1 22 1
2019988211 129 1 22 1
2019988234 129 1 22 1
2019988337 129 1 22 1
2019988423 129 1 22 1
2019988549 129 1 22 1
2019988566 129 1 22 1
2019988666 129 1 22 1
2019988732 129 1 22 1
2019988832 129 1 22 1
2019988898 129 1 22 1
2019989010 129 1 22 1
2019989096 129 1 22 1
2019989147 129 1 22 1
2019989255 129 1 22 1
2019989313 129 1 22 1
2019989421 129 1 22 1
2019989479 129 1 22 1
2019989606 129 1 22 1
2019989761 129 1 22 1
2019989775 129 1 22 1
2019989864 129 1 22 1
2019990860 129 1 22 0
2019997741 129 1 22 1
2019997785 129 1 22 0
2019997824 129 1 22 1
2019997938 129 1 22 0
2019997941 129 1 22 1
2019998032 129 1 22 0
2019998035 129 1 22 1
2019998046 129 1 22 0
2019998089 129 1 22 1
2019998176 129 1 22 1
2019998297 129 1 22 1
2019998383 129 1 22 1
2019998433 129 1 22 1
2019998520 129 1 22 1
2019998625 129 1 22 1
2019998690 129 1 22 1
2019998777 129 1 22 1
2019998874 129 1 22 1
2019998951 129 1 22 1
2019999049 129 1 22 1
2019999202 129 1 22 1
2019999209 129 1 22 1
2019999291 129 1 22 1
2019999455 129 1 22 1
2019999462 129 1 22 1
2019999544 129 1 22 1
2019999631 129 1 22 1
2019999729 129 1 22 1
2019999823 129 1 22 1
2019999884 129 1 22 1
2020000048 129 1 22 1
2020000118 129 1 22 1
2020000726 129 1 22 0
2020007931 129 1 22 1
2020007957 129 1 22 0
2020008014 129 1 22 1
2020008052 129 1 22 0
2020008101 129 1 22 1
2020008143 129 1 22 0
2020008255 129 1 22 1
2020008275 129 1 22 1
2020008358 129 1 22 1
2020008441 129 1 22 1
2020008524 129 1 22 1
2020008655 129 1 22 1
2020008690 129 1 22 1
2020008785 129 1 22 1
2020008856 129 1 22 1
2020008939 129 1 22 1
2020009022 129 1 22 1
2020009105 129 1 22 1
2020009228 129 1 22 1
2020009271 129 1 22 1
2020009406 129 1 22 1
2020009437 129 1 22 1
2020009520 129 1 22 1
2020009603 129 1 22 1
2020009750 129 1 22 1
2020009840 129 1 22 1
2020009852 129 1 22 1
2020010015 129 1 22 1
2020010043 129 1 22 1
2020010138 129 1 22 1
2020010229 129 1 22 1
2020010312 129 1 22 1
2020011298 129 1 22 0
2020017463 129 1 22 1
2020017497 129 1 22 0
2020017546 129 1 22 1
2020017637 129 1 22 0
2020017644 129 1 22 1
2020017667 129 1 22 0
2020017712 129 1 22 1
2020017750 129 1 22 0
2020017850 129 1 22 1
2020017878 129 1 22 1
2020017981 129 1 22 1
2020018044 129 1 22 1
2020018127 129 1 22 1
2020018230 129 1 22 1
2020018321 129 1 22 1
2020018415 129 1 22 1
2020018505 129 1 22 1
2020018595 129 1 22 1
2020018681 129 1 22 1
2020018775 129 1 22 1
2020018828 129 1 22 1
2020018918 129 1 22 1
2020018957 129 1 22 1
2020019059 129 1 22 1
2020019145 129 1 22 1
2020019239 129 1 22 1
2020019289 129 1 22 1
2020019372 129 1 22 1
2020019455 129 1 22 1
2020019538 129 1 22 1
2020019621 129 1 22 1
2020019751 129 1 22 1
2020019913 129 1 22 1
2020019919 129 1 22 1
2020020893 129 1 22 0
2020026220 129 1 22 1
2020026303 129 1 22 1
2020026386 129 1 22 1
2020026469 129 1 22 1
2020026577 129 1 22 1
2020026638 129 1 22 1
2020026718 129 1 22 1
2020026801 129 1 22 1
2020026884 129 1 22 1
2020026967 129 1 22 1
2020027050 129 1 22 1
2020027204 129 1 22 1
2020027216 129 1 22 1
2020027299 129 1 22 1
2020027382 129 1 22 1
2020027465 129 1 22 1
2020027548 129 1 22 1
2020027631 129 1 22 1
2020027714 129 1 22 1
2020027827 129 1 22 1
2020027880 129 1 22 1
2020027963 129 1 22 1
2020028046 129 1 22 1
2020028129 129 1 22 1
2020028212 129 1 22 1
2020028295 129 1 22 1
2020031185 129 1 22 0
2020035512 129 1 22 1
2020035595 129 1 22 1
2020035678 129 1 22 1
2020035761 129 1 22 1
2020035844 129 1 22 1
2020035978 129 1 22 1
2020036010 129 1 22 1
2020036093 129 1 22 1
2020036176 129 1 22 1
2020036259 129 1 22 1
2020036342 129 1 22 1
2020036425 129 1 22 1
2020036508 129 1 22 1
2020036605 129 1 22 1
2020036674 129 1 22 1
2020036757 129 1 22 1
2020036840 129 1 22 1
2020036923 129 1 22 1
2020037006 129 1 22 1
2020037089 129 1 22 1
2020037236 129 1 22 1
2020037259 129 1 22 1
2020037342 129 1 22 1
2020037425 129 1 22 1
2020037508 129 1 22 1
2020037591 129 1 22 1
2020040232 129 1 22 0
2020044568 129 1 22 1
2020044571 129 1 22 0
2020045081 129 1 22 1
2020045129 129 1 22 0
2020045164 129 1 22 1
2020045212 129 1 22 0
2020045251 129 1 22 1
2020045295 129 1 22 0
2020045386 129 1 22 1
2020045389 129 1 22 0
2020045417 129 1 22 1
2020045461 129 1 22 0
2020045504 129 1 22 1
2020045587 129 1 22 1
2020045670 129 1 22 1
2020045753 129 1 22 1
2020045844 129 1 22 1
2020046010 129 1 22 1
2020046021 129 1 22 1
2020046093 129 1 22 1
2020046180 129 1 22 1
2020046263 129 1 22 1
2020046350 129 1 22 1
2020046433 129 1 22 1
2020046520 129 1 22 1
2020046641 129 1 22 1
2020046686 129 1 22 1
2020046773 129 1 22 1
2020046856 129 1 22 1
2020046943 129 1 22 1
2020047026 129 1 22 1
2020047109 129 1 22 1
2020047215 129 1 22 1
2020047340 129 1 22 1
2020047381 129 1 22 1
2020047464 129 1 22 1
2020047551 129 1 22 1
2020049611 129 1 22 0
2020056970 129 1 22 1
2020056991 129 1 22 0
2020057053 129 1 22 1
2020057074 129 1 22 0
2020057136 129 1 22 1
2020057157 129 1 22 0
2020057219 129 1 22 1
2020057240 129 1 22 0
2020057302 129 1 22 1
2020057323 129 1 22 0
2020057444 129 1 22 1
2020057451 129 1 22 0
2020057476 129 1 22 1
2020057563 129 1 22 1
2020057654 129 1 22 1
2020057737 129 1 22 1
2020057820 129 1 22 1
2020057903 129 1 22 1
2020057986 129 1 22 1
2020058076 129 1 22 1
2020058152 129 1 22 1
2020058235 129 1 22 1
2020058318 129 1 22 1
2020058401 129 1 22 1
2020058487 129 1 22 1
2020058567 129 1 22 1
2020058702 129 1 22 1
2020058733 129 1 22 1
2020058820 129 1 22 1
2020058903 129 1 22 1
2020058986 129 1 22 1
2020059077 129 1 22 1
2020059160 129 1 22 1
2020059325 129 1 22 1
2020059336 129 1 22 1
2020059409 129 1 22 1
2020059492 129 1 22 1
2020059981 129 1 22 0
2020067055 131 1 22 1
2020067149 131 1 22 1
2020067243 131 1 22 1
2020067333 131 1 22 1
2020067427 131 1 22 1
2020067442 131 1 22 1
2020067536 131 1 22 1
2020067622 131 1 22 1
2020067716 131 1 22 1
2020067802 131 1 22 1
2020067892 131 1 22 1
2020067978 131 1 22 1
2020068076 131 1 22 1
2020068170 131 1 22 1
2020068256 131 1 22 1
2020068267 131 1 22 1
2020068357 131 1 22 1
2020068451 131 1 22 1
2020068541 131 1 22 1
2020068635 131 1 22 1
2020068729 131 1 22 1
2020068815 131 1 22 1
2020068909 131 1 22 1
2020068995 131 1 22 1
2020069002 131 1 22 1
2020069092 131 1 22 1
2020076199 131 1 22 1
2020076285 131 1 22 1
2020076371 131 1 22 1
2020076457 131 1 22 1
2020076543 131 1 22 1
2020076629 131 1 22 1
2020076715 131 1 22 1
2020076791 129 1 22 1
2020076794 129 1 22 0
2020076801 131 1 22 1
2020076880 129 1 22 1
2020076883 129 1 22 0
2020076887 131 1 22 1
2020076973 129 1 22 1
2020076973 131 1 22 1
2020076976 129 1 22 0
2020076983 129 1 22 1
2020077059 131 1 22 1
2020077069 129 1 22 1
2020077145 131 1 22 1
2020077159 129 1 22 1
2020077231 131 1 22 1
2020077249 129 1 22 1
2020077317 131 1 22 1
2020077339 129 1 22 1
2020077403 131 1 22 1
2020077425 129 1 22 1
2020077489 131 1 22 1
2020077511 129 1 22 1
2020077575 131 1 22 1
2020077605 129 1 22 1
2020077661 131 1 22 1
2020077695 129 1 22 1
2020077747 131 1 22 1
2020077781 129 1 22 1
2020077833 131 1 22 1
2020077867 129 1 22 1
2020077919 131 1 22 1
2020077953 129 1 22 1
2020078005 131 1 22 1
2020078043 129 1 22 1
2020078091 131 1 22 1
2020078137 129 1 22 1
2020078181 131 1 22 1
2020078223 129 1 22 1
2020078230 129 1 22 1
2020078267 131 1 22 1
2020078320 129 1 22 1
2020078406 129 1 22 1
2020078496 129 1 22 1
2020078582 129 1 22 1
2020078672 129 1 22 1
2020078762 129 1 22 1
2020078852 129 1 22 1
2020078942 129 1 22 1
2020079028 129 1 22 1
2020079118 129 1 22 1
2020080066 129 1 22 0
2020082240 129 1 22 1
2020082326 129 1 22 1
2020082420 129 1 22 1
2020082510 129 1 22 1
2020082596 129 1 22 1
2020082682 129 1 22 1
2020082768 129 1 22 1
2020082866 129 1 22 1
2020082952 129 1 22 1
2020083038 129 1 22 1
2020083128 129 1 22 1
2020083214 129 1 22 1
2020083300 129 1 22 1
2020083390 129 1 22 1
2020083484 129 1 22 1
2020083574 129 1 22 1
2020083660 129 1 22 1
2020083746 129 1 22 1
2020083757 129 1 22 1
2020083843 129 1 22 1
2020083933 129 1 22 1
2020084019 129 1 22 1
2020084113 129 1 22 1
2020084116 129 1 22 1
2020084206 129 1 22 1
2020084292 129 1 22 1
2020086317 129 1 22 0
2020087219 131 1 22 1
2020087305 131 1 22 0
2020087308 131 1 22 1
2020087394 131 1 22 1
2020087480 131 1 22 1
2020087566 131 1 22 1
2020087656 131 1 22 1
2020087742 131 1 22 1
2020087828 131 1 22 1
2020087914 131 1 22 1
2020088000 131 1 22 1
2020088086 131 1 22 1
2020088172 131 1 22 1
2020088258 131 1 22 1
2020088344 131 1 22 1
2020088430 131 1 22 1
2020088516 131 1 22 1
2020088606 131 1 22 1
2020088692 131 1 22 1
2020088778 131 1 22 1
2020088785 131 1 22 1
2020088942 131 1 22 1
2020089028 131 1 22 1
2020089114 131 1 22 1
2020089200 131 1 22 1
2020089286 131 1 22 1
2020089372 131 1 22 1
2020089458 131 1 22 1
2020090797 131 1 22 0
2020100268 131 1 22 1
2020100271 131 1 22 0
2020100357 131 1 22 1
2020100443 131 1 22 1
2020100529 131 1 22 1
2020100615 131 1 22 1
2020100701 131 1 22 1
2020100728 131 1 22 1
2020100814 131 1 22 1
2020100900 131 1 22 1
2020100986 131 1 22 1
2020101072 131 1 22 1
2020101158 131 1 22 1
2020101244 131 1 22 1
2020101334 131 1 22 1
2020101420 131 1 22 1
2020101506 131 1 22 1
2020101596 131 1 22 1
2020101682 131 1 22 1
2020101768 131 1 22 1
2020101854 131 1 22 1
2020101940 131 1 22 1
2020102109 131 1 22 1
2020102112 131 1 22 1
2020102198 131 1 22 1
2020102284 131 1 22 1
2020102370 131 1 22 1
2020104714 131 1 22 0
2020257489 128 1 19 1
2020257575 128 1 19 0
2020257578 128 1 19 1
2020257629 128 1 19 0
2020257740 128 1 19 1
2020257743 128 1 19 0
2020257746 128 1 19 1
2020257799 128 1 19 0
2020257907 128 1 19 1
2020257914 128 1 19 1
2020257965 128 1 19 0
2020258074 128 1 19 1
2020258077 128 1 19 0
2020258080 128 1 19 1
2020258139 128 1 19 0
2020258157 128 1 19 1
2020258160 128 1 19 0
2020261474 128 1 19 1
2020261488 128 1 19 0
2020261581 128 1 19 1
2020261584 128 1 19 0
2020261640 128 1 19 1
2020261748 128 1 19 0
2020261751 128 1 19 1
2020261758 128 1 19 0
2020261806 128 1 19 1
2020261809 128 1 19 0
2020262644 128 1 19 1
2020262750 128 1 19 0
2020262753 128 1 19 1
2020262773 128 1 19 0
2020262810 128 1 19 1
2020262917 128 1 19 0
2020262924 128 1 19 1
2020262939 128 1 19 0
2020262976 128 1 19 1
2020263084 128 1 19 0
2020263087 128 1 19 1
2020263113 128 1 19 0
2020263142 128 1 19 1
2020263196 128 1 19 0
2020263296 128 1 19 1
2020263299 128 1 19 0
2020263308 128 1 19 1
2020263439 128 1 19 0
2020263442 128 1 19 1
2020263528 128 1 19 0
2020263539 128 1 19 1
2020263542 128 1 19 0
2020263644 128 1 19 1
2020263661 128 1 19 1
2020263810 128 1 19 0
2020263834 128 1 19 1
2020263888 128 1 19 0
2020263917 128 1 19 1
2020263971 128 1 19 0
2020264063 128 1 19 1
2020264070 128 1 19 0
2020264083 128 1 19 1
2020264145 128 1 19 0
2020264668 128 1 19 1
2020264754 128 1 19 0
2020264836 128 1 19 1
2020264839 128 1 19 0
2020270289 128 1 19 1
2020270421 128 1 19 0
2020841002 128 1 20 1
2020841093 128 1 20 0
2020841096 128 1 20 1
2020841099 128 1 20 0
2020841147 128 1 20 1
2020841263 128 1 20 1
2020841362 128 1 20 1
2020841448 128 1 20 1
2020841487 128 1 20 1
2020841619 128 1 20 1
2020841710 128 1 20 1
2020841752 128 1 20 1
2020841888 128 1 20 1
2020842002 128 1 20 1
2020842009 128 1 20 1
2020842092 128 1 20 1
2020842183 128 1 20 1
2020842266 128 1 20 1
2020842353 128 1 20 1
2020842436 128 1 20 1
2020842527 128 1 20 1
2020842614 128 1 20 1
2020842701 128 1 20 1
2020842788 128 1 20 1
2020842871 128 1 20 1
2020842958 128 1 20 1
2020843041 128 1 20 1
2020843179 128 1 20 1
2020844983 128 1 20 0
2020850815 8 0 1 1
2020850898 8 0 1 1
2020850981 8 0 1 1
2020851064 8 0 1 1
2020851147 8 0 1 1
2020851230 8 0 1 1
2020851313 8 0 1 1
2020851396 8 0 1 1
2020851479 8 0 1 1
2020851562 8 0 1 1
2020851645 8 0 1 1
2020851728 8 0 1 1
2020851811 8 0 1 1
2020851894 8 0 1 1
2020851977 8 0 1 1
2020852060 8 0 1 1
2020852143 8 0 1 1
2020852226 8 0 1 1
2020852309 8 0 1 1
2020852392 8 0 1 1
2020852475 8 0 1 1
2020852558 8 0 1 1
2020852645 8 0 1 1
2020852728 8 0 1 1
2020852811 8 0 1 1
2020852894 8 0 1 1
2020856677 8 0 1 0
2020865222 128 1 20 1
2020865225 128 1 20 0
2020865394 128 1 20 1
2020865484 128 1 20 1
2020865487 128 1 20 1
2020865629 8 0 1 1
2020865634 8 0 1 0
2020865656 128 1 20 1
2020865712 8 0 1 1
2020865733 8 0 1 0
2020865742 128 1 20 1
2020865832 128 1 20 1
2020865862 8 0 1 1
2020865865 8 0 1 0
2020865878 8 0 1 1
2020865922 128 1 20 1
2020865964 8 0 1 1
2020866008 128 1 20 1
2020866044 8 0 1 1
2020866078 8 0 1 0
2020866094 128 1 20 1
2020866127 8 0 1 1
2020866180 128 1 20 1
2020866210 8 0 1 1
2020866266 128 1 20 1
2020866293 8 0 1 1
2020866356 128 1 20 1
2020866376 8 0 1 1
2020866446 128 1 20 1
2020866459 8 0 1 1
2020866532 128 1 20 1
2020866542 8 0 1 1
2020866618 128 1 20 1
2020866625 8 0 1 1
2020866708 8 0 1 1
2020866708 128 1 20 1
2020866791 8 0 1 1
2020866794 128 1 20 1
2020866874 8 0 1 1
2020866884 128 1 20 1
2020866957 8 0 1 1
2020866970 128 1 20 1
2020867040 8 0 1 1
2020867056 128 1 20 1
2020867123 8 0 1 1
2020867142 128 1 20 1
2020867206 8 0 1 1
2020867228 128 1 20 1
2020867289 8 0 1 1
2020867318 128 1 20 1
2020867372 8 0 1 1
2020867404 128 1 20 1
2020867455 8 0 1 1
2020867490 128 1 20 1
2020867538 8 0 1 1
2020867621 8 0 1 1
2020867704 8 0 1 1
2020867787 8 0 1 1
2020867870 8 0 1 1
2020867957 8 0 1 1
2020868164 8 0 1 1
2020868226 128 1 20 0
2020869861 8 0 1 0
2020873966 128 1 20 1
2020873979 128 1 20 0
2020874148 128 1 20 1
2020874266 128 1 20 0
2020874269 128 1 20 1
2020874326 128 1 20 1
2020874443 128 1 20 0
2020874446 128 1 20 1
2020874496 128 1 20 1
2020874611 128 1 20 1
2020874674 128 1 20 1
2020874791 128 1 20 1
2020874877 128 1 20 1
2020874963 128 1 20 1
2020875026 128 1 20 1
2020875131 128 1 20 1
2020875204 128 1 20 1
2020875298 128 1 20 1
2020875378 128 1 20 1
2020875479 128 1 20 1
2020875560 128 1 20 1
2020875647 128 1 20 1
2020875819 128 1 20 1
2020875825 128 1 20 1
2020875988 128 1 20 1
2020875995 128 1 20 1
2020876167 128 1 20 1
2020876173 128 1 20 1
2020876352 128 1 20 1
2020876529 128 1 20 1
2020876877 128 1 20 0
2020877528 8 0 1 1
2020877611 8 0 1 1
2020877694 8 0 1 1
2020877777 8 0 1 1
2020877860 8 0 1 1
2020877943 8 0 1 1
2020878026 8 0 1 1
2020878188 8 0 1 1
2020878192 8 0 1 1
2020878275 8 0 1 1
2020878358 8 0 1 1
2020878441 8 0 1 1
2020878524 8 0 1 1
2020878607 8 0 1 1
2020878692 8 0 1 1
2020878754 8 0 1 0
2020878773 8 0 1 1
2020878856 8 0 1 1
2020878924 8 0 1 0
2020878939 8 0 1 1
2020878991 8 0 1 0
2020879022 8 0 1 1
2020879094 8 0 1 0
2020879105 8 0 1 1
2020879161 8 0 1 0
2021634544 135 1 20 1
2021634634 135 1 20 1
2021634720 135 1 20 1
2021634806 135 1 20 1
2021634892 135 1 20 1
2021634982 135 1 20 1
2021635068 135 1 20 1
2021635158 135 1 20 1
2021635244 135 1 20 1
2021635334 135 1 20 1
2021635420 135 1 20 1
2021635510 135 1 20 1
2021635596 135 1 20 1
2021635686 135 1 20 1
2021635772 135 1 20 1
2021635858 135 1 20 1
2021635952 135 1 20 1
2021636042 135 1 20 1
2021636132 135 1 20 1
2021636226 135 1 20 1
2021636312 135 1 20 1
2021636398 135 1 20 1
2021636401 135 1 20 1
2021636570 135 1 20 1
2021636577 135 1 20 1
2021640383 135 1 20 0
2021643857 135 1 20 1
2021643947 135 1 20 1
2021644033 135 1 20 1
2021644123 135 1 20 1
2021644209 135 1 20 1
2021644295 135 1 20 1
2021644385 135 1 20 1
2021644471 135 1 20 1
2021644561 135 1 20 1
2021644647 135 1 20 1
2021644737 135 1 20 1
2021644823 135 1 20 1
2021644913 135 1 20 1
2021644999 135 1 20 1
2021645089 135 1 20 1
2021645092 135 1 20 1
2021645182 135 1 20 1
2021645268 135 1 20 1
2021645354 135 1 20 1
2021645440 135 1 20 1
2021645530 135 1 20 1
2021645620 135 1 20 1
2021645706 135 1 20 1
2021645792 135 1 20 1
2021645882 135 1 20 1
2021645968 135 1 20 1
2021650018 135 1 20 0
2021655274 135 1 20 1
2021655277 135 1 20 0
2021655363 135 1 20 1
2021655366 135 1 20 0
2021655452 135 1 20 1
2021655455 135 1 20 0
2021655541 135 1 20 1
2021655544 135 1 20 1
2021655638 135 1 20 1
2021655724 135 1 20 1
2021655810 135 1 20 1
2021655896 135 1 20 1
2021655982 135 1 20 1
2021656068 135 1 20 1
2021656158 135 1 20 1
2021656244 135 1 20 1
2021656330 135 1 20 1
2021656439 135 1 20 1
2021656525 135 1 20 1
2021656611 135 1 20 1
2021656697 135 1 20 1
2021656783 135 1 20 1
2021656869 135 1 20 1
2021656876 135 1 20 1
2021656966 135 1 20 1
2021657052 135 1 20 1
2021657138 135 1 20 1
2021657224 135 1 20 1
2021657310 135 1 20 1
2021657396 135 1 20 1
2021657482 135 1 20 1
2021657572 135 1 20 1
2021657658 135 1 20 1
2021658665 135 1 20 0
2021665863 135 1 20 1
2021665949 135 1 20 0
2021665952 135 1 20 1
2021665955 135 1 20 0
2021666041 135 1 20 1
2021666044 135 1 20 0
2021666130 135 1 20 1
2021666133 135 1 20 0
2021666219 135 1 20 1
2021666222 135 1 20 0
2021666308 135 1 20 1
2021666394 135 1 20 1
2021666401 135 1 20 1
2021666487 135 1 20 1
2021666573 135 1 20 1
2021666663 135 1 20 1
2021666749 135 1 20 1
2021666835 135 1 20 1
2021666921 135 1 20 1
2021667007 135 1 20 1
2021667093 135 1 20 1
2021667179 135 1 20 1
2021667269 135 1 20 1
2021667355 135 1 20 1
2021667441 135 1 20 1
2021667527 135 1 20 1
2021667613 135 1 20 1
2021667699 135 1 20 1
2021667785 135 1 20 1
2021667871 135 1 20 1
2021667965 135 1 20 1
2021668051 135 1 20 1
2021668137 135 1 20 1
2021668223 135 1 20 1
2021668309 135 1 20 1
2021668395 135 1 20 1
2021669252 135 1 20 0
2021675119 135 1 20 1
2021675122 135 1 20 0
2021675212 135 1 20 1
2021675298 135 1 20 1
2021675388 135 1 20 1
2021675478 135 1 20 1
2021675564 135 1 20 1
2021675571 135 1 20 1
2021675661 135 1 20 1
2021675747 135 1 20 1
2021675833 135 1 20 1
2021675919 135 1 20 1
2021676005 135 1 20 1
2021676099 135 1 20 1
2021676189 135 1 20 1
2021676283 135 1 20 1
2021676369 135 1 20 1
2021676463 135 1 20 1
2021676553 135 1 20 1
2021676643 135 1 20 1
2021676654 135 1 20 1
2021676748 135 1 20 1
2021676842 135 1 20 1
2021676932 135 1 20 1
2021677022 135 1 20 1
2021677112 135 1 20 1
2021677210 135 1 20 1
2021677300 135 1 20 1
2021678433 135 1 20 0
2021689473 135 1 20 1
2021689480 135 1 20 0
2021689491 135 1 20 1
2021689577 135 1 20 0
2021689584 135 1 20 1
2021689670 135 1 20 0
2021689677 135 1 20 1
2021689775 135 1 20 1
2021689877 135 1 20 1
2021689971 135 1 20 1
2021690061 135 1 20 1
2021690072 135 1 20 1
2021690166 135 1 20 1
2021690256 135 1 20 1
2021690350 135 1 20 1
2021690444 135 1 20 1
2021690534 135 1 20 1
2021690628 135 1 20 1
2021690726 135 1 20 1
2021690737 135 1 20 1
2021690827 135 1 20 1
2021690925 135 1 20 1
2021691019 135 1 20 1
2021691109 135 1 20 1
2021691203 135 1 20 1
2021691301 135 1 20 1
2021691316 135 1 20 1
2021691406 135 1 20 1
2021691548 135 1 20 1
2021691559 135 1 20 1
2021691740 135 1 20 1
2021691834 135 1 20 1
2021693214 135 1 20 0
2021698196 135 1 20 1
2021698290 135 1 20 1
2021698297 135 1 20 1
2021698383 135 1 20 1
2021698469 135 1 20 1
2021698559 135 1 20 1
2021698649 135 1 20 1
2021698739 135 1 20 1
2021698833 135 1 20 1
2021698919 135 1 20 1
2021699005 135 1 20 1
2021699095 135 1 20 1
2021699185 135 1 20 1
2021699271 135 1 20 1
2021699361 135 1 20 1
2021699451 135 1 20 1
2021699541 135 1 20 1
2021699627 135 1 20 1
2021699717 135 1 20 1
2021699807 135 1 20 1
2021699893 135 1 20 1
2021699900 135 1 20 1
2021699986 135 1 20 1
2021700072 135 1 20 1
2021700166 135 1 20 1
2021700256 135 1 20 1
2021709066 135 1 20 1
2021709152 135 1 20 0
2021709155 135 1 20 1
2021709241 135 1 20 1
2021709327 135 1 20 0
2021709334 135 1 20 1
2021709420 135 1 20 0
2021709423 135 1 20 1
2021709509 135 1 20 1
2021709595 135 1 20 1
2021709681 135 1 20 1
2021709767 135 1 20 1
2021709853 135 1 20 1
2021709943 135 1 20 1
2021710037 135 1 20 1
2021710550 135 1 20 1
2021710640 135 1 20 1
2021710900 135 1 20 0
2021715980 135 1 20 1
2021716153 135 1 20 0
2022170621 130 1 19 1
2022170707 130 1 19 1
2022170710 130 1 19 0
2022170796 130 1 19 1
2022170882 130 1 19 1
2022170968 130 1 19 1
2022171054 130 1 19 1
2022171141 130 1 19 1
2022171227 130 1 19 1
2022171313 130 1 19 1
2022171399 130 1 19 1
2022171485 130 1 19 1
2022171499 130 1 19 1
2022171623 130 1 19 1
2022171725 130 1 19 1
2022171815 130 1 19 1
2022171835 130 1 19 1
2022171951 130 1 19 1
2022172037 130 1 19 1
2022172123 130 1 19 1
2022172167 130 1 19 1
2022172279 130 1 19 1
2022172365 130 1 19 1
2022172420 130 1 19 1
2022172506 130 1 19 1
2022172592 130 1 19 1
2022172678 130 1 19 1
2022172854 130 1 19 1
2022172940 130 1 19 1
2022175931 130 1 19 0
2022180540 130 1 19 1
2022180626 130 1 19 1
2022180712 130 1 19 1
2022180798 130 1 19 1
2022180884 130 1 19 1
2022180971 130 1 19 1
2022181017 130 1 19 1
2022181135 130 1 19 1
2022181183 130 1 19 1
2022181299 130 1 19 1
2022181349 130 1 19 1
2022181463 130 1 19 1
2022181515 130 1 19 1
2022181633 130 1 19 1
2022181681 130 1 19 1
2022181791 130 1 19 1
2022181851 130 1 19 1
2022181955 130 1 19 1
2022182017 130 1 19 1
2022182119 130 1 19 1
2022182183 130 1 19 1
2022182289 130 1 19 1
2022182349 130 1 19 1
2022182447 130 1 19 1
2022182515 130 1 19 1
2022182611 130 1 19 1
2022184423 130 1 19 0
2022188766 130 1 19 1
2022188854 130 1 19 1
2022188932 130 1 19 1
2022189040 130 1 19 1
2022189098 130 1 19 1
2022189204 130 1 19 1
2022189264 130 1 19 1
2022189379 130 1 19 1
2022189465 130 1 19 1
2022189551 130 1 19 1
2022189637 130 1 19 1
2022189723 130 1 19 1
2022189809 130 1 19 1
2022189899 130 1 19 1
2022189985 130 1 19 1
2022190087 130 1 19 1
2022190173 130 1 19 1
2022190263 130 1 19 1
2022190268 130 1 19 1
2022190433 130 1 19 1
2022190436 130 1 19 1
2022190517 130 1 19 1
2022190604 130 1 19 1
2022190683 130 1 19 1
2022190787 130 1 19 1
2022190849 130 1 19 1
2022192704 130 1 19 0
2022198130 130 1 19 1
2022198137 130 1 19 0
2022198549 130 1 19 1
2022198640 130 1 19 0
2022222922 134 1 21 1
2022223012 134 1 21 0
2022223015 134 1 21 1
2022223105 134 1 21 0
2022223112 134 1 21 1
2022223202 134 1 21 1
2022223292 134 1 21 1
2022223390 134 1 21 1
2022223480 134 1 21 1
2022223570 134 1 21 1
2022223664 134 1 21 1
2022223750 134 1 21 1
2022223844 134 1 21 1
2022223855 134 1 21 1
2022223941 134 1 21 1
2022224039 134 1 21 1
2022224125 134 1 21 1
2022224215 134 1 21 1
2022224309 134 1 21 1
2022224395 134 1 21 1
2022224493 134 1 21 1
2022224579 134 1 21 1
2022224673 134 1 21 1
2022224767 134 1 21 1
2022224853 134 1 21 1
2022224951 134 1 21 1
2022224954 134 1 21 1
2022225123 134 1 21 1
2022225221 134 1 21 1
2022226703 134 1 21 0
2022232044 134 1 21 1
2022232138 134 1 21 0
2022232145 134 1 21 1
2022232235 134 1 21 0
2022232246 134 1 21 1
2022232336 134 1 21 1
2022232351 134 1 21 1
2022232449 134 1 21 1
2022232539 134 1 21 1
2022232637 134 1 21 1
2022232727 134 1 21 1
2022232821 134 1 21 1
2022232915 134 1 21 1
2022232934 134 1 21 1
2022233024 134 1 21 1
2022233118 134 1 21 1
2022233212 134 1 21 1
2022233298 134 1 21 1
2022233396 134 1 21 1
2022233486 134 1 21 1
2022233576 134 1 21 1
2022233678 134 1 21 1
2022233776 134 1 21 1
2022233783 134 1 21 1
2022233869 134 1 21 1
2022233963 134 1 21 1
2022234049 134 1 21 1
2022234147 134 1 21 1
2022234237 134 1 21 1
2022234339 134 1 21 1
2022235967 134 1 21 0
2022236491 133 1 19 1
2022236498 133 1 19 0
2022236584 133 1 19 1
2022236674 133 1 19 1
2022236681 133 1 19 0
2022236684 133 1 19 1
2022236698 133 1 19 0
2022236818 133 1 19 1
2022236849 133 1 19 1
2022236932 133 1 19 1
2022237067 133 1 19 1
2022237098 133 1 19 1
2022237188 133 1 19 1
2022237274 133 1 19 1
2022237360 133 1 19 1
2022237446 133 1 19 1
2022237532 133 1 19 1
2022237683 133 1 19 1
2022237711 133 1 19 1
2022237857 133 1 19 1
2022237877 133 1 19 1
2022238019 133 1 19 1
2022238043 133 1 19 1
2022238185 133 1 19 1
2022238209 133 1 19 1
2022238347 133 1 19 1
2022238375 133 1 19 1
2022238517 133 1 19 1
2022238549 133 1 19 1
2022238679 133 1 19 1
2022238845 133 1 19 1
2022238856 133 1 19 1
2022239916 133 1 19 0
2022240756 134 1 21 1
2022240759 134 1 21 0
2022240853 134 1 21 1
2022240939 134 1 21 1
2022241037 134 1 21 1
2022241048 134 1 21 1
2022241138 134 1 21 1
2022241257 134 1 21 1
2022241347 134 1 21 1
2022241445 134 1 21 1
2022241535 134 1 21 1
2022241621 134 1 21 1
2022241711 134 1 21 1
2022241805 134 1 21 1
2022241816 134 1 21 1
2022241906 134 1 21 1
2022241996 134 1 21 1
2022242090 134 1 21 1
2022242180 134 1 21 1
2022242274 134 1 21 1
2022242360 134 1 21 1
2022242458 134 1 21 1
2022242548 134 1 21 1
2022242634 134 1 21 1
2022242728 134 1 21 1
2022242822 134 1 21 1
2022242879 134 1 21 1
2022242969 134 1 21 1
2022244616 134 1 21 0
2022249584 134 1 21 1
2022249591 134 1 21 0
2022249594 134 1 21 1
2022249680 134 1 21 0
2022249687 134 1 21 1
2022249773 134 1 21 1
2022249859 134 1 21 1
2022249949 134 1 21 1
2022250039 134 1 21 1
2022250129 134 1 21 1
2022250223 134 1 21 1
2022250313 134 1 21 1
2022250399 134 1 21 1
2022250489 134 1 21 1
2022250579 134 1 21 1
2022250665 134 1 21 1
2022250763 134 1 21 1
2022250849 134 1 21 1
2022250856 134 1 21 1
2022250950 134 1 21 1
2022251040 134 1 21 1
2022251126 134 1 21 1
2022251220 134 1 21 1
2022251306 134 1 21 1
2022251396 134 1 21 1
2022251486 134 1 21 1
2022251572 134 1 21 1
2022251666 134 1 21 1
2022251839 134 1 21 1
2022253313 134 1 21 0
2022256841 130 1 20 1
2022256898 130 1 20 0
2022256924 130 1 20 1
2022257027 130 1 20 1
2022257090 130 1 20 1
2022257256 130 1 20 1
2022257259 130 1 20 1
2022257345 130 1 20 1
2022257422 130 1 20 1
2022257525 130 1 20 1
2022257588 130 1 20 1
2022257671 130 1 20 1
2022257827 130 1 20 1
2022257837 130 1 20 1
2022257920 130 1 20 1
2022258026 130 1 20 1
2022258086 130 1 20 1
2022258183 130 1 20 1
2022258275 130 1 20 1
2022258335 130 1 20 1
2022258418 130 1 20 1
2022258524 130 1 20 1
2022258584 130 1 20 1
2022258667 130 1 20 1
2022258773 130 1 20 1
2022258833 130 1 20 1
2022258916 130 1 20 1
2022259022 130 1 20 1
2022259171 134 1 21 1
2022259174 134 1 21 0
2022259260 134 1 21 1
2022259346 134 1 21 1
2022259432 134 1 21 1
2022259518 134 1 21 1
2022259612 134 1 21 1
2022259698 134 1 21 1
2022259705 134 1 21 1
2022259791 134 1 21 1
2022259881 134 1 21 1
2022259967 134 1 21 1
2022260053 134 1 21 1
2022260143 134 1 21 1
2022260229 134 1 21 1
2022260319 134 1 21 1
2022260409 134 1 21 1
2022260475 133 1 21 1
2022260484 133 1 21 1
2022260495 134 1 21 1
2022260567 133 1 21 1
2022260569 130 1 20 0
2022260585 134 1 21 1
2022260650 133 1 21 1
2022260671 134 1 21 1
2022260733 133 1 21 1
2022260757 134 1 21 1
2022260816 133 1 21 1
2022260851 134 1 21 1
2022260903 133 1 21 1
2022260937 134 1 21 1
2022260986 133 1 21 1
2022261027 134 1 21 1
2022261069 133 1 21 1
2022261113 134 1 21 1
2022261171 133 1 21 1
2022261199 134 1 21 1
2022261235 133 1 21 1
2022261289 134 1 21 1
2022261318 133 1 21 1
2022261379 134 1 21 1
2022261401 133 1 21 1
2022261484 133 1 21 1
2022261567 133 1 21 1
2022261699 133 1 21 1
2022261737 133 1 21 1
2022261873 133 1 21 1
2022261903 133 1 21 1
2022261986 133 1 21 1
2022262069 133 1 21 1
2022262152 133 1 21 1
2022262235 133 1 21 1
2022262399 133 1 21 1
2022262406 133 1 21 1
2022262488 133 1 21 1
2022263896 134 1 21 0
2022265733 130 1 20 1
2022265795 130 1 20 0
2022265809 130 1 20 1
2022265922 130 1 20 0
2022265929 130 1 20 1
2022265975 130 1 20 1
2022266111 130 1 20 1
2022266141 130 1 20 1
2022266224 130 1 20 1
2022266337 130 1 20 1
2022266390 130 1 20 1
2022266526 130 1 20 1
2022266612 130 1 20 1
2022266639 130 1 20 1
2022266778 130 1 20 1
2022266805 130 1 20 1
2022266944 130 1 20 1
2022266971 130 1 20 1
2022267093 130 1 20 1
2022267137 130 1 20 1
2022267282 130 1 20 1
2022267303 130 1 20 1
2022267457 130 1 20 1
2022267551 130 1 20 1
2022267554 130 1 20 1
2022267694 130 1 20 1
2022267718 130 1 20 1
2022267862 130 1 20 1
2022267884 130 1 20 1
2022268071 130 1 20 1
2022268153 134 1 21 1
2022268239 134 1 21 0
2022268242 134 1 21 1
2022268328 134 1 21 1
2022268414 134 1 21 1
2022268500 134 1 21 1
2022268586 134 1 21 1
2022268672 134 1 21 1
2022268758 134 1 21 1
2022268844 134 1 21 1
2022268930 134 1 21 1
2022269016 134 1 21 1
2022269102 134 1 21 1
2022269188 134 1 21 1
2022269274 134 1 21 1
2022269335 130 1 20 0
2022269360 134 1 21 1
2022269446 134 1 21 1
2022269532 134 1 21 1
2022269574 133 1 21 1
2022269618 134 1 21 1
2022269657 133 1 21 1
2022269704 134 1 21 1
2022269740 133 1 21 1
2022269794 134 1 21 1
2022269823 133 1 21 1
2022269880 134 1 21 1
2022269889 133 1 21 1
2022269966 134 1 21 1
2022269972 133 1 21 1
2022270052 134 1 21 1
2022270055 133 1 21 1
2022270138 133 1 21 1
2022270138 134 1 21 1
2022270221 133 1 21 1
2022270224 134 1 21 1
2022270304 133 1 21 1
2022270310 134 1 21 1
2022270391 133 1 21 1
2022270396 134 1 21 1
2022270474 133 1 21 1
2022270557 133 1 21 1
2022270640 133 1 21 1
2022270723 133 1 21 1
2022270806 133 1 21 1
2022270893 133 1 21 1
2022270976 133 1 21 1
2022271059 133 1 21 1
2022271142 133 1 21 1
2022271225 133 1 21 1
2022271311 133 1 21 1
2022271391 133 1 21 1
2022271474 133 1 21 1
2022271557 133 1 21 1
2022271640 133 1 21 1
2022272451 134 1 21 0
2022275568 130 1 20 1
2022275571 130 1 20 0
2022275574 130 1 20 1
2022275654 130 1 20 1
2022275800 130 1 20 1
2022275886 130 1 20 1
2022275983 130 1 20 1
2022275986 130 1 20 1
2022276149 130 1 20 1
2022276156 130 1 20 1
2022276315 130 1 20 1
2022276318 130 1 20 1
2022276401 130 1 20 1
2022276498 130 1 20 1
2022276567 130 1 20 1
2022276727 130 1 20 1
2022276813 130 1 20 1
2022276816 130 1 20 1
2022276902 130 1 20 1
2022276988 130 1 20 1
2022277045 134 1 21 1
2022277048 134 1 21 0
2022277074 130 1 20 1
2022277134 134 1 21 1
2022277137 134 1 21 0
2022277159 134 1 21 1
2022277227 130 1 20 1
2022277234 130 1 20 1
2022277311 134 1 21 1
2022277314 130 1 20 1
2022277397 130 1 20 1
2022277397 134 1 21 1
2022277408 134 1 21 1
2022277484 130 1 20 1
2022277560 134 1 21 1
2022277574 134 1 21 1
2022277587 130 1 20 1
2022277661 134 1 21 1
2022277673 130 1 20 1
2022277744 134 1 21 1
2022277892 134 1 21 1
2022277914 134 1 21 1
2022277997 134 1 21 1
2022278141 134 1 21 1
2022278231 134 1 21 1
2022278317 134 1 21 1
2022278403 134 1 21 1
2022278416 134 1 21 1
2022278499 134 1 21 1
2022278639 134 1 21 1
2022278669 134 1 21 1
2022278726 133 1 21 1
2022278756 134 1 21 1
2022278813 133 1 21 1
2022278855 134 1 21 1
2022278896 133 1 21 1
2022278941 134 1 21 1
2022278979 133 1 21 1
2022279005 134 1 21 1
2022279084 133 1 21 1
2022279137 134 1 21 1
2022279145 133 1 21 1
2022279171 134 1 21 1
2022279211 130 1 20 0
2022279243 133 1 21 1
2022279311 133 1 21 1
2022279394 133 1 21 1
2022279506 133 1 21 1
2022279596 133 1 21 1
2022279682 133 1 21 1
2022279789 133 1 21 1
2022279879 133 1 21 1
2022279934 134 1 21 0
2022279965 133 1 21 1
2022280035 133 1 21 1
2022280125 133 1 21 1
2022280211 133 1 21 1
2022280297 133 1 21 1
2022280383 133 1 21 1
2022280394 133 1 21 1
2022280484 133 1 21 1
2022280570 133 1 21 1
2022280647 133 1 21 1
2022280730 133 1 21 1
2022286088 130 1 20 1
2022286242 130 1 20 1
2022286249 130 1 20 1
2022286325 130 1 20 0
2022286329 130 1 20 1
2022286392 130 1 20 0
2022286412 130 1 20 1
2022286475 130 1 20 0
2022286495 130 1 20 1
2022286582 130 1 20 0
2022286589 130 1 20 1
2022286592 130 1 20 0
2022286661 130 1 20 1
2022286725 130 1 20 0
2022286744 130 1 20 1
2022286839 130 1 20 0
2022286842 130 1 20 1
2022286928 130 1 20 0
2022286931 130 1 20 1
2022286993 130 1 20 1
2022286996 130 1 20 0
2022287161 130 1 20 1
2022287164 130 1 20 0
2022287341 130 1 20 1
2022287408 130 1 20 1
2022287491 130 1 20 1
2022287574 130 1 20 1
2022287669 130 1 20 1
2022287740 130 1 20 1
2022287816 133 1 21 1
2022287851 130 1 20 1
2022287903 133 1 21 1
2022287941 130 1 20 1
2022287988 133 1 21 1
2022287989 130 1 20 1
2022288072 130 1 20 1
2022288123 133 1 21 1
2022288156 133 1 21 1
2022288167 130 1 20 1
2022288239 133 1 21 1
2022288362 133 1 21 1
2022288416 130 1 20 1
2022288448 133 1 21 1
2022288492 133 1 21 1
2022288494 130 1 20 1
2022288577 130 1 20 1
2022288625 133 1 21 1
2022288666 133 1 21 1
2022288748 130 1 20 1
2022288749 133 1 21 1
2022288838 130 1 20 1
2022288874 133 1 21 1
2022288923 133 1 21 1
2022288997 130 1 20 1
2022289014 130 1 20 1
2022289014 133 1 21 1
2022289097 130 1 20 1
2022289097 133 1 21 1
2022289193 133 1 21 1
2022289246 130 1 20 1
2022289263 130 1 20 1
2022289283 133 1 21 1
2022289346 130 1 20 1
2022289380 133 1 21 1
2022289441 133 1 21 1
2022289524 133 1 21 1
2022289607 133 1 21 1
2022289690 133 1 21 1
2022289781 133 1 21 1
2022289886 130 1 20 0
2022289889 133 1 21 1
2022299892 133 1 21 1
2022299899 133 1 21 0
2022300058 133 1 21 1
2022300065 133 1 21 1
2022300141 133 1 21 1
2022300224 133 1 21 1
2022300390 133 1 21 1
2022300393 133 1 21 1
2022300473 133 1 21 1
2022300560 133 1 21 1
2022300643 133 1 21 1
2022300734 133 1 21 1
2022300820 133 1 21 1
2022300892 133 1 21 1
2022300975 133 1 21 1
2022301066 133 1 21 1
2022301141 133 1 21 1
2022301224 133 1 21 1
2022301307 133 1 21 1
2022301390 133 1 21 1
2022301481 133 1 21 1
2022301567 133 1 21 1
2022301639 133 1 21 1
2022301722 133 1 21 1
2022301805 133 1 21 1
2022301943 133 1 21 1
2022301971 133 1 21 1
2022302054 133 1 21 1
2022302137 133 1 21 1
2022304478 133 1 21 0
2022308339 133 1 21 1
2022308422 133 1 21 1
2022308448 133 1 21 0
2022308559 133 1 21 1
2022308649 133 1 21 1
2022308675 133 1 21 1
2022308758 133 1 21 1
2022308901 133 1 21 1
2022308924 133 1 21 1
2022309011 133 1 21 1
2022309094 133 1 21 1
2022309162 133 1 21 1
2022309245 133 1 21 1
2022309332 133 1 21 1
2022309418 133 1 21 1
2022309498 133 1 21 1
2022309588 133 1 21 1
2022309668 133 1 21 1
2022309759 133 1 21 1
2022309846 133 1 21 1
2022309929 133 1 21 1
2022310016 133 1 21 1
2022310103 133 1 21 1
2022310186 133 1 21 1
2022310273 133 1 21 1
2022310356 133 1 21 1
2022310534 133 1 21 1
2022310617 133 1 21 1
2022310940 133 1 21 0
2022316236 133 1 21 1
2022316248 133 1 21 0
2022316319 133 1 21 1
2022316402 133 1 21 1
2022316485 133 1 21 1
2022316568 133 1 21 1
2022316655 133 1 21 1
2022316738 133 1 21 1
2022316824 133 1 21 1
2022316904 133 1 21 1
2022316991 133 1 21 1
2022317074 133 1 21 1
2022317161 133 1 21 1
2022317244 133 1 21 1
2022317327 133 1 21 1
2022317414 133 1 21 1
2022317497 133 1 21 1
2022317581 133 1 21 1
2022317663 133 1 21 1
2022317746 133 1 21 1
2022317829 133 1 21 1
2022317912 133 1 21 1
2022318003 133 1 21 1
2022318086 133 1 21 1
2022318206 133 1 21 1
2022318318 133 1 21 1
2022318339 133 1 21 1
2022321278 133 1 21 0
2022324145 133 1 21 1
2022324148 133 1 21 0
2022324210 133 1 21 1
2022324293 133 1 21 1
2022324380 133 1 21 1
2022324463 133 1 21 1
2022324483 135 1 22 1
2022324546 133 1 21 1
2022324573 135 1 22 0
2022324629 133 1 21 1
2022324712 133 1 21 1
2022324754 135 1 22 1
2022324799 133 1 21 1
2022324848 135 1 22 0
2022324851 135 1 22 1
2022324858 135 1 22 0
2022324928 133 1 21 1
2022324944 135 1 22 1
2022324965 133 1 21 1
2022325034 135 1 22 1
2022325102 133 1 21 1
2022325124 135 1 22 0
2022325127 135 1 22 1
2022325130 135 1 22 1
2022325131 133 1 21 1
2022325218 133 1 21 1
2022325224 135 1 22 1
2022325301 133 1 21 1
2022325310 135 1 22 1
2022325388 133 1 21 1
2022325396 135 1 22 1
2022325471 133 1 21 1
2022325490 135 1 22 1
2022325554 133 1 21 1
2022325580 135 1 22 1
2022325674 135 1 22 1
2022325707 133 1 21 1
2022325724 133 1 21 1
2022325764 135 1 22 1
2022325807 133 1 21 1
2022325858 135 1 22 1
2022325890 133 1 21 1
2022325948 135 1 22 1
2022326038 135 1 22 1
2022326041 135 1 22 1
2022326051 133 1 21 1
2022326060 133 1 21 1
2022326135 135 1 22 1
2022326143 133 1 21 1
2022326225 135 1 22 1
2022326304 133 1 21 1
2022326323 135 1 22 1
2022326409 135 1 22 1
2022326495 135 1 22 1
2022326585 135 1 22 1
2022326687 135 1 22 1
2022326773 135 1 22 1
2022326867 135 1 22 1
2022326953 135 1 22 1
2022327061 135 1 22 1
2022327246 135 1 22 1
2022328032 135 1 22 0
2022328198 133 1 21 0
2022333095 133 1 21 1
2022333108 133 1 21 0
2022333178 133 1 21 1
2022333261 133 1 21 1
2022333344 133 1 21 1
2022333431 133 1 21 1
2022333518 133 1 21 1
2022333601 133 1 21 1
2022333684 133 1 21 1
2022333767 133 1 21 1
2022333854 133 1 21 1
2022333937 133 1 21 1
2022333972 135 1 22 1
2022334024 133 1 21 1
2022334090 135 1 22 0
2022334093 135 1 22 1
2022334111 133 1 21 1
2022334138 135 1 22 1
2022334194 133 1 21 1
2022334242 135 1 22 1
2022334277 133 1 21 1
2022334304 135 1 22 1
2022334360 133 1 21 1
2022334416 135 1 22 1
2022334443 133 1 21 1
2022334470 135 1 22 1
2022334526 133 1 21 1
2022334586 135 1 22 1
2022334636 135 1 22 1
2022334660 133 1 21 1
2022334751 133 1 21 1
2022334764 135 1 22 1
2022334775 133 1 21 1
2022334802 135 1 22 1
2022334862 133 1 21 1
2022334916 135 1 22 1
2022334945 133 1 21 1
2022334968 135 1 22 1
2022335028 133 1 21 1
2022335094 135 1 22 1
2022335111 133 1 21 1
2022335134 135 1 22 1
2022335194 133 1 21 1
2022335256 135 1 22 1
2022335303 135 1 22 1
2022335430 135 1 22 1
2022335525 135 1 22 1
2022335532 135 1 22 1
2022335622 135 1 22 1
2022335666 135 1 22 1
2022335764 135 1 22 1
2022335832 135 1 22 1
2022335934 135 1 22 1
2022335999 135 1 22 1
2022336256 135 1 22 1
2022336871 133 1 21 0
2022337107 135 1 22 0
2022341691 133 1 21 1
2022341735 133 1 21 0
2022341748 133 1 21 1
2022341773 133 1 21 0
2022341916 133 1 21 1
2022341919 133 1 21 1
2022342005 133 1 21 1
2022342091 133 1 21 1
2022342177 133 1 21 1
2022342284 133 1 21 1
2022342375 133 1 21 1
2022342461 133 1 21 1
2022342547 133 1 21 1
2022342633 133 1 21 1
2022342750 133 1 21 1
2022342836 133 1 21 1
2022342922 133 1 21 1
2022343008 133 1 21 1
2022343094 133 1 21 1
2022343097 133 1 21 1
2022343183 133 1 21 1
2022343331 133 1 21 1
2022343332 131 1 22 1
2022343417 133 1 21 1
2022343418 131 1 22 1
2022343421 131 1 22 1
2022343503 133 1 21 1
2022343507 131 1 22 1
2022343593 133 1 21 1
2022343593 131 1 22 1
2022343679 133 1 21 1
2022343679 131 1 22 1
2022343693 133 1 21 1
2022343765 131 1 22 1
2022343851 131 1 22 1
2022343854 133 1 21 1
2022343937 131 1 22 1
2022343940 133 1 21 1
2022344026 133 1 21 1
2022344027 131 1 22 1
2022344113 131 1 22 1
2022344203 131 1 22 1
2022344293 131 1 22 1
2022344379 131 1 22 1
2022344469 131 1 22 1
2022344555 131 1 22 1
2022344641 131 1 22 1
2022344735 131 1 22 1
2022344821 131 1 22 1
2022344911 131 1 22 1
2022344997 131 1 22 1
2022345083 131 1 22 1
2022345173 131 1 22 1
2022345263 131 1 22 1
2022345349 131 1 22 1
2022345435 131 1 22 1
2022345790 135 1 22 1
2022345793 135 1 22 0
2022345796 135 1 22 1
2022345879 135 1 22 1
2022345977 135 1 22 1
2022346065 135 1 22 1
2022346128 135 1 22 1
2022346237 135 1 22 1
2022346294 135 1 22 1
2022346380 133 1 21 0
2022346403 135 1 22 1
2022346460 135 1 22 1
2022346543 135 1 22 1
2022346626 135 1 22 1
2022346743 135 1 22 1
2022346792 135 1 22 1
2022346875 135 1 22 1
2022347004 135 1 22 1
2022347041 135 1 22 1
2022347174 135 1 22 1
2022347207 135 1 22 1
2022347290 135 1 22 1
2022347427 135 1 22 1
2022347456 135 1 22 1
2022347553 135 1 22 1
2022347643 135 1 22 1
2022347782 135 1 22 1
2022347788 135 1 22 1
2022347938 135 1 22 1
2022348577 131 1 22 0
2022350310 135 1 22 0
2022352775 131 1 22 1
2022352778 131 1 22 0
2022352864 131 1 22 1
2022352950 131 1 22 1
2022353036 131 1 22 1
2022353043 131 1 22 1
2022353129 131 1 22 1
2022353215 131 1 22 1
2022353305 131 1 22 1
2022353391 131 1 22 1
2022353477 131 1 22 1
2022353567 131 1 22 1
2022353653 131 1 22 1
2022353743 131 1 22 1
2022353829 131 1 22 1
2022353915 131 1 22 1
2022354001 131 1 22 1
2022354091 131 1 22 1
2022354177 131 1 22 1
2022354263 131 1 22 1
2022354353 131 1 22 1
2022354439 131 1 22 1
2022354529 131 1 22 1
2022354615 131 1 22 1
2022354701 131 1 22 1
2022354795 131 1 22 1
2022354885 131 1 22 1
2022354971 131 1 22 1
2022355588 133 1 21 1
2022355595 133 1 21 0
2022355598 133 1 21 1
2022355684 133 1 21 1
2022355774 133 1 21 1
2022355901 133 1 21 1
2022355991 133 1 21 1
2022356077 133 1 21 1
2022356096 133 1 21 1
2022356245 133 1 21 1
2022356331 133 1 21 1
2022356421 133 1 21 1
2022356428 133 1 21 1
2022356518 133 1 21 1
2022356608 133 1 21 1
2022356698 133 1 21 1
2022356784 133 1 21 1
2022356874 133 1 21 1
2022356964 133 1 21 1
2022357054 133 1 21 1
2022357100 133 1 21 1
2022357194 133 1 21 1
2022357284 133 1 21 1
2022357374 133 1 21 1
2022357460 133 1 21 1
2022357554 133 1 21 1
2022357644 133 1 21 1
2022358101 131 1 22 0
2022359867 133 1 21 0
2022361570 135 1 22 1
2022361573 135 1 22 0
2022361588 135 1 22 1
2022361678 135 1 22 1
2022361772 135 1 22 1
2022361858 135 1 22 0
2022361865 135 1 22 1
2022361895 131 1 22 1
2022361959 135 1 22 1
2022361981 131 1 22 1
2022362057 135 1 22 1
2022362064 135 1 22 0
2022362067 131 1 22 1
2022362150 135 1 22 1
2022362157 131 1 22 1
2022362243 131 1 22 1
2022362244 135 1 22 1
2022362255 135 1 22 0
2022362329 131 1 22 1
2022362341 135 1 22 1
2022362348 135 1 22 1
2022362415 131 1 22 1
2022362442 135 1 22 1
2022362501 131 1 22 1
2022362540 135 1 22 1
2022362591 131 1 22 1
2022362634 135 1 22 1
2022362677 131 1 22 1
2022362732 135 1 22 1
2022362763 131 1 22 1
2022362830 135 1 22 1
2022362845 135 1 22 1
2022362853 131 1 22 1
2022362935 135 1 22 1
2022362939 131 1 22 1
2022363025 131 1 22 1
2022363029 135 1 22 1
2022363111 131 1 22 1
2022363123 135 1 22 1
2022363201 131 1 22 1
2022363213 135 1 22 1
2022363287 131 1 22 1
2022363307 135 1 22 1
2022363373 131 1 22 1
2022363405 135 1 22 1
2022363459 131 1 22 1
2022363462 135 1 22 1
2022363549 131 1 22 1
2022363560 135 1 22 1
2022363635 131 1 22 1
2022363654 135 1 22 1
2022363721 131 1 22 1
2022363807 131 1 22 1
2022363897 131 1 22 1
2022363983 131 1 22 1
2022364025 135 1 22 0
2022364028 135 1 22 1
2022364043 135 1 22 0
2022365909 133 1 21 1
2022365995 133 1 21 1
2022366085 133 1 21 1
2022366175 133 1 21 1
2022366265 133 1 21 1
2022366355 133 1 21 1
2022366445 133 1 21 1
2022366531 133 1 21 1
2022366621 133 1 21 1
2022366628 133 1 21 1
2022366718 133 1 21 1
2022366815 133 1 21 1
2022366901 133 1 21 1
2022366991 133 1 21 1
2022367085 133 1 21 1
2022367171 133 1 21 1
2022367261 133 1 21 1
2022367347 133 1 21 1
2022367437 133 1 21 1
2022367527 133 1 21 1
2022367613 133 1 21 1
2022367703 133 1 21 1
2022367793 133 1 21 1
2022367800 133 1 21 1
2022367902 133 1 21 1
2022367988 133 1 21 1
2022368833 135 1 22 1
2022368874 131 1 22 0
2022368890 135 1 22 1
2022368999 135 1 22 1
2022369064 135 1 22 1
2022369147 135 1 22 1
2022369264 135 1 22 1
2022369368 135 1 22 1
2022369458 135 1 22 1
2022369491 135 1 22 1
2022369604 135 1 22 1
2022369661 135 1 22 1
2022369744 135 1 22 1
2022369853 135 1 22 1
2022369910 135 1 22 1
2022370023 135 1 22 1
2022370080 135 1 22 1
2022370189 135 1 22 1
2022370246 135 1 22 1
2022370329 135 1 22 1
2022370452 135 1 22 1
2022370495 135 1 22 1
2022370616 135 1 22 1
2022370665 135 1 22 1
2022370752 135 1 22 1
2022370869 135 1 22 1
2022370918 135 1 22 1
2022371084 133 1 21 0
2022372091 131 1 22 1
2022372181 131 1 22 1
2022372267 131 1 22 1
2022372353 131 1 22 1
2022372443 131 1 22 1
2022372529 131 1 22 1
2022372611 135 1 22 0
2022372615 131 1 22 1
2022372705 131 1 22 1
2022372791 131 1 22 1
2022372798 131 1 22 1
2022372888 131 1 22 1
2022372974 131 1 22 1
2022373060 131 1 22 1
2022373146 131 1 22 1
2022373236 131 1 22 1
2022373322 131 1 22 1
2022373408 131 1 22 1
2022373498 131 1 22 1
2022373588 131 1 22 1
2022373674 131 1 22 1
2022373768 131 1 22 1
2022373858 131 1 22 1
2022373944 131 1 22 1
2022374030 131 1 22 1
2022374116 131 1 22 1
2022374206 131 1 22 1
2022375914 133 1 21 1
2022376004 133 1 21 1
2022376094 133 1 21 1
2022376101 133 1 21 1
2022376191 133 1 21 1
2022376281 133 1 21 1
2022376367 133 1 21 1
2022376457 133 1 21 1
2022376547 133 1 21 1
2022376637 133 1 21 1
2022376727 133 1 21 1
2022376817 133 1 21 1
2022376907 133 1 21 1
2022376997 133 1 21 1
2022377087 133 1 21 1
2022377173 133 1 21 1
2022377263 133 1 21 1
2022377353 133 1 21 1
2022377443 133 1 21 1
2022377533 133 1 21 1
2022377619 133 1 21 1
2022377709 133 1 21 1
2022377799 133 1 21 1
2022377885 133 1 21 1
2022377975 133 1 21 1
2022378587 133 1 21 0
2022381973 131 1 22 1
2022381976 131 1 22 0
2022382149 131 1 22 1
2022382235 131 1 22 1
2022382321 131 1 22 1
2022382407 131 1 22 1
2022382493 131 1 22 1
2022382579 131 1 22 1
2022382665 131 1 22 1
2022382714 133 1 21 1
2022382751 131 1 22 1
2022382800 133 1 21 0
2022382803 133 1 21 1
2022382841 131 1 22 1
2022382893 133 1 21 1
2022382927 131 1 22 1
2022382979 133 1 21 1
2022383013 131 1 22 1
2022383069 133 1 21 1
2022383099 131 1 22 1
2022383159 133 1 21 1
2022383185 131 1 22 1
2022383249 133 1 21 1
2022383271 131 1 22 1
2022383339 133 1 21 1
2022383361 131 1 22 1
2022383433 133 1 21 1
2022383440 133 1 21 1
2022383447 131 1 22 1
2022383526 133 1 21 1
2022383533 131 1 22 1
2022383616 133 1 21 1
2022383619 131 1 22 1
2022383622 131 1 22 1
2022383702 133 1 21 1
2022383708 131 1 22 1
2022383794 131 1 22 1
2022383796 133 1 21 1
2022383880 131 1 22 1
2022383886 133 1 21 1
2022383966 131 1 22 1
2022383972 133 1 21 1
2022384056 131 1 22 1
2022384062 133 1 21 1
2022384142 131 1 22 1
2022384148 133 1 21 1
2022384215 133 1 21 1
2022384228 131 1 22 1
2022384305 133 1 21 1
2022384399 133 1 21 1
2022384489 133 1 21 1
2022384579 133 1 21 1
2022384665 133 1 21 1
2022384759 133 1 21 1
2022384849 133 1 21 1
2022384947 133 1 21 1
2022385033 133 1 21 0
2022389022 131 1 22 0
2022392524 131 1 22 1
2022392610 131 1 22 1
2022392696 131 1 22 1
2022392786 131 1 22 1
2022392876 131 1 22 1
2022392962 131 1 22 1
2022393048 131 1 22 1
2022393134 131 1 22 1
2022393228 131 1 22 1
2022393314 131 1 22 1
2022393404 131 1 22 1
2022393490 131 1 22 1
2022393580 131 1 22 1
2022393666 131 1 22 1
2022393760 131 1 22 1
2022393846 131 1 22 1
2022393853 131 1 22 1
2022393939 131 1 22 1
2022394029 131 1 22 1
2022394119 131 1 22 1
2022394205 131 1 22 1
2022394299 131 1 22 1
2022394389 131 1 22 1
2022394475 131 1 22 1
2022394569 131 1 22 1
2022394659 131 1 22 1
2022396556 131 1 22 0
2022399477 131 1 22 1
2022399567 131 1 22 1
2022399657 131 1 22 1
2022399747 131 1 22 1
2022399837 131 1 22 1
2022399923 131 1 22 1
2022400013 131 1 22 1
2022400099 131 1 22 1
2022400193 131 1 22 1
2022400279 131 1 22 1
2022400369 131 1 22 1
2022400459 131 1 22 1
2022400545 131 1 22 1
2022400556 131 1 22 1
2022400642 131 1 22 1
2022400732 131 1 22 1
2022400822 131 1 22 1
2022400908 131 1 22 1
2022401002 131 1 22 1
2022401088 131 1 22 1
2022401178 131 1 22 1
2022401264 131 1 22 1
2022401350 131 1 22 1
2022401444 131 1 22 1
2022401530 131 1 22 1
2022401620 131 1 22 1
2022406131 131 1 22 0
2022417104 131 1 22 1
2022417107 131 1 22 0
2022417118 131 1 22 1
2022417121 131 1 22 0
2022417215 131 1 22 1
2022417305 131 1 22 1
2022417312 131 1 22 0
2022417402 131 1 22 1
2022417488 131 1 22 1
2022417578 131 1 22 1
2022417672 131 1 22 1
2022417758 131 1 22 1
2022417848 131 1 22 1
2022417855 131 1 22 1
2022417945 131 1 22 1
2022418035 131 1 22 1
2022418121 131 1 22 1
2022418211 131 1 22 1
2022418297 131 1 22 1
2022418387 131 1 22 1
2022418477 131 1 22 1
2022418567 131 1 22 1
2022418657 131 1 22 1
2022418747 131 1 22 1
2022418837 131 1 22 1
2022418923 131 1 22 1
2022419013 131 1 22 1
2022419103 131 1 22 1
2022419110 131 1 22 1
2022419204 131 1 22 1
2022419290 131 1 22 1
2022419467 131 1 22 1
2022419557 131 1 22 1
2022422593 131 1 22 0
2022889638 131 1 20 1
2022889724 131 1 20 1
2022889810 131 1 20 1
2022889896 131 1 20 1
2022889982 131 1 20 1
2022890068 131 1 20 1
2022890154 131 1 20 1
2022890240 131 1 20 1
2022890326 131 1 20 1
2022890412 131 1 20 1
2022890498 131 1 20 1
2022890584 131 1 20 1
2022890670 131 1 20 1
2022890756 131 1 20 1
2022890846 131 1 20 1
2022890932 131 1 20 1
2022891018 131 1 20 1
2022891045 131 1 20 1
2022891131 131 1 20 1
2022891217 131 1 20 1
2022891303 131 1 20 1
2022891389 131 1 20 1
2022891475 131 1 20 1
2022891561 131 1 20 1
2022891647 131 1 20 1
2022891733 131 1 20 1
2022895490 131 1 20 0
2022898457 131 1 20 1
2022898543 131 1 20 0
2022898546 131 1 20 1
2022898632 131 1 20 1
2022898718 131 1 20 1
2022898804 131 1 20 1
2022898890 131 1 20 1
2022898976 131 1 20 1
2022899062 131 1 20 1
2022899148 131 1 20 1
2022899234 131 1 20 1
2022899320 131 1 20 1
2022899406 131 1 20 1
2022899492 131 1 20 1
2022899578 131 1 20 1
2022899664 131 1 20 1
2022899750 131 1 20 1
2022899836 131 1 20 1
2022899922 131 1 20 1
2022900008 131 1 20 1
2022900135 131 1 20 1
2022900221 131 1 20 1
2022900307 131 1 20 1
2022900393 131 1 20 1
2022900479 131 1 20 1
2022900565 131 1 20 1
2022900651 131 1 20 1
2022905278 131 1 20 0
2022908285 131 1 20 1
2022908288 131 1 20 0
2022908374 131 1 20 1
2022908460 131 1 20 1
2022908546 131 1 20 1
2022908632 131 1 20 1
2022908756 131 1 20 1
2022908842 131 1 20 1
2022908928 131 1 20 1
2022909014 131 1 20 1
2022909100 131 1 20 1
2022909186 131 1 20 1
2022909272 131 1 20 1
2022909358 131 1 20 1
2022909444 131 1 20 1
2022909530 131 1 20 1
2022909616 131 1 20 1
2022909702 131 1 20 1
2022909788 131 1 20 1
2022909811 131 1 20 1
2022909951 131 1 20 1
2022910037 131 1 20 1
2022910072 131 1 20 1
2022910204 131 1 20 1
2022910250 131 1 20 1
2022910333 131 1 20 1
2022910453 131 1 20 1
2022915146 131 1 20 0
2022916057 128 1 20 1
2022916060 128 1 20 0
2022916231 128 1 20 1
2022916234 128 1 20 0
2022916240 128 1 20 1
2022916263 128 1 20 0
2022916401 128 1 20 1
2022916410 128 1 20 1
2022916575 128 1 20 1
2022916578 128 1 20 1
2022916659 128 1 20 1
2022916745 128 1 20 1
2022916891 128 1 20 1
2022916908 128 1 20 1
2022916991 128 1 20 1
2022917074 128 1 20 1
2022917157 128 1 20 1
2022917240 128 1 20 1
2022917323 128 1 20 1
2022917406 128 1 20 1
2022917489 128 1 20 1
2022917572 128 1 20 1
2022917655 128 1 20 1
2022917738 128 1 20 1
2022917821 128 1 20 1
2022917866 131 1 20 1
2022917885 131 1 20 0
2022917908 128 1 20 1
2022917936 131 1 20 1
2022917991 128 1 20 1
2022918023 131 1 20 1
2022918074 128 1 20 1
2022918123 131 1 20 1
2022918157 128 1 20 1
2022918197 131 1 20 1
2022918240 128 1 20 1
2022918293 131 1 20 1
2022918323 128 1 20 1
2022918371 131 1 20 1
2022918406 128 1 20 1
2022918463 131 1 20 1
2022918545 131 1 20 1
2022918712 131 1 20 1
2022918719 131 1 20 1
2022918876 131 1 20 1
2022918962 131 1 20 1
2022919048 131 1 20 1
2022919063 131 1 20 1
2022919150 131 1 20 1
2022919301 131 1 20 1
2022919324 131 1 20 1
2022919442 131 1 20 1
2022919528 131 1 20 1
2022919614 131 1 20 1
2022919700 131 1 20 1
2022919786 131 1 20 1
2022919872 131 1 20 1
2022919958 131 1 20 1
2022920044 131 1 20 1
2022920547 128 1 20 0
2022923262 135 1 20 1
2022923429 135 1 20 1
2022923596 135 1 20 1
2022923746 131 1 20 0
2022923763 135 1 20 1
2022923930 135 1 20 1
2022924097 135 1 20 1
2022924264 135 1 20 1
2022924463 128 1 20 1
2022924499 128 1 20 0
2022924501 135 1 20 1
2022924546 128 1 20 1
2022924557 128 1 20 0
2022924598 135 1 20 1
2022924629 128 1 20 1
2022924712 128 1 20 1
2022924765 135 1 20 1
2022924799 128 1 20 1
2022924882 128 1 20 1
2022924932 135 1 20 1
2022924965 128 1 20 1
2022925048 128 1 20 1
2022925099 135 1 20 1
2022925131 128 1 20 1
2022925182 128 1 20 1
2022925265 128 1 20 1
2022925266 135 1 20 1
2022925348 128 1 20 1
2022925431 128 1 20 1
2022925514 128 1 20 1
2022925597 128 1 20 1
2022925680 128 1 20 1
2022925763 128 1 20 1
2022925846 128 1 20 1
2022925929 128 1 20 1
2022926012 128 1 20 1
2022926095 128 1 20 1
2022926178 128 1 20 1
2022926265 128 1 20 1
2022926352 128 1 20 1
2022926435 128 1 20 1
2022926518 128 1 20 1
2022926601 128 1 20 1
2022926684 128 1 20 1
2022928175 131 1 20 1
2022928190 131 1 20 0
2022928313 131 1 20 1
2022928399 131 1 20 1
2022928485 131 1 20 1
2022928571 131 1 20 1
2022928646 131 1 20 1
2022928744 131 1 20 1
2022928831 131 1 20 1
2022928919 131 1 20 1
2022929084 131 1 20 1
2022929170 131 1 20 1
2022929256 131 1 20 1
2022929342 131 1 20 1
2022929432 131 1 20 1
2022929522 131 1 20 1
2022929612 131 1 20 1
2022929698 131 1 20 1
2022929754 131 1 20 1
2022929859 131 1 20 1
2022929950 131 1 20 1
2022930040 131 1 20 1
2022930048 128 1 20 0
2022930130 131 1 20 1
2022930290 131 1 20 1
2022930380 131 1 20 1
2022932352 135 1 20 1
2022932428 131 1 20 0
2022932511 135 1 20 1
2022932518 135 1 20 1
2022932677 135 1 20 1
2022932684 135 1 20 1
2022932804 135 1 20 1
2022932890 135 1 20 1
2022932980 135 1 20 1
2022933070 135 1 20 1
2022933155 135 1 20 1
2022933241 135 1 20 1
2022933331 135 1 20 1
2022933348 135 1 20 1
2022933366 128 1 20 1
2022933392 128 1 20 0
2022933453 128 1 20 1
2022933476 135 1 20 1
2022933483 128 1 20 0
2022933514 135 1 20 1
2022933540 128 1 20 1
2022933627 128 1 20 1
2022933646 135 1 20 1
2022933680 135 1 20 1
2022933718 128 1 20 1
2022933801 128 1 20 1
2022933820 135 1 20 1
2022933846 135 1 20 1
2022933884 128 1 20 1
2022933929 135 1 20 1
2022933967 128 1 20 1
2022934012 135 1 20 1
2022934050 128 1 20 1
2022934095 135 1 20 1
2022934133 128 1 20 1
2022934178 135 1 20 1
2022934216 128 1 20 1
2022934263 135 1 20 1
2022934299 128 1 20 1
2022934344 135 1 20 1
2022934382 128 1 20 1
2022934427 135 1 20 1
2022934535 128 1 20 1
2022934548 128 1 20 1
2022934711 128 1 20 1
2022934718 128 1 20 1
2022934835 128 1 20 1
2022934884 128 1 20 1
2022934967 128 1 20 1
2022935050 128 1 20 1
2022935077 128 1 20 1
2022935160 128 1 20 1
2022935243 128 1 20 1
2022935326 128 1 20 1
2022935409 128 1 20 1
2022935492 128 1 20 1
2022935578 128 1 20 1
2022935790 131 1 20 1
2022935880 131 1 20 0
2022935883 131 1 20 1
2022935980 131 1 20 1
2022936066 131 1 20 1
2022936156 131 1 20 1
2022936242 131 1 20 1
2022936250 128 1 20 0
2022936328 131 1 20 1
2022936414 131 1 20 1
2022936500 131 1 20 1
2022936590 131 1 20 1
2022936676 131 1 20 1
2022936766 131 1 20 1
2022936852 131 1 20 1
2022936938 131 1 20 1
2022937024 131 1 20 1
2022937110 131 1 20 1
2022937207 131 1 20 1
2022937293 131 1 20 1
2022937383 131 1 20 1
2022937469 131 1 20 1
2022937555 131 1 20 1
2022937641 131 1 20 1
2022937727 131 1 20 1
2022937813 131 1 20 1
2022937899 131 1 20 1
2022937985 131 1 20 1
2022940541 131 1 20 0
2022941513 135 1 20 1
2022941596 135 1 20 1
2022941679 135 1 20 1
2022941762 135 1 20 1
2022941845 135 1 20 1
2022941928 135 1 20 1
2022942011 135 1 20 1
2022942094 135 1 20 1
2022942177 135 1 20 1
2022942260 135 1 20 1
2022942343 135 1 20 1
2022942451 135 1 20 1
2022942509 135 1 20 1
2022942592 135 1 20 1
2022942675 135 1 20 1
2022942795 135 1 20 1
2022942845 135 1 20 1
2022942928 135 1 20 1
2022943052 135 1 20 1
2022943098 135 1 20 1
2022943181 135 1 20 1
2022943305 135 1 20 1
2022943357 135 1 20 1
2022943434 135 1 20 1
2022943517 135 1 20 1
2022944163 128 1 20 1
2022944200 128 1 20 1
2022944315 128 1 20 1
2022944370 128 1 20 1
2022944481 128 1 20 1
2022944544 128 1 20 1
2022944594 131 1 20 1
2022944651 128 1 20 1
2022944680 131 1 20 0
2022944683 131 1 20 1
2022944737 128 1 20 1
2022944769 131 1 20 0
2022944772 131 1 20 1
2022944827 128 1 20 1
2022944858 131 1 20 1
2022944876 128 1 20 1
2022944944 131 1 20 1
2022944959 128 1 20 1
2022945014 131 1 20 1
2022945066 128 1 20 1
2022945100 131 1 20 1
2022945156 128 1 20 1
2022945186 131 1 20 1
2022945246 128 1 20 1
2022945295 128 1 20 1
2022945355 131 1 20 1
2022945358 131 1 20 1
2022945398 128 1 20 1
2022945466 128 1 20 1
2022945527 131 1 20 1
2022945544 128 1 20 1
2022945613 131 1 20 1
2022945631 128 1 20 1
2022945699 131 1 20 1
2022945714 128 1 20 1
2022945785 131 1 20 1
2022945797 128 1 20 1
2022945871 131 1 20 1
2022945880 128 1 20 1
2022945957 131 1 20 1
2022945975 128 1 20 1
2022946043 131 1 20 1
2022946062 128 1 20 1
2022946129 131 1 20 1
2022946145 128 1 20 1
2022946215 131 1 20 1
2022946232 128 1 20 1
2022946301 131 1 20 1
2022946387 131 1 20 1
2022946473 131 1 20 1
2022946559 131 1 20 1
2022946645 131 1 20 1
2022946814 131 1 20 1
2022946900 131 1 20 1
2022948131 128 1 20 0
2022949144 131 1 20 0
2022950603 135 1 20 1
2022950744 135 1 20 1
2022950834 135 1 20 1
2022950920 135 1 20 1
2022951006 135 1 20 1
2022951100 135 1 20 1
2022951107 135 1 20 1
2022951233 135 1 20 1
2022951327 135 1 20 1
2022951413 135 1 20 1
2022951507 135 1 20 1
2022951593 135 1 20 1
2022951600 135 1 20 1
2022951690 135 1 20 1
2022951776 135 1 20 1
2022951866 135 1 20 1
2022951956 135 1 20 1
2022952042 135 1 20 1
2022952132 135 1 20 1
2022952222 135 1 20 1
2022952310 135 1 20 1
2022952400 135 1 20 1
2022952494 135 1 20 1
2022952512 135 1 20 1
2022952658 135 1 20 1
2022952678 135 1 20 1
2022952745 128 1 20 1
2022952748 128 1 20 0
2022953089 128 1 20 1
2022953092 128 1 20 0
2022953334 131 1 20 1
2022953501 131 1 20 1
2022953504 131 1 20 1
2022953595 131 1 20 1
2022953611 128 1 20 1
2022953626 128 1 20 0
2022953750 131 1 20 1
2022953836 131 1 20 1
2022953922 131 1 20 1
2022953935 131 1 20 1
2022954086 131 1 20 1
2022954109 131 1 20 1
2022954196 131 1 20 1
2022954335 131 1 20 1
2022954366 131 1 20 1
2022954501 131 1 20 1
2022954544 131 1 20 1
2022954667 131 1 20 1
2022954718 131 1 20 1
2022954801 131 1 20 1
2022954920 131 1 20 1
2022954979 131 1 20 1
2022955090 131 1 20 1
2022955157 131 1 20 1
2022955256 131 1 20 1
2022955339 131 1 20 1
2022957859 131 1 20 0
2022959843 135 1 20 1
2022959933 135 1 20 1
2022959944 135 1 20 1
2022960063 135 1 20 1
2022960153 135 1 20 1
2022960243 135 1 20 1
2022960333 135 1 20 1
2022960423 135 1 20 1
2022960517 135 1 20 1
2022960607 135 1 20 1
2022960693 135 1 20 1
2022960787 135 1 20 1
2022960873 135 1 20 1
2022960880 135 1 20 1
2022960970 135 1 20 1
2022961060 135 1 20 1
2022961146 135 1 20 1
2022961236 135 1 20 1
2022961330 135 1 20 1
2022961420 135 1 20 1
2022961506 135 1 20 1
2022961592 135 1 20 1
2022961675 131 1 20 1
2022961678 131 1 20 0
2022961686 135 1 20 1
2022961689 131 1 20 1
2022961772 135 1 20 1
2022961841 131 1 20 1
2022961855 131 1 20 1
2022961862 135 1 20 1
2022961948 135 1 20 1
2022962011 131 1 20 1
2022962101 131 1 20 1
2022962187 131 1 20 1
2022962203 131 1 20 1
2022962343 131 1 20 1
2022962381 131 1 20 1
2022962509 131 1 20 1
2022962555 131 1 20 1
2022962675 131 1 20 1
2022962729 131 1 20 1
2022962841 131 1 20 1
2022962911 131 1 20 1
2022963007 131 1 20 1
2022963085 131 1 20 1
2022963173 131 1 20 1
2022963263 131 1 20 1
2022963354 131 1 20 1
2022963513 131 1 20 1
2022963536 131 1 20 1
2022963679 131 1 20 1
2022963714 131 1 20 1
2022966313 131 1 20 0
2022969109 135 1 20 1
2022969121 135 1 20 1
2022969271 135 1 20 1
2022969361 135 1 20 1
2022969447 135 1 20 1
2022969465 135 1 20 1
2022969611 135 1 20 1
2022969668 131 1 20 1
2022969697 135 1 20 1
2022969758 131 1 20 0
2022969763 131 1 20 1
2022969791 135 1 20 1
2022969866 131 1 20 1
2022969881 135 1 20 1
2022969933 131 1 20 1
2022969971 135 1 20 1
2022969983 135 1 20 1
2022970036 131 1 20 1
2022970113 135 1 20 1
2022970131 131 1 20 1
2022970203 135 1 20 1
2022970214 131 1 20 1
2022970293 135 1 20 1
2022970320 131 1 20 1
2022970379 135 1 20 1
2022970406 131 1 20 1
2022970465 135 1 20 1
2022970551 135 1 20 1
2022970558 131 1 20 1
2022970562 131 1 20 1
2022970641 135 1 20 1
2022970731 135 1 20 1
2022970732 131 1 20 1
2022970739 131 1 20 1
2022970817 135 1 20 1
2022970849 135 1 20 1
2022970856 131 1 20 1
2022970942 131 1 20 1
2022971001 131 1 20 1
2022971022 135 1 20 1
2022971029 135 1 20 1
2022971115 135 1 20 1
2022971159 131 1 20 1
2022971171 131 1 20 1
2022971254 131 1 20 1
2022971337 131 1 20 1
2022971424 131 1 20 1
2022971507 131 1 20 1
2022971602 131 1 20 1
2022971677 131 1 20 1
2022971859 131 1 20 1
2022975221 131 1 20 0
2022978206 135 1 20 1
2022978292 135 1 20 1
2022978382 135 1 20 1
2022978472 135 1 20 1
2022978479 131 1 20 1
2022978562 135 1 20 1
2022978626 131 1 20 1
2022978648 135 1 20 1
2022978712 131 1 20 1
2022978730 131 1 20 1
2022978738 135 1 20 1
2022978824 135 1 20 1
2022978887 131 1 20 1
2022978896 131 1 20 1
2022978914 135 1 20 1
2022978979 131 1 20 1
2022979000 135 1 20 1
2022979090 135 1 20 1
2022979121 131 1 20 1
2022979176 135 1 20 1
2022979212 131 1 20 1
2022979266 135 1 20 1
2022979299 131 1 20 1
2022979315 131 1 20 1
2022979356 135 1 20 1
2022979473 131 1 20 1
2022979525 135 1 20 1
2022979560 131 1 20 1
2022979571 131 1 20 1
2022979611 135 1 20 1
2022979657 131 1 20 1
2022979701 135 1 20 1
2022979743 131 1 20 1
2022979787 135 1 20 1
2022979829 131 1 20 1
2022979873 135 1 20 1
2022979915 131 1 20 1
2022979963 135 1 20 1
2022980001 131 1 20 1
2022980053 135 1 20 1
2022980087 131 1 20 1
2022980139 135 1 20 1
2022980173 131 1 20 1
2022980233 135 1 20 1
2022980259 131 1 20 1
2022980319 135 1 20 1
2022980345 131 1 20 1
2022980431 131 1 20 1
2022980517 131 1 20 1
2022980603 131 1 20 1
2022984307 131 1 20 0
2022987481 135 1 20 1
2022987567 135 1 20 1
2022987653 135 1 20 1
2022987739 135 1 20 1
2022987829 135 1 20 1
2022987915 135 1 20 1
2022987923 135 1 20 1
2022988045 131 1 20 1
2022988058 135 1 20 1
2022988131 131 1 20 1
2022988148 135 1 20 1
2022988155 131 1 20 1
2022988234 135 1 20 1
2022988241 131 1 20 1
2022988320 135 1 20 1
2022988327 131 1 20 1
2022988393 131 1 20 1
2022988406 135 1 20 1
2022988479 131 1 20 1
2022988496 135 1 20 1
2022988582 135 1 20 1
2022988645 131 1 20 1
2022988648 131 1 20 1
2022988668 135 1 20 1
2022988738 131 1 20 1
2022988758 135 1 20 1
2022988761 135 1 20 1
2022988824 131 1 20 1
2022988910 131 1 20 1
2022988930 135 1 20 1
2022989012 131 1 20 1
2022989016 135 1 20 1
2022989037 135 1 20 1
2022989061 131 1 20 1
2022989123 135 1 20 1
2022989144 131 1 20 1
2022989213 135 1 20 1
2022989227 131 1 20 1
2022989299 135 1 20 1
2022989314 131 1 20 1
2022989385 135 1 20 1
2022989397 131 1 20 1
2022989471 135 1 20 1
2022989480 131 1 20 1
2022989557 135 1 20 1
2022989563 131 1 20 1
2022989646 131 1 20 1
2022989729 131 1 20 1
2022989812 131 1 20 1
2022989975 131 1 20 1
2022989978 131 1 20 1
2022990061 131 1 20 1
2022994107 131 1 20 0
2022994526 135 1 20 0
2022996537 131 1 20 1
2022996624 131 1 20 1
2022996707 131 1 20 1
2022996794 131 1 20 1
2022996881 131 1 20 1
2022996964 131 1 20 1
2022997067 131 1 20 1
2022997142 131 1 20 1
2022997225 131 1 20 1
2022997312 131 1 20 1
2022997395 131 1 20 1
2022997482 131 1 20 1
2022997639 131 1 20 1
2022997648 131 1 20 1
2022997731 131 1 20 1
2022997818 131 1 20 1
2022997905 131 1 20 1
2022997996 131 1 20 1
2022998087 131 1 20 1
2022998170 131 1 20 1
2022998253 131 1 20 1
2022998336 131 1 20 1
2022998419 131 1 20 1
2022998502 131 1 20 1
2022998585 131 1 20 1
2022999894 135 1 20 1
2022999918 135 1 20 0
2022999977 135 1 20 1
2023000001 135 1 20 0
2023000064 135 1 20 1
2023000084 135 1 20 0
2023000147 135 1 20 1
2023000230 135 1 20 1
2023000313 135 1 20 1
2023000396 135 1 20 1
2023000524 135 1 20 1
2023000562 135 1 20 1
2023000645 135 1 20 1
2023000728 135 1 20 1
2023000811 135 1 20 1
2023000898 135 1 20 1
2023000981 135 1 20 1
2023001064 135 1 20 1
2023001147 135 1 20 1
2023001230 135 1 20 1
2023001313 135 1 20 1
2023001396 135 1 20 1
2023001479 135 1 20 1
2023001562 135 1 20 1
2023001645 135 1 20 1
2023001728 135 1 20 1
2023001811 135 1 20 1
2023001933 135 1 20 1
2023001977 135 1 20 1
2023002141 135 1 20 1
2023002144 135 1 20 1
2023002230 135 1 20 1
2023003736 135 1 20 0
2023005671 131 1 20 1
2023005754 131 1 20 1
2023005837 131 1 20 1
2023005924 131 1 20 1
2023006007 131 1 20 1
2023006090 131 1 20 1
2023006173 131 1 20 1
2023006256 131 1 20 1
2023006339 131 1 20 1
2023006422 131 1 20 1
2023006505 131 1 20 1
2023006588 131 1 20 1
2023006675 131 1 20 1
2023006758 131 1 20 1
2023006841 131 1 20 1
2023006924 131 1 20 1
2023007007 131 1 20 1
2023007090 131 1 20 1
2023007150 135 1 20 1
2023007173 131 1 20 1
2023007233 135 1 20 1
2023007256 131 1 20 1
2023007326 135 1 20 1
2023007361 131 1 20 1
2023007399 135 1 20 1
2023007464 131 1 20 1
2023007482 135 1 20 1
2023007509 131 1 20 1
2023007565 135 1 20 1
2023007630 131 1 20 1
2023007648 135 1 20 1
2023007679 131 1 20 1
2023007731 135 1 20 1
2023007814 135 1 20 1
2023007897 135 1 20 1
2023007980 135 1 20 1
2023008063 135 1 20 1
2023008146 135 1 20 1
2023008229 135 1 20 1
2023008312 135 1 20 1
2023008395 135 1 20 1
2023008478 135 1 20 1
2023008561 135 1 20 1
2023008644 135 1 20 1
2023008727 135 1 20 1
2023008810 135 1 20 1
2023008893 135 1 20 1
2023008976 135 1 20 1
2023009059 135 1 20 1
2023009197 135 1 20 1
2023009225 135 1 20 1
2023013696 135 1 20 0
2023014765 131 1 20 1
2023014854 131 1 20 1
2023014939 131 1 20 1
2023015026 131 1 20 1
2023015113 131 1 20 1
2023015200 131 1 20 1
2023015287 131 1 20 1
2023015374 131 1 20 1
2023015461 131 1 20 1
2023015593 131 1 20 1
2023015635 131 1 20 1
2023015722 131 1 20 1
2023015809 131 1 20 1
2023015896 131 1 20 1
2023015983 131 1 20 1
2023016070 131 1 20 1
2023016157 131 1 20 1
2023016244 131 1 20 1
2023016331 131 1 20 1
2023016418 131 1 20 1
2023016505 131 1 20 1
2023016588 131 1 20 1
2023016671 131 1 20 1
2023016754 131 1 20 1
2023016837 131 1 20 1
2023017110 135 1 20 1
2023017127 135 1 20 0
2023017193 135 1 20 1
2023017276 135 1 20 1
2023017359 135 1 20 1
2023017442 135 1 20 1
2023017525 135 1 20 1
2023017608 135 1 20 1
2023017691 135 1 20 1
2023017812 135 1 20 1
2023017857 135 1 20 1
2023017940 135 1 20 1
2023018023 135 1 20 1
2023018106 135 1 20 1
2023018189 135 1 20 1
2023018272 135 1 20 1
2023018355 135 1 20 1
2023018438 135 1 20 1
2023018521 135 1 20 1
2023018604 135 1 20 1
2023018687 135 1 20 1
2023018770 135 1 20 1
2023018853 135 1 20 1
2023018936 135 1 20 1
2023019019 135 1 20 1
2023019102 135 1 20 1
2023019185 135 1 20 1
2023019268 135 1 20 1
2023022078 135 1 20 0
2023023923 131 1 20 1
2023024010 131 1 20 1
2023024093 131 1 20 1
2023024176 131 1 20 1
2023024259 131 1 20 1
2023024342 131 1 20 1
2023024425 131 1 20 1
2023024508 131 1 20 1
2023024591 131 1 20 1
2023024674 131 1 20 1
2023024757 131 1 20 1
2023024844 131 1 20 1
2023024927 131 1 20 1
2023025010 131 1 20 1
2023025093 131 1 20 1
2023025176 131 1 20 1
2023025259 131 1 20 1
2023025342 131 1 20 1
2023025425 131 1 20 1
2023025431 131 1 20 1
2023025514 131 1 20 1
2023025601 131 1 20 1
2023025685 131 1 20 1
2023025837 131 1 20 1
2023025850 131 1 20 1
2023025933 131 1 20 1
2023033044 131 1 20 1
2023033102 131 1 20 1
2023033205 131 1 20 1
2023033268 131 1 20 1
2023033366 131 1 20 1
2023033434 131 1 20 1
2023033527 131 1 20 1
2023033688 131 1 20 1
2023033691 131 1 20 1
2023033849 131 1 20 1
2023033861 131 1 20 1
2023034010 131 1 20 1
2023034027 131 1 20 1
2023034171 131 1 20 1
2023034197 131 1 20 1
2023034332 131 1 20 1
2023034371 131 1 20 1
2023034493 131 1 20 1
2023034537 131 1 20 1
2023034654 131 1 20 1
2023034707 131 1 20 1
2023034815 131 1 20 1
2023034834 131 1 20 1
2023034976 131 1 20 1
2023035000 131 1 20 1
2023035137 131 1 20 1
2023042223 131 1 20 1
2023042382 131 1 20 1
2023042389 131 1 20 1
2023042543 131 1 20 1
2023052960 131 1 20 1
2023053212 131 1 20 0
2023063234 3 0 1 1
2023063238 3 0 1 0
2023063483 3 0 1 1
2023063566 3 0 1 1
2023063570 3 0 1 0
2023063732 3 0 1 1
2023063815 3 0 1 1
2023063898 3 0 1 1
2023063969 3 0 1 0
2023063981 3 0 1 1
2023064064 3 0 1 1
2023064147 3 0 1 1
2023064230 3 0 1 1
2023064313 3 0 1 1
2023064396 3 0 1 1
2023064479 3 0 1 1
2023064562 3 0 1 1
2023064645 3 0 1 1
2023064728 3 0 1 1
2023064811 3 0 1 1
2023064894 3 0 1 1
2023064977 3 0 1 1
2023065060 3 0 1 1
2023065143 3 0 1 1
2023065226 3 0 1 1
2023065309 3 0 1 1
2023065392 3 0 1 1
2023065475 3 0 1 1
2023065509 3 0 1 1
2023065656 3 0 1 1
2023065739 3 0 1 1
2023066055 3 0 1 1
2023066657 3 0 1 0
2023097516 132 1 19 1
2023097636 132 1 19 1
2023097727 132 1 19 1
2023097773 132 1 19 1
2023097860 132 1 19 1
2023097947 132 1 19 1
2023098034 132 1 19 1
2023098125 132 1 19 1
2023098208 132 1 19 1
2023098295 132 1 19 1
2023098386 132 1 19 1
2023098473 132 1 19 1
2023098556 132 1 19 1
2023098639 132 1 19 1
2023098726 132 1 19 1
2023098813 132 1 19 1
2023098896 132 1 19 1
2023098983 132 1 19 1
2023099070 132 1 19 1
2023099157 132 1 19 1
2023099240 132 1 19 1
2023099331 132 1 19 1
2023099422 132 1 19 1
2023099509 132 1 19 1
2023099600 132 1 19 1
2023107647 132 1 19 1
2023107780 132 1 19 1
2023107817 132 1 19 1
2023107900 132 1 19 1
2023107987 132 1 19 1
2023108070 132 1 19 1
2023108161 132 1 19 1
2023108248 132 1 19 1
2023108335 132 1 19 1
2023108418 132 1 19 1
2023108505 132 1 19 1
2023108514 132 1 19 1
2023108597 132 1 19 1
2023108680 132 1 19 1
2023108771 132 1 19 1
2023108854 132 1 19 1
2023108945 132 1 19 1
2023109028 132 1 19 1
2023109115 132 1 19 1
2023109198 132 1 19 1
2023109281 132 1 19 1
2023109364 132 1 19 1
2023109455 132 1 19 1
2023109538 132 1 19 1
2023109629 132 1 19 1
2023109770 132 1 19 1
2023114684 132 1 19 0
2023124647 132 1 19 1
2023124704 132 1 19 0
2023124730 132 1 19 1
2023124813 132 1 19 1
2023124900 132 1 19 1
2023124987 132 1 19 1
2023125074 132 1 19 1
2023125157 132 1 19 1
2023125244 132 1 19 1
2023125331 132 1 19 1
2023125414 132 1 19 1
2023125505 132 1 19 1
2023125588 132 1 19 1
2023125675 132 1 19 1
2023125762 132 1 19 1
2023125849 132 1 19 1
2023125936 132 1 19 1
2023126023 132 1 19 1
2023126172 132 1 19 1
2023126193 132 1 19 1
2023126304 132 1 19 1
2023126390 132 1 19 1
2023126508 132 1 19 1
2023126549 132 1 19 1
2023126636 132 1 19 1
2023126719 132 1 19 1
2023126840 132 1 19 1
2023127894 132 1 19 0
2023133273 132 1 19 1
2023133359 132 1 19 1
2023133445 132 1 19 1
2023133531 132 1 19 1
2023133617 132 1 19 1
2023133703 132 1 19 1
2023133789 132 1 19 1
2023133958 132 1 19 1
2023134044 132 1 19 1
2023134130 132 1 19 1
2023134216 132 1 19 1
2023134302 132 1 19 1
2023134388 132 1 19 1
2023134474 132 1 19 1
2023134560 132 1 19 1
2023134646 132 1 19 1
2023134732 132 1 19 1
2023134818 132 1 19 1
2023134904 132 1 19 1
2023134990 132 1 19 1
2023135076 132 1 19 1
2023135162 132 1 19 1
2023135248 132 1 19 1
2023135334 132 1 19 1
2023135420 132 1 19 1
2023135593 132 1 19 0
2023261562 131 1 20 1
2023261645 131 1 20 1
2023261728 131 1 20 1
2023261746 131 1 20 1
2023261829 131 1 20 1
2023261912 131 1 20 1
2023261999 131 1 20 1
2023262082 131 1 20 1
2023262165 131 1 20 1
2023262282 131 1 20 1
2023262372 131 1 20 1
2023262418 131 1 20 1
2023262501 131 1 20 1
2023262584 131 1 20 1
2023262667 131 1 20 1
2023262750 131 1 20 1
2023262833 131 1 20 1
2023262916 131 1 20 1
2023262999 131 1 20 1
2023263082 131 1 20 1
2023263165 131 1 20 1
2023263252 131 1 20 1
2023263335 131 1 20 1
2023263418 131 1 20 1
2023263505 131 1 20 1
2023263588 131 1 20 1
2023266830 131 1 20 0
2023270173 131 1 20 1
2023270256 131 1 20 1
2023270382 131 1 20 1
2023270426 131 1 20 1
2023270509 131 1 20 1
2023270592 131 1 20 1
2023270675 131 1 20 1
2023270758 131 1 20 1
2023270879 131 1 20 1
2023270928 131 1 20 1
2023271011 131 1 20 1
2023271094 131 1 20 1
2023271192 131 1 20 1
2023271278 131 1 20 1
2023271347 131 1 20 1
2023271430 131 1 20 1
2023271513 131 1 20 1
2023271626 131 1 20 1
2023271679 131 1 20 1
2023271766 131 1 20 1
2023271849 131 1 20 1
2023271936 131 1 20 1
2023272041 131 1 20 1
2023272102 131 1 20 1
2023272185 131 1 20 1
2023276116 131 1 20 0
2023279578 131 1 20 1
2023279653 131 1 20 0
2023279739 131 1 20 1
2023279748 131 1 20 1
2023279835 131 1 20 1
2023279918 131 1 20 1
2023280001 131 1 20 1
2023280092 131 1 20 1
2023280175 131 1 20 1
2023280262 131 1 20 1
2023280349 131 1 20 1
2023280512 131 1 20 1
2023280527 131 1 20 1
2023280614 131 1 20 1
2023280697 131 1 20 1
2023280784 131 1 20 1
2023280867 131 1 20 1
2023280954 131 1 20 1
2023281037 131 1 20 1
2023281120 131 1 20 1
2023281280 131 1 20 1
2023281283 131 1 20 1
2023281310 131 1 20 1
2023281393 131 1 20 1
2023281480 131 1 20 1
2023281563 131 1 20 1
2023281646 131 1 20 1
2023281739 131 1 20 1
2023281824 131 1 20 1
2023283743 131 1 20 0
2023287675 131 1 20 1
2023287679 131 1 20 0
2023287758 131 1 20 1
2023287841 131 1 20 1
2023287931 131 1 20 1
2023288011 131 1 20 1
2023288094 131 1 20 1
2023288181 131 1 20 1
2023288264 131 1 20 1
2023288347 131 1 20 1
2023288430 131 1 20 1
2023288513 131 1 20 1
2023288596 131 1 20 1
2023288679 131 1 20 1
2023288766 131 1 20 1
2023288849 131 1 20 1
2023288932 131 1 20 1
2023289015 131 1 20 1
2023289098 131 1 20 1
2023289185 131 1 20 1
2023289268 131 1 20 1
2023289403 131 1 20 1
2023289491 131 1 20 1
2023289585 131 1 20 1
2023289675 131 1 20 1
2023289761 131 1 20 1
2023289851 131 1 20 1
2023292712 131 1 20 0
2023402644 134 1 22 1
2023402659 134 1 22 0
2023402794 134 1 22 1
2023402810 134 1 22 1
2023402893 134 1 22 1
2023402980 134 1 22 1
2023403063 134 1 22 1
2023403146 134 1 22 1
2023403229 134 1 22 1
2023403312 134 1 22 1
2023403395 134 1 22 1
2023403495 134 1 22 1
2023403565 134 1 22 1
2023403648 134 1 22 1
2023403731 134 1 22 1
2023403814 134 1 22 1
2023403897 134 1 22 1
2023403980 134 1 22 1
2023404063 134 1 22 1
2023404196 134 1 22 1
2023404237 134 1 22 1
2023404324 134 1 22 1
2023404407 134 1 22 1
2023404490 134 1 22 1
2023404573 134 1 22 1
2023404660 134 1 22 1
2023404745 134 1 22 1
2023404885 134 1 22 1
2023412564 134 1 22 1
2023412651 134 1 22 1
2023412662 134 1 22 0
2023412734 134 1 22 1
2023412817 134 1 22 1
2023412900 134 1 22 1
2023413022 134 1 22 1
2023413070 134 1 22 1
2023413157 134 1 22 1
2023413240 134 1 22 1
2023413323 134 1 22 1
2023413410 134 1 22 1
2023413493 134 1 22 1
2023413580 134 1 22 1
2023413702 134 1 22 1
2023413746 134 1 22 1
2023413829 134 1 22 1
2023413916 134 1 22 1
2023413999 134 1 22 1
2023414082 134 1 22 1
2023414165 134 1 22 1
2023414252 134 1 22 1
2023414408 134 1 22 1
2023414418 134 1 22 1
2023414501 134 1 22 1
2023414584 134 1 22 1
2023414748 134 1 22 1
2023418657 134 1 22 0
2023421668 134 1 22 1
2023421686 134 1 22 0
2023421826 134 1 22 1
2023421834 134 1 22 1
2023421917 134 1 22 1
2023422004 134 1 22 1
2023422087 134 1 22 1
2023422178 134 1 22 1
2023422261 134 1 22 1
2023422398 134 1 22 1
2023422431 134 1 22 1
2023422522 134 1 22 1
2023422605 134 1 22 1
2023422692 134 1 22 1
2023422791 134 1 22 1
2023422881 134 1 22 1
2023422961 134 1 22 1
2023423044 134 1 22 1
2023423127 134 1 22 1
2023423210 134 1 22 1
2023423351 134 1 22 1
2023423380 134 1 22 1
2023423463 134 1 22 1
2023423550 134 1 22 1
2023423637 134 1 22 1
2023423720 134 1 22 1
2023423849 134 1 22 1
2023423890 134 1 22 1
2023428099 134 1 22 0
2023431197 134 1 22 1
2023431288 134 1 22 0
2023431295 134 1 22 1
2023431393 134 1 22 1
2023431446 134 1 22 1
2023431545 134 1 22 1
2023431616 134 1 22 1
2023431703 134 1 22 1
2023431799 134 1 22 1
2023431889 134 1 22 1
2023431952 134 1 22 1
2023432039 134 1 22 1
2023432122 134 1 22 1
2023432205 134 1 22 1
2023432288 134 1 22 1
2023432375 134 1 22 1
2023432458 134 1 22 1
2023432541 134 1 22 1
2023432624 134 1 22 1
2023432707 134 1 22 1
2023432869 134 1 22 1
2023432877 134 1 22 1
2023432960 134 1 22 1
2023433043 134 1 22 1
2023433130 134 1 22 1
2023433213 134 1 22 1
2023433374 134 1 22 1
2023437494 134 1 22 0
2023441358 134 1 22 1
2023441441 134 1 22 1
2023441571 134 1 22 1
2023441611 134 1 22 1
2023441694 134 1 22 1
2023441781 134 1 22 1
2023441864 134 1 22 1
2023441947 134 1 22 1
2023442030 134 1 22 1
2023442137 134 1 22 1
2023442200 134 1 22 1
2023442283 134 1 22 1
2023442366 134 1 22 1
2023442449 134 1 22 1
2023442536 134 1 22 1
2023442619 134 1 22 1
2023442750 134 1 22 1
2023442789 134 1 22 1
2023442872 134 1 22 1
2023442959 134 1 22 1
2023443117 134 1 22 1
2023443129 134 1 22 1
2023443212 134 1 22 1
2023443295 134 1 22 1
2023443382 134 1 22 1
2023446305 134 1 22 0
2023449905 134 1 22 1
2023449938 134 1 22 0
2023449992 134 1 22 1
2023450075 134 1 22 1
2023450214 134 1 22 1
2023450241 134 1 22 1
2023450324 134 1 22 1
2023450407 134 1 22 1
2023450490 134 1 22 1
2023450577 134 1 22 1
2023450699 134 1 22 1
2023450743 134 1 22 1
2023450826 134 1 22 1
2023450909 134 1 22 1
2023450992 134 1 22 1
2023451079 134 1 22 1
2023451201 134 1 22 1
2023451245 134 1 22 1
2023451332 134 1 22 1
2023451415 134 1 22 1
2023451498 134 1 22 1
2023451581 134 1 22 1
2023451695 134 1 22 1
2023451751 134 1 22 1
2023451834 134 1 22 1
2023451921 134 1 22 1
2023452024 134 1 22 1
2023454077 134 1 22 0
2023458450 134 1 22 1
2023458491 134 1 22 0
2023458523 134 1 22 1
2023458544 134 1 22 0
2023458780 134 1 22 1
2023458867 134 1 22 1
2023458960 134 1 22 1
2023459033 134 1 22 1
2023459120 134 1 22 1
2023459207 134 1 22 1
2023459367 134 1 22 1
2023459377 134 1 22 1
2023459525 134 1 22 1
2023459551 134 1 22 1
2023459638 134 1 22 1
2023459721 134 1 22 1
2023459808 134 1 22 1
2023459901 134 1 22 1
2023459982 134 1 22 1
2023460069 134 1 22 1
2023460152 134 1 22 1
2023460312 134 1 22 1
2023460326 134 1 22 1
2023460409 134 1 22 1
2023460494 134 1 22 1
2023460577 134 1 22 1
2023460668 134 1 22 1
2023460751 134 1 22 1
2023460903 134 1 22 1
2023462556 134 1 22 0
2024385027 133 1 19 1
2024385113 133 1 19 1
2024385199 133 1 19 1
2024385285 133 1 19 1
2024385371 133 1 19 1
2024385457 133 1 19 1
2024385543 133 1 19 1
2024385629 133 1 19 1
2024385715 133 1 19 1
2024385801 133 1 19 1
2024385887 133 1 19 1
2024385959 133 1 19 1
2024386045 133 1 19 1
2024386131 133 1 19 1
2024386217 133 1 19 1
2024386303 133 1 19 1
2024386389 133 1 19 1
2024386475 133 1 19 1
2024386561 133 1 19 1
2024386647 133 1 19 1
2024386733 133 1 19 1
2024386819 133 1 19 1
2024386905 133 1 19 1
2024386991 133 1 19 1
2024387077 133 1 19 1
2024387163 133 1 19 1
2024394322 133 1 19 1
2024394408 133 1 19 1
2024394494 133 1 19 1
2024394580 133 1 19 1
2024394666 133 1 19 1
2024394752 133 1 19 1
2024394755 133 1 19 1
2024394924 133 1 19 1
2024394927 133 1 19 1
2024395013 133 1 19 1
2024395099 133 1 19 1
2024395185 133 1 19 1
2024395271 133 1 19 1
2024395357 133 1 19 1
2024395443 133 1 19 1
2024395529 133 1 19 1
2024395615 133 1 19 1
2024395701 133 1 19 1
2024395787 133 1 19 1
2024395873 133 1 19 1
2024395959 133 1 19 1
2024396045 133 1 19 1
2024396131 133 1 19 1
2024396217 133 1 19 1
2024396303 133 1 19 1
2024396393 133 1 19 1
2024399483 133 1 19 0
2024418515 133 1 19 1
2024418601 133 1 19 0
2024418604 133 1 19 1
2024418690 133 1 19 0
2024418693 133 1 19 1
2024418696 133 1 19 0
2024419446 133 1 19 1
2024419532 133 1 19 0
2024419535 133 1 19 1
2024419621 133 1 19 1
2024419707 133 1 19 1
2024419793 133 1 19 1
2024419879 133 1 19 0
2024419882 133 1 19 1
2024419968 133 1 19 0
2024419971 133 1 19 1
2024420057 133 1 19 0
2024420060 133 1 19 1
2024420146 133 1 19 1
2024420149 133 1 19 0
2024420152 133 1 19 1
2024420238 133 1 19 1
2024420324 133 1 19 1
2024420410 133 1 19 1
2024420496 133 1 19 1
2024420582 133 1 19 1
2024420751 133 1 19 1
2024420837 133 1 19 1
2024420923 133 1 19 1
2024421009 133 1 19 1
2024421095 133 1 19 1
2024421181 133 1 19 1
2024421267 133 1 19 1
2024421278 133 1 19 1
2024421385 133 1 19 1
2024421444 133 1 19 1
2024421531 133 1 19 1
2024421634 133 1 19 1
2024421966 133 1 19 1
2024422054 133 1 19 1
2024422192 133 1 19 1
2024422298 133 1 19 1
2024423018 133 1 19 0
2024468358 131 1 22 1
2024468448 131 1 22 1
2024468542 131 1 22 1
2024468632 131 1 22 1
2024468722 131 1 22 1
2024468812 131 1 22 1
2024468902 131 1 22 1
2024468992 131 1 22 1
2024468999 131 1 22 1
2024469089 131 1 22 1
2024469183 131 1 22 1
2024469273 131 1 22 1
2024469367 131 1 22 1
2024469457 131 1 22 1
2024469547 131 1 22 1
2024469637 131 1 22 1
2024469727 131 1 22 1
2024469817 131 1 22 1
2024469907 131 1 22 1
2024469997 131 1 22 1
2024470087 131 1 22 1
2024470098 131 1 22 1
2024470188 131 1 22 1
2024470278 131 1 22 1
2024470368 131 1 22 1
2024470458 131 1 22 1
2024478751 131 1 22 1
2024478837 131 1 22 1
2024478927 131 1 22 1
2024479017 131 1 22 1
2024479107 131 1 22 1
2024479197 131 1 22 1
2024479291 131 1 22 1
2024479381 131 1 22 1
2024479471 131 1 22 1
2024479557 131 1 22 1
2024479647 131 1 22 1
2024479733 131 1 22 1
2024479819 131 1 22 1
2024479826 131 1 22 1
2024479969 131 1 22 1
2024480059 131 1 22 1
2024480149 131 1 22 1
2024480235 131 1 22 1
2024480246 131 1 22 1
2024480336 131 1 22 1
2024480426 131 1 22 1
2024480516 131 1 22 1
2024480606 131 1 22 1
2024480696 131 1 22 1
2024480786 131 1 22 1
2024483976 131 1 22 0
2024487668 131 1 22 1
2024487754 131 1 22 1
2024487757 131 1 22 0
2024487843 131 1 22 1
2024487933 131 1 22 1
2024488019 131 1 22 1
2024488109 131 1 22 1
2024488199 131 1 22 1
2024488285 131 1 22 1
2024488375 131 1 22 1
2024488461 131 1 22 1
2024488551 131 1 22 1
2024488558 131 1 22 1
2024488648 131 1 22 1
2024488738 131 1 22 1
2024488828 131 1 22 1
2024488918 131 1 22 1
2024489004 131 1 22 1
2024489090 131 1 22 1
2024489180 131 1 22 1
2024489266 131 1 22 1
2024489360 131 1 22 1
2024489446 131 1 22 1
2024489536 131 1 22 1
2024489622 131 1 22 1
2024489712 131 1 22 1
2024489723 131 1 22 1
2024489892 131 1 22 1
2024489982 131 1 22 1
2024492203 131 1 22 0
2024496465 131 1 22 1
2024496555 131 1 22 1
2024496645 131 1 22 1
2024496731 131 1 22 1
2024496821 131 1 22 1
2024496907 131 1 22 1
2024497001 131 1 22 1
2024497091 131 1 22 1
2024497177 131 1 22 1
2024497263 131 1 22 1
2024497353 131 1 22 1
2024497443 131 1 22 1
2024497529 131 1 22 1
2024497615 131 1 22 1
2024497705 131 1 22 1
2024497712 131 1 22 1
2024497802 131 1 22 1
2024497892 131 1 22 1
2024497978 131 1 22 1
2024498064 131 1 22 1
2024498154 131 1 22 1
2024498240 131 1 22 1
2024498326 131 1 22 1
2024498412 131 1 22 1
2024498498 131 1 22 1
2024498588 131 1 22 1
2024500813 131 1 22 0
2024504477 131 1 22 1
2024504563 131 1 22 0
2024504570 131 1 22 1
2024504656 131 1 22 0
2024504659 131 1 22 1
2024504749 131 1 22 1
2024504843 131 1 22 1
2024504929 131 1 22 1
2024505023 131 1 22 1
2024505113 131 1 22 1
2024505207 131 1 22 1
2024505293 131 1 22 1
2024505383 131 1 22 1
2024505473 131 1 22 1
2024505559 131 1 22 1
2024505649 131 1 22 1
2024505739 131 1 22 1
2024505825 131 1 22 1
2024505919 131 1 22 1
2024506009 131 1 22 1
2024506020 131 1 22 1
2024506110 131 1 22 1
2024506200 131 1 22 1
2024506290 131 1 22 1
2024506380 131 1 22 1
2024506470 131 1 22 1
2024506556 131 1 22 1
2024506729 131 1 22 1
2024506823 131 1 22 1
2024509084 131 1 22 0
2024513027 131 1 22 1
2024513030 131 1 22 0
2024513294 131 1 22 1
2024513380 131 1 22 1
2024513474 131 1 22 1
2024513568 131 1 22 1
2024513654 131 1 22 1
2024513661 131 1 22 1
2024513747 131 1 22 1
2024513845 131 1 22 1
2024513931 131 1 22 1
2024514021 131 1 22 1
2024514119 131 1 22 1
2024514205 131 1 22 1
2024514299 131 1 22 1
2024514385 131 1 22 1
2024514471 131 1 22 1
2024514561 131 1 22 1
2024514655 131 1 22 1
2024514658 131 1 22 1
2024514752 131 1 22 1
2024514838 131 1 22 1
2024514924 131 1 22 1
2024515014 131 1 22 1
2024515104 131 1 22 1
2024515190 131 1 22 1
2024515280 131 1 22 1
2024515370 131 1 22 1
2024517825 131 1 22 0
2024521576 131 1 22 1
2024521579 131 1 22 0
2024521665 131 1 22 1
2024521672 131 1 22 1
2024521762 131 1 22 1
2024521852 131 1 22 1
2024521938 131 1 22 1
2024522024 131 1 22 1
2024522110 131 1 22 1
2024522200 131 1 22 1
2024522290 131 1 22 1
2024522376 131 1 22 1
2024522466 131 1 22 1
2024522556 131 1 22 1
2024522642 131 1 22 1
2024522728 131 1 22 1
2024522814 131 1 22 1
2024522904 131 1 22 1
2024522990 131 1 22 1
2024523076 131 1 22 1
2024523087 131 1 22 1
2024523173 131 1 22 1
2024523263 131 1 22 1
2024523349 131 1 22 1
2024523435 131 1 22 1
2024523521 131 1 22 1
2024523611 131 1 22 1
2024523697 131 1 22 1
2024523783 131 1 22 1
2024526778 131 1 22 0
2024530749 131 1 22 1
2024530835 131 1 22 0
2024530838 131 1 22 1
2024530928 131 1 22 0
2024530931 131 1 22 1
2024531021 131 1 22 1
2024531024 131 1 22 1
2024531114 131 1 22 1
2024531200 131 1 22 1
2024531286 131 1 22 1
2024531372 131 1 22 1
2024531462 131 1 22 1
2024531548 131 1 22 1
2024531634 131 1 22 1
2024531720 131 1 22 1
2024531848 131 1 22 1
2024531851 131 1 22 1
2024531941 131 1 22 1
2024532027 131 1 22 1
2024532117 131 1 22 1
2024532203 131 1 22 1
2024532289 131 1 22 1
2024532375 131 1 22 1
2024532382 131 1 22 1
2024532468 131 1 22 1
2024532554 131 1 22 1
2024532640 131 1 22 1
2024532726 131 1 22 1
2024532816 131 1 22 1
2024532989 131 1 22 1
2024533075 131 1 22 1
2024535612 131 1 22 0
2024547593 128 1 22 1
2024547596 128 1 22 0
2024547680 128 1 22 1
2024547759 128 1 22 0
2024547763 128 1 22 1
2024547854 128 1 22 1
2024547937 128 1 22 1
2024548028 128 1 22 1
2024548111 128 1 22 1
2024548202 128 1 22 1
2024548285 128 1 22 1
2024548372 128 1 22 1
2024548463 128 1 22 1
2024548550 128 1 22 1
2024548637 128 1 22 1
2024548724 128 1 22 1
2024548811 128 1 22 1
2024548958 128 1 22 1
2024548981 128 1 22 1
2024549066 128 1 22 1
2024549211 128 1 22 1
2024549238 128 1 22 1
2024549325 128 1 22 1
2024549408 128 1 22 1
2024549495 128 1 22 1
2024549578 128 1 22 1
2024549713 128 1 22 1
2024549744 128 1 22 1
2024549845 128 1 22 1
2024552173 128 1 22 0
2024560508 128 1 22 1
2024560591 128 1 22 1
2024560678 128 1 22 1
2024560761 128 1 22 1
2024560844 128 1 22 1
2024560927 128 1 22 1
2024561010 128 1 22 1
2024561093 128 1 22 1
2024561176 128 1 22 1
2024561259 128 1 22 1
2024561346 128 1 22 1
2024561429 128 1 22 1
2024561512 128 1 22 1
2024561599 128 1 22 1
2024561682 128 1 22 1
2024561769 128 1 22 1
2024561856 128 1 22 1
2024561939 128 1 22 1
2024562026 128 1 22 1
2024562109 128 1 22 1
2024562196 128 1 22 1
2024562279 128 1 22 1
2024562366 128 1 22 1
2024562449 128 1 22 1
2024562536 128 1 22 1
2024563590 128 1 22 0
2024570358 128 1 22 1
2024570376 128 1 22 0
2024570441 128 1 22 1
2024570467 128 1 22 0
2024570607 128 1 22 1
2024570690 128 1 22 1
2024570773 128 1 22 1
2024570856 128 1 22 1
2024570939 128 1 22 1
2024571022 128 1 22 1
2024571105 128 1 22 1
2024571188 128 1 22 1
2024571271 128 1 22 1
2024571354 128 1 22 1
2024571441 128 1 22 1
2024571527 128 1 22 1
2024571607 128 1 22 1
2024571690 128 1 22 1
2024571773 128 1 22 1
2024571860 128 1 22 1
2024571943 128 1 22 1
2024572026 128 1 22 1
2024572109 128 1 22 1
2024572196 128 1 22 1
2024572287 128 1 22 1
2024572370 128 1 22 1
2024572462 128 1 22 1
2024572553 128 1 22 1
2024572640 128 1 22 1
2024573664 128 1 22 0
2024579746 128 1 22 1
2024579825 128 1 22 0
2024579829 128 1 22 1
2024579912 128 1 22 1
2024579995 128 1 22 1
2024580078 128 1 22 1
2024580161 128 1 22 1
2024580244 128 1 22 1
2024580327 128 1 22 1
2024580410 128 1 22 1
2024580493 128 1 22 1
2024580576 128 1 22 1
2024580659 128 1 22 1
2024580742 128 1 22 1
2024580825 128 1 22 1
2024580908 128 1 22 1
2024580991 128 1 22 1
2024581078 128 1 22 1
2024581161 128 1 22 1
2024581244 128 1 22 1
2024581327 128 1 22 1
2024581410 128 1 22 1
2024581493 128 1 22 1
2024581576 128 1 22 1
2024581659 128 1 22 1
2024581742 128 1 22 1
2024581825 128 1 22 1
2024581911 128 1 22 1
2024584076 128 1 22 0
2025127873 133 1 22 1
2025127954 133 1 22 0
2025127957 133 1 22 1
2025128085 133 1 22 1
2025128177 133 1 22 1
2025128425 133 1 22 1
2025128818 133 1 22 1
2025128940 133 1 22 1
2025129067 133 1 22 1
2025129274 133 1 22 1
2025129569 133 1 22 1
2025129776 133 1 22 1
2025130067 133 1 22 1
2025132076 133 1 22 0
2025135739 133 1 22 1
2025135885 133 1 22 1
2025135905 133 1 22 1
2025135988 133 1 22 1
2025136134 133 1 22 1
2025136229 133 1 22 1
2025136237 133 1 22 1
2025136387 133 1 22 1
2025136403 133 1 22 1
2025136486 133 1 22 1
2025136636 133 1 22 1
2025136881 133 1 22 1
2025136916 133 1 22 1
2025137130 133 1 22 1
2025137414 133 1 22 1
2025137619 133 1 22 1
2025142190 133 1 22 0
2025144903 133 1 22 1
2025144989 133 1 22 1
2025145079 133 1 22 1
2025145169 133 1 22 1
2025145259 133 1 22 1
2025145349 133 1 22 1
2025145356 133 1 22 1
2025145446 133 1 22 1
2025145532 133 1 22 1
2025145626 133 1 22 1
2025145712 133 1 22 1
2025145806 133 1 22 1
2025145892 133 1 22 1
2025145986 133 1 22 1
2025146072 133 1 22 1
2025146166 133 1 22 1
2025146252 133 1 22 1
2025146338 133 1 22 1
2025146432 133 1 22 1
2025146439 133 1 22 1
2025146529 133 1 22 1
2025146619 133 1 22 1
2025146709 133 1 22 1
2025146811 133 1 22 1
2025146901 133 1 22 1
2025146995 133 1 22 1
2025158607 133 1 22 1
2025158697 133 1 22 0
2025158700 133 1 22 1
2025158786 133 1 22 0
2025158789 133 1 22 1
2025158883 133 1 22 0
2025158886 133 1 22 1
2025158976 133 1 22 1
2025159066 133 1 22 1
2025159156 133 1 22 1
2025159246 133 1 22 1
2025159336 133 1 22 1
2025159426 133 1 22 1
2025159516 133 1 22 1
2025159606 133 1 22 1
2025159696 133 1 22 1
2025159782 133 1 22 1
2025159793 133 1 22 1
2025159879 133 1 22 1
2025159969 133 1 22 1
2025160059 133 1 22 1
2025160149 133 1 22 1
2025160243 133 1 22 1
2025160329 133 1 22 1
2025160419 133 1 22 1
2025160509 133 1 22 1
2025160595 133 1 22 1
2025160689 133 1 22 1
2025160858 133 1 22 1
2025160873 133 1 22 1
2025161046 133 1 22 1
2025161654 133 1 22 0
2025170648 133 1 22 1
2025170738 133 1 22 0
2025170741 133 1 22 1
2025170831 133 1 22 1
2025170921 133 1 22 1
2025171011 133 1 22 1
2025171018 133 1 22 1
2025171108 133 1 22 1
2025171194 133 1 22 1
2025171284 133 1 22 1
2025171378 133 1 22 1
2025171464 133 1 22 1
2025171558 133 1 22 1
2025171644 133 1 22 1
2025171734 133 1 22 1
2025171824 133 1 22 1
2025171914 133 1 22 1
2025172004 133 1 22 1
2025172094 133 1 22 1
2025172097 133 1 22 1
2025172191 133 1 22 1
2025172277 133 1 22 1
2025172367 133 1 22 1
2025172457 133 1 22 1
2025172547 133 1 22 1
2025172637 133 1 22 1
2025172727 133 1 22 1
2025172900 133 1 22 1
2025173512 133 1 22 0
2025597855 130 1 23 1
2025597946 130 1 23 1
2025598033 130 1 23 1
2025598124 130 1 23 1
2025598215 130 1 23 1
2025598306 130 1 23 1
2025598405 130 1 23 1
2025598492 130 1 23 1
2025598583 130 1 23 1
2025598670 130 1 23 1
2025598765 130 1 23 1
2025598906 130 1 23 1
2025598943 130 1 23 1
2025599038 130 1 23 1
2025599125 130 1 23 1
2025599212 130 1 23 1
2025599307 130 1 23 1
2025599394 130 1 23 1
2025599485 130 1 23 1
2025599585 130 1 23 1
2025599663 130 1 23 1
2025599758 130 1 23 1
2025599849 130 1 23 1
2025599940 130 1 23 1
2025602406 130 1 23 0
2025606169 130 1 23 1
2025606280 130 1 23 0
2025606283 130 1 23 1
2025606341 130 1 23 0
2025606344 130 1 23 1
2025606426 130 1 23 1
2025606513 130 1 23 1
2025606673 130 1 23 1
2025606687 130 1 23 1
2025606778 130 1 23 1
2025606865 130 1 23 1
2025606960 130 1 23 1
2025607051 130 1 23 1
2025607142 130 1 23 1
2025607237 130 1 23 1
2025607328 130 1 23 1
2025607411 130 1 23 1
2025607506 130 1 23 1
2025607597 130 1 23 1
2025607750 130 1 23 1
2025607775 130 1 23 1
2025607862 130 1 23 1
2025607953 130 1 23 1
2025608052 130 1 23 1
2025608143 130 1 23 1
2025608234 130 1 23 1
2025608366 130 1 23 1
2025611581 130 1 23 0
2025616172 130 1 23 1
2025616235 130 1 23 0
2025616254 130 1 23 1
2025616345 130 1 23 1
2025616448 130 1 23 1
2025616523 130 1 23 1
2025616622 130 1 23 1
2025616705 130 1 23 1
2025616796 130 1 23 1
2025616883 130 1 23 1
2025616970 130 1 23 1
2025617053 130 1 23 1
2025617148 130 1 23 1
2025617318 130 1 23 1
2025617326 130 1 23 1
2025617496 130 1 23 1
2025617504 130 1 23 1
2025617666 130 1 23 1
2025617678 130 1 23 1
2025617844 130 1 23 1
2025617860 130 1 23 1
2025618018 130 1 23 1
2025618038 130 1 23 1
2025618184 130 1 23 1
2025618271 130 1 23 1
2025618321 130 1 23 1
2025620962 130 1 23 0
2025625015 130 1 23 1
2025625054 130 1 23 0
2025625146 130 1 23 1
2025625157 130 1 23 1
2025625312 130 1 23 1
2025625326 130 1 23 1
2025625478 130 1 23 1
2025625504 130 1 23 1
2025625644 130 1 23 1
2025625682 130 1 23 1
2025625818 130 1 23 1
2025625856 130 1 23 1
2025625980 130 1 23 1
2025626087 130 1 23 1
2025626177 130 1 23 1
2025626200 130 1 23 1
2025626312 130 1 23 1
2025626378 130 1 23 1
2025626482 130 1 23 1
2025626568 130 1 23 1
2025626631 130 1 23 1
2025626735 130 1 23 1
2025626829 130 1 23 1
2025626892 130 1 23 1
2025627000 130 1 23 1
2025627066 130 1 23 1
2025627174 130 1 23 1
2025629450 130 1 23 0
2025634055 130 1 23 1
2025634066 130 1 23 0
2025634142 130 1 23 1
2025634161 130 1 23 0
2025634229 130 1 23 1
2025634252 130 1 23 0
2025634316 130 1 23 1
2025634399 130 1 23 1
2025634482 130 1 23 1
2025634573 130 1 23 1
2025634660 130 1 23 1
2025634748 130 1 23 1
2025634830 130 1 23 1
2025634921 130 1 23 1
2025635053 130 1 23 1
2025635091 130 1 23 1
2025635178 130 1 23 1
2025635265 130 1 23 1
2025635432 130 1 23 1
2025635439 130 1 23 1
2025635526 130 1 23 1
2025635609 130 1 23 1
2025635696 130 1 23 1
2025635779 130 1 23 1
2025635870 130 1 23 1
2025635953 130 1 23 1
2025636044 130 1 23 1
2025636127 130 1 23 1
2025636218 130 1 23 1
2025636301 130 1 23 1
2025636392 130 1 23 1
2025638089 130 1 23 0
2025647847 130 1 23 1
2025647909 130 1 23 0
2025647930 130 1 23 1
2025647992 130 1 23 0
2025648013 130 1 23 1
2025648103 130 1 23 1
2025648187 130 1 23 1
2025648270 130 1 23 1
2025648357 130 1 23 1
2025648440 130 1 23 1
2025648531 130 1 23 1
2025648614 130 1 23 1
2025648697 130 1 23 1
2025648784 130 1 23 1
2025648867 130 1 23 1
2025648954 130 1 23 1
2025649045 130 1 23 1
2025649128 130 1 23 1
2025649233 130 1 23 1
2025649319 130 1 23 1
2025649389 130 1 23 1
2025649476 130 1 23 1
2025649563 130 1 23 1
2025649646 130 1 23 1
2025649733 130 1 23 1
2025649820 130 1 23 1
2025649907 130 1 23 1
2025649995 130 1 23 1
2025650082 130 1 23 1
2025651239 130 1 23 0
2025972086 130 1 20 1
2025972145 130 1 20 0
2025972181 130 1 20 1
2025972323 130 1 20 1
2025972355 130 1 20 1
2025972442 130 1 20 1
2025972525 130 1 20 1
2025972683 130 1 20 1
2025972699 130 1 20 1
2025972786 130 1 20 1
2025972940 130 1 20 1
2025973026 130 1 20 1
2025973048 130 1 20 1
2025973134 130 1 20 1
2025973221 130 1 20 1
2025973383 130 1 20 1
2025973394 130 1 20 1
2025973478 130 1 20 1
2025973640 130 1 20 1
2025973648 130 1 20 1
2025973731 130 1 20 1
2025973818 130 1 20 1
2025973913 130 1 20 1
2025973996 130 1 20 1
2025974083 130 1 20 1
2025974166 130 1 20 1
2025974253 130 1 20 1
2025978267 130 1 20 0
2025981662 130 1 20 1
2025981806 130 1 20 1
2025981901 130 1 20 1
2025981923 130 1 20 1
2025982010 130 1 20 1
2025982168 130 1 20 1
2025982254 130 1 20 1
2025982271 130 1 20 1
2025982423 130 1 20 1
2025982457 130 1 20 1
2025982597 130 1 20 1
2025982627 130 1 20 1
2025982763 130 1 20 1
2025982857 130 1 20 1
2025982884 130 1 20 1
2025982975 130 1 20 1
2025983115 130 1 20 1
2025983205 130 1 20 1
2025983240 130 1 20 1
2025983376 130 1 20 1
2025983414 130 1 20 1
2025983538 130 1 20 1
2025983592 130 1 20 1
2025983716 130 1 20 1
2025986994 130 1 20 0
2025990355 130 1 20 1
2025990358 130 1 20 0
2025990369 130 1 20 1
2025990463 130 1 20 0
2025990466 130 1 20 1
2025990556 130 1 20 1
2025990650 130 1 20 1
2025990782 130 1 20 1
2025990868 130 1 20 1
2025990962 130 1 20 1
2025990972 130 1 20 1
2025991110 130 1 20 1
2025991212 130 1 20 1
2025991306 130 1 20 1
2025991396 130 1 20 1
2025991403 130 1 20 1
2025991549 130 1 20 1
2025991643 130 1 20 1
2025991733 130 1 20 1
2025991827 130 1 20 1
2025991917 130 1 20 1
2025991924 130 1 20 1
2025992022 130 1 20 1
2025992146 130 1 20 1
2025992236 130 1 20 1
2025992326 130 1 20 1
2025992416 130 1 20 1
2025992514 130 1 20 1
2025992604 130 1 20 1
2025994031 130 1 20 0
2025998387 130 1 20 1
2025998477 130 1 20 0
2025998480 130 1 20 1
2025998578 130 1 20 1
2025998597 130 1 20 1
2025998739 130 1 20 1
2025998829 130 1 20 1
2025998927 130 1 20 1
2025998938 130 1 20 1
2025999032 130 1 20 1
2025999122 130 1 20 1
2025999212 130 1 20 1
2025999340 130 1 20 1
2025999434 130 1 20 1
2025999449 130 1 20 1
2025999539 130 1 20 1
2025999637 130 1 20 1
2025999723 130 1 20 1
2025999817 130 1 20 1
2025999907 130 1 20 1
2026000001 130 1 20 1
2026000020 130 1 20 1
2026000119 130 1 20 1
2026000209 130 1 20 1
2026000303 130 1 20 1
2026000356 130 1 20 1
2026000459 130 1 20 1
2026000644 130 1 20 1
2026002045 130 1 20 0
2026005904 130 1 20 1
2026005998 130 1 20 1
2026006100 130 1 20 1
2026006190 130 1 20 1
2026006288 130 1 20 1
2026006386 130 1 20 1
2026006476 130 1 20 1
2026006495 130 1 20 1
2026006581 130 1 20 1
2026006667 130 1 20 1
2026006765 130 1 20 1
2026006851 130 1 20 1
2026006949 130 1 20 1
2026006952 130 1 20 1
2026007048 130 1 20 1
2026007142 130 1 20 1
2026007228 130 1 20 1
2026007326 130 1 20 1
2026007416 130 1 20 1
2026007506 130 1 20 1
2026007600 130 1 20 1
2026007694 130 1 20 1
2026007784 130 1 20 1
2026007791 130 1 20 1
2026007881 130 1 20 1
2026007971 130 1 20 1
2026010246 130 1 20 0
2026196633 129 1 23 1
2026196671 129 1 23 0
2026196720 129 1 23 1
2026196807 129 1 23 1
2026196890 129 1 23 1
2026196977 129 1 23 1
2026197060 129 1 23 1
2026197143 129 1 23 1
2026197230 129 1 23 1
2026197313 129 1 23 1
2026197400 129 1 23 1
2026197483 129 1 23 1
2026197570 129 1 23 1
2026197661 129 1 23 1
2026197744 129 1 23 1
2026197831 129 1 23 1
2026197914 129 1 23 1
2026197997 129 1 23 1
2026198084 129 1 23 1
2026198167 129 1 23 1
2026198254 129 1 23 1
2026198337 129 1 23 1
2026198424 129 1 23 1
2026198511 129 1 23 1
2026198602 129 1 23 1
2026198685 129 1 23 1
2026198768 129 1 23 1
2026201252 129 1 23 0
2026204651 129 1 23 1
2026204671 129 1 23 0
2026204738 129 1 23 1
2026204825 129 1 23 1
2026204912 129 1 23 1
2026204999 129 1 23 1
2026205086 129 1 23 1
2026205173 129 1 23 1
2026205256 129 1 23 1
2026205347 129 1 23 1
2026205434 129 1 23 1
2026205521 129 1 23 1
2026205604 129 1 23 1
2026205691 129 1 23 1
2026205774 129 1 23 1
2026205857 129 1 23 1
2026205944 129 1 23 1
2026206027 129 1 23 1
2026206114 129 1 23 1
2026206201 129 1 23 1
2026206288 129 1 23 1
2026206375 129 1 23 1
2026206466 129 1 23 1
2026206553 129 1 23 1
2026206640 129 1 23 1
2026206727 129 1 23 1
2026206818 129 1 23 1
2026209605 129 1 23 0
2026213645 129 1 23 1
2026213648 129 1 23 0
2026213887 129 1 23 1
2026213977 129 1 23 1
2026214056 129 1 23 1
2026214146 129 1 23 1
2026214236 129 1 23 1
2026214313 129 1 23 1
2026214405 129 1 23 1
2026214496 129 1 23 1
2026214582 129 1 23 1
2026214672 129 1 23 1
2026214762 129 1 23 1
2026214919 129 1 23 1
2026214930 129 1 23 1
2026215035 129 1 23 1
2026215104 129 1 23 1
2026215181 129 1 23 1
2026215268 129 1 23 1
2026215358 129 1 23 1
2026215442 129 1 23 1
2026215529 129 1 23 1
2026215620 129 1 23 1
2026215707 129 1 23 1
2026215794 129 1 23 1
2026215881 129 1 23 1
2026215968 129 1 23 1
2026218659 129 1 23 0
2026221884 129 1 23 1
2026221975 129 1 23 1
2026222066 129 1 23 1
2026222149 129 1 23 1
2026222240 129 1 23 1
2026222323 129 1 23 1
2026222400 129 1 23 1
2026222487 129 1 23 1
2026222574 129 1 23 1
2026222661 129 1 23 1
2026222752 129 1 23 1
2026222835 129 1 23 1
2026222926 129 1 23 1
2026223013 129 1 23 1
2026223100 129 1 23 1
2026223187 129 1 23 1
2026223278 129 1 23 1
2026223365 129 1 23 1
2026223452 129 1 23 1
2026223539 129 1 23 1
2026223626 129 1 23 1
2026223713 129 1 23 1
2026223800 129 1 23 1
2026223887 129 1 23 1
2026226005 129 1 23 0
2026229950 129 1 23 1
2026229953 129 1 23 0
2026230039 129 1 23 1
2026230053 129 1 23 1
2026230208 129 1 23 1
2026230227 129 1 23 1
2026230377 129 1 23 1
2026230401 129 1 23 1
2026230539 129 1 23 1
2026230625 129 1 23 1
2026230666 129 1 23 1
2026230792 129 1 23 1
2026230840 129 1 23 1
2026230958 129 1 23 1
2026231014 129 1 23 1
2026231120 129 1 23 1
2026231206 129 1 23 1
2026231275 129 1 23 1
2026231369 129 1 23 1
2026231449 129 1 23 1
2026231536 129 1 23 1
2026231701 129 1 23 1
2026231787 129 1 23 1
2026231805 129 1 23 1
2026231950 129 1 23 1
2026231979 129 1 23 1
2026232116 129 1 23 1
2026234486 129 1 23 0
2026238557 129 1 23 1
2026238643 129 1 23 1
2026238668 129 1 23 1
2026238806 129 1 23 1
2026238842 129 1 23 1
2026238972 129 1 23 1
2026239020 129 1 23 1
2026239138 129 1 23 1
2026239224 129 1 23 1
2026239281 129 1 23 1
2026239391 129 1 23 1
2026239455 129 1 23 1
2026239553 129 1 23 1
2026239629 129 1 23 1
2026239719 129 1 23 1
2026239805 129 1 23 1
2026239968 129 1 23 1
2026239981 129 1 23 1
2026240134 129 1 23 1
2026240155 129 1 23 1
2026240304 129 1 23 1
2026240390 129 1 23 1
2026240416 129 1 23 1
2026240549 129 1 23 1
2026240590 129 1 23 1
2026245383 129 1 23 0
2026248517 129 1 23 1
2026248603 129 1 23 0
2026248606 129 1 23 1
2026248766 129 1 23 1
2026248852 129 1 23 1
2026248861 129 1 23 1
2026248944 129 1 23 1
2026249098 129 1 23 1
2026249122 129 1 23 1
2026249264 129 1 23 1
2026249308 129 1 23 1
2026249399 129 1 23 1
2026249513 129 1 23 1
2026249603 129 1 23 1
2026249660 129 1 23 1
2026249762 129 1 23 1
2026249830 129 1 23 1
2026249921 129 1 23 1
2026250016 129 1 23 1
2026250177 129 1 23 1
2026250194 129 1 23 1
2026250343 129 1 23 1
2026250368 129 1 23 1
2026250509 129 1 23 1
2026250542 129 1 23 1
2026250689 129 1 23 1
2026253078 129 1 23 0
2026256702 129 1 23 1
2026256788 129 1 23 0
2026256791 129 1 23 1
2026256881 129 1 23 0
2026256884 129 1 23 1
2026256970 129 1 23 1
2026257056 129 1 23 1
2026257142 129 1 23 1
2026257228 129 1 23 1
2026257314 129 1 23 1
2026257400 129 1 23 1
2026257486 129 1 23 1
2026257572 129 1 23 1
2026257662 129 1 23 1
2026257748 129 1 23 1
2026257834 129 1 23 1
2026257920 129 1 23 1
2026258006 129 1 23 1
2026258092 129 1 23 1
2026258178 129 1 23 1
2026258264 129 1 23 1
2026258350 129 1 23 1
2026258436 129 1 23 1
2026258522 129 1 23 1
2026258608 129 1 23 1
2026258694 129 1 23 1
2026258780 129 1 23 1
2026258866 129 1 23 1
2026258952 129 1 23 1
2026259038 129 1 23 1
2026261780 129 1 23 0
2026266530 129 1 23 1
2026266533 129 1 23 0
2026266619 129 1 23 1
2026266705 129 1 23 1
2026266791 129 1 23 1
2026266816 129 1 23 1
2026266926 129 1 23 1
2026266982 129 1 23 1
2026267092 129 1 23 1
2026267178 129 1 23 1
2026267235 129 1 23 1
2026267341 129 1 23 1
2026267401 129 1 23 1
2026267507 129 1 23 1
2026267567 129 1 23 1
2026267710 129 1 23 1
2026267737 129 1 23 1
2026267876 129 1 23 1
2026267903 129 1 23 1
2026268042 129 1 23 1
2026268069 129 1 23 1
2026268208 129 1 23 1
2026268239 129 1 23 1
2026268374 129 1 23 1
2026268405 129 1 23 1
2026268540 129 1 23 1
2026268575 129 1 23 1
2026268706 129 1 23 1
2026270449 129 1 23 0
2026275322 129 1 23 1
2026275445 129 1 23 0
2026275448 129 1 23 1
2026275492 129 1 23 1
2026275623 129 1 23 1
2026275666 129 1 23 1
2026275753 129 1 23 1
2026275880 129 1 23 1
2026275923 129 1 23 1
2026276054 129 1 23 1
2026276097 129 1 23 1
2026276180 129 1 23 1
2026276317 129 1 23 1
2026276407 129 1 23 1
2026276441 129 1 23 1
2026276566 129 1 23 1
2026276656 129 1 23 1
2026276750 129 1 23 1
2026276836 129 1 23 1
2026276922 129 1 23 1
2026277008 129 1 23 1
2026277094 129 1 23 1
2026277136 129 1 23 1
2026277222 129 1 23 1
2026277313 129 1 23 1
2026277394 129 1 23 1
2026277531 129 1 23 1
2026278973 129 1 23 0
2026286659 129 1 23 1
2026286662 129 1 23 0
2026286681 129 1 23 1
2026286825 129 1 23 0
2026286828 129 1 23 1
2026286831 129 1 23 0
2026286917 129 1 23 1
2026286920 129 1 23 0
2026286938 129 1 23 1
2026287074 129 1 23 0
2026287077 129 1 23 1
2026287163 129 1 23 1
2026287195 129 1 23 1
2026287323 129 1 23 1
2026287409 129 1 23 1
2026287456 129 1 23 1
2026287572 129 1 23 1
2026287658 129 1 23 0
2026287661 129 1 23 1
2026287709 129 1 23 1
2026287821 129 1 23 1
2026287883 129 1 23 1
2026287987 129 1 23 1
2026288073 129 1 23 1
2026288159 129 1 23 1
2026288227 129 1 23 1
2026288319 129 1 23 1
2026288405 129 1 23 1
2026288496 129 1 23 1
2026288651 129 1 23 1
2026288737 129 1 23 1
2026288823 129 1 23 1
2026288983 129 1 23 1
2026289069 129 1 23 1
2026289160 129 1 23 1
2026289738 129 1 23 0
2026289824 129 1 23 1
2026289835 129 1 23 0
2026296718 129 1 23 1
2026296804 129 1 23 1
2026296890 129 1 23 1
2026296976 129 1 23 1
2026297066 129 1 23 1
2026297152 129 1 23 1
2026297238 129 1 23 1
2026297241 129 1 23 1
2026297327 129 1 23 1
2026297413 129 1 23 1
2026297499 129 1 23 1
2026297585 129 1 23 1
2026297671 129 1 23 1
2026297757 129 1 23 1
2026297843 129 1 23 1
2026297929 129 1 23 1
2026298015 129 1 23 1
2026298101 129 1 23 1
2026298187 129 1 23 1
2026298273 129 1 23 1
2026298359 129 1 23 1
2026298445 129 1 23 1
2026298531 129 1 23 1
2026298617 129 1 23 1
2026298703 129 1 23 1
2026298789 129 1 23 1
2026298958 129 1 23 0
2026338731 132 1 20 1
2026338734 132 1 20 0
2026338787 132 1 20 1
2026338794 132 1 20 0
2026338893 132 1 20 1
2026338953 132 1 20 1
2026339063 132 1 20 1
2026339123 132 1 20 1
2026339229 132 1 20 1
2026339289 132 1 20 1
2026339399 132 1 20 1
2026339485 132 1 20 1
2026339542 132 1 20 1
2026339644 132 1 20 1
2026339735 132 1 20 1
2026339795 132 1 20 1
2026339878 132 1 20 1
2026339980 132 1 20 1
2026340044 132 1 20 1
2026340131 132 1 20 1
2026340233 132 1 20 1
2026340297 132 1 20 1
2026340403 132 1 20 1
2026340471 132 1 20 1
2026340554 132 1 20 1
2026340648 132 1 20 1
2026340720 132 1 20 1
2026340803 132 1 20 1
2026340886 132 1 20 1
2026340973 132 1 20 1
2026348059 132 1 20 1
2026348146 132 1 20 1
2026348233 132 1 20 1
2026348324 132 1 20 1
2026348407 132 1 20 1
2026348490 132 1 20 1
2026348573 132 1 20 1
2026348656 132 1 20 1
2026348739 132 1 20 1
2026348822 132 1 20 1
2026348905 132 1 20 1
2026348988 132 1 20 1
2026349073 132 1 20 1
2026349154 132 1 20 1
2026349237 132 1 20 1
2026349320 132 1 20 1
2026349403 132 1 20 1
2026349486 132 1 20 1
2026349569 132 1 20 1
2026349652 132 1 20 1
2026349735 132 1 20 1
2026349818 132 1 20 1
2026349901 132 1 20 1
2026349984 132 1 20 1
2026350067 132 1 20 1
2026357568 132 1 20 1
2026357651 132 1 20 1
2026357734 132 1 20 1
2026357817 132 1 20 1
2026357900 132 1 20 1
2026357983 132 1 20 1
2026358066 132 1 20 1
2026358149 132 1 20 1
2026358232 132 1 20 1
2026358315 132 1 20 1
2026358398 132 1 20 1
2026358481 132 1 20 1
2026358564 132 1 20 1
2026358647 132 1 20 1
2026358730 132 1 20 1
2026358813 132 1 20 1
2026358896 132 1 20 1
2026358979 132 1 20 1
2026359062 132 1 20 1
2026359145 132 1 20 1
2026359228 132 1 20 1
2026359311 132 1 20 1
2026359394 132 1 20 1
2026359477 132 1 20 1
2026359560 132 1 20 1
2026359643 132 1 20 1
2026364456 132 1 20 0
2026369198 132 1 20 1
2026369238 132 1 20 0
2026369281 132 1 20 1
2026369364 132 1 20 1
2026369447 132 1 20 1
2026369530 132 1 20 1
2026369617 132 1 20 1
2026369700 132 1 20 1
2026369783 132 1 20 1
2026369866 132 1 20 1
2026369949 132 1 20 1
2026370032 132 1 20 1
2026370115 132 1 20 1
2026370198 132 1 20 1
2026370281 132 1 20 1
2026370364 132 1 20 1
2026370450 132 1 20 1
2026370530 132 1 20 1
2026370613 132 1 20 1
2026370696 132 1 20 1
2026370779 132 1 20 1
2026370862 132 1 20 1
2026370945 132 1 20 1
2026371028 132 1 20 1
2026371111 132 1 20 1
2026371194 132 1 20 1
2026371277 132 1 20 1
2026371360 132 1 20 1
2026372398 132 1 20 0
2026819568 129 1 19 1
2026819626 129 1 19 0
2026819659 129 1 19 1
2026819709 129 1 19 0
2026819746 129 1 19 1
2026819796 129 1 19 0
2026819829 129 1 19 1
2026819879 129 1 19 0
2026819916 129 1 19 1
2026819962 129 1 19 0
2026819999 129 1 19 1
2026820045 129 1 19 0
2026820082 129 1 19 1
2026820132 129 1 19 0
2026820169 129 1 19 1
2026820252 129 1 19 1
2026820385 129 1 19 0
2027154990 130 1 18 1
2027155101 130 1 18 1
2027155104 130 1 18 0
2027155156 130 1 18 1
2027155239 130 1 18 1
2027155359 130 1 18 1
2027155409 130 1 18 1
2027155492 130 1 18 1
2027155579 130 1 18 1
2027155691 130 1 18 1
2027155824 130 1 18 1
2027155910 130 1 18 1
2027155996 130 1 18 1
2027156082 130 1 18 1
2027156168 130 1 18 1
2027156254 130 1 18 1
2027156340 130 1 18 1
2027156426 130 1 18 1
2027156512 130 1 18 1
2027156583 130 1 18 1
2027156683 130 1 18 1
2027156706 130 1 18 1
2027156789 130 1 18 1
2027156872 130 1 18 1
2027157015 130 1 18 1
2027157046 130 1 18 1
2027157190 130 1 18 1
2027160999 130 1 18 0
2027167008 130 1 18 1
2027167011 130 1 18 1
2027167097 130 1 18 0
2027167100 130 1 18 1
2027167186 130 1 18 0
2027167189 130 1 18 1
2027167298 130 1 18 1
2027167390 130 1 18 0
2027167393 130 1 18 1
2027167454 130 1 18 1
2027167487 130 1 18 0
2027167537 130 1 18 1
2027167540 130 1 18 0
2027167671 130 1 18 1
2027167715 130 1 18 1
2027167744 130 1 18 0
2027167802 130 1 18 1
2027167889 130 1 18 1
2027168039 130 1 18 1
2027168067 130 1 18 1
2027168154 130 1 18 1
2027168237 130 1 18 1
2027168335 130 1 18 1
2027168415 130 1 18 1
2027168502 130 1 18 1
2027168667 130 1 18 1
2027168676 130 1 18 1
2027168763 130 1 18 1
2027168846 130 1 18 1
2027168999 130 1 18 1
2027169020 130 1 18 1
2027169183 130 1 18 1
2027169331 130 1 18 1
2027169476 130 1 18 1
2027169573 130 1 18 1
2027169667 130 1 18 1
2027169755 130 1 18 1
2027169846 130 1 18 1
2027170722 130 1 18 0
2027190215 130 1 18 1
2027190218 130 1 18 0
2027262765 129 1 19 1
2027262800 129 1 19 1
2027262886 129 1 19 1
2027262972 129 1 19 1
2027263062 129 1 19 1
2027263148 129 1 19 1
2027263238 129 1 19 1
2027263324 129 1 19 1
2027263410 129 1 19 1
2027263500 129 1 19 1
2027263586 129 1 19 1
2027263676 129 1 19 1
2027263766 129 1 19 1
2027263852 129 1 19 1
2027263863 129 1 19 1
2027263953 129 1 19 1
2027264043 129 1 19 1
2027264133 129 1 19 1
2027264223 129 1 19 1
2027264309 129 1 19 1
2027264399 129 1 19 1
2027264531 129 1 19 1
2027264538 129 1 19 1
2027264707 129 1 19 1
2027264718 129 1 19 1
2027264865 129 1 19 1
2027266281 129 1 19 0
2027273213 129 1 19 1
2027273303 129 1 19 0
2027273310 129 1 19 1
2027273400 129 1 19 1
2027273494 129 1 19 1
2027273580 129 1 19 1
2027273674 129 1 19 1
2027273768 129 1 19 1
2027273862 129 1 19 1
2027273869 129 1 19 1
2027273959 129 1 19 1
2027274045 129 1 19 1
2027274135 129 1 19 1
2027274221 129 1 19 1
2027274315 129 1 19 1
2027274401 129 1 19 1
2027274487 129 1 19 1
2027274577 129 1 19 1
2027274671 129 1 19 1
2027274761 129 1 19 1
2027274851 129 1 19 1
2027274937 129 1 19 1
2027274944 129 1 19 1
2027275034 129 1 19 1
2027275124 129 1 19 1
2027275210 129 1 19 1
2027275296 129 1 19 1
2027275394 129 1 19 1
2027276607 129 1 19 0
2027281695 129 1 19 1
2027281702 129 1 19 0
2027281962 129 1 19 1
2027281973 129 1 19 0
2027282063 129 1 19 1
2027282153 129 1 19 1
2027282210 129 1 19 0
2027282213 129 1 19 1
2027282216 129 1 19 0
2027282306 129 1 19 1
2027282309 129 1 19 0
2027282399 129 1 19 1
2027282402 129 1 19 0
2027282583 129 1 19 1
2027282669 129 1 19 1
2027282759 129 1 19 1
2027282762 129 1 19 0
2027282852 129 1 19 1
2027282859 129 1 19 1
2027282945 129 1 19 0
2027282948 129 1 19 1
2027283042 129 1 19 1
2027283132 129 1 19 0
2027283135 129 1 19 1
2027283221 129 1 19 1
2027283315 129 1 19 1
2027283401 129 1 19 1
2027283491 129 1 19 1
2027283581 129 1 19 1
2027283675 129 1 19 1
2027283761 129 1 19 1
2027283851 129 1 19 1
2027283937 129 1 19 1
2027283948 129 1 19 1
2027284038 129 1 19 1
2027284132 129 1 19 1
2027284305 129 1 19 1
2027284395 129 1 19 1
2027284481 129 1 19 1
2027284579 129 1 19 1
2027284665 129 1 19 1
2027284755 129 1 19 0
2027299218 129 1 19 1
2027299221 129 1 19 0
2027299307 129 1 19 1
2027299310 129 1 19 0
2027299321 129 1 19 1
2027299407 129 1 19 1
2027299501 129 1 19 1
2027299587 129 1 19 1
2027299681 129 1 19 1
2027299775 129 1 19 1
2027299865 129 1 19 1
2027299951 129 1 19 1
2027300045 129 1 19 1
2027300135 129 1 19 1
2027300225 129 1 19 1
2027300311 129 1 19 1
2027300401 129 1 19 1
2027300404 129 1 19 1
2027300502 129 1 19 1
2027300588 129 1 19 1
2027300674 129 1 19 1
2027300760 129 1 19 1
2027300854 129 1 19 1
2027300944 129 1 19 1
2027301038 129 1 19 1
2027301124 129 1 19 1
2027301214 129 1 19 1
2027301300 129 1 19 1
2027301394 129 1 19 1
2027302702 129 1 19 0
2027308625 129 1 19 1
2027308628 129 1 19 0
2027308635 129 1 19 1
2027308721 129 1 19 0
2027308724 129 1 19 1
2027308818 129 1 19 0
2027308821 129 1 19 1
2027308907 129 1 19 1
2027308997 129 1 19 1
2027309091 129 1 19 1
2027309177 129 1 19 1
2027309271 129 1 19 1
2027309357 129 1 19 1
2027309447 129 1 19 1
2027309537 129 1 19 1
2027309627 129 1 19 1
2027309713 129 1 19 1
2027309724 129 1 19 1
2027309814 129 1 19 1
2027309904 129 1 19 1
2027309990 129 1 19 1
2027310084 129 1 19 1
2027310174 129 1 19 1
2027310264 129 1 19 1
2027310350 129 1 19 1
2027310444 129 1 19 1
2027310530 129 1 19 1
2027310616 129 1 19 1
2027310710 129 1 19 1
2027310883 129 1 19 1
2027310977 129 1 19 1
2027312198 129 1 19 0
2027318394 129 1 19 1
2027318397 129 1 19 0
2027318483 129 1 19 1
2027318490 129 1 19 0
2027318580 129 1 19 1
2027318670 129 1 19 1
2027318760 129 1 19 1
2027318850 129 1 19 1
2027318936 129 1 19 1
2027319030 129 1 19 1
2027319116 129 1 19 1
2027319210 129 1 19 1
2027319296 129 1 19 1
2027319386 129 1 19 1
2027319472 129 1 19 1
2027319479 129 1 19 1
2027319569 129 1 19 1
2027319663 129 1 19 1
2027319749 129 1 19 1
2027319839 129 1 19 1
2027319925 129 1 19 1
2027320015 129 1 19 1
2027320105 129 1 19 1
2027320195 129 1 19 1
2027320285 129 1 19 1
2027320371 129 1 19 1
2027320465 129 1 19 1
2027320555 129 1 19 1
2027320641 129 1 19 1
2027320648 129 1 19 1
2027321430 129 1 19 0
2027328986 129 1 19 1
2027329076 129 1 19 1
2027329166 129 1 19 1
2027329169 129 1 19 0
2027329259 129 1 19 1
2027329349 129 1 19 1
2027329356 129 1 19 1
2027329442 129 1 19 1
2027329536 129 1 19 1
2027329630 129 1 19 1
2027329720 129 1 19 1
2027329814 129 1 19 1
2027329900 129 1 19 1
2027329994 129 1 19 1
2027330084 129 1 19 1
2027330174 129 1 19 1
2027330268 129 1 19 1
2027330279 129 1 19 1
2027330365 129 1 19 1
2027330463 129 1 19 1
2027330557 129 1 19 1
2027330643 129 1 19 1
2027330741 129 1 19 1
2027330827 129 1 19 1
2027330929 129 1 19 1
2027331015 129 1 19 1
2027331105 129 1 19 1
2027331282 129 1 19 1
2027331372 129 1 19 1
2027331897 129 1 19 0
2027340506 129 1 19 1
2027340596 129 1 19 1
2027340694 129 1 19 1
2027340780 129 1 19 1
2027340870 129 1 19 1
2027340956 129 1 19 1
2027340967 129 1 19 1
2027341057 129 1 19 1
2027341143 129 1 19 1
2027341233 129 1 19 1
2027341327 129 1 19 1
2027341413 129 1 19 1
2027341503 129 1 19 1
2027341589 129 1 19 1
2027341687 129 1 19 1
2027341773 129 1 19 1
2027341859 129 1 19 1
2027341953 129 1 19 1
2027342039 129 1 19 1
2027342129 129 1 19 1
2027342215 129 1 19 1
2027342230 129 1 19 1
2027342316 129 1 19 1
2027342402 129 1 19 1
2027342492 129 1 19 1
2027342582 129 1 19 1
2027344744 129 1 19 0
2027352598 129 1 19 1
2027352601 129 1 19 0
2027352786 129 1 19 1
2027352789 129 1 19 0
2027352875 129 1 19 1
2027352965 129 1 19 1
2027352976 129 1 19 1
2027353062 129 1 19 1
2027353148 129 1 19 1
2027353238 129 1 19 1
2027353328 129 1 19 1
2027353418 129 1 19 1
2027353508 129 1 19 1
2027353598 129 1 19 1
2027353688 129 1 19 1
2027353774 129 1 19 1
2027353860 129 1 19 1
2027353899 129 1 19 1
2027353989 129 1 19 1
2027354083 129 1 19 1
2027354173 129 1 19 1
2027354263 129 1 19 1
2027354349 129 1 19 1
2027354439 129 1 19 1
2027354529 129 1 19 1
2027354615 129 1 19 1
2027354701 129 1 19 1
2027354795 129 1 19 1
2027354881 129 1 19 1
2027354971 129 1 19 1
2027357635 129 1 19 0
2027363086 129 1 19 1
2027363089 129 1 19 0
2027363270 129 1 19 1
2027363273 129 1 19 0
2027363363 129 1 19 1
2027363453 129 1 19 1
2027363547 129 1 19 1
2027363637 129 1 19 1
2027363731 129 1 19 1
2027363734 129 1 19 1
2027363824 129 1 19 1
2027363910 129 1 19 0
2027363917 129 1 19 1
2027363924 129 1 19 0
2027364010 129 1 19 1
2027364017 129 1 19 0
2027364107 129 1 19 1
2027364114 129 1 19 0
2027364117 129 1 19 1
2027364207 129 1 19 1
2027364301 129 1 19 0
2027364304 129 1 19 1
2027364390 129 1 19 0
2027364393 129 1 19 1
2027364404 129 1 19 0
2027364490 129 1 19 1
2027364588 129 1 19 1
2027364674 129 1 19 1
2027364768 129 1 19 1
2027364854 129 1 19 1
2027364944 129 1 19 1
2027365038 129 1 19 1
2027365132 129 1 19 1
2027365222 129 1 19 1
2027365316 129 1 19 1
2027365327 129 1 19 1
2027365413 129 1 19 1
2027366041 129 1 19 1
2027366127 129 1 19 1
2027366225 129 1 19 1
2027366402 129 1 19 1
2027366492 129 1 19 1
2027366582 129 1 19 1
2027367190 129 1 19 0
2027516430 107 0 1 1
2027516513 107 0 1 1
2027516596 107 0 1 1
2027516679 107 0 1 1
2027516762 107 0 1 1
2027516845 107 0 1 1
2027516928 107 0 1 1
2027517011 107 0 1 1
2027517094 107 0 1 1
2027517177 107 0 1 1
2027517260 107 0 1 1
2027517343 107 0 1 1
2027517426 107 0 1 1
2027517509 107 0 1 1
2027517592 107 0 1 1
2027517675 107 0 1 1
2027517758 107 0 1 1
2027517841 107 0 1 1
2027518008 107 0 1 1
2027518175 107 0 1 1
2027518342 107 0 1 1
2027518509 107 0 1 1
2027534911 98 0 1 1
2027534998 98 0 1 1
2027535098 98 0 1 1
2027535164 98 0 1 1
2027535283 98 0 1 1
2027535370 98 0 1 1
2027535465 98 0 1 1
2027535552 98 0 1 1
2027535639 98 0 1 1
2027535726 98 0 1 1
2027535813 98 0 1 1
2027535911 98 0 1 1
2027535923 98 0 1 1
2027536076 98 0 1 1
2027536093 98 0 1 1
2027536241 98 0 1 1
2027536244 98 0 1 1
2027536301 98 0 1 1
2027536406 98 0 1 1
2027536475 98 0 1 1
2027536571 98 0 1 1
2027536645 98 0 1 1
2027536739 98 0 1 1
2027536811 98 0 1 1
2027536901 98 0 1 1
2027536981 98 0 1 1
2027544102 98 0 1 1
2027544105 98 0 1 1
2027544267 98 0 1 1
2027544271 98 0 1 1
2027544432 98 0 1 1
2027544441 98 0 1 1
2027544597 98 0 1 1
2027544611 98 0 1 1
2027544762 98 0 1 1
2027544781 98 0 1 1
2027544927 98 0 1 1
2027544951 98 0 1 1
2027545092 98 0 1 1
2027545121 98 0 1 1
2027545260 98 0 1 1
2027545291 98 0 1 1
2027545422 98 0 1 1
2027545461 98 0 1 1
2027545587 98 0 1 1
2027545631 98 0 1 1
2027545752 98 0 1 1
2027545801 98 0 1 1
2027545917 98 0 1 1
2027545971 98 0 1 1
2027546130 98 0 1 1
2027546141 98 0 1 1
2027553246 98 0 1 1
2027553314 98 0 1 1
2027553420 98 0 1 1
2027553484 98 0 1 1
2027553594 98 0 1 1
2027553654 98 0 1 1
2027553805 98 0 1 1
2027553824 98 0 1 1
2027553910 98 0 1 1
2027553994 98 0 1 1
2027554088 98 0 1 1
2027554164 98 0 1 1
2027554247 98 0 1 1
2027554334 98 0 1 1
2027554417 98 0 1 1
2027554556 98 0 1 1
2027554587 98 0 1 1
2027554722 98 0 1 1
2027554757 98 0 1 1
2027554844 98 0 1 1
2027554975 98 0 1 1
2027555014 98 0 1 1
2027555149 98 0 1 1
2027555184 98 0 1 1
2027555315 98 0 1 1
2027562654 98 0 1 1
2027562657 98 0 1 0
2027562919 98 0 1 1
2027562922 98 0 1 0
2027563089 98 0 1 1
2027563116 98 0 1 1
2027563250 98 0 1 1
2027563290 98 0 1 1
2027563415 98 0 1 1
2027563460 98 0 1 1
2027563580 98 0 1 1
2027563627 98 0 1 1
2027563794 98 0 1 1
2027563961 98 0 1 1
2027564296 98 0 1 1
2027564631 98 0 1 1
2027564966 98 0 1 1
2027565564 98 0 1 0
2027716277 134 1 20 1
2027716390 134 1 20 0
2027716393 134 1 20 1
2027716413 134 1 20 0
2028030726 129 1 20 1
2028030757 129 1 20 1
2028030866 129 1 20 1
2028030983 129 1 20 1
2028031018 129 1 20 1
2028031109 129 1 20 1
2028031244 129 1 20 1
2028031330 129 1 20 1
2028031370 129 1 20 1
2028031465 129 1 20 1
2028031584 129 1 20 1
2028031674 129 1 20 1
2028031722 129 1 20 1
2028031813 129 1 20 1
2028031924 129 1 20 1
2028031995 129 1 20 1
2028032078 129 1 20 1
2028032173 129 1 20 1
2028032260 129 1 20 1
2028032347 129 1 20 1
2028032512 129 1 20 1
2028032598 129 1 20 1
2028032616 129 1 20 1
2028032699 129 1 20 1
2028032845 129 1 20 1
2028040813 129 1 20 1
2028040896 129 1 20 1
2028041045 129 1 20 1
2028041070 129 1 20 1
2028041161 129 1 20 1
2028041314 129 1 20 1
2028041335 129 1 20 1
2028041418 129 1 20 1
2028041579 129 1 20 1
2028041595 129 1 20 1
2028041757 129 1 20 1
2028041847 129 1 20 1
2028041857 129 1 20 1
2028042026 129 1 20 1
2028042039 129 1 20 1
2028042130 129 1 20 1
2028042291 129 1 20 1
2028042307 129 1 20 1
2028042391 129 1 20 1
2028042560 129 1 20 1
2028042565 129 1 20 1
2028042656 129 1 20 1
2028042739 129 1 20 1
2028042833 129 1 20 1
2028049961 129 1 20 1
2028050051 129 1 20 1
2028050139 129 1 20 1
2028050226 129 1 20 1
2028050274 129 1 20 1
2028050404 129 1 20 1
2028050494 129 1 20 1
2028050582 129 1 20 1
2028050677 129 1 20 1
2028050767 129 1 20 1
2028050857 129 1 20 1
2028050947 129 1 20 1
2028051033 129 1 20 1
2028051127 129 1 20 1
2028051217 129 1 20 1
2028051315 129 1 20 1
2028051388 129 1 20 1
2028051417 129 1 20 1
2028051500 129 1 20 1
2028051595 129 1 20 1
2028051682 129 1 20 1
2028051769 129 1 20 1
2028051878 129 1 20 1
2028051939 129 1 20 1
2028052030 129 1 20 1
2028059116 129 1 20 1
2028059259 129 1 20 1
2028059345 129 1 20 1
2028059431 129 1 20 1
2028059477 129 1 20 1
2028059551 129 1 20 1
2028059646 129 1 20 1
2028059729 129 1 20 1
2028059844 129 1 20 1
2028059903 129 1 20 1
2028060055 129 1 20 1
2028060081 129 1 20 1
2028060164 129 1 20 1
2028060251 129 1 20 1
2028060338 129 1 20 1
2028060425 129 1 20 1
2028060512 129 1 20 1
2028060603 129 1 20 1
2028060690 129 1 20 1
2028060773 129 1 20 1
2028060856 129 1 20 1
2028060939 129 1 20 1
2028061030 129 1 20 1
2028061113 129 1 20 1
2028061196 129 1 20 1
2028066564 131 1 20 1
2028066647 131 1 20 1
2028066730 131 1 20 1
2028066813 131 1 20 1
2028066896 131 1 20 1
2028066979 131 1 20 1
2028067062 131 1 20 1
2028067145 131 1 20 1
2028067228 131 1 20 1
2028067311 131 1 20 1
2028067394 131 1 20 1
2028067477 131 1 20 1
2028067561 131 1 20 1
2028067643 131 1 20 1
2028067726 131 1 20 1
2028067809 131 1 20 1
2028067892 131 1 20 1
2028067975 131 1 20 1
2028068058 131 1 20 1
2028068141 131 1 20 1
2028068224 131 1 20 1
2028068365 131 1 20 1
2028068390 131 1 20 1
2028068473 131 1 20 1
2028068556 131 1 20 1
2028068700 131 1 20 1
2028069057 129 1 20 1
2028069140 129 1 20 1
2028069223 129 1 20 1
2028069371 129 1 20 1
2028069397 129 1 20 1
2028069480 129 1 20 1
2028069563 129 1 20 1
2028069650 129 1 20 1
2028069733 129 1 20 1
2028069816 129 1 20 1
2028069907 129 1 20 1
2028069990 129 1 20 1
2028070073 129 1 20 1
2028070156 129 1 20 1
2028070243 129 1 20 1
2028070326 129 1 20 1
2028070409 129 1 20 1
2028070496 129 1 20 1
2028070583 129 1 20 1
2028070666 129 1 20 1
2028070749 129 1 20 1
2028070836 129 1 20 1
2028070923 129 1 20 1
2028071006 129 1 20 1
2028071089 129 1 20 1
2028073644 129 1 20 0
2028074577 133 1 20 1
2028074618 133 1 20 1
2028074725 133 1 20 1
2028074788 133 1 20 1
2028074871 133 1 20 1
2028074990 133 1 20 1
2028075037 133 1 20 1
2028075164 133 1 20 1
2028075203 133 1 20 1
2028075338 133 1 20 1
2028075377 133 1 20 1
2028075460 133 1 20 1
2028075607 133 1 20 1
2028075693 133 1 20 1
2028075789 133 1 20 1
2028075796 133 1 20 1
2028075879 133 1 20 1
2028075962 133 1 20 1
2028076058 133 1 20 1
2028076105 133 1 20 1
2028076136 131 1 20 1
2028076188 133 1 20 1
2028076201 131 1 20 1
2028076275 133 1 20 1
2028076358 131 1 20 1
2028076369 131 1 20 1
2028076410 133 1 20 1
2028076441 133 1 20 1
2028076524 131 1 20 1
2028076584 133 1 20 1
2028076607 133 1 20 1
2028076614 131 1 20 1
2028076625 131 1 20 1
2028076715 131 1 20 1
2028076782 131 1 20 1
2028076825 129 1 20 1
2028076865 131 1 20 1
2028076882 129 1 20 0
2028076912 129 1 20 1
2028076948 131 1 20 1
2028076995 129 1 20 1
2028077031 131 1 20 1
2028077082 129 1 20 1
2028077114 131 1 20 1
2028077165 129 1 20 1
2028077197 131 1 20 1
2028077252 129 1 20 1
2028077280 131 1 20 1
2028077335 129 1 20 1
2028077367 131 1 20 1
2028077425 129 1 20 1
2028077446 131 1 20 1
2028077501 129 1 20 1
2028077529 131 1 20 1
2028077588 129 1 20 1
2028077612 131 1 20 1
2028077671 129 1 20 1
2028077695 131 1 20 1
2028077754 129 1 20 1
2028077778 131 1 20 1
2028077837 129 1 20 1
2028077861 131 1 20 1
2028078003 129 1 20 1
2028078007 129 1 20 1
2028078016 131 1 20 1
2028078027 131 1 20 1
2028078110 129 1 20 1
2028078177 129 1 20 1
2028078182 131 1 20 1
2028078272 131 1 20 1
2028078280 129 1 20 1
2028078420 129 1 20 1
2028078506 129 1 20 1
2028078517 129 1 20 1
2028078596 129 1 20 1
2028078754 129 1 20 1
2028078840 129 1 20 1
2028078849 129 1 20 1
2028078968 129 1 20 1
2028081289 129 1 20 0
2028081799 131 1 20 0
2028083693 133 1 20 1
2028083776 133 1 20 1
2028083859 133 1 20 1
2028083942 133 1 20 1
2028084029 133 1 20 1
2028084050 133 1 20 1
2028084133 133 1 20 1
2028084216 133 1 20 1
2028084299 133 1 20 1
2028084382 133 1 20 1
2028084465 133 1 20 1
2028084548 133 1 20 1
2028084695 133 1 20 1
2028084718 133 1 20 1
2028084801 133 1 20 1
2028084884 133 1 20 1
2028084967 133 1 20 1
2028085050 133 1 20 1
2028085137 133 1 20 1
2028085220 133 1 20 1
2028085303 133 1 20 1
2028085386 133 1 20 1
2028085473 133 1 20 1
2028085556 133 1 20 1
2028085647 133 1 20 1
2028085731 131 1 20 1
2028085734 133 1 20 1
2028085789 131 1 20 0
2028085818 131 1 20 1
2028085821 131 1 20 0
2028085941 129 1 20 1
2028086004 131 1 20 1
2028086007 131 1 20 0
2028086016 129 1 20 1
2028086091 131 1 20 1
2028086122 129 1 20 1
2028086174 131 1 20 1
2028086208 129 1 20 1
2028086257 131 1 20 1
2028086269 129 1 20 1
2028086344 131 1 20 1
2028086352 129 1 20 1
2028086427 131 1 20 1
2028086459 129 1 20 1
2028086514 131 1 20 1
2028086526 129 1 20 1
2028086597 131 1 20 1
2028086609 129 1 20 1
2028086680 131 1 20 1
2028086692 129 1 20 1
2028086767 131 1 20 1
2028086796 129 1 20 1
2028086850 131 1 20 1
2028086882 129 1 20 1
2028086945 129 1 20 1
2028086949 131 1 20 1
2028087016 131 1 20 1
2028087028 129 1 20 1
2028087103 131 1 20 1
2028087128 129 1 20 1
2028087190 131 1 20 1
2028087206 129 1 20 1
2028087273 131 1 20 1
2028087293 129 1 20 1
2028087360 131 1 20 1
2028087443 131 1 20 1
2028087458 129 1 20 1
2028087463 129 1 20 1
2028087530 131 1 20 1
2028087568 129 1 20 1
2028087613 131 1 20 1
2028087655 129 1 20 1
2028087716 131 1 20 1
2028087783 131 1 20 1
2028087791 129 1 20 1
2028087799 129 1 20 1
2028087882 129 1 20 1
2028087882 131 1 20 1
2028087969 129 1 20 1
2028087976 131 1 20 1
2028088041 131 1 20 1
2028088128 131 1 20 1
2028088935 129 1 20 0
2028092820 133 1 20 1
2028092907 133 1 20 1
2028093045 133 1 20 1
2028093084 133 1 20 1
2028093164 133 1 20 1
2028093251 133 1 20 1
2028093393 133 1 20 1
2028093425 133 1 20 1
2028093508 133 1 20 1
2028093591 133 1 20 1
2028093745 133 1 20 1
2028093769 133 1 20 1
2028093852 133 1 20 1
2028093887 129 1 20 1
2028093927 129 1 20 1
2028093982 133 1 20 1
2028094010 129 1 20 1
2028094068 133 1 20 1
2028094113 133 1 20 1
2028094156 129 1 20 1
2028094200 133 1 20 1
2028094242 129 1 20 1
2028094283 133 1 20 1
2028094332 129 1 20 1
2028094370 133 1 20 1
2028094418 129 1 20 1
2028094457 133 1 20 1
2028094504 129 1 20 1
2028094540 133 1 20 1
2028094590 129 1 20 1
2028094622 133 1 20 1
2028094676 129 1 20 1
2028094726 133 1 20 1
2028094761 129 1 20 1
2028094792 133 1 20 1
2028094859 129 1 20 1
2028094879 133 1 20 1
2028094945 129 1 20 1
2028095031 129 1 20 1
2028095120 129 1 20 1
2028095206 129 1 20 1
2028095214 131 1 20 1
2028095292 129 1 20 1
2028095297 131 1 20 1
2028095378 129 1 20 1
2028095384 131 1 20 1
2028095464 129 1 20 1
2028095467 131 1 20 1
2028095550 129 1 20 1
2028095554 131 1 20 1
2028095636 129 1 20 1
2028095641 131 1 20 1
2028095722 129 1 20 1
2028095724 131 1 20 1
2028095808 129 1 20 1
2028095811 131 1 20 1
2028095894 131 1 20 1
2028095898 129 1 20 1
2028095981 131 1 20 1
2028095984 129 1 20 1
2028096068 131 1 20 1
2028096151 131 1 20 1
2028096234 131 1 20 1
2028096321 131 1 20 1
2028096408 131 1 20 1
2028096491 131 1 20 1
2028096578 131 1 20 1
2028096661 131 1 20 1
2028096748 131 1 20 1
2028096835 131 1 20 1
2028096918 131 1 20 1
2028097005 131 1 20 1
2028097088 131 1 20 1
2028097179 131 1 20 1
2028097262 131 1 20 1
2028099502 129 1 20 0
2028101958 131 1 20 0
2028101965 133 1 20 1
2028102048 133 1 20 1
2028102141 133 1 20 1
2028102231 133 1 20 1
2028102301 133 1 20 1
2028102384 133 1 20 1
2028102500 133 1 20 1
2028102550 133 1 20 1
2028102637 133 1 20 1
2028102720 133 1 20 1
2028102803 133 1 20 1
2028102935 133 1 20 1
2028102973 133 1 20 1
2028103056 133 1 20 1
2028103139 133 1 20 1
2028103214 129 1 20 1
2028103222 133 1 20 1
2028103300 129 1 20 1
2028103366 133 1 20 1
2028103386 129 1 20 1
2028103392 133 1 20 1
2028103475 133 1 20 1
2028103476 129 1 20 1
2028103562 129 1 20 1
2028103600 133 1 20 1
2028103641 133 1 20 1
2028103648 129 1 20 1
2028103734 129 1 20 1
2028103765 133 1 20 1
2028103824 129 1 20 1
2028103851 133 1 20 1
2028103910 129 1 20 1
2028103926 133 1 20 1
2028103977 133 1 20 1
2028103996 129 1 20 1
2028104082 129 1 20 1
2028104168 129 1 20 1
2028104231 131 1 20 1
2028104234 131 1 20 0
2028104258 129 1 20 1
2028104344 129 1 20 1
2028104430 129 1 20 1
2028104520 129 1 20 1
2028104593 131 1 20 1
2028104596 131 1 20 0
2028104606 129 1 20 1
2028104686 131 1 20 1
2028104692 129 1 20 1
2028104780 131 1 20 1
2028104782 129 1 20 1
2028104791 131 1 20 0
2028104811 131 1 20 1
2028104868 129 1 20 1
2028104907 131 1 20 0
2028104910 131 1 20 1
2028104954 129 1 20 1
2028105008 131 1 20 1
2028105044 129 1 20 1
2028105102 131 1 20 1
2028105130 129 1 20 1
2028105200 131 1 20 1
2028105220 129 1 20 1
2028105290 131 1 20 1
2028105306 129 1 20 1
2028105380 131 1 20 1
2028105474 131 1 20 1
2028105572 131 1 20 1
2028105662 131 1 20 1
2028105669 131 1 20 1
2028105763 131 1 20 1
2028105853 131 1 20 1
2028105951 131 1 20 1
2028106045 131 1 20 1
2028106139 131 1 20 1
2028106229 131 1 20 1
2028106323 131 1 20 1
2028106417 131 1 20 1
2028106507 131 1 20 1
2028106539 131 1 20 1
2028106629 131 1 20 1
2028106709 131 1 20 1
2028106877 131 1 20 1
2028107044 131 1 20 1
2028107372 129 1 20 0
2028108255 131 1 20 0
2028111074 133 1 20 1
2028111150 133 1 20 1
2028111248 133 1 20 1
2028111320 133 1 20 1
2028111403 133 1 20 1
2028111509 133 1 20 1
2028111517 133 1 20 1
2028111600 133 1 20 1
2028111686 133 1 20 1
2028111770 133 1 20 1
2028111853 133 1 20 1
2028111952 133 1 20 1
2028112042 133 1 20 1
2028112106 133 1 20 1
2028112209 133 1 20 1
2028112240 131 1 20 1
2028112243 131 1 20 0
2028112272 133 1 20 1
2028112329 131 1 20 1
2028112332 131 1 20 0
2028112387 133 1 20 1
2028112442 133 1 20 1
2028112521 131 1 20 1
2028112524 131 1 20 0
2028112525 133 1 20 1
2028112622 131 1 20 1
2028112644 133 1 20 1
2028112656 133 1 20 1
2028112708 131 1 20 1
2028112719 131 1 20 1
2028112809 131 1 20 1
2028112818 133 1 20 1
2028112826 133 1 20 1
2028112903 131 1 20 1
2028112917 133 1 20 1
2028112997 131 1 20 1
2028113071 133 1 20 1
2028113087 133 1 20 1
2028113091 131 1 20 1
2028113185 131 1 20 1
2028113279 131 1 20 1
2028113369 131 1 20 1
2028113463 131 1 20 1
2028113549 131 1 20 1
2028113632 131 1 20 1
2028113674 131 1 20 1
2028113768 131 1 20 1
2028113858 131 1 20 1
2028113948 131 1 20 1
2028114042 131 1 20 1
2028114132 131 1 20 1
2028114222 131 1 20 1
2028114316 131 1 20 1
2028114410 131 1 20 1
2028114504 131 1 20 1
2028114590 131 1 20 1
2028114684 131 1 20 1
2028114695 131 1 20 1
2028115475 131 1 20 0
2028118249 87 0 1 1
2028118252 87 0 1 0
2028118296 87 0 1 1
2028118383 87 0 1 1
2028118466 87 0 1 1
2028118589 87 0 1 1
2028118636 87 0 1 1
2028118719 87 0 1 1
2028118842 87 0 1 1
2028118889 87 0 1 1
2028118927 87 0 1 1
2028119073 87 0 1 1
2028119097 87 0 1 1
2028119237 87 0 1 1
2028119263 87 0 1 1
2028119350 87 0 1 1
2028119482 87 0 1 1
2028119516 87 0 1 1
2028119603 87 0 1 1
2028119731 87 0 1 1
2028119769 87 0 1 1
2028119856 87 0 1 1
2028119939 87 0 1 1
2028120063 87 0 1 1
2028120109 87 0 1 1
2028120173 133 1 20 1
2028120192 87 0 1 1
2028120260 133 1 20 1
2028120275 87 0 1 1
2028120358 133 1 20 1
2028120395 87 0 1 1
2028120430 133 1 20 1
2028120524 133 1 20 1
2028120596 133 1 20 1
2028120683 133 1 20 1
2028120772 133 1 20 1
2028120862 133 1 20 1
2028120948 133 1 20 1
2028120957 131 1 20 1
2028120960 131 1 20 0
2028121034 133 1 20 1
2028121076 131 1 20 1
2028121079 131 1 20 0
2028121120 133 1 20 1
2028121127 131 1 20 1
2028121206 133 1 20 1
2028121214 131 1 20 1
2028121258 131 1 20 0
2028121292 133 1 20 1
2028121297 131 1 20 1
2028121300 131 1 20 0
2028121382 133 1 20 1
2028121384 131 1 20 1
2028121467 131 1 20 1
2028121468 133 1 20 1
2028121519 131 1 20 0
2028121550 131 1 20 1
2028121553 131 1 20 0
2028121554 133 1 20 1
2028121628 133 1 20 1
2028121633 131 1 20 1
2028121720 131 1 20 1
2028121722 133 1 20 1
2028121808 133 1 20 1
2028121861 131 1 20 1
2028121890 131 1 20 1
2028121894 133 1 20 1
2028121940 133 1 20 1
2028121977 131 1 20 1
2028122042 133 1 20 1
2028122060 131 1 20 1
2028122128 133 1 20 1
2028122197 133 1 20 1
2028122201 131 1 20 1
2028122287 131 1 20 1
2028122317 131 1 20 1
2028122400 131 1 20 1
2028122489 131 1 20 1
2028122570 131 1 20 1
2028122719 131 1 20 1
2028122809 131 1 20 1
2028122827 131 1 20 1
2028122910 131 1 20 1
2028123059 131 1 20 1
2028123080 131 1 20 1
2028123165 131 1 20 1
2028123344 131 1 20 1
2028123494 131 1 20 1
2028123605 131 1 20 1
2028123692 131 1 20 1
2028124498 131 1 20 0
2028127421 87 0 1 1
2028127526 87 0 1 1
2028127587 87 0 1 1
2028127674 87 0 1 1
2028127775 87 0 1 1
2028127840 87 0 1 1
2028127927 87 0 1 1
2028128028 87 0 1 1
2028128093 87 0 1 1
2028128180 87 0 1 1
2028128277 87 0 1 1
2028128346 87 0 1 1
2028128433 87 0 1 1
2028128526 87 0 1 1
2028128599 87 0 1 1
2028128682 87 0 1 1
2028128705 131 1 20 1
2028128708 131 1 20 0
2028128775 87 0 1 1
2028128786 131 1 20 1
2028128852 87 0 1 1
2028128865 131 1 20 0
2028128939 87 0 1 1
2028128960 131 1 20 1
2028129025 87 0 1 1
2028129043 131 1 20 1
2028129105 87 0 1 1
2028129126 131 1 20 1
2028129192 87 0 1 1
2028129209 131 1 20 1
2028129296 131 1 20 1
2028129331 133 1 20 1
2028129356 87 0 1 1
2028129359 87 0 1 1
2028129370 133 1 20 1
2028129383 131 1 20 1
2028129445 87 0 1 1
2028129497 133 1 20 1
2028129539 131 1 20 1
2028129540 133 1 20 1
2028129553 131 1 20 1
2028129636 131 1 20 1
2028129667 133 1 20 1
2028129713 133 1 20 1
2028129797 131 1 20 1
2028129806 131 1 20 1
2028129833 133 1 20 1
2028129880 133 1 20 1
2028129889 131 1 20 1
2028129999 133 1 20 1
2028130050 133 1 20 1
2028130053 131 1 20 1
2028130064 131 1 20 1
2028130146 131 1 20 1
2028130165 133 1 20 1
2028130178 133 1 20 1
2028130231 131 1 20 1
2028130312 131 1 20 1
2028130335 133 1 20 1
2028130348 133 1 20 1
2028130399 131 1 20 1
2028130482 131 1 20 1
2028130501 133 1 20 1
2028130518 133 1 20 1
2028130569 131 1 20 1
2028130652 131 1 20 1
2028130667 133 1 20 1
2028130688 133 1 20 1
2028130739 131 1 20 1
2028130822 131 1 20 1
2028130833 133 1 20 1
2028130935 133 1 20 1
2028130951 131 1 20 1
2028131021 133 1 20 1
2028131028 133 1 20 1
2028131034 131 1 20 1
2028131169 133 1 20 1
2028131194 133 1 20 1
2028131335 133 1 20 1
2028131364 133 1 20 1
2028131870 131 1 20 0
2028135076 131 1 20 1
2028135120 131 1 20 0
2028135163 131 1 20 1
2028135246 131 1 20 1
2028135286 131 1 20 0
2028135333 131 1 20 1
2028135416 131 1 20 1
2028135503 131 1 20 1
2028135590 131 1 20 1
2028135677 131 1 20 1
2028135760 131 1 20 1
2028135843 131 1 20 1
2028135930 131 1 20 1
2028136013 131 1 20 1
2028136100 131 1 20 1
2028136187 131 1 20 1
2028136274 131 1 20 1
2028136357 131 1 20 1
2028136444 131 1 20 1
2028136522 131 1 20 0
2028136531 131 1 20 1
2028136533 87 0 1 1
2028136545 131 1 20 0
2028136614 131 1 20 1
2028136619 87 0 1 1
2028136628 131 1 20 0
2028136701 131 1 20 1
2028136705 87 0 1 1
2028136711 131 1 20 0
2028136792 87 0 1 1
2028136945 87 0 1 1
2028137031 87 0 1 1
2028137121 87 0 1 1
2028137140 87 0 1 1
2028137290 87 0 1 1
2028137314 87 0 1 1
2028137468 87 0 1 1
2028137554 87 0 1 1
2028137640 87 0 1 1
2028137662 87 0 1 1
2028137749 87 0 1 1
2028137899 87 0 1 1
2028137902 87 0 1 1
2028137988 87 0 1 1
2028137991 87 0 1 1
2028138077 87 0 1 1
2028138163 87 0 1 1
2028138318 87 0 1 1
2028138405 87 0 1 1
2028138491 87 0 1 1
2028138498 87 0 1 1
2028138515 133 1 20 1
2028138533 133 1 20 1
2028138662 87 0 1 1
2028138685 133 1 20 1
2028138703 133 1 20 1
2028138851 133 1 20 1
2028138873 133 1 20 1
2028139021 133 1 20 1
2028139043 133 1 20 1
2028139187 133 1 20 1
2028139277 133 1 20 1
2028139363 133 1 20 1
2028139453 133 1 20 1
2028139539 133 1 20 1
2028139553 133 1 20 1
2028139693 133 1 20 1
2028139787 133 1 20 1
2028139810 133 1 20 1
2028139946 133 1 20 1
2028140032 133 1 20 1
2028140067 133 1 20 1
2028140195 133 1 20 1
2028140304 133 1 20 1
2028140320 133 1 20 1
2028140475 133 1 20 1
2028140478 133 1 20 1
2028140564 133 1 20 1
2028140584 133 1 20 1
2028144525 131 1 20 1
2028144550 131 1 20 0
2028144608 131 1 20 1
2028144695 131 1 20 1
2028144778 131 1 20 1
2028144887 131 1 20 1
2028144977 131 1 20 1
2028145069 131 1 20 1
2028145155 131 1 20 1
2028145249 131 1 20 1
2028145339 131 1 20 1
2028145425 131 1 20 1
2028145515 131 1 20 1
2028145605 131 1 20 1
2028145695 131 1 20 1
2028145748 87 0 1 1
2028145785 131 1 20 1
2028145835 87 0 1 1
2028145871 131 1 20 1
2028145878 131 1 20 1
2028145918 87 0 1 1
2028145972 131 1 20 1
2028146061 87 0 1 1
2028146062 131 1 20 1
2028146084 87 0 1 1
2028146152 131 1 20 1
2028146171 87 0 1 1
2028146242 131 1 20 1
2028146254 87 0 1 1
2028146328 131 1 20 1
2028146393 87 0 1 1
2028146420 87 0 1 1
2028146455 131 1 20 1
2028146470 131 1 20 1
2028146507 87 0 1 1
2028146590 87 0 1 1
2028146639 131 1 20 1
2028146642 131 1 20 1
2028146725 87 0 1 1
2028146756 87 0 1 1
2028146843 87 0 1 1
2028146926 87 0 1 1
2028147057 87 0 1 1
2028147092 87 0 1 1
2028147179 87 0 1 1
2028147262 87 0 1 1
2028147389 87 0 1 1
2028147428 87 0 1 1
2028147515 87 0 1 1
2028147598 87 0 1 1
2028147699 133 1 20 1
2028147721 87 0 1 1
2028147764 87 0 1 1
2028147785 133 1 20 1
2028147875 133 1 20 1
2028147961 133 1 20 1
2028148047 133 1 20 1
2028148133 133 1 20 1
2028148219 133 1 20 1
2028148305 133 1 20 1
2028148391 133 1 20 1
2028148477 133 1 20 1
2028148507 131 1 20 0
2028148563 133 1 20 1
2028148649 133 1 20 1
2028148739 133 1 20 1
2028148825 133 1 20 1
2028148911 133 1 20 1
2028148997 133 1 20 1
2028149083 133 1 20 1
2028149169 133 1 20 1
2028149255 133 1 20 1
2028149341 133 1 20 1
2028149427 133 1 20 1
2028149513 133 1 20 1
2028149599 133 1 20 1
2028149689 133 1 20 1
2028149779 133 1 20 1
2028154891 87 0 1 1
2028154962 87 0 1 1
2028155048 87 0 1 1
2028155138 87 0 1 1
2028155224 87 0 1 1
2028155310 87 0 1 1
2028155378 87 0 1 1
2028155464 87 0 1 1
2028155534 87 0 1 1
2028155617 87 0 1 1
2028155717 87 0 1 1
2028155787 87 0 1 1
2028155874 87 0 1 1
2028156016 87 0 1 1
2028156102 87 0 1 1
2028156188 87 0 1 1
2028156218 87 0 1 1
2028156352 87 0 1 1
2028156438 87 0 1 1
2028156475 87 0 1 1
2028156562 87 0 1 1
2028156704 87 0 1 1
2028156790 87 0 1 1
2028156823 87 0 1 1
2028156910 87 0 1 1
2028156913 133 1 20 1
2028156999 133 1 20 1
2028157085 133 1 20 1
2028157171 133 1 20 1
2028157261 133 1 20 1
2028157347 133 1 20 1
2028157433 133 1 20 1
2028157465 131 1 20 1
2028157519 133 1 20 1
2028157551 131 1 20 0
2028157558 131 1 20 1
2028157609 133 1 20 1
2028157648 131 1 20 0
2028157655 131 1 20 1
2028157658 131 1 20 0
2028157695 133 1 20 1
2028157748 131 1 20 1
2028157781 133 1 20 1
2028157834 131 1 20 1
2028157867 133 1 20 1
2028157924 131 1 20 1
2028157953 133 1 20 1
2028158014 131 1 20 1
2028158039 133 1 20 1
2028158104 131 1 20 1
2028158115 131 1 20 1
2028158125 133 1 20 1
2028158128 133 1 20 1
2028158205 131 1 20 1
2028158218 133 1 20 1
2028158291 131 1 20 1
2028158304 133 1 20 1
2028158389 131 1 20 1
2028158390 133 1 20 1
2028158476 133 1 20 1
2028158479 131 1 20 1
2028158562 133 1 20 1
2028158565 131 1 20 1
2028158652 133 1 20 1
2028158655 131 1 20 1
2028158738 133 1 20 1
2028158749 131 1 20 1
2028158824 133 1 20 1
2028158835 133 1 20 1
2028158839 131 1 20 1
2028158921 133 1 20 1
2028158929 131 1 20 1
2028159015 131 1 20 1
2028159101 131 1 20 1
2028159112 131 1 20 1
2028159202 131 1 20 1
2028159292 131 1 20 1
2028159378 131 1 20 1
2028159472 131 1 20 1
2028159576 131 1 20 1
2028159666 131 1 20 1
2028159756 131 1 20 1
2028159846 131 1 20 1
2028160367 131 1 20 0
2028164048 87 0 1 1
2028164083 87 0 1 1
2028164178 87 0 1 1
2028164264 87 0 1 1
2028164392 87 0 1 1
2028164427 87 0 1 1
2028164562 87 0 1 1
2028164649 87 0 1 1
2028164736 87 0 1 1
2028164771 87 0 1 1
2028164914 87 0 1 1
2028164941 87 0 1 1
2028165073 87 0 1 1
2028165159 87 0 1 1
2028165250 87 0 1 1
2028165289 87 0 1 1
2028165424 87 0 1 1
2028165463 87 0 1 1
2028165579 87 0 1 1
2028165685 87 0 1 1
2028165720 87 0 1 1
2028165807 87 0 1 1
2028165942 87 0 1 1
2028165977 87 0 1 1
2028166024 133 1 20 1
2028166110 133 1 20 1
2028166118 87 0 1 1
2028166196 133 1 20 1
2028166282 133 1 20 1
2028166372 133 1 20 1
2028166458 133 1 20 1
2028166544 133 1 20 1
2028166630 133 1 20 1
2028166720 133 1 20 1
2028166810 133 1 20 1
2028166815 87 0 1 0
2028166896 133 1 20 1
2028166982 133 1 20 1
2028167068 133 1 20 1
2028167158 133 1 20 1
2028167184 131 1 20 1
2028167187 131 1 20 0
2028167194 131 1 20 1
2028167244 133 1 20 1
2028167280 131 1 20 0
2028167330 133 1 20 1
2028167416 133 1 20 1
2028167502 133 1 20 1
2028167592 133 1 20 1
2028167631 131 1 20 1
2028167678 133 1 20 1
2028167717 131 1 20 0
2028167724 131 1 20 1
2028167727 131 1 20 0
2028167764 133 1 20 1
2028167850 133 1 20 1
2028167904 131 1 20 1
2028167907 131 1 20 0
2028167940 133 1 20 1
2028167993 131 1 20 1
2028167996 131 1 20 0
2028168026 133 1 20 1
2028168082 131 1 20 1
2028168112 133 1 20 1
2028168180 131 1 20 1
2028168266 131 1 20 1
2028168269 131 1 20 1
2028168355 131 1 20 1
2028168449 131 1 20 1
2028168539 131 1 20 1
2028168625 131 1 20 1
2028168719 131 1 20 1
2028168809 131 1 20 1
2028168899 131 1 20 1
2028168985 131 1 20 1
2028169075 131 1 20 1
2028169160 87 0 1 1
2028169169 131 1 20 1
2028169241 87 0 1 1
2028169255 131 1 20 1
2028169327 87 0 1 0
2028169330 87 0 1 1
2028169341 131 1 20 1
2028169420 87 0 1 1
2028169431 131 1 20 1
2028169498 87 0 1 1
2028169521 131 1 20 1
2028169607 131 1 20 1
2028169622 131 1 20 1
2028169667 87 0 1 1
2028169672 87 0 1 1
2028169708 131 1 20 1
2028169836 87 0 1 1
2028169843 87 0 1 1
2028169877 131 1 20 1
2028169888 131 1 20 1
2028169929 87 0 1 1
2028169974 131 1 20 1
2028170060 131 1 20 1
2028170089 87 0 1 1
2028170150 131 1 20 1
2028170175 87 0 1 1
2028170186 87 0 1 1
2028170269 87 0 1 1
2028170425 87 0 1 1
2028170465 131 1 20 0
2028170511 87 0 1 1
2028170526 87 0 1 1
2028170655 87 0 1 1
2028170749 87 0 1 1
2028170783 87 0 1 1
2028170883 87 0 1 1
2028170969 87 0 1 1
2028171040 87 0 1 1
2028171130 87 0 1 1
2028171223 87 0 1 1
2028171491 87 0 1 1
2028175243 133 1 20 1
2028175333 133 1 20 1
2028175419 133 1 20 1
2028175505 133 1 20 1
2028175591 133 1 20 1
2028175681 133 1 20 1
2028175763 131 1 20 1
2028175766 131 1 20 0
2028175767 133 1 20 1
2028175852 131 1 20 1
2028175857 133 1 20 1
2028175943 133 1 20 1
2028175954 131 1 20 0
2028175957 131 1 20 1
2028175964 131 1 20 1
2028176033 133 1 20 1
2028176050 131 1 20 0
2028176057 131 1 20 1
2028176123 133 1 20 1
2028176143 131 1 20 0
2028176146 131 1 20 1
2028176149 131 1 20 0
2028176209 133 1 20 1
2028176213 131 1 20 1
2028176299 133 1 20 1
2028176307 131 1 20 1
2028176385 133 1 20 1
2028176396 131 1 20 1
2028176462 131 1 20 1
2028176471 133 1 20 1
2028176561 133 1 20 1
2028176564 133 1 20 1
2028176602 131 1 20 1
2028176628 131 1 20 1
2028176654 133 1 20 1
2028176740 133 1 20 1
2028176776 131 1 20 1
2028176794 131 1 20 1
2028176826 133 1 20 1
2028176877 131 1 20 1
2028176916 133 1 20 1
2028176967 131 1 20 1
2028177002 133 1 20 1
2028177043 131 1 20 1
2028177096 133 1 20 1
2028177152 131 1 20 1
2028177182 133 1 20 1
2028177209 131 1 20 1
2028177268 133 1 20 1
2028177330 131 1 20 1
2028177375 131 1 20 1
2028177508 131 1 20 1
2028177541 131 1 20 1
2028177628 131 1 20 1
2028177781 131 1 20 1
2028177798 131 1 20 1
2028177885 131 1 20 1
2028178058 131 1 20 1
2028178136 131 1 20 1
2028178232 131 1 20 1
2028178577 87 0 1 1
2028178618 131 1 20 0
2028178679 87 0 1 1
2028178747 87 0 1 1
2028178830 87 0 1 1
2028178936 87 0 1 1
2028179000 87 0 1 1
2028179083 87 0 1 1
2028179166 87 0 1 1
2028179276 87 0 1 1
2028179336 87 0 1 1
2028179419 87 0 1 1
2028179533 87 0 1 1
2028179585 87 0 1 1
2028179672 87 0 1 1
2028179794 87 0 1 1
2028179838 87 0 1 1
2028179921 87 0 1 1
2028180047 87 0 1 1
2028180091 87 0 1 1
2028180174 87 0 1 1
2028180261 87 0 1 1
2028180395 87 0 1 1
2028180427 87 0 1 1
2028180514 87 0 1 1
2028180648 87 0 1 1
2028184360 133 1 20 1
2028184446 133 1 20 1
2028184532 133 1 20 1
2028184618 133 1 20 1
2028184704 133 1 20 1
2028184790 133 1 20 1
2028184876 133 1 20 1
2028184962 133 1 20 1
2028185048 133 1 20 1
2028185138 133 1 20 1
2028185224 133 1 20 1
2028185310 133 1 20 1
2028185396 133 1 20 1
2028185486 133 1 20 1
2028185572 133 1 20 1
2028185658 133 1 20 1
2028185748 133 1 20 1
2028185834 133 1 20 1
2028185920 133 1 20 1
2028186010 133 1 20 1
2028186096 133 1 20 1
2028186186 133 1 20 1
2028186272 133 1 20 1
2028186358 133 1 20 1
2028186448 133 1 20 1
2028187099 131 1 20 1
2028187119 131 1 20 0
2028187182 131 1 20 1
2028187199 131 1 20 0
2028187268 131 1 20 1
2028187271 131 1 20 0
2028187348 131 1 20 1
2028187431 131 1 20 1
2028187460 131 1 20 0
2028187514 131 1 20 1
2028187597 131 1 20 1
2028187734 87 0 1 1
2028187750 131 1 20 1
2028187840 131 1 20 1
2028187843 131 1 20 0
2028187846 131 1 20 1
2028187900 87 0 1 1
2028187907 87 0 1 1
2028187983 87 0 1 1
2028188011 131 1 20 1
2028188018 131 1 20 1
2028188070 87 0 1 1
2028188108 131 1 20 1
2028188165 87 0 1 1
2028188198 131 1 20 1
2028188236 87 0 1 1
2028188277 131 1 20 1
2028188341 87 0 1 1
2028188345 131 1 20 1
2028188406 87 0 1 1
2028188427 131 1 20 1
2028188510 131 1 20 1
2028188517 87 0 1 1
2028188572 87 0 1 1
2028188593 131 1 20 1
2028188676 131 1 20 1
2028188691 87 0 1 1
2028188742 87 0 1 1
2028188759 131 1 20 1
2028188789 131 1 20 1
2028188868 87 0 1 1
2028188872 131 1 20 1
2028188912 87 0 1 1
2028188929 131 1 20 1
2028188995 87 0 1 1
2028189012 131 1 20 1
2028189095 131 1 20 1
2028189126 87 0 1 1
2028189149 87 0 1 1
2028189173 131 1 20 0
2028189178 131 1 20 1
2028189261 131 1 20 1
2028189308 87 0 1 1
2028189319 87 0 1 1
2028189420 131 1 20 0
2028189482 87 0 1 1
2028189489 87 0 1 1
2028189572 87 0 1 1
2028189668 87 0 1 1
2028189742 87 0 1 1
2028189961 133 1 20 0
2028192397 87 0 1 0
2028193305 133 1 20 1
2028193391 133 1 20 0
2028193402 133 1 20 1
2028193492 133 1 20 1
2028193582 133 1 20 1
2028193676 133 1 20 1
2028193762 133 1 20 1
2028193852 133 1 20 1
2028193942 133 1 20 1
2028194036 133 1 20 1
2028194122 133 1 20 1
2028194216 133 1 20 1
2028194223 133 1 20 1
2028194313 133 1 20 1
2028194407 133 1 20 1
2028194493 133 1 20 1
2028194591 133 1 20 1
2028194681 133 1 20 1
2028194767 133 1 20 1
2028194857 133 1 20 1
2028194943 133 1 20 1
2028195029 133 1 20 1
2028195123 133 1 20 1
2028195209 133 1 20 1
2028195295 133 1 20 1
2028195385 133 1 20 1
2028195554 133 1 20 1
2028197412 87 0 1 1
2028197495 87 0 1 1
2028197626 87 0 1 1
2028197665 87 0 1 1
2028197748 87 0 1 1
2028197874 87 0 1 1
2028197914 87 0 1 1
2028198001 87 0 1 1
2028198084 87 0 1 1
2028198210 87 0 1 1
2028198250 87 0 1 1
2028198316 133 1 20 0
2028198337 87 0 1 1
2028198463 87 0 1 1
2028198503 87 0 1 1
2028198590 87 0 1 1
2028198720 87 0 1 1
2028198756 87 0 1 1
2028198839 87 0 1 1
2028198926 87 0 1 1
2028199056 87 0 1 1
2028199092 87 0 1 1
2028199179 87 0 1 1
2028199313 87 0 1 1
2028199345 87 0 1 1
2028199432 87 0 1 1
2028200033 87 0 1 0
2028202458 81 0 1 1
2028202541 81 0 1 1
2028202624 81 0 1 1
2028202707 81 0 1 1
2028202790 81 0 1 1
2028202873 81 0 1 1
2028202956 81 0 1 1
2028203039 81 0 1 1
2028203122 81 0 1 1
2028203205 81 0 1 1
2028203288 81 0 1 1
2028203290 133 1 20 1
2028203293 133 1 20 0
2028203371 81 0 1 1
2028203378 133 1 20 1
2028203454 81 0 1 1
2028203468 133 1 20 1
2028203537 81 0 1 1
2028203562 133 1 20 1
2028203620 81 0 1 1
2028203648 133 1 20 1
2028203703 81 0 1 1
2028203718 133 1 20 1
2028203786 81 0 1 1
2028203808 133 1 20 1
2028203871 81 0 1 1
2028203894 133 1 20 1
2028203952 81 0 1 1
2028203980 133 1 20 1
2028204035 81 0 1 1
2028204066 133 1 20 1
2028204118 81 0 1 1
2028204156 133 1 20 1
2028204201 81 0 1 1
2028204242 133 1 20 1
2028204284 81 0 1 1
2028204328 133 1 20 1
2028204367 81 0 1 1
2028204418 133 1 20 1
2028204450 81 0 1 1
2028204504 133 1 20 1
2028204533 81 0 1 1
2028204590 133 1 20 1
2028204676 133 1 20 1
2028204762 133 1 20 1
2028204848 133 1 20 1
2028204934 133 1 20 1
2028205020 133 1 20 1
2028205110 133 1 20 1
2028205196 133 1 20 1
2028205282 133 1 20 1
2028205372 133 1 20 1
2028205448 133 1 20 1
2028206917 88 0 1 1
2028207000 88 0 1 1
2028207083 88 0 1 1
2028207166 88 0 1 1
2028207286 88 0 1 1
2028207336 88 0 1 1
2028207419 88 0 1 1
2028207502 88 0 1 1
2028207585 88 0 1 1
2028207668 88 0 1 1
2028207752 88 0 1 1
2028207764 133 1 20 0
2028207834 88 0 1 1
2028207917 88 0 1 1
2028208000 88 0 1 1
2028208083 88 0 1 1
2028208166 88 0 1 1
2028208249 88 0 1 1
2028208332 88 0 1 1
2028208415 88 0 1 1
2028208498 88 0 1 1
2028208581 88 0 1 1
2028208664 88 0 1 1
2028208747 88 0 1 1
2028208830 88 0 1 1
2028208913 88 0 1 1
2028208996 88 0 1 1
2028210907 88 0 1 0
2028211619 81 0 1 1
2028211702 81 0 1 1
2028211785 81 0 1 1
2028211868 81 0 1 1
2028211951 81 0 1 1
2028212034 81 0 1 1
2028212117 81 0 1 1
2028212200 81 0 1 1
2028212283 81 0 1 1
2028212366 81 0 1 1
2028212388 133 1 20 1
2028212449 81 0 1 1
2028212482 133 1 20 1
2028212532 81 0 1 1
2028212581 133 1 20 1
2028212615 81 0 1 1
2028212671 133 1 20 1
2028212698 81 0 1 1
2028212757 133 1 20 1
2028212781 81 0 1 1
2028212843 133 1 20 1
2028212864 81 0 1 1
2028212933 133 1 20 1
2028212947 81 0 1 1
2028213019 133 1 20 1
2028213026 133 1 20 1
2028213030 81 0 1 1
2028213113 81 0 1 1
2028213162 133 1 20 1
2028213196 81 0 1 1
2028213200 133 1 20 1
2028213279 81 0 1 1
2028213325 133 1 20 1
2028213362 81 0 1 1
2028213411 133 1 20 1
2028213445 81 0 1 1
2028213497 133 1 20 1
2028213528 81 0 1 1
2028213583 133 1 20 1
2028213611 81 0 1 1
2028213669 133 1 20 1
2028213694 81 0 1 1
2028213722 133 1 20 1
2028213827 133 1 20 1
2028213913 133 1 20 1
2028213999 133 1 20 1
2028214085 133 1 20 1
2028214171 133 1 20 1
2028214257 133 1 20 1
2028214343 133 1 20 1
2028214429 133 1 20 1
2028215756 88 0 1 1
2028215759 88 0 1 0
2028215843 88 0 1 1
2028215926 88 0 1 1
2028216013 88 0 1 1
2028216100 88 0 1 1
2028216187 88 0 1 1
2028216274 88 0 1 1
2028216357 88 0 1 1
2028216444 88 0 1 1
2028216527 88 0 1 1
2028216614 88 0 1 1
2028216697 88 0 1 1
2028216784 88 0 1 1
2028216867 88 0 1 1
2028216954 88 0 1 1
2028217037 88 0 1 1
2028217048 133 1 20 0
2028217120 88 0 1 1
2028217203 88 0 1 1
2028217286 88 0 1 1
2028217369 88 0 1 1
2028217452 88 0 1 1
2028217535 88 0 1 1
2028217618 88 0 1 1
2028217701 88 0 1 1
2028217784 88 0 1 1
2028217867 88 0 1 1
2028220780 81 0 1 1
2028220863 81 0 1 1
2028220946 81 0 1 1
2028221029 81 0 1 1
2028221112 81 0 1 1
2028221195 81 0 1 1
2028221278 81 0 1 1
2028221361 81 0 1 1
2028221444 81 0 1 1
2028221527 81 0 1 1
2028221610 81 0 1 1
2028221693 81 0 1 1
2028221723 88 0 1 0
2028221776 81 0 1 1
2028221859 81 0 1 1
2028221942 81 0 1 1
2028222025 81 0 1 1
2028222108 81 0 1 1
2028222191 81 0 1 1
2028222274 81 0 1 1
2028222357 81 0 1 1
2028222440 81 0 1 1
2028222523 81 0 1 1
2028222606 81 0 1 1
2028222689 81 0 1 1
2028222772 81 0 1 1
2028222855 81 0 1 1
2028224910 133 1 20 1
2028224996 133 1 20 1
2028225082 133 1 20 1
2028225168 133 1 20 1
2028225243 133 1 20 1
2028225329 133 1 20 1
2028225363 133 1 20 1
2028225488 133 1 20 1
2028225574 133 1 20 1
2028225660 133 1 20 1
2028225699 133 1 20 1
2028225816 133 1 20 1
2028225902 133 1 20 1
2028225988 133 1 20 1
2028226074 133 1 20 1
2028226160 133 1 20 1
2028226213 133 1 20 1
2028226314 133 1 20 1
2028226400 133 1 20 1
2028226486 133 1 20 1
2028226572 133 1 20 1
2028226649 133 1 20 1
2028226739 133 1 20 1
2028226872 133 1 20 1
2028226958 133 1 20 1
2028229941 81 0 1 1
2028230028 81 0 1 1
2028230115 81 0 1 1
2028230202 81 0 1 1
2028230289 81 0 1 1
2028230376 81 0 1 1
2028230463 81 0 1 1
2028230550 81 0 1 1
2028230637 81 0 1 1
2028230728 81 0 1 1
2028230815 81 0 1 1
2028230902 81 0 1 1
2028230989 81 0 1 1
2028231076 81 0 1 1
2028231163 81 0 1 1
2028231250 81 0 1 1
2028231337 81 0 1 1
2028231357 81 0 1 1
2028231440 81 0 1 1
2028231523 81 0 1 1
2028231606 81 0 1 1
2028231689 81 0 1 1
2028231772 81 0 1 1
2028231855 81 0 1 1
2028231938 81 0 1 1
2028232021 81 0 1 1
2028234223 133 1 20 1
2028234309 133 1 20 1
2028234395 133 1 20 1
2028234481 133 1 20 1
2028234571 133 1 20 1
2028234657 133 1 20 1
2028234743 133 1 20 1
2028234829 133 1 20 1
2028234915 133 1 20 1
2028235001 133 1 20 1
2028235087 133 1 20 1
2028235173 133 1 20 1
2028235259 133 1 20 1
2028235262 133 1 20 1
2028235352 133 1 20 1
2028235438 133 1 20 1
2028235524 133 1 20 1
2028235610 133 1 20 1
2028235696 133 1 20 1
2028235782 133 1 20 1
2028235868 133 1 20 1
2028235954 133 1 20 1
2028236123 133 1 20 1
2028236126 133 1 20 1
2028236295 133 1 20 1
2028236381 133 1 20 1
2028239107 81 0 1 1
2028239190 81 0 1 1
2028239273 81 0 1 1
2028239360 81 0 1 1
2028239451 81 0 1 1
2028239534 81 0 1 1
2028239617 81 0 1 1
2028239700 81 0 1 1
2028239783 81 0 1 1
2028239866 81 0 1 1
2028239949 81 0 1 1
2028240032 81 0 1 1
2028240115 81 0 1 1
2028240198 81 0 1 1
2028240281 81 0 1 1
2028240364 81 0 1 1
2028240400 81 0 1 1
2028240483 81 0 1 1
2028240566 81 0 1 1
2028240649 81 0 1 1
2028240732 81 0 1 1
2028240815 81 0 1 1
2028240898 81 0 1 1
2028240981 81 0 1 1
2028241064 81 0 1 1
2028241147 81 0 1 1
2028244748 133 1 20 1
2028244842 133 1 20 1
2028244928 133 1 20 1
2028245014 133 1 20 1
2028245100 133 1 20 1
2028245137 133 1 20 1
2028245223 133 1 20 1
2028245309 133 1 20 1
2028245395 133 1 20 1
2028245481 133 1 20 1
2028245567 133 1 20 1
2028245653 133 1 20 1
2028245739 133 1 20 1
2028245829 133 1 20 1
2028245915 133 1 20 1
2028246001 133 1 20 1
2028246087 133 1 20 1
2028246173 133 1 20 1
2028246259 133 1 20 1
2028246345 133 1 20 1
2028246431 133 1 20 1
2028246517 133 1 20 1
2028246603 133 1 20 1
2028246693 133 1 20 1
2028246779 133 1 20 1
2028246865 133 1 20 1
2028248233 81 0 1 1
2028248316 81 0 1 1
2028248399 81 0 1 1
2028248482 81 0 1 1
2028248565 81 0 1 1
2028248648 81 0 1 1
2028248731 81 0 1 1
2028248826 81 0 1 1
2028248912 81 0 1 1
2028248998 81 0 1 1
2028249084 81 0 1 1
2028249170 81 0 1 1
2028249256 81 0 1 1
2028249330 81 0 1 1
2028249333 81 0 1 1
2028249416 81 0 1 1
2028249499 81 0 1 1
2028249582 81 0 1 1
2028249665 81 0 1 1
2028249748 81 0 1 1
2028249831 81 0 1 1
2028249914 81 0 1 1
2028249997 81 0 1 1
2028250080 81 0 1 1
2028250163 81 0 1 1
2028250246 81 0 1 1
2028250579 133 1 20 0
2028253333 133 1 20 1
2028253419 133 1 20 1
2028253505 133 1 20 1
2028253591 133 1 20 1
2028253677 133 1 20 1
2028253767 133 1 20 1
2028253853 133 1 20 1
2028253939 133 1 20 1
2028254025 133 1 20 1
2028254111 133 1 20 1
2028254197 133 1 20 1
2028254283 133 1 20 1
2028254369 133 1 20 1
2028254455 133 1 20 1
2028254541 133 1 20 1
2028254627 133 1 20 1
2028254717 133 1 20 1
2028254807 133 1 20 1
2028254893 133 1 20 1
2028254979 133 1 20 1
2028255065 133 1 20 1
2028255151 133 1 20 1
2028255241 133 1 20 1
2028255327 133 1 20 1
2028255413 133 1 20 1
2028257332 81 0 1 1
2028257415 81 0 1 1
2028257498 81 0 1 1
2028257581 81 0 1 1
2028257664 81 0 1 1
2028257747 81 0 1 1
2028257830 81 0 1 1
2028257913 81 0 1 1
2028257990 133 1 20 0
2028257996 81 0 1 1
2028258079 81 0 1 1
2028258162 81 0 1 1
2028258245 81 0 1 1
2028258328 81 0 1 1
2028258411 81 0 1 1
2028258494 81 0 1 1
2028258577 81 0 1 1
2028258660 81 0 1 1
2028258743 81 0 1 1
2028258826 81 0 1 1
2028258909 81 0 1 1
2028258992 81 0 1 1
2028259075 81 0 1 1
2028259158 81 0 1 1
2028259241 81 0 1 1
2028259324 81 0 1 1
2028259407 81 0 1 1
2028260420 133 1 20 1
2028260506 133 1 20 1
2028260592 133 1 20 1
2028260678 133 1 20 1
2028260764 133 1 20 1
2028260850 133 1 20 1
2028260936 133 1 20 1
2028261022 133 1 20 1
2028261108 133 1 20 1
2028261194 133 1 20 1
2028261284 133 1 20 1
2028261370 133 1 20 1
2028261456 133 1 20 1
2028261542 133 1 20 1
2028261628 133 1 20 1
2028261718 133 1 20 1
2028261804 133 1 20 1
2028261894 133 1 20 1
2028261980 133 1 20 1
2028262066 133 1 20 1
2028262156 133 1 20 1
2028262246 133 1 20 1
2028262336 133 1 20 1
2028262347 133 1 20 1
2028262433 133 1 20 1
2028262523 133 1 20 1
2028266493 81 0 1 1
2028266580 81 0 1 1
2028266667 81 0 1 1
2028266750 81 0 1 1
2028266837 81 0 1 1
2028266920 81 0 1 1
2028267007 81 0 1 1
2028267090 81 0 1 1
2028267173 81 0 1 1
2028267256 81 0 1 1
2028267339 81 0 1 1
2028267422 81 0 1 1
2028267505 81 0 1 1
2028267588 81 0 1 1
2028267671 81 0 1 1
2028267754 81 0 1 1
2028267837 81 0 1 1
2028267920 81 0 1 1
2028268003 81 0 1 1
2028268086 81 0 1 1
2028268169 81 0 1 1
2028268252 81 0 1 1
2028268335 81 0 1 1
2028268418 81 0 1 1
2028268501 81 0 1 1
2028270242 133 1 20 1
2028270328 133 1 20 1
2028270414 133 1 20 1
2028270500 133 1 20 1
2028270586 133 1 20 1
2028270676 133 1 20 1
2028270762 133 1 20 1
2028270848 133 1 20 1
2028270934 133 1 20 1
2028271020 133 1 20 1
2028271106 133 1 20 1
2028271192 133 1 20 1
2028271278 133 1 20 1
2028271368 133 1 20 1
2028271454 133 1 20 1
2028271540 133 1 20 1
2028271626 133 1 20 1
2028271629 133 1 20 1
2028271719 133 1 20 1
2028271805 133 1 20 1
2028271895 133 1 20 1
2028271981 133 1 20 1
2028272067 133 1 20 1
2028272153 133 1 20 1
2028272243 133 1 20 1
2028272329 133 1 20 1
2028275587 81 0 1 1
2028275670 81 0 1 1
2028275753 81 0 1 1
2028275836 81 0 1 1
2028275919 81 0 1 1
2028276002 81 0 1 1
2028276085 81 0 1 1
2028276168 81 0 1 1
2028276251 81 0 1 1
2028276334 81 0 1 1
2028276417 81 0 1 1
2028276500 81 0 1 1
2028276583 81 0 1 1
2028276666 81 0 1 1
2028276749 81 0 1 1
2028276832 81 0 1 1
2028276915 81 0 1 1
2028276998 81 0 1 1
2028277081 81 0 1 1
2028277164 81 0 1 1
2028277247 81 0 1 1
2028277330 81 0 1 1
2028277413 81 0 1 1
2028277483 81 0 1 1
2028277566 81 0 1 1
2028277649 81 0 1 1
2028281822 133 1 20 1
2028281905 133 1 20 1
2028281988 133 1 20 1
2028282071 133 1 20 1
2028282154 133 1 20 1
2028282237 133 1 20 1
2028282320 133 1 20 1
2028282403 133 1 20 1
2028282486 133 1 20 1
2028282569 133 1 20 1
2028282652 133 1 20 1
2028282735 133 1 20 1
2028282833 133 1 20 1
2028282901 133 1 20 1
2028282984 133 1 20 1
2028283067 133 1 20 1
2028283150 133 1 20 1
2028283233 133 1 20 1
2028283316 133 1 20 1
2028283399 133 1 20 1
2028283482 133 1 20 1
2028283565 133 1 20 1
2028283648 133 1 20 1
2028283731 133 1 20 1
2028283814 133 1 20 1
2028283941 133 1 20 1
2028284099 133 1 20 0
2028284735 81 0 1 1
2028284818 81 0 1 1
2028284901 81 0 1 1
2028284984 81 0 1 1
2028285008 81 0 1 1
2028285091 81 0 1 1
2028285174 81 0 1 1
2028285257 81 0 1 1
2028285340 81 0 1 1
2028285423 81 0 1 1
2028285506 81 0 1 1
2028285589 81 0 1 1
2028285672 81 0 1 1
2028285755 81 0 1 1
2028285838 81 0 1 1
2028285921 81 0 1 1
2028286004 81 0 1 1
2028286087 81 0 1 1
2028286170 81 0 1 1
2028286253 81 0 1 1
2028286336 81 0 1 1
2028286419 81 0 1 1
2028286502 81 0 1 1
2028286585 81 0 1 1
2028286668 81 0 1 1
2028286751 81 0 1 1
2028288044 133 1 20 1
2028288127 133 1 20 1
2028288210 133 1 20 1
2028288293 133 1 20 1
2028288376 133 1 20 1
2028288459 133 1 20 1
2028288542 133 1 20 1
2028288625 133 1 20 1
2028288708 133 1 20 1
2028288845 133 1 20 1
2028288874 133 1 20 1
2028288957 133 1 20 1
2028289040 133 1 20 1
2028289123 133 1 20 1
2028289206 133 1 20 1
2028289289 133 1 20 1
2028289372 133 1 20 1
2028289455 133 1 20 1
2028289538 133 1 20 1
2028289621 133 1 20 1
2028289704 133 1 20 1
2028289787 133 1 20 1
2028289870 133 1 20 1
2028289953 133 1 20 1
2028290036 133 1 20 1
2028290119 133 1 20 1
2028291581 133 1 20 0
2028293837 81 0 1 1
2028293920 81 0 1 1
2028294003 81 0 1 1
2028294086 81 0 1 1
2028294169 81 0 1 1
2028294252 81 0 1 1
2028294335 81 0 1 1
2028294418 81 0 1 1
2028294501 81 0 1 1
2028294584 81 0 1 1
2028294667 81 0 1 1
2028294750 81 0 1 1
2028294833 81 0 1 1
2028294916 81 0 1 1
2028294999 81 0 1 1
2028295082 81 0 1 1
2028295165 81 0 1 1
2028295248 81 0 1 1
2028295331 81 0 1 1
2028295414 81 0 1 1
2028295497 81 0 1 1
2028295580 81 0 1 1
2028295663 81 0 1 1
2028295746 81 0 1 1
2028295829 81 0 1 1
2028295912 81 0 1 1
2028296978 133 1 20 1
2028297065 133 1 20 1
2028297148 133 1 20 1
2028297235 133 1 20 1
2028297322 133 1 20 1
2028297405 133 1 20 1
2028297492 133 1 20 1
2028297579 133 1 20 1
2028297662 133 1 20 1
2028297749 133 1 20 1
2028297836 133 1 20 1
2028297927 133 1 20 1
2028298014 133 1 20 1
2028298095 133 1 20 1
2028298176 133 1 20 1
2028298263 133 1 20 1
2028298350 133 1 20 1
2028298437 133 1 20 1
2028298520 133 1 20 1
2028298611 133 1 20 1
2028298698 133 1 20 1
2028298865 133 1 20 1
2028298872 133 1 20 1
2028298959 133 1 20 1
2028299046 133 1 20 1
2028301211 133 1 20 0
2028302998 81 0 1 1
2028303081 81 0 1 1
2028303164 81 0 1 1
2028303247 81 0 1 1
2028303332 81 0 1 1
2028303413 81 0 1 1
2028303496 81 0 1 1
2028303579 81 0 1 1
2028303662 81 0 1 1
2028303745 81 0 1 1
2028303828 81 0 1 1
2028303911 81 0 1 1
2028303994 81 0 1 1
2028304077 81 0 1 1
2028304160 81 0 1 1
2028304243 81 0 1 1
2028304326 81 0 1 1
2028304409 81 0 1 1
2028304492 81 0 1 1
2028304575 81 0 1 1
2028304658 81 0 1 1
2028304741 81 0 1 1
2028304824 81 0 1 1
2028304907 81 0 1 1
2028304990 81 0 1 1
2028305073 81 0 1 1
2028312159 81 0 1 1
2028312242 81 0 1 1
2028312325 81 0 1 1
2028312408 81 0 1 1
2028312491 81 0 1 1
2028312533 81 0 1 1
2028312616 81 0 1 1
2028312699 81 0 1 1
2028312782 81 0 1 1
2028312865 81 0 1 1
2028312948 81 0 1 1
2028313031 81 0 1 1
2028313114 81 0 1 1
2028313197 81 0 1 1
2028313280 81 0 1 1
2028313363 81 0 1 1
2028313446 81 0 1 1
2028313529 81 0 1 1
2028313612 81 0 1 1
2028313695 81 0 1 1
2028313778 81 0 1 1
2028313861 81 0 1 1
2028313944 81 0 1 1
2028314027 81 0 1 1
2028314110 81 0 1 1
2028314193 81 0 1 1
2028321279 81 0 1 1
2028321362 81 0 1 1
2028321445 81 0 1 1
2028321528 81 0 1 1
2028321611 81 0 1 1
2028321694 81 0 1 1
2028321777 81 0 1 1
2028321860 81 0 1 1
2028321943 81 0 1 1
2028322026 81 0 1 1
2028322109 81 0 1 1
2028322192 81 0 1 1
2028322275 81 0 1 1
2028322358 81 0 1 1
2028322441 81 0 1 1
2028322524 81 0 1 1
2028322607 81 0 1 1
2028322690 81 0 1 1
2028322773 81 0 1 1
2028322856 81 0 1 1
2028322939 81 0 1 1
2028323022 81 0 1 1
2028323105 81 0 1 1
2028323188 81 0 1 1
2028323271 81 0 1 1
2028323354 81 0 1 1
2028330440 81 0 1 1
2028330523 81 0 1 1
2028330619 81 0 1 1
2028330753 81 0 1 1
2028330797 81 0 1 1
2028330859 81 0 1 1
2028330942 81 0 1 1
2028331029 81 0 1 1
2028331112 81 0 1 1
2028331199 81 0 1 1
2028331286 81 0 1 1
2028331369 81 0 1 1
2028331456 81 0 1 1
2028331543 81 0 1 1
2028331626 81 0 1 1
2028331713 81 0 1 1
2028331800 81 0 1 1
2028331883 81 0 1 1
2028331970 81 0 1 1
2028332057 81 0 1 1
2028332140 81 0 1 1
2028332227 81 0 1 1
2028332314 81 0 1 1
2028332397 81 0 1 1
2028332484 81 0 1 1
2028334188 81 0 1 0
2028419084 82 0 1 1
2028419167 82 0 1 1
2028419250 82 0 1 1
2028419333 82 0 1 1
2028419416 82 0 1 1
2028419499 82 0 1 1
2028419582 82 0 1 1
2028419665 82 0 1 1
2028419748 82 0 1 1
2028419831 82 0 1 1
2028419914 82 0 1 1
2028419997 82 0 1 1
2028420080 82 0 1 1
2028420163 82 0 1 1
2028420246 82 0 1 1
2028420329 82 0 1 1
2028420412 82 0 1 1
2028420495 82 0 1 1
2028420578 82 0 1 1
2028420661 82 0 1 1
2028420744 82 0 1 1
2028420827 82 0 1 1
2028420910 82 0 1 1
2028420993 82 0 1 1
2028421076 82 0 1 1
2028421159 82 0 1 1
2028428257 82 0 1 1
2028428343 82 0 1 1
2028428429 82 0 1 1
2028428463 82 0 1 1
2028428593 82 0 1 1
2028428633 82 0 1 1
2028428716 82 0 1 1
2028428806 82 0 1 1
2028428886 82 0 1 1
2028428969 82 0 1 1
2028429105 82 0 1 1
2028429135 82 0 1 1
2028429222 82 0 1 1
2028429305 82 0 1 1
2028429437 82 0 1 1
2028429440 82 0 1 1
2028429507 82 0 1 1
2028429598 82 0 1 1
2028429685 82 0 1 1
2028429773 82 0 1 1
2028429851 82 0 1 1
2028429938 82 0 1 1
2028430025 82 0 1 1
2028430111 82 0 1 1
2028430195 82 0 1 1
2028430278 82 0 1 1
2028437364 82 0 1 1
2028437494 82 0 1 1
2028437530 82 0 1 1
2028437617 82 0 1 1
2028437700 82 0 1 1
2028437830 82 0 1 1
2028437866 82 0 1 1
2028437953 82 0 1 1
2028437976 82 0 1 1
2028438059 82 0 1 1
2028438166 82 0 1 1
2028438229 82 0 1 1
2028438312 82 0 1 1
2028438395 82 0 1 1
2028438526 82 0 1 1
2028438561 82 0 1 1
2028438648 82 0 1 1
2028438731 82 0 1 1
2028438846 82 0 1 1
2028438897 82 0 1 1
2028438984 82 0 1 1
2028439067 82 0 1 1
2028439182 82 0 1 1
2028439233 82 0 1 1
2028439320 82 0 1 1
2028439403 82 0 1 1
2028443043 82 0 1 0
2029032963 129 1 20 1
2029033006 129 1 20 0
2029033050 129 1 20 1
2029033210 129 1 20 1
2029033220 129 1 20 1
2029033307 129 1 20 1
2029033394 129 1 20 1
2029033485 129 1 20 1
2029033572 129 1 20 1
2029033659 129 1 20 1
2029033746 129 1 20 1
2029033833 129 1 20 1
2029033916 129 1 20 1
2029034003 129 1 20 1
2029034090 129 1 20 1
2029034177 129 1 20 1
2029034264 129 1 20 1
2029034351 129 1 20 1
2029034456 129 1 20 1
2029034542 129 1 20 1
2029034632 129 1 20 1
2029034691 129 1 20 1
2029034778 129 1 20 1
2029034871 129 1 20 1
2029034944 129 1 20 1
2029035031 129 1 20 1
2029035120 129 1 20 1
2029037614 129 1 20 0
2029041442 129 1 20 1
2029041455 129 1 20 0
2029041519 129 1 20 1
2029041606 129 1 20 1
2029041689 129 1 20 1
2029041780 129 1 20 1
2029041863 129 1 20 1
2029041950 129 1 20 1
2029042037 129 1 20 1
2029042124 129 1 20 1
2029042207 129 1 20 1
2029042294 129 1 20 1
2029042381 129 1 20 1
2029042468 129 1 20 1
2029042487 129 1 20 0
2029042551 129 1 20 1
2029042578 129 1 20 0
2029042642 129 1 20 1
2029042645 129 1 20 0
2029042725 129 1 20 1
2029042744 129 1 20 0
2029042787 129 1 20 1
2029042870 129 1 20 1
2029042914 129 1 20 0
2029042953 129 1 20 1
2029043036 129 1 20 1
2029043123 129 1 20 1
2029043206 129 1 20 1
2029043293 129 1 20 1
2029043376 129 1 20 1
2029043500 129 1 20 1
2029043546 129 1 20 1
2029043843 129 1 20 0
2029048242 129 1 20 1
2029048251 129 1 20 0
2029048325 129 1 20 1
2029048412 129 1 20 1
2029048495 129 1 20 1
2029048578 129 1 20 1
2029048665 129 1 20 1
2029048748 129 1 20 1
2029048835 129 1 20 1
2029048922 129 1 20 1
2029049009 129 1 20 1
2029049092 129 1 20 1
2029049179 129 1 20 1
2029049266 129 1 20 1
2029049349 129 1 20 1
2029049436 129 1 20 1
2029049519 129 1 20 1
2029049674 129 1 20 1
2029049689 129 1 20 1
2029049776 129 1 20 1
2029049859 129 1 20 1
2029049946 129 1 20 1
2029050029 129 1 20 1
2029050112 129 1 20 1
2029050199 129 1 20 1
2029050282 129 1 20 1
2029050369 129 1 20 1
2029051295 129 1 20 0
2029060502 129 1 20 1
2029060555 129 1 20 0
2029060585 129 1 20 1
2029060588 129 1 20 0
2029060759 129 1 20 1
2029060812 129 1 20 0
2029060846 129 1 20 1
2029060933 129 1 20 1
2029061020 129 1 20 1
2029061107 129 1 20 1
2029061194 129 1 20 1
2029061277 129 1 20 1
2029061364 129 1 20 1
2029061447 129 1 20 0
2029061451 129 1 20 1
2029061534 129 1 20 0
2029061538 129 1 20 1
2029061621 129 1 20 0
2029061625 129 1 20 1
2029061708 129 1 20 0
2029061712 129 1 20 1
2029061773 129 1 20 1
2029061791 129 1 20 0
2029061860 129 1 20 1
2029061878 129 1 20 0
2029061949 129 1 20 1
2029061961 129 1 20 0
2029062051 129 1 20 1
2029062054 129 1 20 0
2029062117 129 1 20 1
2029062135 129 1 20 0
2029062204 129 1 20 1
2029062222 129 1 20 0
2029062291 129 1 20 1
2029062305 129 1 20 0
2029062378 129 1 20 1
2029062465 129 1 20 1
2029062552 129 1 20 1
2029062644 129 1 20 1
2029062711 129 1 20 0
2029062731 129 1 20 1
2029062818 129 1 20 1
2029062881 129 1 20 0
2029062901 129 1 20 1
2029062964 129 1 20 0
2029070432 129 1 20 1
2029070507 129 1 20 0
2029070519 129 1 20 1
2029070598 129 1 20 0
2029070606 129 1 20 1
2029070681 129 1 20 0
2029070697 129 1 20 1
2029070768 129 1 20 0
2029070784 129 1 20 1
2029070855 129 1 20 0
2029070867 129 1 20 1
2029070938 129 1 20 0
2029070954 129 1 20 1
2029071021 129 1 20 0
2029071041 129 1 20 1
2029071104 129 1 20 0
2029071128 129 1 20 1
2029071191 129 1 20 0
2029071215 129 1 20 1
2029071278 129 1 20 0
2029071302 129 1 20 1
2029071361 129 1 20 0
2029071389 129 1 20 1
2029071452 129 1 20 0
2029071476 129 1 20 1
2029071535 129 1 20 0
2029071563 129 1 20 1
2029071622 129 1 20 0
2029071646 129 1 20 1
2029071705 129 1 20 0
2029071733 129 1 20 1
2029071820 129 1 20 1
2029071907 129 1 20 1
2029071994 129 1 20 1
2029072081 129 1 20 1
2029072168 129 1 20 1
2029072255 129 1 20 1
2029072415 129 1 20 1
2029072425 129 1 20 1
2029072512 129 1 20 1
2029072599 129 1 20 1
2029072690 129 1 20 1
2029072777 129 1 20 1
2029072864 129 1 20 1
2029072951 129 1 20 1
2029073038 129 1 20 1
2029073125 129 1 20 1
2029073212 129 1 20 1
2029073338 129 1 20 0
2029073364 129 1 20 1
2029073425 129 1 20 0
2029073451 129 1 20 1
2029073508 129 1 20 0
2029073538 129 1 20 1
2029073595 129 1 20 0
2029073629 129 1 20 1
2029073678 129 1 20 0
2029073720 129 1 20 1
2029073765 129 1 20 0
2029073807 129 1 20 1
2029073935 129 1 20 0
2029340814 133 1 18 1
2029340878 133 1 18 0
2029340897 133 1 18 1
2029341022 133 1 18 0
2029341025 133 1 18 1
2029341063 133 1 18 1
2029341146 133 1 18 1
2029341229 133 1 18 1
2029341312 133 1 18 1
2029341395 133 1 18 1
2029341478 133 1 18 1
2029341561 133 1 18 1
2029341644 133 1 18 1
2029341727 133 1 18 1
2029341814 133 1 18 1
2029341897 133 1 18 1
2029341980 133 1 18 1
2029342063 133 1 18 1
2029342146 133 1 18 1
2029342229 133 1 18 1
2029342312 133 1 18 1
2029342395 133 1 18 1
2029342478 133 1 18 1
2029342561 133 1 18 1
2029342644 133 1 18 1
2029342798 133 1 18 1
2029342810 133 1 18 1
2029342893 133 1 18 1
2029342976 133 1 18 1
2029343108 133 1 18 1
2029345044 133 1 18 0
2029356529 133 1 18 1
2029356564 133 1 18 0
2029356651 133 1 18 1
2029356654 133 1 18 0
2029356740 133 1 18 1
2029356743 133 1 18 0
2029356826 133 1 18 1
2029356861 133 1 18 1
2029356944 133 1 18 1
2029357027 133 1 18 1
2029357110 133 1 18 1
2029357193 133 1 18 1
2029357323 133 1 18 1
2029357359 133 1 18 1
2029357442 133 1 18 1
2029357525 133 1 18 1
2029357612 133 1 18 1
2029357695 133 1 18 1
2029357778 133 1 18 1
2029357861 133 1 18 1
2029357944 133 1 18 1
2029358027 133 1 18 1
2029358110 133 1 18 1
2029358193 133 1 18 1
2029358276 133 1 18 1
2029358359 133 1 18 1
2029358442 133 1 18 1
2029358525 133 1 18 1
2029358608 133 1 18 1
2029358691 133 1 18 1
2029358774 133 1 18 1
2029358857 133 1 18 1
2029359220 133 1 18 0
2029491354 128 1 21 1
2029491357 128 1 21 0
2029491447 128 1 21 1
2029491450 128 1 21 0
2029491465 128 1 21 1
2029491555 128 1 21 1
2029491641 128 1 21 1
2029491731 128 1 21 1
2029491821 128 1 21 1
2029491907 128 1 21 1
2029491993 128 1 21 1
2029492087 128 1 21 1
2029492228 128 1 21 1
2029492314 128 1 21 1
2029492400 128 1 21 1
2029492494 128 1 21 1
2029492584 128 1 21 1
2029492591 128 1 21 1
2029492698 128 1 21 1
2029492768 128 1 21 1
2029492852 128 1 21 1
2029492959 128 1 21 1
2029493049 128 1 21 1
2029493113 128 1 21 1
2029493208 128 1 21 1
2029493287 128 1 21 1
2029493453 128 1 21 1
2029493543 128 1 21 1
2029493546 128 1 21 1
2029494429 128 1 21 0
2029502112 128 1 21 1
2029502198 128 1 21 0
2029502201 128 1 21 1
2029502287 128 1 21 1
2029502373 128 1 21 0
2029502376 128 1 21 1
2029502466 128 1 21 1
2029502552 128 1 21 1
2029502638 128 1 21 1
2029502732 128 1 21 1
2029502818 128 1 21 1
2029502904 128 1 21 1
2029502990 128 1 21 1
2029503076 128 1 21 1
2029503162 128 1 21 1
2029503169 128 1 21 1
2029503255 128 1 21 1
2029503345 128 1 21 1
2029503431 128 1 21 1
2029503517 128 1 21 1
2029503603 128 1 21 1
2029503689 128 1 21 1
2029503779 128 1 21 1
2029503865 128 1 21 1
2029503951 128 1 21 1
2029504037 128 1 21 1
2029504123 128 1 21 1
2029504213 128 1 21 1
2029504303 128 1 21 1
2029504472 128 1 21 1
2029505623 128 1 21 0
2029648789 134 1 21 1
2029648835 134 1 21 0
2029648868 134 1 21 1
2029648955 134 1 21 1
2029649041 134 1 21 1
2029649121 134 1 21 1
2029649212 134 1 21 1
2029649291 134 1 21 1
2029649378 134 1 21 1
2029649464 134 1 21 1
2029649550 134 1 21 1
2029649640 134 1 21 1
2029649784 134 1 21 1
2029649870 134 1 21 1
2029649963 134 1 21 1
2029650050 134 1 21 1
2029650136 134 1 21 1
2029650141 134 1 21 1
2029650224 134 1 21 1
2029650382 134 1 21 1
2029650468 134 1 21 1
2029650477 134 1 21 1
2029650599 134 1 21 1
2029650659 25 0 1 1
2029650718 134 1 21 1
2029650722 25 0 1 0
2029650742 25 0 1 1
2029650804 134 1 21 1
2029650817 134 1 21 1
2029650825 25 0 1 1
2029650908 25 0 1 1
2029650935 134 1 21 1
2029650991 25 0 1 1
2029651074 25 0 1 1
2029651157 25 0 1 1
2029651240 25 0 1 1
2029651323 25 0 1 1
2029651406 25 0 1 1
2029651489 25 0 1 1
2029651572 25 0 1 1
2029651655 25 0 1 1
2029651815 25 0 1 1
2029651825 25 0 1 1
2029651908 25 0 1 1
2029651991 25 0 1 1
2029652074 25 0 1 1
2029652157 25 0 1 1
2029652240 25 0 1 1
2029652323 25 0 1 1
2029652406 25 0 1 1
2029652489 25 0 1 1
2029652572 25 0 1 1
2029652655 25 0 1 1
2029652738 25 0 1 1
2029652813 134 1 21 0
2029652821 25 0 1 1
2029656383 25 0 1 0
2029657101 134 1 21 1
2029657118 134 1 21 0
2029657209 134 1 21 1
2029657212 134 1 21 0
2029657298 134 1 21 1
2029657386 134 1 21 1
2029657441 134 1 21 1
2029657524 134 1 21 1
2029657632 134 1 21 1
2029657718 134 1 21 1
2029657777 134 1 21 1
2029657885 134 1 21 1
2029657971 134 1 21 1
2029658057 134 1 21 1
2029658143 134 1 21 1
2029658229 134 1 21 1
2029658315 134 1 21 1
2029658401 134 1 21 1
2029658487 134 1 21 1
2029658573 134 1 21 1
2029658659 134 1 21 1
2029658745 134 1 21 1
2029658831 134 1 21 1
2029658917 134 1 21 1
2029659003 134 1 21 1
2029659089 134 1 21 1
2029659175 134 1 21 1
2029659261 134 1 21 1
2029659347 134 1 21 1
2029659437 134 1 21 1
2029659465 25 0 1 1
2029659548 25 0 1 1
2029659631 25 0 1 1
2029659714 25 0 1 1
2029659797 25 0 1 1
2029659880 25 0 1 1
2029659963 25 0 1 1
2029660046 25 0 1 1
2029660129 25 0 1 1
2029660212 25 0 1 1
2029660351 25 0 1 1
2029660382 25 0 1 1
2029660465 25 0 1 1
2029660548 25 0 1 1
2029660631 25 0 1 1
2029660666 25 0 1 1
2029662100 134 1 21 0
2029662614 25 0 1 0
2029665956 134 1 21 1
2029665959 134 1 21 0
2029665962 134 1 21 1
2029666048 134 1 21 1
2029666134 134 1 21 1
2029666220 134 1 21 1
2029666306 134 1 21 1
2029666392 134 1 21 1
2029666482 134 1 21 1
2029666568 134 1 21 1
2029666654 134 1 21 1
2029666740 134 1 21 1
2029666826 134 1 21 1
2029666912 134 1 21 1
2029666998 134 1 21 1
2029667084 134 1 21 1
2029667170 134 1 21 1
2029667256 134 1 21 1
2029667342 134 1 21 1
2029667428 134 1 21 1
2029667503 134 1 21 1
2029667589 134 1 21 1
2029667675 134 1 21 1
2029667761 134 1 21 1
2029667847 134 1 21 1
2029667933 134 1 21 1
2029668023 134 1 21 1
2029670852 134 1 21 0
2029674633 134 1 21 1
2029674719 134 1 21 0
2029674722 134 1 21 1
2029674808 134 1 21 1
2029674898 134 1 21 1
2029674984 134 1 21 1
2029675070 134 1 21 1
2029675156 134 1 21 1
2029675242 134 1 21 1
2029675328 134 1 21 1
2029675414 134 1 21 1
2029675500 134 1 21 1
2029675555 134 1 21 1
2029675709 134 1 21 1
2029675799 134 1 21 1
2029675804 134 1 21 1
2029675891 134 1 21 1
2029676045 134 1 21 1
2029676061 134 1 21 1
2029676144 134 1 21 1
2029676260 134 1 21 1
2029676314 134 1 21 1
2029676397 134 1 21 1
2029676484 134 1 21 1
2029676596 134 1 21 1
2029676682 134 1 21 1
2029676805 134 1 21 1
2029679465 134 1 21 0
2029683198 134 1 21 1
2029683201 134 1 21 0
2029683287 134 1 21 1
2029683294 134 1 21 1
2029683380 134 1 21 1
2029683470 134 1 21 1
2029683556 134 1 21 1
2029683650 134 1 21 1
2029683736 134 1 21 1
2029683826 134 1 21 1
2029683912 134 1 21 1
2029683998 134 1 21 1
2029684088 134 1 21 1
2029684174 134 1 21 1
2029684264 134 1 21 1
2029684350 134 1 21 1
2029684440 134 1 21 1
2029684526 134 1 21 1
2029684616 134 1 21 1
2029684702 134 1 21 1
2029684792 134 1 21 1
2029684878 134 1 21 1
2029684968 134 1 21 1
2029685054 134 1 21 1
2029685144 134 1 21 1
2029685234 134 1 21 1
2029685241 134 1 21 1
2029685331 134 1 21 1
2029688664 134 1 21 0
2029692288 134 1 21 1
2029692320 134 1 21 0
2029692375 134 1 21 1
2029692403 134 1 21 0
2029692540 134 1 21 1
2029692545 134 1 21 1
2029692632 134 1 21 1
2029692719 134 1 21 1
2029692871 134 1 21 1
2029692885 134 1 21 1
2029692968 134 1 21 1
2029693055 134 1 21 1
2029693192 134 1 21 1
2029693225 134 1 21 1
2029693312 134 1 21 1
2029693395 134 1 21 1
2029693540 134 1 21 1
2029693626 134 1 21 1
2029693652 134 1 21 1
2029693735 134 1 21 1
2029693848 134 1 21 1
2029693905 134 1 21 1
2029693988 134 1 21 1
2029694075 134 1 21 1
2029694170 134 1 21 1
2029694245 134 1 21 1
2029694328 134 1 21 1
2029694415 134 1 21 1
2029694502 134 1 21 1
2029694588 134 1 21 1
2029695697 129 1 21 1
2029695787 129 1 21 0
2029695790 129 1 21 1
2029695793 129 1 21 0
2029695883 129 1 21 1
2029695973 129 1 21 1
2029696063 129 1 21 1
2029696074 129 1 21 1
2029696164 129 1 21 1
2029696254 129 1 21 1
2029696344 129 1 21 1
2029696434 129 1 21 1
2029696524 129 1 21 1
2029696645 129 1 21 1
2029696739 129 1 21 1
2029696742 129 1 21 1
2029696836 129 1 21 1
2029696926 129 1 21 1
2029697020 129 1 21 1
2029697106 129 1 21 1
2029697200 129 1 21 1
2029697286 129 1 21 1
2029697380 129 1 21 1
2029697470 129 1 21 1
2029697564 129 1 21 1
2029697654 129 1 21 1
2029697665 129 1 21 1
2029697729 134 1 21 0
2029697834 129 1 21 1
2029697932 129 1 21 1
2029698022 129 1 21 1
2029701621 129 1 21 0
2029704386 134 1 21 1
2029704403 134 1 21 0
2029704617 134 1 21 1
2029704620 134 1 21 0
2029704724 134 1 21 1
2029704735 134 1 21 0
2029704743 129 1 21 1
2029704801 129 1 21 0
2029704809 134 1 21 1
2029704818 134 1 21 0
2029704826 129 1 21 1
2029704913 129 1 21 1
2029704949 134 1 21 1
2029704979 134 1 21 1
2029704996 129 1 21 1
2029705066 134 1 21 1
2029705083 129 1 21 1
2029705150 134 1 21 0
2029705153 134 1 21 1
2029705170 129 1 21 1
2029705257 129 1 21 1
2029705281 134 1 21 0
2029705284 134 1 21 1
2029705316 134 1 21 0
2029705327 134 1 21 1
2029705340 129 1 21 1
2029705399 134 1 21 0
2029705410 134 1 21 1
2029705423 129 1 21 1
2029705485 134 1 21 0
2029705497 134 1 21 1
2029705510 129 1 21 1
2029705593 129 1 21 1
2029705607 134 1 21 0
2029705610 134 1 21 1
2029705655 134 1 21 0
2029705667 134 1 21 1
2029705676 129 1 21 1
2029705750 134 1 21 1
2029705763 129 1 21 1
2029705837 134 1 21 1
2029705854 129 1 21 1
2029705933 134 1 21 1
2029705941 129 1 21 1
2029706011 134 1 21 1
2029706024 129 1 21 1
2029706094 134 1 21 1
2029706107 129 1 21 1
2029706194 129 1 21 1
2029706259 134 1 21 1
2029706264 134 1 21 1
2029706281 129 1 21 1
2029706351 134 1 21 1
2029706368 129 1 21 1
2029706438 134 1 21 1
2029706451 129 1 21 1
2029706534 129 1 21 1
2029706606 134 1 21 1
2029706609 134 1 21 1
2029706617 129 1 21 1
2029706699 134 1 21 1
2029706704 129 1 21 1
2029706786 134 1 21 1
2029706787 129 1 21 1
2029706887 129 1 21 1
2029706911 134 1 21 1
2029706960 134 1 21 1
2029707237 134 1 21 0
2029710016 129 1 21 0
2029713205 129 1 21 1
2029713288 129 1 21 1
2029713377 129 1 21 1
2029713458 129 1 21 1
2029713545 129 1 21 1
2029713628 129 1 21 1
2029713711 129 1 21 1
2029713798 129 1 21 1
2029713881 129 1 21 1
2029713964 129 1 21 1
2029714047 129 1 21 1
2029714134 129 1 21 1
2029714217 129 1 21 1
2029714304 129 1 21 1
2029714387 129 1 21 1
2029714470 129 1 21 1
2029714557 129 1 21 1
2029714640 129 1 21 1
2029714723 129 1 21 1
2029714810 129 1 21 1
2029714893 129 1 21 1
2029714978 129 1 21 1
2029715059 129 1 21 1
2029715142 129 1 21 1
2029715229 129 1 21 1
2029722568 129 1 21 1
2029722655 129 1 21 1
2029722753 129 1 21 1
2029722825 129 1 21 1
2029722908 129 1 21 1
2029722999 129 1 21 1
2029723078 129 1 21 1
2029723165 129 1 21 1
2029723328 129 1 21 1
2029723335 129 1 21 1
2029723418 129 1 21 1
2029723501 129 1 21 1
2029723588 129 1 21 1
2029723675 129 1 21 1
2029723758 129 1 21 1
2029723841 129 1 21 1
2029723932 129 1 21 1
2029724015 129 1 21 1
2029724098 129 1 21 1
2029724181 129 1 21 1
2029724268 129 1 21 1
2029724355 129 1 21 1
2029724488 129 1 21 1
2029724574 129 1 21 1
2029724608 129 1 21 1
2029732287 129 1 21 1
2029732374 129 1 21 1
2029732457 129 1 21 1
2029732544 129 1 21 1
2029732631 129 1 21 1
2029732718 129 1 21 1
2029732801 129 1 21 1
2029732888 129 1 21 1
2029732971 129 1 21 1
2029733054 129 1 21 1
2029733141 129 1 21 1
2029733224 129 1 21 1
2029733311 129 1 21 1
2029733394 129 1 21 1
2029733481 129 1 21 1
2029733564 129 1 21 1
2029733647 129 1 21 1
2029733730 129 1 21 1
2029733817 129 1 21 1
2029733904 129 1 21 1
2029733987 129 1 21 1
2029734070 129 1 21 1
2029734153 129 1 21 1
2029734240 129 1 21 1
2029734323 129 1 21 1
2029743022 129 1 21 1
2029743109 129 1 21 1
2029743192 129 1 21 1
2029743275 129 1 21 1
2029743362 129 1 21 1
2029743445 129 1 21 1
2029743528 129 1 21 1
2029743675 129 1 21 1
2029743694 129 1 21 1
2029743842 129 1 21 1
2029743868 129 1 21 1
2029744009 129 1 21 1
2029744042 129 1 21 1
2029744176 129 1 21 1
2029744208 129 1 21 1
2029744343 129 1 21 1
2029744346 129 1 21 1
2029744417 129 1 21 1
2029744510 129 1 21 1
2029744591 129 1 21 1
2029744681 129 1 21 1
2029744844 129 1 21 1
2029744852 129 1 21 1
2029745011 129 1 21 1
2029745030 129 1 21 1
2029747748 129 1 21 0
2029882308 128 1 19 1
2029882364 128 1 19 1
2029882482 128 1 19 1
2029882523 128 1 19 0
2029882530 128 1 19 1
2029882652 128 1 19 1
2029882742 128 1 19 1
2029882828 128 1 19 1
2029882918 128 1 19 1
2029883004 128 1 19 1
2029883094 128 1 19 1
2029883184 128 1 19 1
2029883270 128 1 19 1
2029883297 128 1 19 1
2029883412 128 1 19 1
2029883463 128 1 19 1
2029883582 128 1 19 1
2029883668 128 1 19 1
2029883758 128 1 19 1
2029883848 128 1 19 1
2029883934 128 1 19 1
2029884020 128 1 19 1
2029884110 128 1 19 1
2029884196 128 1 19 1
2029884294 128 1 19 1
2029884380 128 1 19 1
2029884466 128 1 19 1
2029884643 128 1 19 1
2029885077 128 1 19 0
2029906017 129 1 19 1
2029906107 129 1 19 1
2029906193 129 1 19 1
2029906287 129 1 19 1
2029906373 129 1 19 1
2029906459 129 1 19 1
2029906553 129 1 19 1
2029906639 129 1 19 1
2029906729 129 1 19 1
2029906815 129 1 19 1
2029906905 129 1 19 1
2029906995 129 1 19 1
2029907085 129 1 19 1
2029907171 129 1 19 1
2029907257 129 1 19 1
2029907351 129 1 19 1
2029907437 129 1 19 1
2029907527 129 1 19 1
2029907617 129 1 19 1
2029907703 129 1 19 1
2029907793 129 1 19 1
2029907883 129 1 19 1
2029907969 129 1 19 1
2029908059 129 1 19 1
2029908145 129 1 19 1
2029912208 129 1 19 0
2029917486 129 1 19 1
2029917556 129 1 19 0
2029917569 129 1 19 1
2029917667 129 1 19 1
2029917743 129 1 19 1
2029917849 129 1 19 1
2029917913 129 1 19 1
2029917996 129 1 19 1
2029918091 129 1 19 1
2029918204 129 1 19 1
2029918273 129 1 19 1
2029918383 129 1 19 1
2029918439 129 1 19 1
2029918526 129 1 19 1
2029918648 129 1 19 1
2029918704 129 1 19 1
2029918787 129 1 19 1
2029918874 129 1 19 1
2029919000 129 1 19 1
2029919044 129 1 19 1
2029919127 129 1 19 1
2029919226 129 1 19 1
2029919313 129 1 19 1
2029919400 129 1 19 1
2029919491 129 1 19 1
2029919712 129 1 19 1
2029920535 129 1 19 0
2029933563 129 1 19 1
2029933602 129 1 19 0
2029933658 129 1 19 1
2029933741 129 1 19 1
2029933828 129 1 19 1
2029933948 129 1 19 1
2029934038 129 1 19 1
2029934097 129 1 19 1
2029934184 129 1 19 1
2029934267 129 1 19 1
2029934362 129 1 19 1
2029934490 129 1 19 1
2029934540 129 1 19 1
2029934635 129 1 19 1
2029934710 129 1 19 1
2029934854 129 1 19 1
2029934888 129 1 19 1
2029935036 129 1 19 1
2029935054 129 1 19 1
2029935145 129 1 19 1
2029935228 129 1 19 1
2029935319 129 1 19 1
2029935483 129 1 19 1
2029935493 129 1 19 1
2029935580 129 1 19 1
2029935752 129 1 19 1
2029936598 129 1 19 0
2029943387 129 1 19 1
2029943462 129 1 19 0
2029943482 129 1 19 1
2029943565 129 1 19 1
2029943652 129 1 19 1
2029943784 129 1 19 1
2029943822 129 1 19 1
2029943942 129 1 19 1
2029944004 129 1 19 1
2029944091 129 1 19 1
2029944207 129 1 19 1
2029944257 129 1 19 1
2029944348 129 1 19 1
2029944435 129 1 19 1
2029944522 129 1 19 1
2029944630 129 1 19 1
2029944692 129 1 19 1
2029944779 129 1 19 1
2029944862 129 1 19 1
2029944953 129 1 19 1
2029945057 129 1 19 1
2029945123 129 1 19 1
2029945214 129 1 19 1
2029945297 129 1 19 1
2029945380 129 1 19 1
2029945471 129 1 19 1
2029945618 129 1 19 1
2029946454 129 1 19 0
2029977221 54 0 1 1
2029977224 54 0 1 0
2029977227 54 0 1 1
2029977387 54 0 1 1
2029977391 54 0 1 1
2029977557 54 0 1 1
2029977560 54 0 1 1
2029977640 54 0 1 1
2029977723 54 0 1 1
2029977806 54 0 1 1
2029977889 54 0 1 1
2029977972 54 0 1 1
2029978055 54 0 1 1
2029978142 54 0 1 1
2029978225 54 0 1 1
2029978308 54 0 1 1
2029978391 54 0 1 1
2029978474 54 0 1 1
2029978557 54 0 1 1
2029978640 54 0 1 1
2029978723 54 0 1 1
2029978810 54 0 1 1
2029978893 54 0 1 1
2029978980 54 0 1 1
2029979063 54 0 1 1
2029979150 54 0 1 1
2029979233 54 0 1 1
2029981870 54 0 1 0
2029985450 54 0 1 1
2029985610 54 0 1 1
2029985619 54 0 1 1
2029985699 54 0 1 1
2029985782 54 0 1 1
2029985865 54 0 1 1
2029985948 54 0 1 1
2029986031 54 0 1 1
2029986114 54 0 1 1
2029986197 54 0 1 1
2029986280 54 0 1 1
2029986363 54 0 1 1
2029986446 54 0 1 1
2029986529 54 0 1 1
2029986612 54 0 1 1
2029986695 54 0 1 1
2029986778 54 0 1 1
2029986861 54 0 1 1
2029986944 54 0 1 1
2029987027 54 0 1 1
2029987110 54 0 1 1
2029987193 54 0 1 1
2029987276 54 0 1 1
2029987359 54 0 1 1
2029987442 54 0 1 1
2029987525 54 0 1 1
2029989729 54 0 1 0
2029994558 54 0 1 1
2029994641 54 0 1 1
2029994724 54 0 1 1
2029994807 54 0 1 1
2029994890 54 0 1 1
2029994973 54 0 1 1
2029995056 54 0 1 1
2029995139 54 0 1 1
2029995222 54 0 1 1
2029995305 54 0 1 1
2029995392 54 0 1 1
2029995475 54 0 1 1
2029995558 54 0 1 1
2029995641 54 0 1 1
2029995724 54 0 1 1
2029995807 54 0 1 1
2029995890 54 0 1 1
2029995973 54 0 1 1
2029996056 54 0 1 1
2029996139 54 0 1 1
2029996222 54 0 1 1
2029996305 54 0 1 1
2029996388 54 0 1 1
2029996471 54 0 1 1
2029996554 54 0 1 1
2029996637 54 0 1 1
2029998109 54 0 1 0
2030005183 54 0 1 1
2030005232 54 0 1 0
2030005266 54 0 1 1
2030005349 54 0 1 1
2030005500 54 0 1 1
2030005515 54 0 1 1
2030005598 54 0 1 1
2030005681 54 0 1 1
2030005764 54 0 1 1
2030005847 54 0 1 1
2030005930 54 0 1 1
2030006013 54 0 1 1
2030006096 54 0 1 1
2030006179 54 0 1 1
2030006262 54 0 1 1
2030006345 54 0 1 1
2030006428 54 0 1 1
2030006511 54 0 1 1
2030006678 54 0 1 1
2030006845 54 0 1 1
2030007012 54 0 1 1
2030007149 54 0 1 0
2030007179 54 0 1 1
2030007236 54 0 1 0
2030027288 131 1 19 1
2030027374 131 1 19 1
2030027460 131 1 19 1
2030027546 131 1 19 1
2030027632 131 1 19 1
2030027718 131 1 19 1
2030027804 131 1 19 1
2030027890 131 1 19 1
2030027976 131 1 19 1
2030028062 131 1 19 1
2030028148 131 1 19 1
2030028234 131 1 19 1
2030028320 131 1 19 1
2030028406 131 1 19 1
2030028492 131 1 19 1
2030028495 131 1 19 1
2030028581 131 1 19 1
2030028667 131 1 19 1
2030028753 131 1 19 1
2030028839 131 1 19 1
2030028925 131 1 19 1
2030029011 131 1 19 1
2030029097 131 1 19 1
2030029183 131 1 19 1
2030029269 131 1 19 1
2030029355 131 1 19 1
2030030940 131 1 19 0
2030052484 129 1 20 1
2030052515 129 1 20 0
2030052567 129 1 20 1
2030052654 129 1 20 1
2030052737 129 1 20 1
2030052824 129 1 20 1
2030052954 129 1 20 1
2030052990 129 1 20 1
2030053077 129 1 20 1
2030053164 129 1 20 1
2030053247 129 1 20 1
2030053334 129 1 20 1
2030053421 129 1 20 1
2030053508 129 1 20 1
2030053599 129 1 20 1
2030053682 129 1 20 1
2030053769 129 1 20 1
2030053900 129 1 20 1
2030053939 129 1 20 1
2030054022 129 1 20 1
2030054105 129 1 20 1
2030054192 129 1 20 1
2030054275 129 1 20 1
2030054366 129 1 20 1
2030054457 129 1 20 1
2030054544 129 1 20 1
2030054627 129 1 20 1
2030057661 129 1 20 0
2030061340 129 1 20 1
2030061427 129 1 20 1
2030061537 129 1 20 1
2030061593 129 1 20 1
2030061676 129 1 20 1
2030061759 129 1 20 1
2030061842 129 1 20 1
2030061925 129 1 20 1
2030062008 129 1 20 1
2030062091 129 1 20 1
2030062178 129 1 20 1
2030062265 129 1 20 1
2030062348 129 1 20 1
2030062431 129 1 20 1
2030062549 129 1 20 1
2030062601 129 1 20 1
2030062684 129 1 20 1
2030062767 129 1 20 1
2030062850 129 1 20 1
2030062937 129 1 20 1
2030063020 129 1 20 1
2030063107 129 1 20 1
2030063190 129 1 20 1
2030063308 129 1 20 1
2030063356 129 1 20 1
2030067268 129 1 20 0
2030072330 129 1 20 1
2030072336 129 1 20 0
2030072417 129 1 20 1
2030072423 129 1 20 0
2030072500 129 1 20 1
2030072587 129 1 20 1
2030072674 129 1 20 1
2030072757 129 1 20 1
2030072840 129 1 20 1
2030072923 129 1 20 1
2030073006 129 1 20 1
2030073130 129 1 20 1
2030073176 129 1 20 1
2030073263 129 1 20 1
2030073346 129 1 20 1
2030073429 129 1 20 1
2030073516 129 1 20 1
2030073603 129 1 20 1
2030073686 129 1 20 1
2030073769 129 1 20 1
2030073860 129 1 20 1
2030073943 129 1 20 1
2030074026 129 1 20 1
2030074195 129 1 20 1
2030074200 129 1 20 1
2030074283 129 1 20 1
2030074366 129 1 20 1
2030074453 129 1 20 1
2030074536 129 1 20 1
2030075181 129 1 20 0
2030088139 129 1 20 1
2030088225 129 1 20 1
2030088311 129 1 20 1
2030088401 129 1 20 1
2030088404 129 1 20 1
2030088490 129 1 20 1
2030088576 129 1 20 1
2030088724 129 1 20 1
2030088734 129 1 20 1
2030088892 129 1 20 1
2030088904 129 1 20 1
2030089060 129 1 20 1
2030089074 129 1 20 1
2030089234 129 1 20 1
2030089244 129 1 20 1
2030089309 129 1 20 1
2030089404 129 1 20 1
2030089475 129 1 20 1
2030089570 129 1 20 1
2030089656 129 1 20 1
2030089682 141 1 1 1
2030089717 129 1 20 1
2030089751 141 1 1 0
2030089810 129 1 20 1
2030089848 141 1 1 1
2030089896 129 1 20 1
2030089931 141 1 1 1
2030089986 129 1 20 1
2030090014 141 1 1 1
2030090072 129 1 20 1
2030090162 129 1 20 1
2030090180 141 1 1 1
2030090248 129 1 20 1
2030090267 141 1 1 1
2030090350 141 1 1 1
2030090488 141 1 1 1
2030090582 129 1 20 0
2030090595 141 1 1 1
2030090678 141 1 1 1
2030090765 141 1 1 1
2030090848 141 1 1 1
2030091010 141 1 1 1
2030091097 141 1 1 1
2030091180 141 1 1 1
2030091263 141 1 1 1
2030091350 141 1 1 1
2030091508 141 1 1 1
2030091591 141 1 1 1
2030091678 141 1 1 1
2030091765 141 1 1 1
2030091848 141 1 1 1
2030093522 141 1 1 0
2030097731 141 1 1 1
2030097734 141 1 1 0
2030097774 141 1 1 1
2030097857 141 1 1 1
2030097940 141 1 1 1
2030098023 141 1 1 1
2030098110 141 1 1 1
2030098193 141 1 1 1
2030098276 141 1 1 1
2030098359 141 1 1 1
2030098442 141 1 1 1
2030098525 141 1 1 1
2030098608 141 1 1 1
2030098691 141 1 1 1
2030098774 141 1 1 1
2030098857 141 1 1 1
2030098940 141 1 1 1
2030099023 141 1 1 1
2030099106 141 1 1 1
2030099189 141 1 1 1
2030099276 141 1 1 1
2030099359 141 1 1 1
2030099442 141 1 1 1
2030099525 141 1 1 1
2030099608 141 1 1 1
2030099691 141 1 1 1
2030099774 141 1 1 1
2030099857 141 1 1 1
2030101396 141 1 1 0
2030107246 141 1 1 1
2030107272 141 1 1 1
2030107359 141 1 1 1
2030107442 141 1 1 1
2030107529 141 1 1 1
2030107616 141 1 1 1
2030107703 141 1 1 1
2030107790 141 1 1 1
2030107873 141 1 1 1
2030107960 141 1 1 1
2030108047 141 1 1 1
2030108134 141 1 1 1
2030108217 141 1 1 1
2030108300 141 1 1 1
2030108387 141 1 1 1
2030108474 141 1 1 1
2030108561 141 1 1 1
2030108644 141 1 1 1
2030108731 141 1 1 1
2030108818 141 1 1 1
2030108909 141 1 1 1
2030108996 141 1 1 1
2030109079 141 1 1 1
2030109169 141 1 1 1
2030109252 141 1 1 1
2030110139 141 1 1 0
2030460884 68 0 1 1
2030460961 68 0 1 0
2030460971 68 0 1 1
2030461054 68 0 1 1
2030461137 68 0 1 1
2030461304 68 0 1 1
2030461471 68 0 1 1
2030461638 68 0 1 1
2030461805 68 0 1 1
2030461972 68 0 1 1
2030462139 68 0 1 1
2030462345 68 0 1 1
2030462511 68 0 1 1
2030462685 68 0 1 1
2030462807 68 0 1 1
2030463047 68 0 1 1
2030463538 132 1 23 1
2030463600 132 1 23 0
2030463625 132 1 23 1
2030463712 132 1 23 1
2030463795 132 1 23 1
2030463878 132 1 23 1
2030463961 68 0 1 0
2030463965 132 1 23 1
2030464048 132 1 23 1
2030464131 132 1 23 1
2030464214 132 1 23 1
2030464297 132 1 23 1
2030464398 132 1 23 1
2030464484 132 1 23 1
2030464546 132 1 23 1
2030464629 132 1 23 1
2030464712 132 1 23 1
2030464795 132 1 23 1
2030464881 132 1 23 1
2030464961 132 1 23 1
2030465044 132 1 23 1
2030465127 132 1 23 1
2030465210 132 1 23 1
2030465293 132 1 23 1
2030465380 132 1 23 1
2030465471 132 1 23 1
2030465546 132 1 23 1
2030465686 132 1 23 1
2030466047 68 0 1 1
2030466382 68 0 1 1
2030466717 68 0 1 1
2030467052 68 0 1 1
2030467387 68 0 1 1
2030467726 68 0 1 1
2030468057 68 0 1 1
2030470222 132 1 23 0
2030470300 64 0 1 1
2030470438 64 0 1 1
2030470470 64 0 1 1
2030470557 64 0 1 1
2030470644 64 0 1 1
2030470731 64 0 1 1
2030470865 64 0 1 1
2030470905 64 0 1 1
2030470992 64 0 1 1
2030471075 64 0 1 1
2030471158 64 0 1 1
2030471241 64 0 1 1
2030471385 64 0 1 1
2030471411 64 0 1 1
2030471494 64 0 1 1
2030471577 64 0 1 1
2030471719 64 0 1 1
2030471743 64 0 1 1
2030471830 64 0 1 1
2030471913 64 0 1 1
2030471996 64 0 1 1
2030472079 64 0 1 1
2030472241 64 0 1 1
2030472249 64 0 1 1
2030472332 64 0 1 1
2030473719 132 1 23 1
2030473734 132 1 23 0
2030473872 132 1 23 1
2030473966 132 1 23 1
2030473969 132 1 23 1
2030474066 132 1 23 1
2030474160 64 0 1 0
2030474211 132 1 23 1
2030474218 132 1 23 1
2030474308 132 1 23 1
2030474394 132 1 23 1
2030474470 132 1 23 1
2030474553 132 1 23 1
2030474643 132 1 23 1
2030474719 132 1 23 1
2030474802 132 1 23 1
2030474895 132 1 23 1
2030475027 132 1 23 1
2030475121 132 1 23 1
2030475134 132 1 23 1
2030475239 132 1 23 1
2030475329 132 1 23 1
2030475383 132 1 23 1
2030475488 132 1 23 1
2030475553 132 1 23 1
2030475662 132 1 23 1
2030475719 132 1 23 1
2030475802 132 1 23 1
2030475885 132 1 23 1
2030476340 68 0 1 1
2030476404 68 0 1 1
2030476491 68 0 1 1
2030476528 64 0 1 1
2030476531 64 0 1 0
2030476574 68 0 1 1
2030476579 64 0 1 1
2030476662 64 0 1 1
2030476740 68 0 1 1
2030476743 68 0 1 1
2030476745 64 0 1 1
2030476832 64 0 1 1
2030476915 64 0 1 1
2030477026 64 0 1 1
2030477081 64 0 1 1
2030477149 68 0 1 0
2030477164 64 0 1 1
2030477247 64 0 1 1
2030477334 64 0 1 1
2030477417 64 0 1 1
2030477532 64 0 1 1
2030477583 64 0 1 1
2030477666 64 0 1 1
2030477753 64 0 1 1
2030477836 64 0 1 1
2030477919 64 0 1 1
2030478002 64 0 1 1
2030478125 64 0 1 1
2030478168 64 0 1 1
2030478255 64 0 1 1
2030478338 64 0 1 1
2030478421 64 0 1 1
2030478504 64 0 1 1
2030478562 132 1 23 0
2030478587 64 0 1 1
2030482174 132 1 23 1
2030482177 132 1 23 0
2030482267 132 1 23 1
2030482353 132 1 23 1
2030482443 132 1 23 1
2030482529 132 1 23 1
2030482619 132 1 23 1
2030482705 132 1 23 1
2030482795 132 1 23 1
2030482885 132 1 23 1
2030482901 64 0 1 0
2030482975 132 1 23 1
2030482982 132 1 23 1
2030483068 132 1 23 1
2030483154 132 1 23 1
2030483244 132 1 23 1
2030483334 132 1 23 1
2030483424 132 1 23 1
2030483514 132 1 23 1
2030483604 132 1 23 1
2030483690 132 1 23 1
2030483780 132 1 23 1
2030483870 132 1 23 1
2030483956 132 1 23 1
2030484046 132 1 23 1
2030484132 132 1 23 1
2030484222 132 1 23 1
2030484312 132 1 23 1
2030484402 132 1 23 1
2030485327 64 0 1 1
2030485414 64 0 1 1
2030485506 64 0 1 1
2030485584 64 0 1 1
2030485671 64 0 1 1
2030485758 64 0 1 1
2030485841 64 0 1 1
2030485928 64 0 1 1
2030486015 64 0 1 1
2030486112 64 0 1 1
2030486185 64 0 1 1
2030486268 64 0 1 1
2030486351 64 0 1 1
2030486434 64 0 1 1
2030486517 64 0 1 1
2030486600 64 0 1 1
2030486756 64 0 1 1
2030486770 64 0 1 1
2030486853 64 0 1 1
2030486936 64 0 1 1
2030486945 132 1 23 0
2030487019 64 0 1 1
2030487102 64 0 1 1
2030487189 64 0 1 1
2030487278 64 0 1 1
2030487355 64 0 1 1
2030490423 132 1 23 1
2030490426 132 1 23 0
2030490516 132 1 23 1
2030490598 132 1 23 1
2030490601 132 1 23 0
2030490687 132 1 23 1
2030490777 132 1 23 1
2030490780 132 1 23 0
2030490866 132 1 23 1
2030490873 132 1 23 1
2030490956 132 1 23 1
2030491039 132 1 23 1
2030491122 132 1 23 1
2030491209 132 1 23 1
2030491364 132 1 23 1
2030491379 132 1 23 1
2030491462 132 1 23 1
2030491549 132 1 23 1
2030491632 132 1 23 1
2030491724 132 1 23 1
2030491810 132 1 23 1
2030491893 132 1 23 1
2030491976 132 1 23 1
2030492063 132 1 23 1
2030492150 132 1 23 1
2030492233 132 1 23 1
2030492325 132 1 23 1
2030492407 132 1 23 1
2030492490 132 1 23 1
2030492573 132 1 23 1
2030492687 132 1 23 1
2030492770 132 1 23 1
2030492866 132 1 23 1
2030492949 132 1 23 1
2030494441 64 0 1 1
2030494524 64 0 1 1
2030494607 64 0 1 1
2030494694 64 0 1 1
2030494816 64 0 1 1
2030494860 64 0 1 1
2030494943 64 0 1 1
2030495026 64 0 1 1
2030495109 64 0 1 1
2030495192 64 0 1 1
2030495322 64 0 1 1
2030495362 64 0 1 1
2030495445 64 0 1 1
2030495528 64 0 1 1
2030495611 64 0 1 1
2030495694 64 0 1 1
2030495777 64 0 1 1
2030495915 64 0 1 1
2030495947 64 0 1 1
2030495991 64 0 1 1
2030496074 64 0 1 1
2030496087 132 1 23 0
2030496157 64 0 1 1
2030496206 64 0 1 1
2030496289 64 0 1 1
2030496376 64 0 1 1
2030496498 64 0 1 1
2030499189 64 0 1 0
2030499940 132 1 23 1
2030500005 132 1 23 0
2030500096 132 1 23 1
2030500106 132 1 23 1
2030500175 132 1 23 0
2030500189 132 1 23 1
2030500272 132 1 23 1
2030500359 132 1 23 1
2030500442 132 1 23 1
2030500525 132 1 23 1
2030500608 132 1 23 1
2030500691 132 1 23 1
2030500774 132 1 23 1
2030500874 132 1 23 1
2030500940 132 1 23 1
2030501061 132 1 23 1
2030501106 132 1 23 1
2030501189 132 1 23 1
2030501272 132 1 23 1
2030501355 132 1 23 1
2030501438 132 1 23 1
2030501525 132 1 23 1
2030501608 132 1 23 1
2030501691 132 1 23 1
2030501774 132 1 23 1
2030501857 132 1 23 1
2030502022 132 1 23 1
2030502029 132 1 23 1
2030502106 132 1 23 1
2030502261 132 1 23 1
2030503030 64 0 1 1
2030503113 64 0 1 1
2030503196 64 0 1 1
2030503279 64 0 1 1
2030503362 64 0 1 1
2030503480 64 0 1 1
2030503532 64 0 1 1
2030503615 64 0 1 1
2030503698 64 0 1 1
2030503781 64 0 1 1
2030503864 64 0 1 1
2030503951 64 0 1 1
2030504052 64 0 1 1
2030504117 64 0 1 1
2030504200 64 0 1 1
2030504283 64 0 1 1
2030504366 64 0 1 1
2030504453 64 0 1 1
2030504536 64 0 1 1
2030504595 132 1 23 0
2030504619 64 0 1 1
2030504724 64 0 1 1
2030504785 64 0 1 1
2030504868 64 0 1 1
2030504951 64 0 1 1
2030505034 64 0 1 1
2030508709 132 1 23 1
2030508837 132 1 23 0
2030508840 132 1 23 1
2030508847 132 1 23 0
2030508875 132 1 23 1
2030508962 132 1 23 1
2030509045 132 1 23 1
2030509128 132 1 23 1
2030509215 132 1 23 1
2030509302 132 1 23 1
2030509385 132 1 23 1
2030509472 132 1 23 1
2030509636 132 1 23 1
2030509643 132 1 23 1
2030509721 132 1 23 1
2030509829 132 1 23 1
2030509891 132 1 23 1
2030509974 132 1 23 1
2030510061 132 1 23 1
2030510144 132 1 23 1
2030510227 132 1 23 1
2030510314 132 1 23 1
2030510397 132 1 23 1
2030510484 132 1 23 1
2030510567 132 1 23 1
2030510650 132 1 23 1
2030510759 132 1 23 1
2030510923 132 1 23 1
2030512120 64 0 1 1
2030512268 64 0 1 1
2030512286 64 0 1 1
2030512369 64 0 1 1
2030512452 64 0 1 1
2030512535 64 0 1 1
2030512618 64 0 1 1
2030512770 64 0 1 1
2030512842 132 1 23 0
2030512856 64 0 1 1
2030512871 64 0 1 1
2030512954 64 0 1 1
2030513044 64 0 1 1
2030513120 64 0 1 1
2030513203 64 0 1 1
2030513286 64 0 1 1
2030513369 64 0 1 1
2030513459 64 0 1 1
2030513535 64 0 1 1
2030513629 64 0 1 1
2030513701 64 0 1 1
2030513784 64 0 1 1
2030513938 64 0 1 1
2030513954 64 0 1 1
2030514041 64 0 1 1
2030514124 64 0 1 1
2030517272 132 1 23 1
2030517321 132 1 23 0
2030517355 132 1 23 1
2030517358 132 1 23 0
2030517529 132 1 23 1
2030517623 132 1 23 1
2030517695 132 1 23 1
2030517778 132 1 23 1
2030517861 132 1 23 1
2030517944 132 1 23 1
2030518031 132 1 23 1
2030518114 132 1 23 1
2030518197 132 1 23 1
2030518280 132 1 23 1
2030518363 132 1 23 1
2030518504 132 1 23 1
2030518529 132 1 23 1
2030518616 132 1 23 1
2030518701 132 1 23 1
2030518782 132 1 23 1
2030518865 132 1 23 1
2030518995 132 1 23 1
2030519031 132 1 23 1
2030519118 132 1 23 1
2030519201 132 1 23 1
2030519284 132 1 23 1
2030519461 132 1 23 1
2030519490 132 1 23 1
2030519577 132 1 23 1
2030521210 64 0 1 1
2030521318 64 0 1 1
2030521376 64 0 1 1
2030521459 64 0 1 1
2030521542 64 0 1 1
2030521584 132 1 23 0
2030521625 64 0 1 1
2030521712 64 0 1 1
2030521795 64 0 1 1
2030521878 64 0 1 1
2030521961 64 0 1 1
2030522044 64 0 1 1
2030522127 64 0 1 1
2030522287 64 0 1 1
2030522293 64 0 1 1
2030522376 64 0 1 1
2030522459 64 0 1 1
2030522542 64 0 1 1
2030522629 64 0 1 1
2030522712 64 0 1 1
2030522795 64 0 1 1
2030522878 64 0 1 1
2030522961 64 0 1 1
2030523044 64 0 1 1
2030523127 64 0 1 1
2030523210 64 0 1 1
2030523347 64 0 1 1
2030525129 64 0 1 0
2030527315 132 1 23 1
2030527398 132 1 23 1
2030527481 132 1 23 1
2030527567 132 1 23 0
2030527570 132 1 23 1
2030527651 132 1 23 1
2030527734 132 1 23 1
2030527817 132 1 23 1
2030527904 132 1 23 1
2030527991 132 1 23 1
2030528074 132 1 23 1
2030528161 132 1 23 1
2030528240 132 1 23 1
2030528331 132 1 23 1
2030528414 132 1 23 1
2030528497 132 1 23 1
2030528580 132 1 23 1
2030528667 132 1 23 1
2030528750 132 1 23 1
2030528833 132 1 23 1
2030528985 132 1 23 1
2030529003 132 1 23 1
2030529135 132 1 23 1
2030529177 132 1 23 1
2030529260 132 1 23 1
2030529343 132 1 23 1
2030529653 132 1 23 1
2030530239 132 1 23 0
2030530289 64 0 1 1
2030530372 64 0 1 1
2030530455 64 0 1 1
2030530538 64 0 1 1
2030530621 64 0 1 1
2030530704 64 0 1 1
2030530791 64 0 1 1
2030530874 64 0 1 1
2030530957 64 0 1 1
2030531107 64 0 1 1
2030531123 64 0 1 1
2030531206 64 0 1 1
2030531289 64 0 1 1
2030531372 64 0 1 1
2030531455 64 0 1 1
2030531538 64 0 1 1
2030531621 64 0 1 1
2030531704 64 0 1 1
2030531787 64 0 1 1
2030531870 64 0 1 1
2030531957 64 0 1 1
2030532040 64 0 1 1
2030532123 64 0 1 1
2030532206 64 0 1 1
2030532289 64 0 1 1
2030532404 64 0 1 1
2030535485 64 0 1 0
2030536923 132 1 23 1
2030536927 132 1 23 0
2030537010 132 1 23 1
2030537013 132 1 23 0
2030537093 132 1 23 1
2030537218 132 1 23 0
2030537221 132 1 23 1
2030537259 132 1 23 0
2030537267 132 1 23 1
2030537350 132 1 23 1
2030537433 132 1 23 1
2030537520 132 1 23 1
2030537603 132 1 23 1
2030537690 132 1 23 1
2030537780 132 1 23 1
2030537856 132 1 23 1
2030537939 132 1 23 1
2030538022 132 1 23 1
2030538105 132 1 23 1
2030538188 132 1 23 1
2030538271 132 1 23 1
2030538358 132 1 23 1
2030538441 132 1 23 1
2030538524 132 1 23 1
2030538607 132 1 23 1
2030538740 132 1 23 1
2030538777 132 1 23 1
2030538860 132 1 23 1
2030538943 132 1 23 1
2030538991 64 0 1 1
2030539026 132 1 23 1
2030539074 64 0 1 1
2030539113 132 1 23 1
2030539157 64 0 1 1
2030539240 64 0 1 1
2030539304 132 1 23 1
2030539407 64 0 1 1
2030539574 64 0 1 1
2030539741 64 0 1 1
2030539908 64 0 1 1
2030540075 64 0 1 1
2030540242 64 0 1 1
2030540334 132 1 23 0
2030540409 64 0 1 1
2030540576 64 0 1 1
2030540774 64 0 1 1
2030540910 64 0 1 1
2030543516 64 0 1 0
2030544468 132 1 23 1
2030544471 132 1 23 0
2030544557 132 1 23 1
2030544560 132 1 23 0
2030544599 132 1 23 1
2030544680 132 1 23 0
2030544683 132 1 23 1
2030544765 132 1 23 1
2030544856 132 1 23 1
2030544947 132 1 23 1
2030545038 132 1 23 1
2030545121 132 1 23 1
2030545208 132 1 23 1
2030545295 132 1 23 1
2030545378 132 1 23 1
2030545492 132 1 23 1
2030545553 132 1 23 1
2030545635 132 1 23 1
2030545726 132 1 23 1
2030545813 132 1 23 1
2030545901 132 1 23 1
2030545987 132 1 23 1
2030546077 132 1 23 1
2030546171 132 1 23 1
2030546257 132 1 23 1
2030546418 132 1 23 1
2030546421 132 1 23 1
2030546511 132 1 23 1
2030546601 132 1 23 1
2030546691 132 1 23 1
2030546777 132 1 23 1
2030547464 132 1 23 0
2030554110 132 1 23 1
2030554205 132 1 23 0
2030554208 132 1 23 1
2030554284 132 1 23 1
2030554400 132 1 23 1
2030554458 132 1 23 1
2030554566 132 1 23 1
2030554632 132 1 23 1
2030554732 132 1 23 1
2030554802 132 1 23 1
2030554903 132 1 23 1
2030554976 132 1 23 1
2030555063 132 1 23 1
2030555234 132 1 23 1
2030555241 132 1 23 1
2030555398 132 1 23 1
2030555407 132 1 23 1
2030555526 132 1 23 1
2030555573 132 1 23 1
2030555664 132 1 23 1
2030555747 132 1 23 1
2030555838 132 1 23 1
2030555921 132 1 23 1
2030556008 132 1 23 1
2030556129 132 1 23 1
2030556174 132 1 23 1
2030556296 132 1 23 1
2030557657 132 1 23 0
2030577509 132 1 23 1
2030577599 132 1 23 0
2030577602 132 1 23 1
2030577605 132 1 23 0
2031158099 128 1 18 1
2031158186 128 1 18 1
2031158281 128 1 18 1
2031158364 128 1 18 1
2031158451 128 1 18 1
2031158534 128 1 18 1
2031158621 128 1 18 1
2031158704 128 1 18 1
2031158791 128 1 18 1
2031158874 128 1 18 1
2031158961 128 1 18 1
2031159130 128 1 18 1
2031159135 128 1 18 1
2031159222 128 1 18 1
2031159309 128 1 18 1
2031159400 128 1 18 1
2031159483 128 1 18 1
2031159570 128 1 18 1
2031159653 128 1 18 1
2031159736 128 1 18 1
2031159865 128 1 18 1
2031159914 128 1 18 1
2031160001 128 1 18 1
2031160085 128 1 18 1
2031160171 128 1 18 1
2031161186 128 1 18 0
2031167411 128 1 18 1
2031167421 128 1 18 0
2031167494 128 1 18 1
2031167508 128 1 18 0
2031167577 128 1 18 1
2031167660 128 1 18 1
2031167755 128 1 18 1
2031167838 128 1 18 1
2031167921 128 1 18 1
2031168004 128 1 18 1
2031168091 128 1 18 1
2031168209 128 1 18 1
2031168261 128 1 18 1
2031168344 128 1 18 1
2031168427 128 1 18 1
2031168510 128 1 18 1
2031168593 128 1 18 1
2031168676 128 1 18 1
2031168759 128 1 18 1
2031168842 128 1 18 1
2031168992 128 1 18 1
2031169016 128 1 18 1
2031169103 128 1 18 1
2031169186 128 1 18 1
2031169273 128 1 18 1
2031169356 128 1 18 1
2031169439 128 1 18 1
2031169522 128 1 18 1
2031169609 128 1 18 1
2031170600 128 1 18 0
2031179790 128 1 18 1
2031179821 128 1 18 0
2031179873 128 1 18 1
2031179956 128 1 18 1
2031180043 128 1 18 1
2031180126 128 1 18 1
2031180217 128 1 18 1
2031180304 128 1 18 1
2031180387 128 1 18 1
2031180470 128 1 18 1
2031180553 128 1 18 1
2031180644 128 1 18 1
2031180731 128 1 18 1
2031180814 128 1 18 1
2031180905 128 1 18 1
2031180992 128 1 18 1
2031181075 128 1 18 1
2031181158 128 1 18 1
2031181245 128 1 18 1
2031181328 128 1 18 1
2031181419 128 1 18 1
2031181502 128 1 18 1
2031181585 128 1 18 1
2031181672 128 1 18 1
2031181767 128 1 18 1
2031181850 128 1 18 1
2031181933 128 1 18 1
2031182719 128 1 18 0
2031188083 128 1 18 1
2031188170 128 1 18 1
2031188257 128 1 18 1
2031188340 128 1 18 1
2031188431 128 1 18 1
2031188514 128 1 18 1
2031188601 128 1 18 1
2031188684 128 1 18 1
2031188771 128 1 18 1
2031188858 128 1 18 1
2031188953 128 1 18 1
2031189040 128 1 18 1
2031189123 128 1 18 1
2031189210 128 1 18 1
2031189293 128 1 18 1
2031189380 128 1 18 1
2031189463 128 1 18 1
2031189546 128 1 18 1
2031189633 128 1 18 1
2031189720 128 1 18 1
2031189807 128 1 18 1
2031189894 128 1 18 1
2031189977 128 1 18 1
2031190067 128 1 18 1
2031190150 128 1 18 1
2031191236 128 1 18 0
2031197209 128 1 18 1
2031197234 128 1 18 0
2031197334 128 1 18 1
2031197337 128 1 18 0
2031197431 128 1 18 1
2031197517 128 1 18 1
2031197611 128 1 18 1
2031197701 128 1 18 1
2031197795 128 1 18 1
2031197802 128 1 18 1
2031197935 128 1 18 1
2031198025 128 1 18 1
2031198119 128 1 18 1
2031198205 128 1 18 1
2031198295 128 1 18 1
2031198355 128 1 18 1
2031198407 128 1 18 1
2031198490 128 1 18 1
2031198573 128 1 18 1
2031198664 128 1 18 1
2031198747 128 1 18 1
2031198834 128 1 18 1
2031198917 128 1 18 1
2031199004 128 1 18 1
2031199087 128 1 18 1
2031199174 128 1 18 1
2031199261 128 1 18 1
2031199348 128 1 18 1
2031199431 128 1 18 1
2031200326 128 1 18 0
2031206350 128 1 18 1
2031206353 128 1 18 0
2031206414 128 1 18 1
2031206432 128 1 18 0
2031206509 128 1 18 1
2031206519 128 1 18 0
2031206592 128 1 18 1
2031206675 128 1 18 1
2031206766 128 1 18 1
2031206857 128 1 18 1
2031206940 128 1 18 1
2031207027 128 1 18 1
2031207110 128 1 18 1
2031207201 128 1 18 1
2031207287 128 1 18 1
2031207367 128 1 18 1
2031207454 128 1 18 1
2031207541 128 1 18 1
2031207632 128 1 18 1
2031207715 128 1 18 1
2031207809 128 1 18 1
2031207889 128 1 18 1
2031207972 128 1 18 1
2031208063 128 1 18 1
2031208146 128 1 18 1
2031208233 128 1 18 1
2031208320 128 1 18 1
2031208411 128 1 18 1
2031208494 128 1 18 1
2031208577 128 1 18 1
2031208668 128 1 18 1
2031209276 128 1 18 0
2031890354 26 0 1 1
2031890387 26 0 1 0
2031890498 26 0 1 1
2031890611 26 0 1 0
2031890618 26 0 1 1
2031890668 26 0 1 1
2031890755 26 0 1 1
2031890864 26 0 1 1
2031890921 26 0 1 1
2031891008 26 0 1 1
2031891117 26 0 1 1
2031891178 26 0 1 1
2031891261 26 0 1 1
2031891356 26 0 1 1
2031891442 26 0 1 1
2031891518 26 0 1 1
2031891605 26 0 1 1
2031891706 26 0 1 1
2031891775 26 0 1 1
2031891893 26 0 1 1
2031891949 26 0 1 1
2031892116 26 0 1 1
2031892312 26 0 1 1
2031892490 26 0 1 1
2031892743 26 0 1 1
2031893977 26 0 1 0
2032044595 133 1 22 1
2032044641 133 1 22 0
2032044678 133 1 22 1
2032044765 133 1 22 1
2032044848 133 1 22 1
2032044935 133 1 22 1
2032045018 133 1 22 1
2032045105 133 1 22 1
2032045188 133 1 22 1
2032045275 133 1 22 1
2032045362 133 1 22 1
2032045445 133 1 22 1
2032045528 133 1 22 1
2032045615 133 1 22 1
2032045698 133 1 22 1
2032045781 133 1 22 1
2032045868 133 1 22 1
2032045951 133 1 22 1
2032046034 133 1 22 1
2032046121 133 1 22 1
2032046209 133 1 22 1
2032046295 133 1 22 1
2032046378 133 1 22 1
2032046465 133 1 22 1
2032046548 133 1 22 1
2032046643 133 1 22 1
2032049778 133 1 22 0
2032212048 131 1 19 1
2032212059 131 1 19 1
2032212142 131 1 19 1
2032212229 131 1 19 1
2032212312 131 1 19 1
2032212395 131 1 19 1
2032212507 131 1 19 1
2032212561 131 1 19 1
2032212644 131 1 19 1
2032212780 131 1 19 1
2032212810 131 1 19 1
2032212893 131 1 19 1
2032213049 131 1 19 1
2032213065 131 1 19 1
2032213146 131 1 19 1
2032213233 131 1 19 1
2032213323 131 1 19 1
2032213399 131 1 19 1
2032213482 131 1 19 1
2032213583 131 1 19 1
2032213652 131 1 19 1
2032213735 131 1 19 1
2032213848 131 1 19 1
2032213905 131 1 19 1
2032213992 131 1 19 1
2032214117 131 1 19 1
2032215209 131 1 19 0
2032226760 131 1 19 1
2032226810 131 1 19 1
2032226938 131 1 19 1
2032227024 131 1 19 1
2032227059 131 1 19 1
2032227191 131 1 19 1
2032227229 131 1 19 1
2032227357 131 1 19 1
2032227455 131 1 19 1
2032227482 131 1 19 1
2032227569 131 1 19 1
2032227701 131 1 19 1
2032227735 131 1 19 1
2032227871 131 1 19 1
2032227961 131 1 19 1
2032228055 131 1 19 1
2032228145 131 1 19 1
2032228231 131 1 19 1
2032228329 131 1 19 1
2032228332 131 1 19 1
2032228418 131 1 19 1
2032228524 131 1 19 1
2032228610 131 1 19 1
2032228708 131 1 19 1
2032228802 131 1 19 1
2032228896 131 1 19 1
2032229429 131 1 19 0
2032627809 131 1 23 1
2032627890 131 1 23 0
2032627896 131 1 23 1
2032627981 131 1 23 1
2032628062 131 1 23 1
2032628145 131 1 23 1
2032628228 131 1 23 1
2032628311 131 1 23 1
2032628394 131 1 23 1
2032628477 131 1 23 1
2032628564 131 1 23 1
2032628647 131 1 23 1
2032628734 131 1 23 1
2032628817 131 1 23 1
2032628904 131 1 23 1
2032628987 131 1 23 1
2032629070 131 1 23 1
2032629153 131 1 23 1
2032629240 131 1 23 1
2032629323 131 1 23 1
2032629406 131 1 23 1
2032629489 131 1 23 1
2032629576 131 1 23 1
2032629659 131 1 23 1
2032629742 131 1 23 1
2032629829 131 1 23 1
2032629976 131 1 23 1
2032631400 131 1 23 0
2032645682 131 1 23 1
2032645765 131 1 23 1
2032645852 131 1 23 1
2032645935 131 1 23 1
2032646022 131 1 23 1
2032646109 131 1 23 1
2032646192 131 1 23 1
2032646275 131 1 23 1
2032646362 131 1 23 1
2032646445 131 1 23 1
2032646532 131 1 23 1
2032646615 131 1 23 1
2032646698 131 1 23 1
2032646789 131 1 23 1
2032646872 131 1 23 1
2032646955 131 1 23 1
2032647042 131 1 23 1
2032647125 131 1 23 1
2032647208 131 1 23 1
2032647291 131 1 23 1
2032647374 131 1 23 1
2032647461 131 1 23 1
2032647544 131 1 23 1
2032647631 131 1 23 1
2032647714 131 1 23 1
2032648785 131 1 23 0
2032728305 129 1 22 1
2032728324 129 1 22 0
2032728392 129 1 22 1
2032728415 129 1 22 0
2032728556 129 1 22 1
2032728559 129 1 22 0
2032729602 129 1 22 1
2032729606 129 1 22 0
2032729738 129 1 22 1
2032729741 129 1 22 0
2032729776 129 1 22 1
2032729788 129 1 22 0
2032729863 129 1 22 1
2032729951 129 1 22 1
2032730037 129 1 22 1
2032730120 129 1 22 1
2032730207 129 1 22 1
2032730294 129 1 22 1
2032730377 129 1 22 1
2032730464 129 1 22 1
2032730551 129 1 22 1
2032730634 129 1 22 1
2032730721 129 1 22 1
2032730808 129 1 22 1
2032730898 129 1 22 1
2032730974 129 1 22 1
2032731061 129 1 22 1
2032731144 129 1 22 1
2032731231 129 1 22 1
2032731314 129 1 22 1
2032731401 129 1 22 1
2032731484 129 1 22 1
2032731571 129 1 22 1
2032731654 129 1 22 1
2032731741 129 1 22 1
2032731842 129 1 22 1
2032731914 129 1 22 1
2032733221 129 1 22 0
2032979759 135 1 18 1
2032979849 135 1 18 1
2032979935 135 1 18 1
2032980021 135 1 18 1
2032980107 135 1 18 1
2032980193 135 1 18 1
2032980269 135 1 18 1
2032980310 135 1 18 1
2032980393 135 1 18 1
2032980476 135 1 18 1
2032980562 135 1 18 1
2032980642 135 1 18 1
2032980735 135 1 18 1
2032980808 135 1 18 1
2032980891 135 1 18 1
2032980974 135 1 18 1
2032981057 135 1 18 1
2032981140 135 1 18 1
2032981223 135 1 18 1
2032981306 135 1 18 1
2032981389 135 1 18 1
2032981472 135 1 18 1
2032981555 135 1 18 1
2032981653 135 1 18 1
2032981721 135 1 18 1
2032981804 135 1 18 1
2032984885 135 1 18 0
2032988461 135 1 18 1
2032988464 135 1 18 0
2032988513 135 1 18 1
2032988603 135 1 18 1
2032988689 135 1 18 1
2032988775 135 1 18 1
2032988861 135 1 18 1
2032988963 135 1 18 1
2032989053 135 1 18 1
2032989141 135 1 18 1
2032989228 135 1 18 1
2032989315 135 1 18 1
2032989414 135 1 18 1
2032989438 135 1 18 1
2032989549 135 1 18 1
2032989635 135 1 18 1
2032989721 135 1 18 1
2032989811 135 1 18 1
2032989897 135 1 18 1
2032989983 135 1 18 1
2032990069 135 1 18 1
2032990155 135 1 18 1
2032990241 135 1 18 1
2032990331 135 1 18 1
2032990430 135 1 18 1
2032990516 135 1 18 1
2032990602 135 1 18 1
2032992370 135 1 18 0
2032996381 135 1 18 1
2032996384 135 1 18 0
2032996476 135 1 18 1
2032996566 135 1 18 0
2032996569 135 1 18 1
2032996655 135 1 18 1
2032996741 135 1 18 1
2032996827 135 1 18 1
2032996917 135 1 18 1
2032997003 135 1 18 1
2032997089 135 1 18 1
2032997179 135 1 18 1
2032997265 135 1 18 1
2032997355 135 1 18 1
2032997445 135 1 18 1
2032997531 135 1 18 1
2032997617 135 1 18 1
2032997703 135 1 18 1
2032997789 135 1 18 1
2032997875 135 1 18 1
2032997969 135 1 18 1
2032998055 135 1 18 1
2032998145 135 1 18 1
2032998235 135 1 18 1
2032998321 135 1 18 1
2032998411 135 1 18 1
2032998414 135 1 18 1
2032998500 135 1 18 1
2032998586 135 1 18 1
2032998676 135 1 18 1
2033000747 135 1 18 0
2034934668 133 1 21 1
2034934754 133 1 21 1
2034934840 133 1 21 1
2034934930 133 1 21 1
2034935016 133 1 21 1
2034935102 133 1 21 1
2034935188 133 1 21 1
2034935274 133 1 21 1
2034935360 133 1 21 1
2034935450 133 1 21 1
2034935536 133 1 21 1
2034935622 133 1 21 1
2034935708 133 1 21 1
2034935794 133 1 21 1
2034935880 133 1 21 1
2034935970 133 1 21 1
2034936056 133 1 21 1
2034936142 133 1 21 1
2034936228 133 1 21 1
2034936314 133 1 21 1
2034936400 133 1 21 1
2034936486 133 1 21 1
2034936572 133 1 21 1
2034936662 133 1 21 1
2034936748 133 1 21 1
2034940625 133 1 21 0
2034944570 133 1 21 1
2034944573 133 1 21 0
2034944837 133 1 21 1
2034944840 133 1 21 0
2034944926 133 1 21 1
2034944929 133 1 21 1
2034945019 133 1 21 1
2034945113 133 1 21 1
2034945199 133 1 21 1
2034945293 133 1 21 1
2034945379 133 1 21 1
2034945465 133 1 21 1
2034945551 133 1 21 1
2034945641 133 1 21 1
2034945727 133 1 21 1
2034945817 133 1 21 1
2034945903 133 1 21 1
2034945910 133 1 21 1
2034945996 133 1 21 1
2034946090 133 1 21 1
2034946176 133 1 21 1
2034946262 133 1 21 1
2034946348 133 1 21 1
2034946434 133 1 21 1
2034946524 133 1 21 1
2034946614 133 1 21 1
2034946700 133 1 21 1
2034946786 133 1 21 1
2034946872 133 1 21 1
2034946962 133 1 21 1
2034949100 133 1 21 0
2034952512 133 1 21 1
2034952515 133 1 21 0
2034952605 133 1 21 1
2034952695 133 1 21 1
2034952781 133 1 21 1
2034952875 133 1 21 1
2034952965 133 1 21 1
2034953051 133 1 21 1
2034953137 133 1 21 1
2034953227 133 1 21 1
2034953313 133 1 21 1
2034953399 133 1 21 1
2034953497 133 1 21 1
2034953587 133 1 21 1
2034953677 133 1 21 1
2034953771 133 1 21 1
2034953782 133 1 21 1
2034953872 133 1 21 1
2034953962 133 1 21 1
2034954048 133 1 21 1
2034954146 133 1 21 1
2034954236 133 1 21 1
2034954326 133 1 21 1
2034954420 133 1 21 1
2034954510 133 1 21 1
2034954600 133 1 21 1
2034954694 133 1 21 1
2034956714 133 1 21 0
2034960331 133 1 21 1
2034960334 133 1 21 0
2034960428 133 1 21 1
2034960443 133 1 21 1
2034960533 133 1 21 1
2034960619 133 1 21 1
2034960709 133 1 21 1
2034960799 133 1 21 1
2034960885 133 1 21 1
2034960979 133 1 21 1
2034961065 133 1 21 1
2034961155 133 1 21 1
2034961253 133 1 21 1
2034961339 133 1 21 1
2034961429 133 1 21 1
2034961515 133 1 21 1
2034961605 133 1 21 1
2034961699 133 1 21 1
2034961785 133 1 21 1
2034961871 133 1 21 1
2034961969 133 1 21 1
2034962055 133 1 21 1
2034962141 133 1 21 1
2034962227 133 1 21 1
2034962321 133 1 21 1
2034962407 133 1 21 1
2034962414 133 1 21 1
2034962508 133 1 21 1
2034965188 133 1 21 0
2034968529 133 1 21 1
2034968619 133 1 21 1
2034968717 133 1 21 1
2034968807 133 1 21 1
2034968901 133 1 21 1
2034969007 133 1 21 1
2034969097 133 1 21 1
2034969191 133 1 21 1
2034969281 133 1 21 1
2034969371 133 1 21 1
2034969465 133 1 21 1
2034969476 133 1 21 1
2034969566 133 1 21 1
2034969660 133 1 21 1
2034969750 133 1 21 1
2034969844 133 1 21 1
2034969934 133 1 21 1
2034970003 133 1 21 1
2034970093 133 1 21 1
2034970183 133 1 21 1
2034970281 133 1 21 1
2034970375 133 1 21 1
2034970465 133 1 21 1
2034970567 133 1 21 1
2034970657 133 1 21 1
2034972559 133 1 21 0
2034977687 133 1 21 1
2034977773 133 1 21 1
2034977863 133 1 21 0
2034977866 133 1 21 1
2034977960 133 1 21 0
2034977963 133 1 21 1
2034978049 133 1 21 1
2034978139 133 1 21 1
2034978233 133 1 21 1
2034978323 133 1 21 1
2034978413 133 1 21 1
2034978503 133 1 21 1
2034978593 133 1 21 1
2034978687 133 1 21 1
2034978773 133 1 21 1
2034978871 133 1 21 1
2034978957 133 1 21 1
2034978964 133 1 21 1
2034979054 133 1 21 1
2034979148 133 1 21 1
2034979238 133 1 21 1
2034979328 133 1 21 1
2034979414 133 1 21 1
2034979512 133 1 21 1
2034979602 133 1 21 1
2034979688 133 1 21 1
2034979782 133 1 21 1
2034979967 133 1 21 1
2034980057 133 1 21 1
2034981757 133 1 21 0
2034986399 133 1 21 1
2034986402 133 1 21 0
2034986492 133 1 21 1
2034986578 133 1 21 1
2034986664 133 1 21 1
2034986758 133 1 21 1
2034986848 133 1 21 1
2034986938 133 1 21 1
2034987024 133 1 21 1
2034987122 133 1 21 1
2034987129 133 1 21 1
2034987219 133 1 21 1
2034987305 133 1 21 1
2034987403 133 1 21 1
2034987489 133 1 21 1
2034987579 133 1 21 1
2034987673 133 1 21 1
2034987759 133 1 21 1
2034987853 133 1 21 1
2034987943 133 1 21 1
2034988037 133 1 21 1
2034988127 133 1 21 1
2034988213 133 1 21 1
2034988224 133 1 21 1
2034988311 133 1 21 1
2034988412 133 1 21 1
2034988481 133 1 21 1
2034988578 133 1 21 1
2034990101 133 1 21 0
2034996295 133 1 21 1
2034996336 133 1 21 0
2034996446 133 1 21 1
2034996449 133 1 21 0
2034996465 133 1 21 1
2034996506 133 1 21 0
2034996616 133 1 21 1
2034996635 133 1 21 1
2034996790 133 1 21 1
2034996805 133 1 21 1
2034996888 133 1 21 1
2034996975 133 1 21 1
2034997130 133 1 21 1
2034997145 133 1 21 1
2034997312 133 1 21 1
2034997315 133 1 21 1
2034997409 133 1 21 1
2034997493 133 1 21 1
2034997648 133 1 21 1
2034997671 133 1 21 1
2034997822 133 1 21 1
2034997841 133 1 21 1
2034997988 133 1 21 1
2034998011 133 1 21 1
2034998098 133 1 21 1
2034998249 133 1 21 1
2034998339 133 1 21 1
2034998351 133 1 21 1
2034998435 133 1 21 1
2034998597 133 1 21 1
2034998604 133 1 21 1
2034998771 133 1 21 1
2035000155 133 1 21 0
2035006222 133 1 21 1
2035006229 133 1 21 0
2035006305 133 1 21 1
2035006312 133 1 21 0
2035006446 133 1 21 1
2035006449 133 1 21 0
2035006543 133 1 21 1
2035006633 133 1 21 1
2035006641 133 1 21 1
2035006724 133 1 21 1
2035006881 133 1 21 1
2035006971 133 1 21 1
2035006978 133 1 21 1
2035007060 133 1 21 1
2035007225 133 1 21 1
2035007232 133 1 21 1
2035007313 133 1 21 1
2035007396 133 1 21 1
2035007486 133 1 21 1
2035007562 133 1 21 1
2035007668 133 1 21 1
2035007758 133 1 21 1
2035007815 133 1 21 1
2035007898 133 1 21 1
2035008010 133 1 21 1
2035008064 133 1 21 1
2035008178 133 1 21 1
2035008269 133 1 21 1
2035008317 133 1 21 1
2035008400 133 1 21 1
2035008526 133 1 21 1
2035008566 133 1 21 1
2035009625 133 1 21 0
2035016288 133 1 21 1
2035016359 133 1 21 0
2035016371 133 1 21 1
2035016457 133 1 21 0
2035016460 133 1 21 1
2035016537 133 1 21 1
2035016620 133 1 21 1
2035016703 133 1 21 1
2035016813 133 1 21 1
2035016899 133 1 21 1
2035016952 133 1 21 1
2035017066 133 1 21 1
2035017118 133 1 21 1
2035017240 133 1 21 1
2035017288 133 1 21 1
2035017321 133 1 21 1
2035018553 133 1 21 1
2035019253 133 1 21 0
2035661148 130 1 22 1
2035661155 130 1 22 0
2035661241 130 1 22 1
2035661327 130 1 22 1
2035661417 130 1 22 1
2035661507 130 1 22 1
2035661593 130 1 22 1
2035661600 130 1 22 1
2035661686 130 1 22 1
2035661772 130 1 22 1
2035661866 130 1 22 1
2035661952 130 1 22 1
2035662038 130 1 22 1
2035662128 130 1 22 1
2035662258 130 1 22 1
2035662261 130 1 22 1
2035662424 130 1 22 1
2035662431 130 1 22 1
2035662508 130 1 22 1
2035662598 130 1 22 1
2035662674 130 1 22 1
2035662768 130 1 22 1
2035662840 130 1 22 1
2035662938 130 1 22 1
2035663006 130 1 22 1
2035663089 130 1 22 1
2035663195 130 1 22 1
2035663255 130 1 22 1
2035665872 130 1 22 0
2035669501 130 1 22 1
2035669504 130 1 22 0
2035669590 130 1 22 1
2035669676 130 1 22 1
2035669766 130 1 22 1
2035669852 130 1 22 1
2035669942 130 1 22 1
2035670032 130 1 22 1
2035670035 130 1 22 1
2035670121 130 1 22 1
2035670211 130 1 22 1
2035670301 130 1 22 1
2035670387 130 1 22 1
2035670473 130 1 22 1
2035670567 130 1 22 1
2035670653 130 1 22 1
2035670739 130 1 22 1
2035670829 130 1 22 1
2035670915 130 1 22 1
2035671005 130 1 22 1
2035671091 130 1 22 1
2035671181 130 1 22 1
2035671267 130 1 22 1
2035671278 130 1 22 1
2035671364 130 1 22 1
2035671450 130 1 22 1
2035671536 130 1 22 1
2035671630 130 1 22 1
2035674950 130 1 22 0
2035678610 130 1 22 1
2035678613 130 1 22 0
2035678616 130 1 22 1
2035678702 130 1 22 1
2035678792 130 1 22 1
2035678878 130 1 22 1
2035678968 130 1 22 1
2035679054 130 1 22 1
2035679140 130 1 22 1
2035679230 130 1 22 1
2035679316 130 1 22 1
2035679402 130 1 22 1
2035679488 130 1 22 1
2035679578 130 1 22 1
2035679668 130 1 22 1
2035679754 130 1 22 1
2035679840 130 1 22 1
2035679926 130 1 22 1
2035680016 130 1 22 1
2035680106 130 1 22 1
2035680109 130 1 22 1
2035680195 130 1 22 1
2035680285 130 1 22 1
2035680375 130 1 22 1
2035680468 130 1 22 1
2035680558 130 1 22 1
2035680644 130 1 22 1
2035680734 130 1 22 1
2035683068 130 1 22 0
2035686664 130 1 22 1
2035686732 130 1 22 0
2035686747 130 1 22 1
2035686830 130 1 22 1
2035686913 130 1 22 1
2035687075 130 1 22 1
2035687082 130 1 22 1
2035687162 130 1 22 1
2035687245 130 1 22 1
2035687331 130 1 22 1
2035687425 130 1 22 1
2035687494 130 1 22 1
2035687577 130 1 22 1
2035687672 130 1 22 1
2035687763 130 1 22 1
2035687826 130 1 22 1
2035687909 130 1 22 1
2035687992 130 1 22 1
2035688075 130 1 22 1
2035688158 130 1 22 1
2035688241 130 1 22 1
2035688324 130 1 22 1
2035688407 130 1 22 1
2035688490 130 1 22 1
2035688573 130 1 22 1
2035688656 130 1 22 1
2035688739 130 1 22 1
2035688822 130 1 22 1
2035691595 130 1 22 0
2035695341 130 1 22 1
2035695424 130 1 22 1
2035695507 130 1 22 1
2035695590 130 1 22 1
2035695673 130 1 22 1
2035695756 130 1 22 1
2035695839 130 1 22 1
2035695922 130 1 22 1
2035696005 130 1 22 1
2035696088 130 1 22 1
2035696171 130 1 22 1
2035696254 130 1 22 1
2035696337 130 1 22 1
2035696420 130 1 22 1
2035696503 130 1 22 1
2035696586 130 1 22 1
2035696669 130 1 22 1
2035696752 130 1 22 1
2035696835 130 1 22 1
2035696918 130 1 22 1
2035697001 130 1 22 1
2035697084 130 1 22 1
2035697167 130 1 22 1
2035697250 130 1 22 1
2035697333 130 1 22 1
2035697416 130 1 22 1
2035699898 130 1 22 0
2035700207 129 1 22 1
2035700293 129 1 22 1
2035700387 129 1 22 1
2035700473 129 1 22 1
2035700563 129 1 22 1
2035700653 129 1 22 1
2035700747 129 1 22 1
2035700833 129 1 22 1
2035700923 129 1 22 1
2035701013 129 1 22 1
2035701103 129 1 22 1
2035701189 129 1 22 1
2035701200 129 1 22 1
2035701286 129 1 22 1
2035701376 129 1 22 1
2035701466 129 1 22 1
2035701556 129 1 22 1
2035701646 129 1 22 1
2035701732 129 1 22 1
2035701826 129 1 22 1
2035701912 129 1 22 1
2035702006 129 1 22 1
2035702092 129 1 22 1
2035702178 129 1 22 1
2035702268 129 1 22 1
2035702358 129 1 22 1
2035704081 130 1 22 1
2035704084 130 1 22 0
2035704174 130 1 22 1
2035704177 130 1 22 0
2035704263 130 1 22 1
2035704312 130 1 22 1
2035704421 130 1 22 1
2035704507 130 1 22 1
2035704597 130 1 22 1
2035704687 130 1 22 1
2035704777 130 1 22 1
2035704810 130 1 22 1
2035704935 130 1 22 1
2035705025 130 1 22 1
2035705115 130 1 22 1
2035705201 130 1 22 1
2035705233 130 1 22 1
2035705370 130 1 22 1
2035705460 130 1 22 1
2035705550 130 1 22 1
2035705636 130 1 22 1
2035705730 130 1 22 1
2035705739 130 1 22 1
2035705892 130 1 22 1
2035705909 130 1 22 1
2035706066 130 1 22 1
2035706075 130 1 22 1
2035706232 130 1 22 1
2035706254 130 1 22 1
2035706328 130 1 22 1
2035707885 130 1 22 0
2035709464 129 1 22 1
2035709554 129 1 22 1
2035709644 129 1 22 1
2035709730 129 1 22 1
2035709820 129 1 22 1
2035709914 129 1 22 1
2035710000 129 1 22 1
2035710090 129 1 22 1
2035710180 129 1 22 1
2035710270 129 1 22 1
2035710356 129 1 22 1
2035710363 129 1 22 1
2035710453 129 1 22 1
2035710539 129 1 22 1
2035710629 129 1 22 1
2035710719 129 1 22 1
2035710805 129 1 22 1
2035710899 129 1 22 1
2035710989 129 1 22 1
2035711075 129 1 22 1
2035711169 129 1 22 1
2035711216 130 1 22 1
2035711259 129 1 22 1
2035711298 130 1 22 0
2035711301 130 1 22 1
2035711345 129 1 22 1
2035711356 129 1 22 1
2035711382 130 1 22 1
2035711446 129 1 22 1
2035711465 130 1 22 1
2035711536 129 1 22 1
2035711548 130 1 22 1
2035711631 130 1 22 1
2035711714 130 1 22 1
2035711797 130 1 22 1
2035711884 130 1 22 1
2035711971 130 1 22 1
2035712058 130 1 22 1
2035712145 130 1 22 1
2035712232 130 1 22 1
2035712319 130 1 22 1
2035712406 130 1 22 1
2035712493 130 1 22 1
2035712576 130 1 22 1
2035712667 130 1 22 1
2035712754 130 1 22 1
2035712841 130 1 22 1
2035712928 130 1 22 1
2035713011 130 1 22 1
2035713098 130 1 22 1
2035713185 130 1 22 1
2035713276 130 1 22 1
2035713384 130 1 22 1
2035715964 130 1 22 0
2035718669 129 1 22 1
2035718759 129 1 22 1
2035718849 129 1 22 1
2035718939 129 1 22 1
2035719029 129 1 22 1
2035719119 129 1 22 1
2035719126 129 1 22 1
2035719212 129 1 22 1
2035719306 129 1 22 1
2035719396 129 1 22 1
2035719461 130 1 22 1
2035719486 129 1 22 1
2035719544 130 1 22 1
2035719576 129 1 22 1
2035719627 130 1 22 1
2035719666 129 1 22 1
2035719710 130 1 22 1
2035719752 129 1 22 1
2035719793 130 1 22 1
2035719838 129 1 22 1
2035719876 130 1 22 1
2035719932 129 1 22 1
2035719959 130 1 22 1
2035720030 129 1 22 1
2035720037 129 1 22 1
2035720042 130 1 22 1
2035720125 130 1 22 1
2035720127 129 1 22 1
2035720208 130 1 22 1
2035720221 129 1 22 1
2035720291 130 1 22 1
2035720315 129 1 22 1
2035720374 130 1 22 1
2035720405 129 1 22 1
2035720457 130 1 22 1
2035720499 129 1 22 1
2035720540 130 1 22 1
2035720589 129 1 22 1
2035720623 130 1 22 1
2035720679 129 1 22 1
2035720706 130 1 22 1
2035720769 129 1 22 1
2035720789 130 1 22 1
2035720872 130 1 22 1
2035720956 130 1 22 1
2035721038 130 1 22 1
2035721121 130 1 22 1
2035721204 130 1 22 1
2035721287 130 1 22 1
2035721370 130 1 22 1
2035721453 130 1 22 1
2035721536 130 1 22 1
2035725991 130 1 22 0
2035727927 129 1 22 1
2035728017 129 1 22 1
2035728024 129 1 22 1
2035728114 129 1 22 1
2035728200 129 1 22 1
2035728294 129 1 22 1
2035728380 129 1 22 1
2035728474 129 1 22 1
2035728564 129 1 22 1
2035728654 129 1 22 1
2035728748 129 1 22 1
2035728834 129 1 22 1
2035728902 129 1 22 1
2035728988 129 1 22 1
2035729073 130 1 22 1
2035729086 129 1 22 1
2035729156 130 1 22 1
2035729176 129 1 22 1
2035729183 129 1 22 1
2035729239 130 1 22 1
2035729273 129 1 22 1
2035729322 130 1 22 1
2035729363 129 1 22 1
2035729405 130 1 22 1
2035729457 129 1 22 1
2035729488 130 1 22 1
2035729551 129 1 22 1
2035729571 130 1 22 1
2035729637 129 1 22 1
2035729654 130 1 22 1
2035729731 129 1 22 1
2035729737 130 1 22 1
2035729817 129 1 22 1
2035729820 130 1 22 1
2035729903 130 1 22 1
2035729911 129 1 22 1
2035729986 130 1 22 1
2035729997 129 1 22 1
2035730069 130 1 22 1
2035730152 130 1 22 1
2035730235 130 1 22 1
2035730318 130 1 22 1
2035730401 130 1 22 1
2035730484 130 1 22 1
2035730567 130 1 22 1
2035730650 130 1 22 1
2035730733 130 1 22 1
2035730816 130 1 22 1
2035730899 130 1 22 1
2035730982 130 1 22 1
2035731065 130 1 22 1
2035734270 130 1 22 0
2035737155 129 1 22 1
2035737245 129 1 22 1
2035737249 129 1 22 1
2035737404 129 1 22 1
2035737415 129 1 22 1
2035737570 129 1 22 1
2035737585 129 1 22 1
2035737736 129 1 22 1
2035737826 129 1 22 1
2035737842 129 1 22 1
2035738006 129 1 22 1
2035738096 129 1 22 1
2035738103 129 1 22 1
2035738193 129 1 22 1
2035738287 129 1 22 1
2035738373 129 1 22 1
2035738467 129 1 22 1
2035738557 129 1 22 1
2035738643 129 1 22 1
2035738733 129 1 22 1
2035738823 129 1 22 1
2035738913 129 1 22 1
2035738999 129 1 22 1
2035739093 129 1 22 1
2035739100 129 1 22 1
2035739186 129 1 22 1
2035746327 129 1 22 1
2035746417 129 1 22 1
2035746503 129 1 22 1
2035746597 129 1 22 1
2035746604 129 1 22 1
2035746690 129 1 22 1
2035746784 129 1 22 1
2035746874 129 1 22 1
2035746964 129 1 22 1
2035747054 129 1 22 1
2035747140 129 1 22 1
2035747234 129 1 22 1
2035747324 129 1 22 1
2035747414 129 1 22 1
2035747500 129 1 22 1
2035747590 129 1 22 1
2035747680 129 1 22 1
2035747687 129 1 22 1
2035747773 129 1 22 1
2035747859 129 1 22 1
2035747953 129 1 22 1
2035748039 129 1 22 1
2035748137 129 1 22 1
2035748223 129 1 22 1
2035748313 129 1 22 1
2035748399 129 1 22 1
2035755529 129 1 22 1
2035755615 129 1 22 1
2035755701 129 1 22 1
2035755791 129 1 22 1
2035755885 129 1 22 1
2035755975 129 1 22 1
2035756061 129 1 22 1
2035756155 129 1 22 1
2035756241 129 1 22 1
2035756248 129 1 22 1
2035756342 129 1 22 1
2035756428 129 1 22 1
2035756522 129 1 22 1
2035756612 129 1 22 1
2035756702 129 1 22 1
2035756788 129 1 22 1
2035756874 129 1 22 1
2035756972 129 1 22 1
2035757062 129 1 22 1
2035757148 129 1 22 1
2035757238 129 1 22 1
2035757324 129 1 22 1
2035757414 129 1 22 1
2035757504 129 1 22 1
2035757590 129 1 22 1
2035757593 129 1 22 1
2035760743 129 1 22 0
2035763640 129 1 22 1
2035763643 129 1 22 0
2035763729 129 1 22 1
2035763823 129 1 22 1
2035763909 129 1 22 1
2035763995 129 1 22 1
2035764085 129 1 22 1
2035764175 129 1 22 1
2035764182 129 1 22 1
2035764268 129 1 22 1
2035764354 129 1 22 1
2035764440 129 1 22 1
2035764530 129 1 22 1
2035764624 129 1 22 1
2035764710 129 1 22 1
2035764796 129 1 22 1
2035764886 129 1 22 1
2035764972 129 1 22 1
2035765058 129 1 22 1
2035765123 129 1 22 1
2035765213 129 1 22 1
2035765303 129 1 22 1
2035765389 129 1 22 1
2035765475 129 1 22 1
2035765565 129 1 22 1
2035765651 129 1 22 1
2035765737 129 1 22 1
2035765827 129 1 22 1
2035770291 129 1 22 0
2035773729 129 1 22 1
2035773815 129 1 22 1
2035773901 129 1 22 1
2035773908 129 1 22 1
2035773998 129 1 22 1
2035774084 129 1 22 1
2035774170 129 1 22 1
2035774264 129 1 22 1
2035774350 129 1 22 1
2035774436 129 1 22 1
2035774522 129 1 22 1
2035774612 129 1 22 1
2035774698 129 1 22 1
2035774784 129 1 22 1
2035774870 129 1 22 1
2035774960 129 1 22 1
2035775046 129 1 22 1
2035775136 129 1 22 1
2035775222 129 1 22 1
2035775308 129 1 22 1
2035775402 129 1 22 1
2035775488 129 1 22 1
2035775574 129 1 22 1
2035775660 129 1 22 1
2035775750 129 1 22 1
2035775753 129 1 22 1
2035786426 129 1 22 1
2035786520 129 1 22 0
2035786523 129 1 22 1
2035786609 129 1 22 0
2035786612 129 1 22 1
2035786698 129 1 22 1
2035786784 129 1 22 1
2035786870 129 1 22 1
2035786960 129 1 22 1
2035787046 129 1 22 1
2035787049 129 1 22 1
2035787135 129 1 22 1
2035787221 129 1 22 1
2035787319 129 1 22 1
2035787405 129 1 22 1
2035787491 129 1 22 1
2035787581 129 1 22 1
2035787667 129 1 22 1
2035787753 129 1 22 1
2035787839 129 1 22 1
2035787929 129 1 22 1
2035788019 129 1 22 1
2035788105 129 1 22 1
2035788191 129 1 22 1
2035788277 129 1 22 1
2035788363 129 1 22 1
2035788453 129 1 22 1
2035788539 129 1 22 1
2035788633 129 1 22 1
2035788719 129 1 22 1
2035789759 27 0 1 1
2035789846 27 0 1 1
2035789974 27 0 1 1
2035790177 27 0 1 1
2035790260 27 0 1 1
2035790477 27 0 1 1
2035790560 27 0 1 1
2035790692 27 0 1 1
2035790891 27 0 1 1
2035790974 27 0 1 1
2035791244 27 0 1 1
2035791272 27 0 1 1
2035791404 27 0 1 1
2035791603 27 0 1 1
2035791690 27 0 1 1
2035795842 129 1 22 1
2035795928 129 1 22 1
2035796018 129 1 22 1
2035796108 129 1 22 1
2035796194 129 1 22 1
2035796284 129 1 22 1
2035796370 129 1 22 1
2035796456 129 1 22 1
2035796542 129 1 22 1
2035796632 129 1 22 1
2035796722 129 1 22 1
2035796808 129 1 22 1
2035796902 129 1 22 1
2035796905 129 1 22 1
2035796995 129 1 22 1
2035797085 129 1 22 1
2035797171 129 1 22 1
2035797293 129 1 22 1
2035797379 129 1 22 1
2035797465 129 1 22 1
2035797555 129 1 22 1
2035797645 129 1 22 1
2035797731 129 1 22 1
2035797821 129 1 22 1
2035797907 129 1 22 1
2035797997 129 1 22 1
2035798776 27 0 1 1
2035798859 27 0 1 1
2035798942 27 0 1 1
2035799029 27 0 1 1
2035799170 27 0 1 1
2035799195 27 0 1 1
2035799278 27 0 1 1
2035799361 27 0 1 1
2035799506 27 0 1 1
2035799527 27 0 1 1
2035799610 27 0 1 1
2035799697 27 0 1 1
2035799780 27 0 1 1
2035799937 27 0 1 1
2035799946 27 0 1 1
2035800029 27 0 1 1
2035800194 27 0 1 1
2035800197 27 0 1 1
2035800278 27 0 1 1
2035800361 27 0 1 1
2035800447 27 0 1 1
2035800531 27 0 1 1
2035800614 27 0 1 1
2035800704 27 0 1 1
2035800780 27 0 1 1
2035802179 129 1 22 0
2035803949 27 0 1 0
2035806092 129 1 22 1
2035806182 129 1 22 1
2035806268 129 1 22 1
2035806354 129 1 22 1
2035806444 129 1 22 1
2035806530 129 1 22 1
2035806616 129 1 22 1
2035806706 129 1 22 1
2035806796 129 1 22 1
2035806886 129 1 22 1
2035806972 129 1 22 1
2035807058 129 1 22 1
2035807061 129 1 22 1
2035807151 129 1 22 1
2035807237 129 1 22 1
2035807323 129 1 22 1
2035807413 129 1 22 1
2035807503 129 1 22 1
2035807593 129 1 22 1
2035807679 129 1 22 1
2035807765 129 1 22 1
2035807855 129 1 22 1
2035807941 129 1 22 1
2035808027 129 1 22 1
2035808113 129 1 22 1
2035808199 129 1 22 1
2035811258 129 1 22 0
2035811520 27 0 1 1
2035811661 27 0 1 1
2035811747 27 0 1 1
2035811773 27 0 1 1
2035811860 27 0 1 1
2035812001 27 0 1 1
2035812088 27 0 1 1
2035812113 27 0 1 1
2035812254 27 0 1 1
2035812283 27 0 1 1
2035812366 27 0 1 1
2035812518 27 0 1 1
2035812604 27 0 1 1
2035812623 27 0 1 1
2035812667 27 0 1 1
2035812779 27 0 1 1
2035812837 27 0 1 1
2035813040 27 0 1 1
2035813301 27 0 1 1
2035813388 27 0 1 1
2035813509 27 0 1 0
2035813645 27 0 1 1
2035813648 27 0 1 0
2035814531 129 1 22 1
2035814542 129 1 22 1
2035814628 129 1 22 0
2035814635 129 1 22 1
2035814729 129 1 22 1
2035814819 129 1 22 1
2035814909 129 1 22 1
2035814995 129 1 22 1
2035815085 129 1 22 1
2035815175 129 1 22 1
2035815269 129 1 22 1
2035815355 129 1 22 1
2035815445 129 1 22 1
2035815539 129 1 22 1
2035815625 129 1 22 1
2035815715 129 1 22 1
2035815805 129 1 22 1
2035815891 129 1 22 1
2035815898 129 1 22 1
2035815988 129 1 22 1
2035816074 129 1 22 1
2035816160 129 1 22 1
2035816254 129 1 22 1
2035816348 129 1 22 1
2035816434 129 1 22 1
2035816524 129 1 22 1
2035816614 129 1 22 1
2035816791 129 1 22 1
2035819278 129 1 22 0
2035829874 129 1 22 1
2035829877 129 1 22 0
2035830054 129 1 22 1
2035830057 129 1 22 0
2035830143 129 1 22 1
2035830229 129 1 22 0
2035830232 129 1 22 1
2035830235 129 1 22 0
2035830325 129 1 22 1
2035830332 129 1 22 0
2035830418 129 1 22 1
2035830508 129 1 22 0
2035830511 129 1 22 1
2035830601 129 1 22 0
2035830691 129 1 22 1
2035830694 129 1 22 0
2035830780 129 1 22 1
2035830874 129 1 22 1
2035830964 129 1 22 1
2035830975 129 1 22 1
2035831061 129 1 22 1
2035831147 129 1 22 1
2035831237 129 1 22 1
2035831331 129 1 22 1
2035831421 129 1 22 1
2035831515 129 1 22 1
2035831605 129 1 22 1
2035831695 129 1 22 1
2035831789 129 1 22 1
2035831875 129 1 22 1
2035831894 129 1 22 1
2035831984 129 1 22 1
2035832074 129 1 22 1
2035832160 129 1 22 1
2035832270 129 1 22 1
2035832360 129 1 22 1
2035832450 129 1 22 1
2035832544 129 1 22 1
2035832634 129 1 22 1
2035832728 129 1 22 1
2035832822 129 1 22 1
2035832924 129 1 22 1
2035835398 129 1 22 0
2035842968 129 1 22 1
2035842971 129 1 22 0
2035842974 129 1 22 1
2035843060 129 1 22 0
2035843063 129 1 22 1
2035843153 129 1 22 1
2035843247 129 1 22 1
2035843341 129 1 22 1
2035843431 129 1 22 1
2035843521 129 1 22 1
2035843611 129 1 22 1
2035843705 129 1 22 1
2035843795 129 1 22 1
2035843889 129 1 22 1
2035843975 129 1 22 1
2035844065 129 1 22 1
2035844155 129 1 22 1
2035844245 129 1 22 1
2035844252 129 1 22 1
2035844346 129 1 22 1
2035844432 129 1 22 1
2035844522 129 1 22 1
2035844612 129 1 22 1
2035844702 129 1 22 1
2035844792 129 1 22 1
2035844886 129 1 22 1
2035844976 129 1 22 1
2035845066 129 1 22 1
2035845164 129 1 22 1
2035846037 129 1 22 0
2035852077 129 1 22 1
2035852080 129 1 22 0
2035852170 129 1 22 1
2035852256 129 1 22 1
2035852342 129 1 22 1
2035852436 129 1 22 1
2035852522 129 1 22 1
2035852608 129 1 22 1
2035852694 129 1 22 1
2035852784 129 1 22 1
2035852787 129 1 22 1
2035852881 129 1 22 1
2035852971 129 1 22 1
2035853057 129 1 22 1
2035853151 129 1 22 1
2035853237 129 1 22 1
2035853323 129 1 22 1
2035853413 129 1 22 1
2035853499 129 1 22 1
2035853589 129 1 22 1
2035853683 129 1 22 1
2035853773 129 1 22 1
2035853863 129 1 22 1
2035853949 129 1 22 1
2035854035 129 1 22 1
2035854129 129 1 22 1
2035854132 129 1 22 1
2035854222 129 1 22 1
2035855518 129 1 22 0
2035858915 129 1 22 1
2035859005 129 1 22 1
2035859016 129 1 22 1
2035859106 129 1 22 1
2035859181 129 1 22 1
2035859314 129 1 22 1
2035859347 129 1 22 1
2035859430 129 1 22 1
2035859513 129 1 22 1
2035859596 129 1 22 1
2035859679 129 1 22 1
2035859807 129 1 22 1
2035859845 129 1 22 1
2035859968 129 1 22 1
2035860011 129 1 22 1
2035860094 129 1 22 1
2035860177 129 1 22 1
2035860316 129 1 22 1
2035860343 129 1 22 1
2035860429 129 1 22 1
2035860509 129 1 22 1
2035860665 129 1 22 1
2035860755 129 1 22 1
2035860758 129 1 22 1
2035860841 129 1 22 1
2035860924 129 1 22 1
2035862592 129 1 22 0
2035879814 129 1 22 1
2035879911 129 1 22 1
2035879980 129 1 22 1
2035880063 129 1 22 1
2035880146 129 1 22 1
2035880259 129 1 22 1
2035880312 129 1 22 1
2035880395 129 1 22 1
2035880478 129 1 22 1
2035880611 129 1 22 1
2035880646 129 1 22 1
2035880727 129 1 22 1
2035880810 129 1 22 1
2035880963 129 1 22 1
2035880976 129 1 22 1
2035881059 129 1 22 1
2035881142 129 1 22 1
2035881225 129 1 22 1
2035881315 129 1 22 1
2035881391 129 1 22 1
2035881474 129 1 22 1
2035881609 129 1 22 1
2035881699 129 1 22 1
2035881723 129 1 22 1
2035881778 129 1 22 0
2036288019 46 0 1 1
2036288105 46 0 1 0
2036288108 46 0 1 1
2036288194 46 0 1 1
2036288197 46 0 1 0
2036288283 46 0 1 1
2036288369 46 0 1 1
2036288459 46 0 1 1
2036288545 46 0 1 1
2036288631 46 0 1 1
2036288717 46 0 1 1
2036288803 46 0 1 1
2036288889 46 0 1 1
2036288979 46 0 1 1
2036289065 46 0 1 1
2036289151 46 0 1 1
2036289237 46 0 1 1
2036289327 46 0 1 1
2036289413 46 0 1 1
2036289499 46 0 1 1
2036289589 46 0 1 1
2036289675 46 0 1 1
2036289761 46 0 1 1
2036289847 46 0 1 1
2036289937 46 0 1 1
2036290023 46 0 1 1
2036290109 46 0 1 1
2036290199 46 0 1 1
2036290285 46 0 1 1
2036291794 46 0 1 0
2036334633 130 1 22 1
2036334719 130 1 22 1
2036334805 130 1 22 1
2036334891 130 1 22 1
2036334977 130 1 22 1
2036335067 130 1 22 1
2036335153 130 1 22 1
2036335243 130 1 22 1
2036335333 130 1 22 1
2036335423 130 1 22 1
2036335509 130 1 22 1
2036335595 130 1 22 1
2036335685 130 1 22 1
2036335692 130 1 22 1
2036335790 130 1 22 1
2036335876 130 1 22 1
2036335962 130 1 22 1
2036336048 130 1 22 1
2036336134 130 1 22 1
2036336220 130 1 22 1
2036336306 130 1 22 1
2036336392 130 1 22 1
2036336478 130 1 22 1
2036336564 130 1 22 1
2036336650 130 1 22 1
2036336736 130 1 22 1
2036344069 130 1 22 1
2036344155 130 1 22 1
2036344241 130 1 22 1
2036344327 130 1 22 1
2036344413 130 1 22 1
2036344499 130 1 22 1
2036344585 130 1 22 1
2036344671 130 1 22 1
2036344757 130 1 22 1
2036344843 130 1 22 1
2036344929 130 1 22 1
2036345015 130 1 22 1
2036345101 130 1 22 1
2036345187 130 1 22 1
2036345273 130 1 22 1
2036345359 130 1 22 1
2036345445 130 1 22 1
2036345531 130 1 22 1
2036345617 130 1 22 1
2036345703 130 1 22 1
2036345789 130 1 22 1
2036345875 130 1 22 1
2036345961 130 1 22 1
2036346047 130 1 22 1
2036346133 130 1 22 1
2036353265 130 1 22 1
2036353351 130 1 22 1
2036353437 130 1 22 1
2036353523 130 1 22 1
2036353609 130 1 22 1
2036353695 130 1 22 1
2036353781 130 1 22 1
2036353867 130 1 22 1
2036353953 130 1 22 1
2036354039 130 1 22 1
2036354125 130 1 22 1
2036354211 130 1 22 1
2036354297 130 1 22 1
2036354383 130 1 22 1
2036354469 130 1 22 1
2036354555 130 1 22 1
2036354641 130 1 22 1
2036354727 130 1 22 1
2036354813 130 1 22 1
2036354899 130 1 22 1
2036354985 130 1 22 1
2036355071 130 1 22 1
2036355105 129 1 22 1
2036355157 130 1 22 1
2036355195 129 1 22 0
2036355198 129 1 22 1
2036355243 130 1 22 1
2036355278 131 1 22 1
2036355292 129 1 22 1
2036355329 130 1 22 1
2036355382 129 1 22 1
2036355398 131 1 22 1
2036355476 129 1 22 1
2036355489 131 1 22 0
2036355492 131 1 22 1
2036355570 129 1 22 1
2036355582 131 1 22 1
2036355656 129 1 22 1
2036355668 131 1 22 1
2036355708 131 1 22 1
2036355754 129 1 22 1
2036355829 131 1 22 1
2036355844 129 1 22 1
2036355859 129 1 22 1
2036355915 131 1 22 1
2036355957 129 1 22 1
2036356005 131 1 22 1
2036356041 131 1 22 1
2036356047 129 1 22 1
2036356137 129 1 22 1
2036356165 131 1 22 1
2036356239 129 1 22 1
2036356255 131 1 22 1
2036356333 129 1 22 1
2036356341 131 1 22 1
2036356377 131 1 22 1
2036356427 129 1 22 1
2036356501 131 1 22 1
2036356517 129 1 22 1
2036356591 131 1 22 1
2036356611 129 1 22 1
2036356681 131 1 22 1
2036356701 129 1 22 1
2036356713 131 1 22 1
2036356795 129 1 22 1
2036356837 131 1 22 1
2036356885 129 1 22 1
2036356927 131 1 22 1
2036356979 129 1 22 1
2036357017 131 1 22 1
2036357057 131 1 22 1
2036357069 129 1 22 1
2036357163 129 1 22 1
2036357173 131 1 22 1
2036357257 129 1 22 1
2036357259 131 1 22 1
2036357345 131 1 22 1
2036357351 129 1 22 1
2036357509 131 1 22 0
2036360027 130 1 22 0
2036360681 129 1 22 0
2036363283 130 1 22 1
2036363373 130 1 22 1
2036363384 130 1 22 1
2036363474 130 1 22 1
2036363564 130 1 22 1
2036363658 130 1 22 1
2036363730 129 1 22 1
2036363744 130 1 22 1
2036363828 129 1 22 1
2036363842 130 1 22 1
2036363914 129 1 22 1
2036363936 130 1 22 1
2036364012 129 1 22 1
2036364026 130 1 22 1
2036364106 129 1 22 1
2036364112 130 1 22 1
2036364196 129 1 22 1
2036364202 130 1 22 1
2036364282 129 1 22 1
2036364292 130 1 22 1
2036364372 129 1 22 1
2036364378 130 1 22 1
2036364462 129 1 22 1
2036364468 130 1 22 1
2036364552 129 1 22 1
2036364558 130 1 22 1
2036364642 129 1 22 1
2036364648 130 1 22 1
2036364659 130 1 22 1
2036364732 129 1 22 1
2036364749 130 1 22 1
2036364818 129 1 22 1
2036364839 130 1 22 1
2036364912 129 1 22 1
2036364925 130 1 22 1
2036365002 129 1 22 1
2036365005 129 1 22 1
2036365011 130 1 22 1
2036365097 130 1 22 1
2036365174 129 1 22 1
2036365183 130 1 22 1
2036365189 129 1 22 1
2036365269 130 1 22 1
2036365279 129 1 22 1
2036365355 130 1 22 1
2036365365 129 1 22 1
2036365455 129 1 22 1
2036365541 129 1 22 1
2036365631 129 1 22 1
2036365721 129 1 22 1
2036365807 129 1 22 1
2036370319 130 1 22 0
2036370345 129 1 22 0
2036373377 129 1 22 1
2036373419 130 1 22 1
2036373422 130 1 22 0
2036373463 129 1 22 1
2036373500 130 1 22 1
2036373553 129 1 22 1
2036373587 130 1 22 1
2036373643 129 1 22 1
2036373690 130 1 22 1
2036373729 129 1 22 1
2036373791 130 1 22 1
2036373819 129 1 22 1
2036373877 130 1 22 1
2036373909 129 1 22 1
2036373977 130 1 22 1
2036373999 129 1 22 1
2036374010 130 1 22 1
2036374085 129 1 22 1
2036374163 130 1 22 1
2036374175 129 1 22 1
2036374180 130 1 22 1
2036374261 129 1 22 1
2036374263 130 1 22 1
2036374334 129 1 22 1
2036374350 130 1 22 1
2036374420 129 1 22 1
2036374433 130 1 22 1
2036374510 129 1 22 1
2036374535 130 1 22 1
2036374600 129 1 22 1
2036374603 130 1 22 1
2036374694 129 1 22 1
2036374721 130 1 22 1
2036374780 129 1 22 1
2036374807 130 1 22 1
2036374870 129 1 22 1
2036374907 130 1 22 1
2036374939 130 1 22 1
2036374956 129 1 22 1
2036375046 129 1 22 1
2036375093 130 1 22 1
2036375113 130 1 22 1
2036375132 129 1 22 1
2036375196 130 1 22 1
2036375282 130 1 22 1
2036375400 129 1 22 1
2036375411 130 1 22 1
2036375411 129 1 22 1
2036375497 130 1 22 1
2036375583 130 1 22 1
2036380500 130 1 22 0
2036383192 129 1 22 1
2036383279 129 1 22 1
2036383375 129 1 22 1
2036383449 129 1 22 1
2036383532 129 1 22 1
2036383615 130 1 22 1
2036383632 129 1 22 1
2036383701 130 1 22 1
2036383702 129 1 22 1
2036383787 130 1 22 1
2036383789 129 1 22 1
2036383873 130 1 22 1
2036383889 129 1 22 1
2036383959 129 1 22 1
2036383959 130 1 22 1
2036384042 129 1 22 1
2036384045 130 1 22 1
2036384131 130 1 22 1
2036384146 129 1 22 1
2036384216 129 1 22 1
2036384221 130 1 22 1
2036384303 129 1 22 1
2036384307 130 1 22 1
2036384393 130 1 22 1
2036384403 129 1 22 1
2036384469 129 1 22 1
2036384479 130 1 22 1
2036384560 129 1 22 1
2036384569 130 1 22 1
2036384659 130 1 22 1
2036384660 129 1 22 1
2036384730 129 1 22 1
2036384749 130 1 22 1
2036384787 129 1 22 1
2036384835 130 1 22 1
2036384921 129 1 22 1
2036384921 130 1 22 1
2036384953 129 1 22 1
2036385011 130 1 22 1
2036385040 129 1 22 1
2036385101 130 1 22 1
2036385157 130 1 22 1
2036385182 129 1 22 1
2036385214 129 1 22 1
2036385247 130 1 22 1
2036385333 130 1 22 1
2036385423 130 1 22 1
2036385444 130 1 22 1
2036385568 130 1 22 1
2036385614 130 1 22 1
2036385754 130 1 22 1
2036388025 129 1 22 0
2036391096 129 1 22 1
2036391358 129 1 22 0
2036393465 130 1 22 1
2036393551 130 1 22 1
2036393554 130 1 22 0
2036393640 130 1 22 1
2036393726 130 1 22 1
2036393812 130 1 22 1
2036393898 130 1 22 1
2036394024 130 1 22 1
2036394027 130 1 22 1
2036394113 130 1 22 1
2036394199 130 1 22 1
2036394285 130 1 22 1
2036394418 130 1 22 1
2036394453 130 1 22 1
2036394604 130 1 22 1
2036394623 130 1 22 1
2036394706 130 1 22 1
2036394793 130 1 22 1
2036394876 130 1 22 1
2036394976 130 1 22 1
2036395046 130 1 22 1
2036395162 130 1 22 1
2036395216 130 1 22 1
2036395348 130 1 22 1
2036395386 130 1 22 1
2036395534 130 1 22 1
2036395720 130 1 22 1
2036400165 130 1 22 0
2036403180 130 1 22 1
2036403263 130 1 22 1
2036403354 130 1 22 1
2036403437 130 1 22 1
2036403533 130 1 22 1
2036403611 130 1 22 1
2036403719 130 1 22 1
2036403781 130 1 22 1
2036403905 130 1 22 1
2036403991 130 1 22 1
2036404091 130 1 22 1
2036404129 130 1 22 1
2036404277 130 1 22 1
2036404299 130 1 22 1
2036404463 130 1 22 1
2036404469 130 1 22 1
2036404556 130 1 22 1
2036404649 130 1 22 1
2036404726 130 1 22 1
2036404837 130 1 22 1
2036404896 130 1 22 1
2036405023 130 1 22 1
2036405066 130 1 22 1
2036405209 130 1 22 1
2036405236 130 1 22 1
2036408596 130 1 22 0
2036412145 130 1 22 1
2036412314 130 1 22 1
2036412319 130 1 22 1
2036412406 130 1 22 1
2036412500 130 1 22 1
2036412580 130 1 22 1
2036412686 130 1 22 1
2036412746 130 1 22 1
2036412872 130 1 22 1
2036412920 130 1 22 1
2036413062 130 1 22 1
2036413094 130 1 22 1
2036413248 130 1 22 1
2036413268 130 1 22 1
2036413430 130 1 22 1
2036413442 130 1 22 1
2036413529 130 1 22 1
2036413620 130 1 22 1
2036413703 130 1 22 1
2036413806 130 1 22 1
2036413877 130 1 22 1
2036413988 130 1 22 1
2036414051 130 1 22 1
2036414174 130 1 22 1
2036414260 130 1 22 1
2036417344 130 1 22 0
2036421059 130 1 22 1
2036421144 130 1 22 0
2036421147 130 1 22 1
2036421242 130 1 22 1
2036421316 130 1 22 1
2036421429 130 1 22 1
2036421486 130 1 22 1
2036421614 130 1 22 1
2036421652 130 1 22 1
2036421800 130 1 22 1
2036421818 130 1 22 1
2036421901 130 1 22 1
2036421987 130 1 22 1
2036422067 130 1 22 1
2036422172 130 1 22 1
2036422233 130 1 22 1
2036422316 130 1 22 1
2036422429 130 1 22 1
2036422482 130 1 22 1
2036422565 130 1 22 1
2036422686 130 1 22 1
2036422731 130 1 22 1
2036422814 130 1 22 1
2036422935 130 1 22 1
2036422980 130 1 22 1
2036423063 130 1 22 1
2036423268 130 1 22 1
2036426769 130 1 22 0
2036430117 130 1 22 1
2036430208 130 1 22 1
2036430299 130 1 22 1
2036430386 130 1 22 1
2036430472 130 1 22 1
2036430558 130 1 22 1
2036430644 130 1 22 1
2036430734 130 1 22 1
2036430820 130 1 22 1
2036430906 130 1 22 1
2036430992 130 1 22 1
2036431078 130 1 22 1
2036431164 130 1 22 1
2036431250 130 1 22 1
2036431336 130 1 22 1
2036431422 130 1 22 1
2036431508 130 1 22 1
2036431511 130 1 22 1
2036431597 130 1 22 1
2036431713 130 1 22 1
2036431799 130 1 22 1
2036431885 130 1 22 1
2036431971 130 1 22 1
2036432057 130 1 22 1
2036432143 130 1 22 1
2036432229 130 1 22 1
2036435578 130 1 22 0
2036439005 130 1 22 1
2036439091 130 1 22 1
2036439177 130 1 22 1
2036439263 130 1 22 1
2036439349 130 1 22 1
2036439435 130 1 22 1
2036439521 130 1 22 1
2036439607 130 1 22 1
2036439693 130 1 22 1
2036439786 130 1 22 1
2036439872 130 1 22 1
2036439886 130 1 22 1
2036440038 130 1 22 1
2036440052 130 1 22 1
2036440139 130 1 22 1
2036440226 130 1 22 1
2036440309 130 1 22 1
2036440410 130 1 22 1
2036440483 130 1 22 1
2036440596 130 1 22 1
2036440653 130 1 22 1
2036440782 130 1 22 1
2036440823 130 1 22 1
2036440968 130 1 22 1
2036440993 130 1 22 1
2036441154 130 1 22 1
2036445017 130 1 22 0
2036448127 130 1 22 1
2036448225 130 1 22 0
2036448228 130 1 22 1
2036448297 130 1 22 1
2036448411 130 1 22 1
2036448471 130 1 22 1
2036448597 130 1 22 1
2036448637 130 1 22 1
2036448783 130 1 22 1
2036448811 130 1 22 1
2036448969 130 1 22 1
2036448981 130 1 22 1
2036449068 130 1 22 1
2036449155 130 1 22 1
2036449238 130 1 22 1
2036449341 130 1 22 1
2036449408 130 1 22 1
2036449527 130 1 22 1
2036449578 130 1 22 1
2036449713 130 1 22 1
2036449752 130 1 22 1
2036449899 130 1 22 1
2036449918 130 1 22 1
2036450085 130 1 22 1
2036450171 130 1 22 1
2036450175 130 1 22 1
2036450311 130 1 22 1
2036454264 130 1 22 0
2036457680 130 1 22 1
2036457820 130 1 22 1
2036457906 130 1 22 1
2036457920 130 1 22 1
2036458007 130 1 22 1
2036458173 130 1 22 1
2036458181 130 1 22 1
2036458272 130 1 22 1
2036458355 130 1 22 1
2036458446 130 1 22 1
2036458529 130 1 22 1
2036458620 130 1 22 1
2036458707 130 1 22 1
2036458794 130 1 22 1
2036458881 130 1 22 1
2036458980 130 1 22 1
2036459055 130 1 22 1
2036459142 130 1 22 1
2036459245 130 1 22 1
2036459335 130 1 22 1
2036459434 130 1 22 1
2036459482 130 1 22 1
2036459605 130 1 22 1
2036459656 130 1 22 1
2036459791 130 1 22 1
2036462574 130 1 22 0
2036466473 130 1 22 1
2036466559 130 1 22 1
2036466645 130 1 22 1
2036466731 130 1 22 1
2036466817 130 1 22 1
2036466903 130 1 22 1
2036466989 130 1 22 1
2036467075 130 1 22 1
2036467161 130 1 22 1
2036467247 130 1 22 1
2036467333 130 1 22 1
2036467419 130 1 22 1
2036467505 130 1 22 1
2036467638 130 1 22 1
2036467724 130 1 22 1
2036467810 130 1 22 1
2036467896 130 1 22 1
2036467982 130 1 22 1
2036468068 130 1 22 1
2036468154 130 1 22 1
2036468240 130 1 22 1
2036468326 130 1 22 1
2036468412 130 1 22 1
2036468498 130 1 22 1
2036468552 130 1 22 1
2036476276 130 1 22 1
2036476362 130 1 22 1
2036476448 130 1 22 1
2036476534 130 1 22 1
2036476654 130 1 22 1
2036476740 130 1 22 1
2036476826 130 1 22 1
2036476912 130 1 22 1
2036476998 130 1 22 1
2036477084 130 1 22 1
2036477170 130 1 22 1
2036477256 130 1 22 1
2036477342 130 1 22 1
2036477428 130 1 22 1
2036477514 130 1 22 1
2036477600 130 1 22 1
2036477686 130 1 22 1
2036477772 130 1 22 1
2036477858 130 1 22 1
2036477944 130 1 22 1
2036478030 130 1 22 1
2036478116 130 1 22 1
2036478202 130 1 22 1
2036478288 130 1 22 1
2036478374 130 1 22 1
2036485476 130 1 22 1
2036485562 130 1 22 1
2036485648 130 1 22 1
2036485734 130 1 22 1
2036485820 130 1 22 1
2036485906 130 1 22 1
2036485992 130 1 22 1
2036486161 130 1 22 1
2036486247 130 1 22 1
2036486259 130 1 22 1
2036486369 130 1 22 1
2036486455 130 1 22 1
2036486555 130 1 22 1
2036486611 130 1 22 1
2036486720 130 1 22 1
2036486806 130 1 22 1
2036486927 130 1 22 1
2036486967 130 1 22 1
2036487056 130 1 22 1
2036487142 130 1 22 1
2036487299 130 1 22 1
2036487392 130 1 22 1
2036487485 130 1 22 1
2036487497 130 1 22 1
2036494647 130 1 22 1
2036494739 130 1 22 1
2036494825 130 1 22 1
2036494840 130 1 22 1
2036494930 130 1 22 1
2036495018 130 1 22 1
2036495111 130 1 22 1
2036495201 130 1 22 1
2036495297 130 1 22 1
2036495366 130 1 22 1
2036495483 130 1 22 1
2036495573 130 1 22 1
2036495669 130 1 22 1
2036495763 130 1 22 1
2036495855 130 1 22 1
2036495880 130 1 22 1
2036496041 130 1 22 1
2036496127 130 1 22 1
2036496137 130 1 22 1
2036496227 130 1 22 1
2036496313 130 1 22 1
2036496413 130 1 22 1
2036496499 130 1 22 1
2036496599 130 1 22 1
2036496659 130 1 22 1
2036504674 130 1 22 1
2036504794 130 1 22 1
2036504880 130 1 22 1
2036504973 130 1 22 1
2036505059 130 1 22 1
2036505097 130 1 22 1
2036505222 130 1 22 1
2036505308 130 1 22 1
2036505346 130 1 22 1
2036505471 130 1 22 1
2036505557 130 1 22 1
2036505603 130 1 22 1
2036505720 130 1 22 1
2036505806 130 1 22 1
2036505913 130 1 22 1
2036505943 130 1 22 1
2036506052 130 1 22 1
2036506138 130 1 22 1
2036506192 130 1 22 1
2036506285 130 1 22 1
2036506384 130 1 22 1
2036506471 130 1 22 1
2036506528 130 1 22 1
2036506657 130 1 22 1
2036506743 130 1 22 1
2036508331 130 1 22 0
2036514850 130 1 22 1
2036514888 130 1 22 1
2036515016 130 1 22 1
2036515102 130 1 22 1
2036515213 130 1 22 1
2036515299 130 1 22 1
2036515311 130 1 22 1
2036515399 130 1 22 1
2036515512 130 1 22 1
2036515598 130 1 22 1
2036515684 130 1 22 1
2036515770 130 1 22 1
2036515856 130 1 22 1
2036515942 130 1 22 1
2036516028 130 1 22 1
2036516143 130 1 22 1
2036516229 130 1 22 1
2036516240 130 1 22 1
2036516329 130 1 22 1
2036516410 130 1 22 1
2036516515 130 1 22 1
2036516601 130 1 22 1
2036516687 130 1 22 1
2036516773 130 1 22 1
2036516887 130 1 22 1
2036516973 130 1 22 1
2036517631 130 1 22 0
2036812208 74 0 1 1
2036812211 74 0 1 0
2036812374 74 0 1 1
2036812377 74 0 1 0
2036812540 74 0 1 1
2036812543 74 0 1 0
2036812704 74 0 1 1
2036812707 74 0 1 0
2036812793 74 0 1 1
2036812883 74 0 1 1
2036812969 74 0 1 1
2036813055 74 0 1 1
2036813145 74 0 1 1
2036813231 74 0 1 1
2036813317 74 0 1 1
2036813403 74 0 1 1
2036813493 74 0 1 1
2036813579 74 0 1 1
2036813586 74 0 1 1
2036813680 74 0 1 1
2036813766 74 0 1 1
2036813856 74 0 1 1
2036813946 74 0 1 1
2036814032 74 0 1 1
2036814122 74 0 1 1
2036814212 74 0 1 1
2036814302 74 0 1 1
2036814392 74 0 1 1
2036814482 74 0 1 1
2036814568 74 0 1 1
2036814654 74 0 1 1
2036814744 74 0 1 1
2036814830 74 0 1 1
2036814916 74 0 1 1
2036817271 74 0 1 0
2037332940 125 0 1 1
2037333023 125 0 1 1
2037333106 125 0 1 1
2037333189 125 0 1 1
2037333272 125 0 1 1
2037333355 125 0 1 1
2037333438 125 0 1 1
2037333521 125 0 1 1
2037333604 125 0 1 1
2037333687 125 0 1 1
2037334304 125 0 1 1
2037334471 125 0 1 1
2037334877 125 0 1 1
2037335862 125 0 1 0
2038122683 132 1 22 1
2038122744 132 1 22 0
2038122766 132 1 22 1
2038122853 132 1 22 1
2038122940 132 1 22 1
2038123023 132 1 22 1
2038123110 132 1 22 1
2038123193 132 1 22 1
2038123276 132 1 22 1
2038123359 132 1 22 1
2038123446 132 1 22 1
2038123529 132 1 22 1
2038123616 132 1 22 1
2038123703 132 1 22 1
2038123786 132 1 22 1
2038123873 132 1 22 1
2038123956 132 1 22 1
2038124039 132 1 22 1
2038124126 132 1 22 1
2038124217 132 1 22 1
2038124304 132 1 22 1
2038124391 132 1 22 1
2038124478 132 1 22 1
2038124569 132 1 22 1
2038124656 132 1 22 1
2038124739 132 1 22 1
2038124830 132 1 22 1
2038126811 132 1 22 0
2038131443 132 1 22 1
2038131494 132 1 22 0
2038131526 132 1 22 1
2038131613 132 1 22 1
2038131696 132 1 22 1
2038131779 132 1 22 1
2038131866 132 1 22 1
2038131949 132 1 22 1
2038132036 132 1 22 1
2038132119 132 1 22 1
2038132206 132 1 22 1
2038132289 132 1 22 1
2038132372 132 1 22 1
2038132459 132 1 22 1
2038132546 132 1 22 1
2038132629 132 1 22 1
2038132712 132 1 22 1
2038132801 132 1 22 1
2038132890 132 1 22 1
2038132973 132 1 22 1
2038133060 132 1 22 1
2038133143 132 1 22 1
2038133230 132 1 22 1
2038133317 132 1 22 1
2038133404 132 1 22 1
2038133491 132 1 22 1
2038133580 132 1 22 1
2038134598 10 0 1 1
2038134684 10 0 1 1
2038134731 10 0 1 1
2038134851 10 0 1 1
2038134938 10 0 1 1
2038135024 10 0 1 1
2038135063 132 1 22 0
2038135112 10 0 1 1
2038135198 10 0 1 1
2038135253 10 0 1 1
2038135353 10 0 1 1
2038135444 10 0 1 1
2038135510 10 0 1 1
2038135606 10 0 1 1
2038135684 10 0 1 1
2038135776 10 0 1 1
2038135867 10 0 1 1
2038135953 10 0 1 1
2038136028 10 0 1 1
2038136197 10 0 1 1
2038136200 10 0 1 1
2038136365 10 0 1 1
2038136372 10 0 1 1
2038136459 10 0 1 1
2038136542 10 0 1 1
2038136629 10 0 1 1
2038138635 10 0 1 0
2038139268 132 1 22 1
2038139296 132 1 22 0
2038139351 132 1 22 1
2038139434 132 1 22 1
2038139521 132 1 22 1
2038139608 132 1 22 1
2038139695 132 1 22 1
2038139778 132 1 22 1
2038139862 132 1 22 1
2038139944 132 1 22 1
2038140031 132 1 22 1
2038140114 132 1 22 1
2038140197 132 1 22 1
2038140284 132 1 22 1
2038140367 132 1 22 1
2038140450 132 1 22 1
2038140533 132 1 22 1
2038140620 132 1 22 1
2038140703 132 1 22 1
2038140790 132 1 22 1
2038140873 132 1 22 1
2038140964 132 1 22 1
2038141051 132 1 22 1
2038141134 132 1 22 1
2038141217 132 1 22 1
2038141304 132 1 22 1
2038141387 132 1 22 1
2038142910 10 0 1 1
2038142944 10 0 1 1
2038143031 10 0 1 1
2038143159 10 0 1 1
2038143254 10 0 1 1
2038143288 10 0 1 1
2038143304 132 1 22 0
2038143420 10 0 1 1
2038143511 10 0 1 1
2038143541 10 0 1 1
2038143628 10 0 1 1
2038143764 10 0 1 1
2038143851 10 0 1 1
2038143885 10 0 1 1
2038144021 10 0 1 1
2038144055 10 0 1 1
2038144195 10 0 1 1
2038144225 10 0 1 1
2038144369 10 0 1 1
2038144456 10 0 1 1
2038144482 10 0 1 1
2038144626 10 0 1 1
2038144652 10 0 1 1
2038144800 10 0 1 1
2038144887 10 0 1 1
2038144909 10 0 1 1
2038145057 10 0 1 1
2038146266 10 0 1 0
2038151191 10 0 1 1
2038151266 10 0 1 0
2038151353 10 0 1 1
2038151357 10 0 1 1
2038151523 10 0 1 1
2038151613 10 0 1 1
2038151699 10 0 1 1
2038151706 10 0 1 1
2038151863 10 0 1 1
2038151879 10 0 1 1
2038152033 10 0 1 1
2038152123 10 0 1 1
2038152213 10 0 1 1
2038152227 10 0 1 1
2038152377 10 0 1 1
2038152405 10 0 1 1
2038152551 10 0 1 1
2038152645 10 0 1 1
2038152731 10 0 1 1
2038152749 10 0 1 1
2038152887 10 0 1 1
2038152919 10 0 1 1
2038153061 10 0 1 1
2038153151 10 0 1 1
2038153241 10 0 1 1
2038153263 10 0 1 1
2038153401 10 0 1 1
2038153491 10 0 1 1
2038154070 10 0 1 0
2038774163 128 1 19 1
2038774253 128 1 19 1
2038774343 128 1 19 1
2038774433 128 1 19 1
2038774440 128 1 19 1
2038774526 128 1 19 1
2038774616 128 1 19 1
2038774706 128 1 19 1
2038774796 128 1 19 1
2038774886 128 1 19 1
2038774972 128 1 19 1
2038775062 128 1 19 1
2038775152 128 1 19 1
2038775242 128 1 19 1
2038775332 128 1 19 1
2038775418 128 1 19 1
2038775508 128 1 19 1
2038775598 128 1 19 1
2038775688 128 1 19 1
2038775695 128 1 19 1
2038775781 128 1 19 1
2038775954 128 1 19 1
2038776301 128 1 19 1
2038778115 128 1 19 0
2039139842 61 0 1 1
2039140011 61 0 1 0
2039140018 61 0 1 1
2039140191 61 0 1 1
2039140344 61 0 1 1
2039140514 61 0 1 1
2039140605 61 0 1 1
2039140691 61 0 1 1
2039140777 61 0 1 1
2039140867 61 0 1 1
2039140953 61 0 1 1
2039141039 61 0 1 1
2039141190 61 0 1 1
2039141197 61 0 1 1
2039141283 61 0 1 1
2039141370 61 0 1 1
2039141522 61 0 1 1
2039141608 61 0 1 1
2039141694 61 0 1 1
2039141784 61 0 1 1
2039141797 61 0 1 1
2039142107 61 0 1 1
2039142529 61 0 1 0
2039235982 131 1 21 1
2039236055 131 1 21 0
2039236069 131 1 21 1
2039236138 131 1 21 0
2039236156 131 1 21 1
2039236225 131 1 21 0
2039236239 131 1 21 1
2039236326 131 1 21 1
2039236409 131 1 21 1
2039236525 131 1 21 0
2039236528 131 1 21 1
2039236565 131 1 21 0
2039236583 131 1 21 1
2039236656 131 1 21 0
2039236670 131 1 21 1
2039236753 131 1 21 1
2039236840 131 1 21 1
2039236927 131 1 21 1
2039237068 131 1 21 1
2039237097 131 1 21 1
2039237180 131 1 21 1
2039237280 131 1 21 1
2039237358 131 1 21 1
2039237441 131 1 21 1
2039237528 131 1 21 1
2039237611 131 1 21 1
2039237694 131 1 21 0
2039237698 131 1 21 1
2039237785 131 1 21 1
2039237860 131 1 21 0
2039237868 131 1 21 1
2039237913 131 1 21 0
2039238032 131 1 21 1
2039238035 131 1 21 0
2039238038 131 1 21 1
2039238124 131 1 21 0
2039911121 130 1 22 1
2039911124 130 1 22 0
2039911210 130 1 22 1
2039911217 130 1 22 1
2039911303 130 1 22 1
2039911389 130 1 22 1
2039911475 130 1 22 1
2039911561 130 1 22 1
2039911647 130 1 22 1
2039911733 130 1 22 1
2039911819 130 1 22 1
2039911905 130 1 22 1
2039911991 130 1 22 1
2039912081 130 1 22 1
2039912167 130 1 22 1
2039912253 130 1 22 1
2039912339 130 1 22 1
2039912429 130 1 22 1
2039912515 130 1 22 1
2039912601 130 1 22 1
2039912687 130 1 22 1
2039912759 130 1 22 1
2039912845 130 1 22 1
2039912931 130 1 22 1
2039912970 130 1 22 1
2039913056 130 1 22 1
2039913142 130 1 22 1
2039913232 130 1 22 1
2039916378 130 1 22 0
2039921217 130 1 22 1
2039921307 130 1 22 1
2039921310 130 1 22 0
2039921396 130 1 22 1
2039921482 130 1 22 1
2039921568 130 1 22 1
2039921654 130 1 22 1
2039921740 130 1 22 1
2039921826 130 1 22 1
2039921912 130 1 22 1
2039921998 130 1 22 1
2039922084 130 1 22 1
2039922170 130 1 22 1
2039922260 130 1 22 1
2039922346 130 1 22 1
2039922432 130 1 22 1
2039922522 130 1 22 1
2039922608 130 1 22 1
2039922694 130 1 22 1
2039922780 130 1 22 1
2039922866 130 1 22 1
2039922952 130 1 22 1
2039923038 130 1 22 1
2039923041 130 1 22 1
2039923127 130 1 22 1
2039923213 130 1 22 1
2039923299 130 1 22 1
2039923468 130 1 22 1
2039923558 130 1 22 1
2039925090 130 1 22 0
2041501814 132 1 19 1
2041501856 132 1 19 0
2041501897 132 1 19 1
2041501980 132 1 19 1
2041502063 132 1 19 1
2041502150 132 1 19 1
2041502233 132 1 19 1
2041502316 132 1 19 1
2041502399 132 1 19 1
2041502482 132 1 19 1
2041502565 132 1 19 1
2041502652 132 1 19 1
2041502735 132 1 19 1
2041502818 132 1 19 1
2041502901 132 1 19 1
2041502984 132 1 19 1
2041503067 132 1 19 1
2041503154 132 1 19 1
2041503237 132 1 19 1
2041503320 132 1 19 1
2041503403 132 1 19 1
2041503486 132 1 19 1
2041503573 132 1 19 1
2041503879 132 1 19 1
2041503962 132 1 19 1
2041505241 132 1 19 0
2041795444 129 1 22 1
2041795455 129 1 22 0
2041795473 129 1 22 1
2041795556 129 1 22 1
2041795697 129 1 22 1
2041795726 129 1 22 1
2041795863 129 1 22 1
2041795896 129 1 22 1
2041795979 129 1 22 1
2041796116 129 1 22 1
2041796149 129 1 22 1
2041796232 129 1 22 1
2041796315 129 1 22 1
2041796452 129 1 22 1
2041796485 129 1 22 1
2041796630 129 1 22 1
2041796651 129 1 22 1
2041796738 129 1 22 1
2041796887 129 1 22 1
2041796908 129 1 22 1
2041797057 129 1 22 1
2041797078 129 1 22 1
2041797161 129 1 22 1
2041797318 129 1 22 1
2041797331 129 1 22 1
2041797417 129 1 22 1
2041797497 129 1 22 1
2041799233 129 1 22 0
2041929366 134 1 22 1
2041929411 134 1 22 1
2041929494 134 1 22 1
2041929623 134 1 22 1
2041929660 134 1 22 1
2041929743 134 1 22 1
2041929880 134 1 22 1
2041929909 134 1 22 1
2041929992 134 1 22 1
2041930133 134 1 22 1
2041930158 134 1 22 1
2041930259 134 1 22 1
2041930345 134 1 22 1
2041930431 134 1 22 1
2041930517 134 1 22 1
2041930646 134 1 22 1
2041930656 134 1 22 1
2041930812 134 1 22 1
2041930822 134 1 22 1
2041930978 134 1 22 1
2041930992 134 1 22 1
2041931144 134 1 22 1
2041931162 134 1 22 1
2041931310 134 1 22 1
2041931336 134 1 22 1
2041931476 134 1 22 1
2041933573 134 1 22 0
2041937594 134 1 22 1
2041937622 134 1 22 0
2041937730 134 1 22 1
2041937760 134 1 22 1
2041937900 134 1 22 1
2041937926 134 1 22 1
2041938066 134 1 22 1
2041938092 134 1 22 1
2041938240 134 1 22 1
2041938258 134 1 22 1
2041938406 134 1 22 1
2041938424 134 1 22 1
2041938580 134 1 22 1
2041938590 134 1 22 1
2041938746 134 1 22 1
2041938756 134 1 22 1
2041938916 134 1 22 1
2041938922 134 1 22 1
2041939086 134 1 22 1
2041939089 134 1 22 1
2041939252 134 1 22 1
2041939255 134 1 22 1
2041939295 134 1 22 1
2041939422 134 1 22 1
2041939461 134 1 22 1
2041939588 134 1 22 1
2041939627 134 1 22 1
2041939780 134 1 22 1
2041939793 134 1 22 1
2041942744 134 1 22 0
2041945909 134 1 22 1
2041945972 134 1 22 0
2041945992 134 1 22 1
2041946129 134 1 22 1
2041946158 134 1 22 1
2041946241 134 1 22 1
2041946352 134 1 22 1
2041946407 134 1 22 1
2041946490 134 1 22 1
2041946609 134 1 22 1
2041946656 134 1 22 1
2041946739 134 1 22 1
2041946822 134 1 22 1
2041946953 134 1 22 1
2041946988 134 1 22 1
2041947071 134 1 22 1
2041947154 134 1 22 1
2041947297 134 1 22 1
2041947320 134 1 22 1
2041947472 134 1 22 1
2041947559 134 1 22 1
2041947569 134 1 22 1
2041947655 134 1 22 1
2041947735 134 1 22 1
2041947829 134 1 22 1
2041947901 134 1 22 1
2041947999 134 1 22 1
2041948067 134 1 22 1
2041950678 134 1 22 0
2041955088 134 1 22 1
2041955124 134 1 22 0
2041955251 134 1 22 1
2041955254 134 1 22 1
2041955417 134 1 22 1
2041955420 134 1 22 1
2041955583 134 1 22 1
2041955586 134 1 22 1
2041955749 134 1 22 1
2041955752 134 1 22 1
2041955915 134 1 22 1
2041955918 134 1 22 1
2041956081 134 1 22 1
2041956084 134 1 22 1
2041956150 134 1 22 1
2041956247 134 1 22 1
2041956316 134 1 22 1
2041956413 134 1 22 1
2041956482 134 1 22 1
2041956565 134 1 22 1
2041956662 134 1 22 1
2041956731 134 1 22 1
2041956814 134 1 22 1
2041956911 134 1 22 1
2041956980 134 1 22 1
2041957063 134 1 22 1
2041957160 134 1 22 1
2041957229 134 1 22 1
2041957312 134 1 22 1
2041959386 134 1 22 0
2041963488 134 1 22 1
2041963498 134 1 22 0
2041963644 134 1 22 1
2041963654 134 1 22 1
2041963790 134 1 22 1
2041963885 134 1 22 1
2041963976 134 1 22 1
2041963990 134 1 22 1
2041964142 134 1 22 1
2041964168 134 1 22 1
2041964308 134 1 22 1
2041964334 134 1 22 1
2041964474 134 1 22 1
2041964508 134 1 22 1
2041964591 134 1 22 1
2041964909 134 1 22 1
2041965989 134 1 22 0
2042285239 133 1 22 1
2042285262 133 1 22 0
2042285322 133 1 22 1
2042285345 133 1 22 0
2042285405 133 1 22 1
2042285492 133 1 22 1
2042285575 133 1 22 1
2042285666 133 1 22 1
2042285753 133 1 22 1
2042285840 133 1 22 1
2042285927 133 1 22 1
2042286014 133 1 22 1
2042286105 133 1 22 1
2042286213 133 1 22 1
2042286300 133 1 22 1
2042286386 133 1 22 1
2042286472 133 1 22 1
2042286558 133 1 22 1
2042286631 133 1 22 1
2042286718 133 1 22 1
2042286855 133 1 22 1
2042286896 133 1 22 1
2042286983 133 1 22 1
2042287070 133 1 22 1
2042287157 133 1 22 1
2042287248 133 1 22 1
2042287348 133 1 22 1
2042287435 133 1 22 1
2042289887 133 1 22 0
2042293575 133 1 22 1
2042293587 133 1 22 0
2042396170 129 1 21 1
2042396256 129 1 21 1
2042396342 129 1 21 1
2042396428 129 1 21 1
2042396486 129 1 21 1
2042396572 129 1 21 1
2042396658 129 1 21 1
2042396744 129 1 21 1
2042396830 129 1 21 1
2042396916 129 1 21 1
2042397002 129 1 21 1
2042397092 129 1 21 1
2042397178 129 1 21 1
2042397264 129 1 21 1
2042397350 129 1 21 1
2042397436 129 1 21 1
2042397522 129 1 21 1
2042397612 129 1 21 1
2042397698 129 1 21 1
2042397784 129 1 21 1
2042397870 129 1 21 1
2042397956 129 1 21 1
2042398042 129 1 21 1
2042398132 129 1 21 1
2042398218 129 1 21 1
2042405993 129 1 21 1
2042406080 129 1 21 1
2042406154 129 1 21 1
2042406246 129 1 21 1
2042406332 129 1 21 1
2042406420 129 1 21 1
2042406494 129 1 21 1
2042406594 129 1 21 1
2042406680 129 1 21 1
2042406766 129 1 21 1
2042406856 129 1 21 1
2042406942 129 1 21 1
2042407028 129 1 21 1
2042407114 129 1 21 1
2042407200 129 1 21 1
2042407286 129 1 21 1
2042407376 129 1 21 1
2042407462 129 1 21 1
2042407548 129 1 21 1
2042407634 129 1 21 1
2042407720 129 1 21 1
2042407806 129 1 21 1
2042407813 129 1 21 1
2042407899 129 1 21 1
2042407985 129 1 21 1
2042408071 129 1 21 1
2042410703 129 1 21 0
2042411119 135 1 21 1
2042411122 135 1 21 0
2042411202 135 1 21 1
2042411278 135 1 21 0
2042411285 135 1 21 1
2042411288 135 1 21 0
2042411414 135 1 21 1
2042411451 135 1 21 1
2042411454 135 1 21 0
2042411534 135 1 21 1
2042411537 135 1 21 0
2042411617 135 1 21 1
2042411700 135 1 21 1
2042411703 135 1 21 0
2042411783 135 1 21 1
2042411870 135 1 21 1
2042411957 135 1 21 1
2042411960 135 1 21 0
2042412040 135 1 21 1
2042412112 135 1 21 0
2042412127 135 1 21 1
2042412252 135 1 21 1
2042412297 135 1 21 1
2042412414 135 1 21 1
2042412467 135 1 21 1
2042412584 135 1 21 1
2042412633 135 1 21 1
2042412716 135 1 21 1
2042412833 135 1 21 1
2042412942 135 1 21 1
2042412965 135 1 21 1
2042413048 135 1 21 1
2042413131 135 1 21 1
2042413214 135 1 21 1
2042413436 135 1 21 1
2042413447 135 1 21 1
2042413540 135 1 21 1
2042413623 135 1 21 1
2042413789 135 1 21 1
2042414046 135 1 21 1
2042414198 135 1 21 1
2042414321 129 1 21 1
2042414324 129 1 21 0
2042414410 129 1 21 1
2042414417 129 1 21 1
2042414503 129 1 21 1
2042414589 129 1 21 1
2042414679 129 1 21 1
2042414769 129 1 21 1
2042414855 129 1 21 1
2042414945 129 1 21 1
2042414950 135 1 21 0
2042415031 129 1 21 1
2042415117 129 1 21 1
2042415207 129 1 21 1
2042415293 129 1 21 1
2042415383 129 1 21 1
2042415473 129 1 21 1
2042415559 129 1 21 1
2042415645 129 1 21 1
2042415735 129 1 21 1
2042415821 129 1 21 1
2042415907 129 1 21 1
2042415993 129 1 21 1
2042416079 129 1 21 1
2042416165 129 1 21 1
2042416255 129 1 21 1
2042416341 129 1 21 1
2042416427 129 1 21 1
2042416513 129 1 21 1
2042419534 135 1 21 1
2042419637 135 1 21 0
2042419868 129 1 21 0
2042423199 129 1 21 1
2042423202 129 1 21 0
2042423288 129 1 21 1
2042423374 129 1 21 1
2042423460 129 1 21 1
2042423546 129 1 21 1
2042423632 129 1 21 1
2042423722 129 1 21 1
2042423808 129 1 21 1
2042423894 129 1 21 1
2042423980 129 1 21 1
2042424066 129 1 21 1
2042424152 129 1 21 1
2042424238 129 1 21 1
2042424324 129 1 21 1
2042424331 129 1 21 1
2042424417 129 1 21 1
2042424503 129 1 21 1
2042424589 129 1 21 1
2042424675 129 1 21 1
2042424761 129 1 21 1
2042424847 129 1 21 1
2042424937 129 1 21 1
2042425023 129 1 21 1
2042425109 129 1 21 1
2042425195 129 1 21 1
2042425281 129 1 21 1
2042425367 129 1 21 1
2042429555 129 1 21 0
2042433089 129 1 21 1
2042433092 129 1 21 0
2042433178 129 1 21 1
2042433264 129 1 21 1
2042433354 129 1 21 1
2042433440 129 1 21 1
2042433526 129 1 21 1
2042433612 129 1 21 1
2042433698 129 1 21 1
2042433784 129 1 21 1
2042433870 129 1 21 1
2042433956 129 1 21 1
2042434042 129 1 21 1
2042434128 129 1 21 1
2042434135 129 1 21 1
2042434304 129 1 21 1
2042434307 129 1 21 1
2042434393 129 1 21 1
2042434479 129 1 21 1
2042434565 129 1 21 1
2042434651 129 1 21 1
2042434737 129 1 21 1
2042434823 129 1 21 1
2042434913 129 1 21 1
2042434999 129 1 21 1
2042435085 129 1 21 1
2042435171 129 1 21 1
2042435257 129 1 21 1
2042438399 129 1 21 0
2042442114 129 1 21 1
2042442117 129 1 21 0
2042442207 129 1 21 1
2042442293 129 1 21 1
2042442379 129 1 21 1
2042442465 129 1 21 1
2042442551 129 1 21 1
2042442637 129 1 21 1
2042442723 129 1 21 1
2042442730 129 1 21 1
2042442816 129 1 21 1
2042442906 129 1 21 1
2042442992 129 1 21 1
2042443078 129 1 21 1
2042443164 129 1 21 1
2042443250 129 1 21 1
2042443336 129 1 21 1
2042443426 129 1 21 1
2042443512 129 1 21 1
2042443598 129 1 21 1
2042443684 129 1 21 1
2042443770 129 1 21 1
2042443868 129 1 21 1
2042443875 129 1 21 1
2042443961 129 1 21 1
2042444051 129 1 21 1
2042444137 129 1 21 1
2042444223 129 1 21 1
2042444309 129 1 21 1
2042445486 129 1 21 0
2042450226 129 1 21 1
2042450229 129 1 21 0
2042450402 129 1 21 1
2042450488 129 1 21 1
2042450495 129 1 21 1
2042450581 129 1 21 1
2042450667 129 1 21 1
2042450753 129 1 21 1
2042450843 129 1 21 1
2042450929 129 1 21 1
2042451015 129 1 21 1
2042451101 129 1 21 1
2042451187 129 1 21 1
2042451277 129 1 21 1
2042451363 129 1 21 1
2042451453 129 1 21 1
2042451539 129 1 21 1
2042451625 129 1 21 1
2042451711 129 1 21 1
2042451797 129 1 21 1
2042451883 129 1 21 1
2042451973 129 1 21 1
2042452059 129 1 21 1
2042452145 129 1 21 1
2042452152 129 1 21 1
2042452238 129 1 21 1
2042452324 129 1 21 1
2042452410 129 1 21 1
2042452496 129 1 21 1
2042453341 129 1 21 0
2042464415 129 1 21 1
2042464474 129 1 21 1
2042464557 129 1 21 1
2042464640 129 1 21 1
2042464751 129 1 21 1
2042464806 129 1 21 1
2042464917 129 1 21 1
2042464972 129 1 21 1
2042465055 129 1 21 1
2042465170 129 1 21 1
2042465221 129 1 21 1
2042465340 129 1 21 1
2042465387 129 1 21 1
2042465477 129 1 21 1
2042465563 129 1 21 1
2042465657 129 1 21 1
2042465743 129 1 21 1
2042465833 129 1 21 1
2042465919 129 1 21 1
2042466009 129 1 21 1
2042466103 129 1 21 1
2042466147 129 1 21 1
2042466237 129 1 21 1
2042466327 129 1 21 1
2042466431 129 1 21 1
2042466466 129 1 21 1
2042467269 129 1 21 0
2042478014 129 1 21 1
2042478020 129 1 21 0
2042478039 129 1 21 1
2042478160 129 1 21 1
2042478246 129 1 21 1
2042478336 129 1 21 1
2042478426 129 1 21 1
2042478520 129 1 21 1
2042478606 129 1 21 1
2042478696 129 1 21 1
2042478782 129 1 21 1
2042478872 129 1 21 1
2042478962 129 1 21 1
2042478973 129 1 21 1
2042479059 129 1 21 1
2042479149 129 1 21 1
2042479239 129 1 21 1
2042479329 129 1 21 1
2042479419 129 1 21 1
2042479505 129 1 21 1
2042479595 129 1 21 1
2042479689 129 1 21 1
2042479775 129 1 21 1
2042479858 129 1 21 1
2042479948 129 1 21 1
2042480034 129 1 21 1
2042480124 129 1 21 1
2042481076 129 1 21 0
2042597642 128 1 20 1
2042597728 128 1 20 0
2042597735 128 1 20 1
2042597738 128 1 20 0
2042597824 128 1 20 1
2042597827 128 1 20 0
2042597913 128 1 20 1
2042598003 128 1 20 1
2042598089 128 1 20 1
2042598179 128 1 20 1
2042598265 128 1 20 1
2042598351 128 1 20 1
2042598441 128 1 20 1
2042598527 128 1 20 1
2042598617 128 1 20 1
2042598703 128 1 20 1
2042598789 128 1 20 1
2042598875 128 1 20 1
2042598965 128 1 20 1
2042599051 128 1 20 1
2042599137 128 1 20 1
2042599227 128 1 20 1
2042599313 128 1 20 1
2042599403 128 1 20 1
2042599497 128 1 20 1
2042599583 128 1 20 1
2042599673 128 1 20 1
2042599763 128 1 20 1
2042599853 128 1 20 1
2042599943 128 1 20 1
2042600033 128 1 20 1
2042601341 128 1 20 0
2042606886 128 1 20 1
2042606889 128 1 20 0
2042606979 128 1 20 1
2042607065 128 1 20 1
2042607133 128 1 20 0
2042607136 128 1 20 1
2042607230 128 1 20 0
2042607233 128 1 20 1
2042607319 128 1 20 1
2042607409 128 1 20 1
2042607507 128 1 20 1
2042607593 128 1 20 1
2042607683 128 1 20 1
2042607769 128 1 20 1
2042607859 128 1 20 1
2042607949 128 1 20 1
2042608035 128 1 20 1
2042608129 128 1 20 1
2042608219 128 1 20 1
2042608305 128 1 20 1
2042608316 128 1 20 1
2042608406 128 1 20 1
2042608575 128 1 20 1
2042608586 128 1 20 1
2042608676 128 1 20 1
2042608762 128 1 20 1
2042608852 128 1 20 1
2042608942 128 1 20 1
2042609032 128 1 20 1
2042609288 128 1 20 1
2042610588 128 1 20 0
2042616843 128 1 20 1
2042616933 128 1 20 0
2042616936 128 1 20 1
2042617026 128 1 20 0
2042617029 128 1 20 1
2042617115 128 1 20 0
2042617118 128 1 20 1
2042617216 128 1 20 0
2042617219 128 1 20 1
2042617309 128 1 20 1
2042617395 128 1 20 1
2042617410 128 1 20 1
2042617496 128 1 20 1
2042617586 128 1 20 1
2042617684 128 1 20 1
2042617770 128 1 20 1
2042617864 128 1 20 1
2042617954 128 1 20 1
2042618040 128 1 20 1
2042618089 128 1 20 1
2042618183 128 1 20 1
2042618277 128 1 20 1
2042618363 128 1 20 1
2042618453 128 1 20 1
2042618543 128 1 20 1
2042618637 128 1 20 1
2042618727 128 1 20 1
2042618817 128 1 20 1
2042618903 128 1 20 1
2042618918 128 1 20 1
2042619091 128 1 20 1
2042619181 128 1 20 1
2042619275 128 1 20 1
2042619361 128 1 20 1
2042619815 128 1 20 0
2042644964 128 1 20 1
2042644971 128 1 20 0
2042645065 128 1 20 1
2042645068 128 1 20 0
2042645162 128 1 20 1
2042645165 128 1 20 0
2042645259 128 1 20 1
2042645262 128 1 20 0
2042645273 128 1 20 1
2042645276 128 1 20 0
2042645374 128 1 20 1
2042645377 128 1 20 0
2042645467 128 1 20 1
2042645478 128 1 20 0
2042645564 128 1 20 1
2042645571 128 1 20 0
2042645665 128 1 20 1
2042645668 128 1 20 0
2042645758 128 1 20 1
2042645765 128 1 20 0
2042645855 128 1 20 1
2042645858 128 1 20 0
2042645873 128 1 20 1
2042645959 128 1 20 0
2042645970 128 1 20 1
2042645973 128 1 20 0
2042646067 128 1 20 1
2042646070 128 1 20 0
2042646164 128 1 20 1
2042646167 128 1 20 0
2042646257 128 1 20 1
2042646260 128 1 20 0
2042646354 128 1 20 1
2042646357 128 1 20 0
2042646451 128 1 20 1
2042646454 128 1 20 0
2042646461 128 1 20 1
2042646547 128 1 20 0
2042646558 128 1 20 1
2042646561 128 1 20 0
2042646655 128 1 20 1
2042646658 128 1 20 0
2042646752 128 1 20 1
2042646755 128 1 20 0
2042646845 128 1 20 1
2042646848 128 1 20 0
2042646942 128 1 20 1
2042646945 128 1 20 0
2042647039 128 1 20 1
2042647042 128 1 20 0
2042647049 128 1 20 1
2042647135 128 1 20 0
2042647146 128 1 20 1
2042647149 128 1 20 0
2042647239 128 1 20 1
2042647242 128 1 20 0
2042647336 128 1 20 1
2042647426 128 1 20 1
2042647429 128 1 20 0
2042647519 128 1 20 1
2042647522 128 1 20 0
2042647699 128 1 20 1
2042647785 128 1 20 0
2042647788 128 1 20 1
2042647878 128 1 20 0
2042647881 128 1 20 1
2042647971 128 1 20 0
2042647974 128 1 20 1
2042648064 128 1 20 0
2042648067 128 1 20 1
2042648070 128 1 20 0
2042648164 128 1 20 1
2042648167 128 1 20 0
2042648253 128 1 20 1
2042648256 128 1 20 0
2042648350 128 1 20 1
2042648353 128 1 20 0
2042648443 128 1 20 1
2042648446 128 1 20 0
2042648536 128 1 20 1
2042648539 128 1 20 0
2042648712 128 1 20 1
2042648715 128 1 20 0
2042648722 128 1 20 1
2042648808 128 1 20 0
2042648815 128 1 20 1
2042648818 128 1 20 0
2042648904 128 1 20 1
2042648907 128 1 20 0
2042649001 128 1 20 1
2042649004 128 1 20 0
2042649090 128 1 20 1
2042649093 128 1 20 0
2042723485 129 1 20 1
2042723543 129 1 20 0
2042723572 129 1 20 1
2042723659 129 1 20 1
2042723746 129 1 20 1
2042723829 129 1 20 1
2042723916 129 1 20 1
2042723999 129 1 20 1
2042724086 129 1 20 1
2042724169 129 1 20 1
2042724252 129 1 20 1
2042724339 129 1 20 1
2042724422 129 1 20 1
2042724505 129 1 20 1
2042724592 129 1 20 1
2042724679 129 1 20 1
2042724766 129 1 20 1
2042724853 129 1 20 1
2042724936 129 1 20 1
2042725023 129 1 20 1
2042725106 129 1 20 1
2042725193 129 1 20 1
2042725276 129 1 20 1
2042725363 129 1 20 1
2042725446 129 1 20 1
2042725533 129 1 20 1
2042725629 129 1 20 1
2042727550 129 1 20 0
2042731447 129 1 20 1
2042731502 129 1 20 0
2042731530 129 1 20 1
2042731589 129 1 20 0
2042731613 129 1 20 1
2042731700 129 1 20 1
2042731791 129 1 20 1
2042731878 129 1 20 1
2042731965 129 1 20 1
2042732052 129 1 20 1
2042732196 129 1 20 1
2042732866 129 1 20 1
2042733239 129 1 20 0
2043094920 128 1 20 1
2043095003 128 1 20 1
2043095097 128 1 20 0
2043095418 128 1 20 1
2043095450 128 1 20 0
2043095501 128 1 20 1
2043095533 128 1 20 0
2043095584 128 1 20 1
2043095671 128 1 20 1
2043095754 128 1 20 1
2043095845 128 1 20 0
2043095852 128 1 20 1
2043095864 128 1 20 0
2043096007 128 1 20 1
2043096090 128 1 20 1
2043096134 128 1 20 0
2043096173 128 1 20 1
2043096221 128 1 20 0
2043096260 128 1 20 1
2043096343 128 1 20 1
2043096386 128 1 20 0
2043096426 128 1 20 1
2043096477 128 1 20 0
2043096509 128 1 20 1
2043096600 128 1 20 1
2043096679 128 1 20 1
2043096762 128 1 20 1
2043096849 128 1 20 1
2043096932 128 1 20 1
2043097075 128 1 20 0
2043097440 128 1 20 1
2043097454 128 1 20 0
2043097536 128 1 20 1
2043097589 128 1 20 0
2043097619 128 1 20 1
2043097622 128 1 20 0
2043194761 128 1 23 1
2043194847 128 1 23 0
2043194850 128 1 23 1
2043194936 128 1 23 0
2043194939 128 1 23 1
2043195033 128 1 23 1
2043195119 128 1 23 1
2043195205 128 1 23 1
2043195291 128 1 23 1
2043195377 128 1 23 1
2043195463 128 1 23 1
2043195549 128 1 23 1
2043195635 128 1 23 1
2043195721 128 1 23 1
2043195807 128 1 23 1
2043195893 128 1 23 1
2043195979 128 1 23 1
2043196065 128 1 23 1
2043196151 128 1 23 1
2043196237 128 1 23 1
2043196323 128 1 23 1
2043196409 128 1 23 1
2043196495 128 1 23 1
2043196581 128 1 23 1
2043196667 128 1 23 1
2043196836 128 1 23 1
2043196922 128 1 23 1
2043197008 128 1 23 1
2043197094 128 1 23 1
2043197639 133 1 23 1
2043197722 133 1 23 1
2043197765 133 1 23 0
2043197809 133 1 23 1
2043197896 133 1 23 1
2043197983 133 1 23 1
2043198070 133 1 23 1
2043198157 133 1 23 1
2043198244 133 1 23 1
2043198333 133 1 23 1
2043198418 133 1 23 1
2043198505 133 1 23 1
2043198592 133 1 23 1
2043198678 128 1 23 0
2043198679 133 1 23 1
2043198766 133 1 23 1
2043198853 133 1 23 1
2043198940 133 1 23 1
2043199027 133 1 23 1
2043199114 133 1 23 1
2043199201 133 1 23 1
2043199288 133 1 23 1
2043199375 133 1 23 1
2043199462 133 1 23 1
2043199549 133 1 23 1
2043199636 133 1 23 1
2043199723 133 1 23 1
2043199861 133 1 23 1
2043201260 133 1 23 0
2043203927 133 1 23 1
2043203959 133 1 23 0
2043204010 133 1 23 1
2043204093 133 1 23 1
2043204176 133 1 23 1
2043204259 133 1 23 1
2043204362 133 1 23 1
2043204503 133 1 23 1
2043204510 133 1 23 1
2043204591 133 1 23 1
2043204674 133 1 23 1
2043204839 133 1 23 1
2043204846 133 1 23 1
2043204923 133 1 23 1
2043205006 133 1 23 1
2043205092 133 1 23 1
2043205202 133 1 23 1
2043205303 133 1 23 1
2043205338 133 1 23 1
2043205421 133 1 23 1
2043205539 133 1 23 1
2043205625 133 1 23 1
2043205715 133 1 23 1
2043205805 133 1 23 1
2043205895 133 1 23 1
2043205985 133 1 23 1
2043206075 133 1 23 1
2043206165 133 1 23 1
2043209725 133 1 23 0
2043213374 133 1 23 1
2043213456 133 1 23 1
2043213572 133 1 23 1
2043213622 133 1 23 1
2043213756 133 1 23 1
2043213846 133 1 23 1
2043213942 133 1 23 1
2043213954 133 1 23 1
2043214108 133 1 23 1
2043214120 133 1 23 1
2043214282 133 1 23 1
2043214289 133 1 23 1
2043214449 133 1 23 1
2043214456 133 1 23 1
2043214606 133 1 23 1
2043214696 133 1 23 1
2043214703 133 1 23 1
2043214793 133 1 23 1
2043214950 133 1 23 1
2043214957 133 1 23 1
2043215033 133 1 23 1
2043215120 133 1 23 1
2043215199 133 1 23 1
2043215289 133 1 23 1
2043215365 133 1 23 1
2043215456 133 1 23 1
2043218196 133 1 23 0
2043230215 133 1 23 1
2043230236 133 1 23 0
2043230443 133 1 23 1
2043230463 133 1 23 0
2043230466 133 1 23 1
2043230485 133 1 23 0
2043230547 133 1 23 1
2043230630 133 1 23 1
2043230651 133 1 23 0
2043230713 133 1 23 1
2043230796 133 1 23 1
2043230879 133 1 23 1
2043230962 133 1 23 1
2043231045 133 1 23 1
2043231128 133 1 23 1
2043231277 133 1 23 1
2043231294 133 1 23 1
2043231377 133 1 23 1
2043231460 133 1 23 1
2043231543 133 1 23 1
2043231626 133 1 23 1
2043231709 133 1 23 1
2043231792 133 1 23 1
2043231875 133 1 23 1
2043231958 133 1 23 1
2043232123 133 1 23 1
2043232130 133 1 23 1
2043232207 133 1 23 1
2043232290 133 1 23 1
2043232373 133 1 23 1
2043232456 133 1 23 1
2043232549 133 1 23 1
2043232632 133 1 23 1
2043232737 133 1 23 1
2043234341 133 1 23 0
2043238257 133 1 23 1
2043238263 133 1 23 0
2043238340 133 1 23 1
2043238423 133 1 23 1
2043238506 133 1 23 1
2043238634 133 1 23 1
2043238672 133 1 23 1
2043238755 133 1 23 1
2043238838 133 1 23 1
2043238921 133 1 23 1
2043239004 133 1 23 1
2043239148 133 1 23 1
2043239170 133 1 23 1
2043239253 133 1 23 1
2043239336 133 1 23 1
2043239419 133 1 23 1
2043239502 133 1 23 1
2043239585 133 1 23 1
2043239668 133 1 23 1
2043239753 133 1 23 1
2043239915 133 1 23 1
2043239926 133 1 23 1
2043240000 133 1 23 1
2043240083 133 1 23 1
2043240166 133 1 23 1
2043240249 133 1 23 1
2043240332 133 1 23 1
2043240415 133 1 23 1
2043242834 133 1 23 0
2043246873 133 1 23 1
2043246988 133 1 23 0
2043246991 133 1 23 1
2043247017 133 1 23 0
2043247047 133 1 23 1
2043247134 133 1 23 1
2043247221 133 1 23 1
2043247320 133 1 23 1
2043247395 133 1 23 1
2043247478 133 1 23 1
2043247569 133 1 23 1
2043247644 133 1 23 1
2043247727 133 1 23 1
2043247822 133 1 23 1
2043247893 133 1 23 1
2043247976 133 1 23 1
2043248067 133 1 23 1
2043248142 133 1 23 1
2043248225 133 1 23 1
2043248316 133 1 23 1
2043248391 133 1 23 1
2043248474 133 1 23 1
2043248565 133 1 23 1
2043248640 133 1 23 1
2043248731 133 1 23 1
2043248806 133 1 23 1
2043248889 133 1 23 1
2043249074 133 1 23 1
2043251304 133 1 23 0
2043255032 133 1 23 1
2043255118 133 1 23 1
2043255204 133 1 23 1
2043255290 133 1 23 1
2043255376 133 1 23 1
2043255462 133 1 23 1
2043255465 133 1 23 1
2043255551 133 1 23 1
2043255637 133 1 23 1
2043255723 133 1 23 1
2043255809 133 1 23 1
2043255895 133 1 23 1
2043255981 133 1 23 1
2043256067 133 1 23 1
2043256153 133 1 23 1
2043256239 133 1 23 1
2043256325 133 1 23 1
2043256411 133 1 23 1
2043256497 133 1 23 1
2043256583 133 1 23 1
2043256586 133 1 23 1
2043256672 133 1 23 1
2043256758 133 1 23 1
2043256844 133 1 23 1
2043256930 133 1 23 1
2043257016 133 1 23 1
2043257102 133 1 23 1
2043260508 133 1 23 0
2043264578 133 1 23 1
2043264581 133 1 23 0
2043264667 133 1 23 1
2043264670 133 1 23 0
2043264756 133 1 23 1
2043264842 133 1 23 1
2043264928 133 1 23 1
2043265014 133 1 23 1
2043265017 133 1 23 1
2043265103 133 1 23 1
2043265189 133 1 23 1
2043265275 133 1 23 1
2043265361 133 1 23 1
2043265447 133 1 23 1
2043265533 133 1 23 1
2043265619 133 1 23 1
2043265705 133 1 23 1
2043265791 133 1 23 1
2043265877 133 1 23 1
2043265963 133 1 23 1
2043266017 133 1 23 1
2043266103 133 1 23 1
2043266189 133 1 23 1
2043266275 133 1 23 1
2043266361 133 1 23 1
2043266447 133 1 23 1
2043266533 133 1 23 1
2043266619 133 1 23 1
2043266705 133 1 23 1
2043266791 133 1 23 1
2043269201 133 1 23 0
2043273271 133 1 23 1
2043273357 133 1 23 1
2043273443 133 1 23 1
2043273529 133 1 23 1
2043273615 133 1 23 1
2043273701 133 1 23 1
2043273787 133 1 23 1
2043273873 133 1 23 1
2043273959 133 1 23 1
2043274045 133 1 23 1
2043274131 133 1 23 1
2043274217 133 1 23 1
2043274303 133 1 23 1
2043274389 133 1 23 1
2043274475 133 1 23 1
2043274561 133 1 23 1
2043274647 133 1 23 1
2043274733 133 1 23 1
2043274736 133 1 23 1
2043274822 133 1 23 1
2043274908 133 1 23 1
2043274994 133 1 23 1
2043275080 133 1 23 1
2043275166 133 1 23 1
2043275252 133 1 23 1
2043275338 133 1 23 1
2043278080 133 1 23 0
2043282407 133 1 23 1
2043282493 133 1 23 0
2043282496 133 1 23 1
2043282582 133 1 23 0
2043282585 133 1 23 1
2043282671 133 1 23 1
2043282757 133 1 23 1
2043282843 133 1 23 1
2043282929 133 1 23 1
2043283015 133 1 23 1
2043283101 133 1 23 1
2043283187 133 1 23 1
2043283273 133 1 23 1
2043283359 133 1 23 1
2043283445 133 1 23 1
2043283531 133 1 23 1
2043283617 133 1 23 1
2043283703 133 1 23 1
2043283789 133 1 23 1
2043283875 133 1 23 1
2043283961 133 1 23 1
2043283964 133 1 23 1
2043284050 133 1 23 1
2043284136 133 1 23 1
2043284222 133 1 23 1
2043284308 133 1 23 1
2043284394 133 1 23 1
2043284480 133 1 23 1
2043284649 133 1 23 1
2043284735 133 1 23 1
2043287445 133 1 23 0
2043290602 133 1 23 1
2043290688 133 1 23 1
2043290774 133 1 23 1
2043290860 133 1 23 1
2043290946 133 1 23 1
2043291032 133 1 23 1
2043291035 133 1 23 1
2043291121 133 1 23 1
2043291207 133 1 23 1
2043291293 133 1 23 1
2043291379 133 1 23 1
2043291465 133 1 23 1
2043291551 133 1 23 1
2043291637 133 1 23 1
2043291727 133 1 23 1
2043291813 133 1 23 1
2043291866 133 1 23 1
2043291952 133 1 23 1
2043292042 133 1 23 1
2043292128 133 1 23 1
2043292218 133 1 23 1
2043292308 133 1 23 1
2043292394 133 1 23 1
2043292480 133 1 23 1
2043292566 133 1 23 1
2043292652 133 1 23 1
2043299801 133 1 23 1
2043299887 133 1 23 1
2043299973 133 1 23 1
2043300059 133 1 23 1
2043300145 133 1 23 1
2043300231 133 1 23 1
2043300317 133 1 23 1
2043300403 133 1 23 1
2043300489 133 1 23 1
2043300575 133 1 23 1
2043300661 133 1 23 1
2043300747 133 1 23 1
2043300833 133 1 23 1
2043300919 133 1 23 1
2043301005 133 1 23 1
2043301091 133 1 23 1
2043301094 133 1 23 1
2043301263 133 1 23 1
2043301266 133 1 23 1
2043301435 133 1 23 1
2043301438 133 1 23 1
2043301607 133 1 23 1
2043301693 133 1 23 1
2043301779 133 1 23 1
2043301865 133 1 23 1
2043301955 133 1 23 1
2043304073 133 1 23 0
2043310313 133 1 23 1
2043310316 133 1 23 0
2043310402 133 1 23 1
2043310405 133 1 23 0
2043310657 133 1 23 1
2043310660 133 1 23 0
2043310746 133 1 23 1
2043310749 133 1 23 0
2043310752 133 1 23 1
2043310755 133 1 23 0
2043310841 133 1 23 1
2043310844 133 1 23 0
2043310930 133 1 23 1
2043310933 133 1 23 0
2043311019 133 1 23 1
2043311105 133 1 23 1
2043311191 133 1 23 1
2043311277 133 1 23 1
2043311363 133 1 23 1
2043311449 133 1 23 1
2043311535 133 1 23 1
2043311621 133 1 23 1
2043311707 133 1 23 1
2043311793 133 1 23 1
2043311879 133 1 23 1
2043311965 133 1 23 1
2043312051 133 1 23 1
2043312137 133 1 23 1
2043312223 133 1 23 1
2043312309 133 1 23 1
2043312395 133 1 23 1
2043312481 133 1 23 1
2043312567 133 1 23 1
2043312653 133 1 23 1
2043312739 133 1 23 1
2043312742 133 1 23 1
2043312828 133 1 23 1
2043312914 133 1 23 1
2043313000 133 1 23 1
2043313086 133 1 23 1
2043313504 133 1 23 0
2043326548 133 1 23 1
2043326634 133 1 23 0
2043326637 133 1 23 1
2043326723 133 1 23 0
2043326726 133 1 23 1
2043326812 133 1 23 0
2043326815 133 1 23 1
2043326901 133 1 23 0
2043326904 133 1 23 1
2043326990 133 1 23 1
2043327076 133 1 23 1
2043327162 133 1 23 1
2043327248 133 1 23 1
2043327334 133 1 23 1
2043327420 133 1 23 1
2043327506 133 1 23 0
2043327509 133 1 23 1
2043327595 133 1 23 0
2043327598 133 1 23 1
2043327601 133 1 23 0
2043327687 133 1 23 1
2043327773 133 1 23 1
2043327776 133 1 23 0
2043328941 133 1 23 1
2043328944 133 1 23 0
2043329030 133 1 23 1
2043329033 133 1 23 0
2043329949 133 1 23 1
2043330035 133 1 23 1
2043330121 133 1 23 1
2043330243 133 1 23 1
2043330329 133 1 23 1
2043330419 133 1 23 1
2043330509 133 1 23 1
2043330603 133 1 23 1
2043330693 133 1 23 1
2043330787 133 1 23 1
2043330881 133 1 23 1
2043330892 133 1 23 1
2043330986 133 1 23 1
2043331076 133 1 23 1
2043331170 133 1 23 1
2043331260 133 1 23 1
2043331346 133 1 23 1
2043331436 133 1 23 1
2043331522 133 1 23 1
2043331612 133 1 23 1
2043331702 133 1 23 1
2043331792 133 1 23 1
2043331882 133 1 23 1
2043331972 133 1 23 1
2043331975 133 1 23 1
2043332065 133 1 23 1
2043332242 133 1 23 0
2043594628 116 0 1 1
2043594756 116 0 1 1
2043594794 116 0 1 1
2043594922 116 0 1 1
2043595009 116 0 1 1
2043595063 116 0 1 1
2043595126 116 0 1 1
2043595209 116 0 1 1
2043595292 116 0 1 1
2043595375 116 0 1 1
2043595458 116 0 1 1
2043595541 116 0 1 1
2043595624 116 0 1 1
2043595707 116 0 1 1
2043595790 116 0 1 1
2043595873 116 0 1 1
2043595956 116 0 1 1
2043596039 116 0 1 1
2043596122 116 0 1 1
2043596205 116 0 1 1
2043596288 116 0 1 1
2043596371 116 0 1 1
2043596454 116 0 1 1
2043596537 116 0 1 1
2043596620 116 0 1 1
2043596703 116 0 1 1
2043606279 116 0 1 1
2043606362 116 0 1 1
2043606445 116 0 1 1
2043606489 116 0 1 0
2043606528 116 0 1 1
2043606572 116 0 1 0
2043606611 116 0 1 1
2043606694 116 0 1 1
2043606777 116 0 1 1
2043606860 116 0 1 1
2043606943 116 0 1 1
2043607026 116 0 1 1
2043607109 116 0 1 1
2043607192 116 0 1 1
2043607275 116 0 1 1
2043607358 116 0 1 1
2043607441 116 0 1 1
2043607524 116 0 1 1
2043607607 116 0 1 1
2043607690 116 0 1 1
2043607773 116 0 1 1
2043607856 116 0 1 1
2043607939 116 0 1 1
2043608022 116 0 1 1
2043608105 116 0 1 1
2043608188 116 0 1 1
2043608271 116 0 1 1
2043608354 116 0 1 1
2043608575 116 0 1 1
2043608658 116 0 1 1
2043609343 116 0 1 0
2043619975 116 0 1 1
2043619996 116 0 1 0
2043620058 116 0 1 1
2043620079 116 0 1 0
2043620141 116 0 1 1
2043620162 116 0 1 0
2043620224 116 0 1 1
2043620245 116 0 1 0
2043620307 116 0 1 1
2043620390 116 0 1 1
2043620415 116 0 1 0
2043620473 116 0 1 1
2043620556 116 0 1 1
2043620639 116 0 1 1
2043620722 116 0 1 1
2043620805 116 0 1 1
2043620888 116 0 1 1
2043620971 116 0 1 1
2043621054 116 0 1 1
2043621137 116 0 1 1
2043621220 116 0 1 1
2043621303 116 0 1 1
2043621386 116 0 1 1
2043621469 116 0 1 1
2043621552 116 0 1 1
2043621635 116 0 1 1
2043621718 116 0 1 1
2043621801 116 0 1 1
2043621884 116 0 1 1
2043621967 116 0 1 1
2043622050 116 0 1 1
2043622095 116 0 1 0
2043622133 116 0 1 1
2043622178 116 0 1 0
2043622216 116 0 1 1
2043622268 116 0 1 0
2043622299 116 0 1 1
2043622348 116 0 1 0
2043622382 116 0 1 1
2043622431 116 0 1 0
2043622501 116 0 1 1
2043622514 116 0 1 0
2044109801 133 1 20 1
2044109804 133 1 20 0
2044109890 133 1 20 1
2044109897 133 1 20 0
2044109900 133 1 20 1
2044109986 133 1 20 1
2044110072 133 1 20 1
2044110158 133 1 20 1
2044110248 133 1 20 1
2044110338 133 1 20 1
2044110424 133 1 20 1
2044110510 133 1 20 1
2044110596 133 1 20 1
2044110686 133 1 20 1
2044110772 133 1 20 1
2044110866 133 1 20 1
2044110952 133 1 20 1
2044111038 133 1 20 1
2044111136 133 1 20 1
2044111222 133 1 20 1
2044111229 133 1 20 1
2044111315 133 1 20 1
2044111401 133 1 20 1
2044111491 133 1 20 1
2044111577 133 1 20 1
2044111663 133 1 20 1
2044111749 133 1 20 1
2044111839 133 1 20 1
2044111925 133 1 20 1
2044112011 133 1 20 1
2044114014 133 1 20 0
2044117780 133 1 20 1
2044117803 133 1 20 0
2044117896 133 1 20 1
2044117950 133 1 20 1
2044118041 133 1 20 1
2044118124 133 1 20 1
2044118236 133 1 20 1
2044118290 133 1 20 1
2044118377 133 1 20 1
2044118460 133 1 20 1
2044118572 133 1 20 1
2044118627 133 1 20 1
2044118709 133 1 20 1
2044118825 133 1 20 1
2044118875 133 1 20 1
2044118998 133 1 20 1
2044119049 133 1 20 1
2044119132 133 1 20 1
2044119247 133 1 20 1
2044119298 133 1 20 1
2044119413 133 1 20 1
2044119464 133 1 20 1
2044119547 133 1 20 1
2044119644 133 1 20 1
2044119717 133 1 20 1
2044119810 133 1 20 1
2044119900 133 1 20 1
2044119972 133 1 20 1
2044122318 133 1 20 0
2044949589 130 1 19 1
2044949652 130 1 19 0
2044949672 130 1 19 1
2044949755 130 1 19 1
2044949838 130 1 19 1
2044949921 130 1 19 1
2044950004 130 1 19 1
2044950087 130 1 19 1
2044950173 130 1 19 1
2044950253 130 1 19 1
2044950336 130 1 19 1
2044950419 130 1 19 1
2044950502 130 1 19 1
2044950585 130 1 19 1
2044950668 130 1 19 1
2044950751 130 1 19 1
2044950834 130 1 19 1
2044950917 130 1 19 1
2044951000 130 1 19 1
2044951083 130 1 19 1
2044951166 130 1 19 1
2044951249 130 1 19 1
2044951332 130 1 19 1
2044951415 130 1 19 1
2044951498 130 1 19 1
2044951581 130 1 19 1
2044951664 130 1 19 1
2044951747 130 1 19 1
2044954255 130 1 19 0
2045197772 123 0 1 1
2045197917 123 0 1 0
2045197920 123 0 1 1
2045198010 123 0 1 1
2045198096 123 0 1 1
2045198182 123 0 1 1
2045198268 123 0 1 1
2045198358 123 0 1 1
2045198444 123 0 1 1
2045198530 123 0 1 1
2045198616 123 0 1 1
2045198702 123 0 1 1
2045198788 123 0 1 1
2045198874 123 0 1 1
2045198960 123 0 1 1
2045199046 123 0 1 1
2045199053 123 0 1 1
2045199139 123 0 1 1
2045199225 123 0 1 1
2045199311 123 0 1 1
2045199397 123 0 1 1
2045199483 123 0 1 1
2045199569 123 0 1 1
2045199655 123 0 1 1
2045199741 123 0 1 1
2045199827 123 0 1 1
2045200079 123 0 1 1
2045201667 123 0 1 0
2045209108 123 0 1 1
2045209194 123 0 1 0
2045209197 123 0 1 1
2045209200 123 0 1 0
2045209460 123 0 1 1
2045209546 123 0 1 0
2045209549 123 0 1 1
2045209639 123 0 1 1
2045209725 123 0 1 1
2045209815 123 0 1 1
2045209901 123 0 1 1
2045209987 123 0 1 1
2045210073 123 0 1 1
2045210159 123 0 1 1
2045210249 123 0 1 1
2045210339 123 0 1 1
2045210425 123 0 1 1
2045210515 123 0 1 1
2045210605 123 0 1 1
2045210695 123 0 1 1
2045210785 123 0 1 1
2045210871 123 0 1 1
2045210957 123 0 1 1
2045211047 123 0 1 1
2045211133 123 0 1 1
2045211223 123 0 1 1
2045211309 123 0 1 1
2045211395 123 0 1 1
2045211485 123 0 1 1
2045211571 123 0 1 1
2045211661 123 0 1 1
2045214099 123 0 1 0
2045251762 125 0 1 1
2045251841 125 0 1 0
2045251844 125 0 1 1
2045251925 125 0 1 1
2045252008 125 0 1 1
2045252091 125 0 1 1
2045252174 125 0 1 1
2045252257 125 0 1 1
2045252340 125 0 1 1
2045252379 116 0 1 1
2045252406 116 0 1 0
2045252423 125 0 1 1
2045252506 125 0 1 1
2045252546 116 0 1 1
2045252593 125 0 1 1
2045252680 125 0 1 1
2045252713 116 0 1 1
2045252767 125 0 1 1
2045252850 125 0 1 1
2045252880 116 0 1 1
2045252933 125 0 1 1
2045253020 125 0 1 1
2045253047 116 0 1 1
2045253107 125 0 1 1
2045253194 125 0 1 1
2045253214 116 0 1 1
2045253284 125 0 1 1
2045253364 125 0 1 1
2045253381 116 0 1 1
2045253399 116 0 1 1
2045253447 125 0 1 1
2045253530 125 0 1 1
2045253548 116 0 1 1
2045253613 125 0 1 1
2045253696 125 0 1 1
2045253715 116 0 1 1
2045253779 125 0 1 1
2045253890 116 0 1 1
2045253927 125 0 1 1
2045254049 116 0 1 1
2045254238 116 0 1 1
2045254412 116 0 1 1
2045254586 116 0 1 1
2045254963 125 0 1 0
2045257137 116 0 1 0
2045259721 116 0 1 1
2045259804 116 0 1 1
2045259887 116 0 1 1
2045259970 116 0 1 1
2045260053 116 0 1 1
2045260136 116 0 1 1
2045260219 116 0 1 1
2045260302 116 0 1 1
2045260385 116 0 1 1
2045260468 116 0 1 1
2045260551 116 0 1 1
2045260634 116 0 1 1
2045260717 116 0 1 1
2045260800 116 0 1 1
2045260883 116 0 1 1
2045260966 116 0 1 1
2045261049 116 0 1 1
2045261080 125 0 1 1
2045261128 125 0 1 0
2045261132 116 0 1 1
2045261163 125 0 1 1
2045261215 116 0 1 1
2045261246 125 0 1 1
2045261289 125 0 1 0
2045261298 116 0 1 1
2045261329 125 0 1 1
2045261381 116 0 1 1
2045261384 125 0 1 1
2045261464 116 0 1 1
2045261467 125 0 1 1
2045261547 116 0 1 1
2045261550 125 0 1 1
2045261630 116 0 1 1
2045261633 125 0 1 1
2045261713 116 0 1 1
2045261716 125 0 1 1
2045261796 116 0 1 1
2045261799 125 0 1 1
2045261882 125 0 1 1
2045261965 125 0 1 1
2045262048 125 0 1 1
2045262131 125 0 1 1
2045262214 125 0 1 1
2045262297 125 0 1 1
2045262380 125 0 1 1
2045262463 125 0 1 1
2045262547 125 0 1 1
2045262629 125 0 1 1
2045262712 125 0 1 1
2045262795 125 0 1 1
2045262878 125 0 1 1
2045262961 125 0 1 1
2045263047 125 0 1 1
2045263127 125 0 1 1
2045263227 125 0 1 1
2045263375 125 0 1 1
2045264607 125 0 1 0
2045268104 125 0 1 1
2045268121 125 0 1 0
2045268187 125 0 1 1
2045268270 125 0 1 1
2045268353 125 0 1 1
2045268436 125 0 1 1
2045268519 125 0 1 1
2045268602 125 0 1 1
2045268685 125 0 1 1
2045268768 125 0 1 1
2045268851 125 0 1 1
2045268882 116 0 1 1
2045268934 125 0 1 1
2045268969 116 0 1 1
2045269052 116 0 1 1
2045269056 125 0 1 1
2045269139 116 0 1 1
2045269143 125 0 1 1
2045269183 125 0 1 1
2045269222 116 0 1 1
2045269266 125 0 1 1
2045269305 116 0 1 1
2045269388 116 0 1 1
2045269412 125 0 1 1
2045269432 125 0 1 1
2045269471 116 0 1 1
2045269554 116 0 1 1
2045269586 125 0 1 1
2045269596 116 0 1 1
2045269598 125 0 1 1
2045269679 116 0 1 1
2045269760 125 0 1 1
2045269762 116 0 1 1
2045269767 125 0 1 1
2045269845 116 0 1 1
2045269853 125 0 1 1
2045269928 116 0 1 1
2045269930 125 0 1 1
2045270011 116 0 1 1
2045270021 125 0 1 1
2045270094 116 0 1 1
2045270096 125 0 1 1
2045270177 116 0 1 1
2045270203 125 0 1 1
2045270260 116 0 1 1
2045270298 125 0 1 1
2045270343 116 0 1 1
2045270426 116 0 1 1
2045270509 116 0 1 1
2045270592 116 0 1 1
2045270675 116 0 1 1
2045270758 116 0 1 1
2045270841 116 0 1 1
2045270924 116 0 1 1
2045272533 125 0 1 0
2045278022 125 0 1 1
2045278105 125 0 1 1
2045278176 125 0 1 0
2045278188 125 0 1 1
2045278271 125 0 1 1
2045278327 116 0 1 1
2045278342 116 0 1 0
2045278354 125 0 1 1
2045278410 116 0 1 1
2045278437 125 0 1 1
2045278493 116 0 1 1
2045278520 125 0 1 1
2045278576 116 0 1 1
2045278603 125 0 1 1
2045278659 116 0 1 1
2045278686 125 0 1 1
2045278742 116 0 1 1
2045278769 125 0 1 1
2045278825 116 0 1 1
2045278852 125 0 1 1
2045278908 116 0 1 1
2045278935 125 0 1 1
2045278991 116 0 1 1
2045279018 125 0 1 1
2045279074 116 0 1 1
2045279101 125 0 1 1
2045279157 116 0 1 1
2045279184 125 0 1 1
2045279240 116 0 1 1
2045279267 125 0 1 1
2045279323 116 0 1 1
2045279350 125 0 1 1
2045279406 116 0 1 1
2045279433 125 0 1 1
2045279489 116 0 1 1
2045279516 125 0 1 1
2045279572 116 0 1 1
2045279599 125 0 1 1
2045279655 116 0 1 1
2045279682 125 0 1 1
2045279738 116 0 1 1
2045279765 125 0 1 1
2045279821 116 0 1 1
2045279848 125 0 1 1
2045279904 116 0 1 1
2045279931 125 0 1 1
2045279987 116 0 1 1
2045280014 125 0 1 1
2045280070 116 0 1 1
2045280097 125 0 1 1
2045280153 116 0 1 1
2045280236 116 0 1 1
2045280262 125 0 1 1
2045280319 116 0 1 1
2045280328 116 0 1 1
2045280411 116 0 1 1
2045281733 125 0 1 0
2045282364 113 0 1 1
2045282390 113 0 1 0
2045282409 113 0 1 1
2045282481 113 0 1 0
2045282496 113 0 1 1
2045282568 113 0 1 0
2045282579 113 0 1 1
2045282704 113 0 1 1
2045282745 113 0 1 1
2045282832 113 0 1 1
2045282915 113 0 1 1
2045283044 113 0 1 1
2045283085 113 0 1 1
2045283168 113 0 1 1
2045283251 113 0 1 1
2045283338 113 0 1 1
2045283421 113 0 1 1
2045283550 113 0 1 1
2045283587 113 0 1 1
2045283674 113 0 1 1
2045283757 113 0 1 1
2045283840 113 0 1 1
2045283977 113 0 1 1
2045284010 113 0 1 1
2045284143 113 0 1 1
2045284180 113 0 1 1
2045284263 113 0 1 1
2045284346 113 0 1 1
2045284429 113 0 1 1
2045284574 113 0 1 1
2045284654 113 0 1 1
2045285792 113 0 1 0
2045287859 116 0 1 1
2045287886 125 0 1 1
2045287889 125 0 1 0
2045287969 125 0 1 1
2045288040 116 0 1 1
2045288052 125 0 1 1
2045288135 125 0 1 1
2045288218 125 0 1 1
2045288221 116 0 1 1
2045288301 125 0 1 1
2045288384 125 0 1 1
2045288402 116 0 1 1
2045288467 125 0 1 1
2045288550 125 0 1 1
2045288583 116 0 1 1
2045288633 125 0 1 1
2045288716 125 0 1 1
2045288764 116 0 1 1
2045288799 125 0 1 1
2045288882 125 0 1 1
2045288945 116 0 1 1
2045288965 125 0 1 1
2045289049 125 0 1 1
2045289131 125 0 1 1
2045289144 116 0 1 1
2045289214 125 0 1 1
2045289297 125 0 1 1
2045289343 116 0 1 1
2045289380 125 0 1 1
2045289463 125 0 1 1
2045289542 116 0 1 1
2045289546 125 0 1 1
2045289625 116 0 1 1
2045289629 125 0 1 1
2045289708 116 0 1 1
2045289712 125 0 1 1
2045289791 116 0 1 1
2045289795 125 0 1 1
2045289874 116 0 1 1
2045289878 125 0 1 1
2045289961 125 0 1 1
2045290044 125 0 1 1
2045291117 116 0 1 0
2045291283 125 0 1 0
2045300551 125 0 1 1
2045300634 125 0 1 1
2045300662 125 0 1 0
2045300717 125 0 1 1
2045300800 125 0 1 1
2045300883 125 0 1 1
2045300966 125 0 1 1
2045301049 125 0 1 1
2045301132 125 0 1 1
2045301215 125 0 1 1
2045301298 125 0 1 1
2045301381 125 0 1 1
2045301464 125 0 1 1
2045301547 125 0 1 1
2045301630 125 0 1 1
2045301713 125 0 1 1
2045301796 125 0 1 1
2045301880 125 0 1 1
2045301962 125 0 1 1
2045302045 125 0 1 1
2045302128 125 0 1 1
2045302211 125 0 1 1
2045302294 125 0 1 1
2045302377 125 0 1 1
2045302460 125 0 1 1
2045302543 125 0 1 1
2045302626 125 0 1 1
2045302748 125 0 1 1
2045302955 125 0 1 0
2045310349 125 0 1 1
2045310373 125 0 1 0
2045310515 125 0 1 1
2045310598 125 0 1 1
2045310681 125 0 1 1
2045310764 125 0 1 1
2045310788 125 0 1 0
2045310847 125 0 1 1
2045310930 125 0 1 1
2045311013 125 0 1 1
2045311096 125 0 1 1
2045311179 125 0 1 1
2045311262 125 0 1 1
2045311345 125 0 1 1
2045311428 125 0 1 1
2045311511 125 0 1 1
2045311594 125 0 1 1
2045311677 125 0 1 1
2045311760 125 0 1 1
2045311843 125 0 1 1
2045311926 125 0 1 1
2045312009 125 0 1 1
2045312092 125 0 1 1
2045312175 125 0 1 1
2045312258 125 0 1 1
2045312341 125 0 1 1
2045312424 125 0 1 1
2045312507 125 0 1 1
2045312590 125 0 1 1
2045312874 125 0 1 1
2045314440 125 0 1 0
2045636269 133 1 21 1
2045636355 133 1 21 0
2045636358 133 1 21 1
2045636444 133 1 21 1
2045636530 133 1 21 1
2045636616 133 1 21 1
2045636702 133 1 21 1
2045636788 133 1 21 1
2045636874 133 1 21 1
2045636960 133 1 21 1
2045637046 133 1 21 1
2045637132 133 1 21 1
2045637218 133 1 21 1
2045637304 133 1 21 1
2045637390 133 1 21 1
2045637476 133 1 21 1
2045637562 133 1 21 1
2045637648 133 1 21 1
2045637734 133 1 21 1
2045637820 133 1 21 1
2045637906 133 1 21 1
2045637992 133 1 21 1
2045638070 133 1 21 1
2045638156 133 1 21 1
2045638242 133 1 21 1
2045638328 133 1 21 1
2045638414 133 1 21 1
2045638500 133 1 21 1
2045640707 133 1 21 0
2045644971 133 1 21 1
2045645027 133 1 21 0
2045645054 133 1 21 1
2045645187 133 1 21 1
2045645220 133 1 21 1
2045645307 133 1 21 1
2045645437 133 1 21 1
2045645523 133 1 21 1
2045645609 133 1 21 1
2045645643 133 1 21 1
2045645788 133 1 21 1
2045645809 133 1 21 1
2045645892 133 1 21 1
2045646045 133 1 21 1
2045646058 133 1 21 1
2045646141 133 1 21 1
2045646300 133 1 21 1
2045646393 133 1 21 1
2045646396 133 1 21 1
2045646477 133 1 21 1
2045646560 133 1 21 1
2045646657 133 1 21 1
2045646746 133 1 21 1
2045646809 133 1 21 1
2045646918 133 1 21 1
2045646975 133 1 21 1
2045647173 133 1 21 1
2045649359 133 1 21 0
2045653528 133 1 21 1
2045653611 133 1 21 1
2045653694 133 1 21 1
2045653777 133 1 21 1
2045653862 133 1 21 1
2045653963 133 1 21 1
2045654071 133 1 21 1
2045654113 133 1 21 1
2045654196 133 1 21 1
2045654279 133 1 21 1
2045654362 133 1 21 1
2045654484 133 1 21 1
2045654528 133 1 21 1
2045654611 133 1 21 1
2045654694 133 1 21 1
2045654777 133 1 21 1
2045654934 133 1 21 1
2045654947 133 1 21 1
2045655030 133 1 21 1
2045655113 133 1 21 1
2045655199 133 1 21 1
2045655279 133 1 21 1
2045655362 133 1 21 1
2045655445 133 1 21 1
2045655528 133 1 21 1
2045655611 133 1 21 1
2045657935 133 1 21 0
2045662104 133 1 21 1
2045662187 133 1 21 1
2045662270 133 1 21 1
2045662353 133 1 21 1
2045662436 133 1 21 1
2045662519 133 1 21 1
2045662602 133 1 21 1
2045662697 133 1 21 1
2045662772 133 1 21 1
2045662855 133 1 21 1
2045662938 133 1 21 1
2045663066 133 1 21 1
2045663104 133 1 21 1
2045663187 133 1 21 1
2045663270 133 1 21 1
2045663353 133 1 21 1
2045663440 133 1 21 1
2045663560 133 1 21 1
2045663606 133 1 21 1
2045663689 133 1 21 1
2045663772 133 1 21 1
2045663855 133 1 21 1
2045663938 133 1 21 1
2045664021 133 1 21 1
2045664104 133 1 21 1
2045664187 133 1 21 1
2045666089 133 1 21 0
2045673471 133 1 21 1
2045673474 133 1 21 0
2045673543 133 1 21 1
2045673554 133 1 21 0
2045674211 133 1 21 1
2045674222 133 1 21 0
2045674341 133 1 21 1
2045674377 133 1 21 1
2045674460 133 1 21 1
2045674475 133 1 21 0
2045674543 133 1 21 1
2045674562 133 1 21 0
2045674626 133 1 21 1
2045674645 133 1 21 0
2045674713 133 1 21 1
2045674728 133 1 21 0
2045674845 133 1 21 1
2045674848 133 1 21 0
2045674879 133 1 21 1
2045674894 133 1 21 0
2045674962 133 1 21 1
2045675045 133 1 21 1
2045675128 133 1 21 1
2045675211 133 1 21 1
2045675294 133 1 21 1
2045675442 133 1 21 1
2045675460 133 1 21 1
2045675543 133 1 21 1
2045675718 133 1 21 1
2045675723 133 1 21 1
2045675806 133 1 21 1
2045675889 133 1 21 1
2045675972 133 1 21 1
2045676055 133 1 21 1
2045676138 133 1 21 1
2045676221 133 1 21 1
2045676308 133 1 21 1
2045676391 133 1 21 1
2045676561 133 1 21 1
2045676648 133 1 21 1
2045676735 133 1 21 1
2045676818 133 1 21 1
2045676901 133 1 21 1
2045676988 133 1 21 1
2045677167 133 1 21 0
2045737106 132 1 21 1
2045737128 132 1 21 0
2045737193 132 1 21 1
2045737196 132 1 21 0
2045737290 132 1 21 1
2045737367 132 1 21 1
2045737450 132 1 21 1
2045737533 132 1 21 1
2045737627 132 1 21 1
2045737699 132 1 21 1
2045737786 132 1 21 1
2045737869 132 1 21 1
2045737977 132 1 21 1
2045738035 132 1 21 1
2045738118 132 1 21 1
2045738203 132 1 21 1
2045738325 132 1 21 1
2045738371 132 1 21 1
2045738454 132 1 21 1
2045738537 132 1 21 1
2045738669 132 1 21 1
2045738703 132 1 21 1
2045738790 132 1 21 1
2045738873 132 1 21 1
2045739021 132 1 21 1
2045739039 132 1 21 1
2045739122 132 1 21 1
2045739214 132 1 21 1
2045739365 132 1 21 1
2045743897 132 1 21 0
2045746734 132 1 21 1
2045746817 132 1 21 1
2045746900 132 1 21 1
2045747029 132 1 21 1
2045747115 132 1 21 1
2045747153 132 1 21 1
2045747236 132 1 21 1
2045747373 132 1 21 1
2045747402 132 1 21 1
2045747485 132 1 21 1
2045747615 132 1 21 1
2045747717 132 1 21 1
2045747738 132 1 21 1
2045747821 132 1 21 1
2045747904 132 1 21 1
2045748057 132 1 21 1
2045748143 132 1 21 1
2045748157 132 1 21 1
2045748302 132 1 21 1
2045748392 132 1 21 1
2045748481 132 1 21 1
2045748497 132 1 21 1
2045748627 132 1 21 1
2045748717 132 1 21 1
2045748807 132 1 21 1
2045753357 132 1 21 0
2045756190 132 1 21 1
2045756277 132 1 21 1
2045756360 132 1 21 1
2045756443 132 1 21 1
2045756526 132 1 21 1
2045756615 132 1 21 1
2045756692 132 1 21 1
2045756775 132 1 21 1
2045756858 132 1 21 1
2045756959 132 1 21 1
2045757024 132 1 21 1
2045757107 132 1 21 1
2045757190 132 1 21 1
2045757299 132 1 21 1
2045757356 132 1 21 1
2045757439 132 1 21 1
2045757522 132 1 21 1
2045757627 132 1 21 1
2045757688 132 1 21 1
2045757771 132 1 21 1
2045757854 132 1 21 1
2045757963 132 1 21 1
2045758020 132 1 21 1
2045758103 132 1 21 1
2045758186 132 1 21 1
2045758299 132 1 21 1
2045761042 133 1 21 1
2045761114 133 1 21 0
2045761197 133 1 21 1
2045761280 133 1 21 0
2045761477 133 1 21 1
2045761616 133 1 21 0
2045761642 133 1 21 1
2045761797 133 1 21 1
2045761956 133 1 21 0
2045762117 133 1 21 1
2045762253 133 1 21 0
2045762261 133 1 21 1
2045762437 133 1 21 1
2045762757 133 1 21 1
2045762880 133 1 21 1
2045763077 133 1 21 1
2045763460 133 1 21 1
2045763702 133 1 21 1
2045764042 133 1 21 1
2045764125 133 1 21 1
2045764339 133 1 21 1
2045765147 133 1 21 0
2045765721 132 1 21 1
2045765845 132 1 21 1
2045765932 132 1 21 1
2045766022 132 1 21 1
2045766108 132 1 21 1
2045766198 132 1 21 1
2045766284 132 1 21 1
2045766374 132 1 21 1
2045766397 132 1 21 1
2045766480 132 1 21 1
2045766574 132 1 21 1
2045766650 132 1 21 1
2045766733 132 1 21 1
2045766860 132 1 21 1
2045766903 132 1 21 1
2045766986 132 1 21 1
2045767073 132 1 21 1
2045767195 132 1 21 1
2045767239 132 1 21 1
2045767322 132 1 21 1
2045767409 132 1 21 1
2045767531 132 1 21 1
2045767575 132 1 21 1
2045767648 133 1 21 1
2045767666 132 1 21 1
2045767731 133 1 21 1
2045767753 132 1 21 1
2045767814 133 1 21 1
2045767897 133 1 21 1
2045767980 133 1 21 1
2045768063 133 1 21 1
2045768146 133 1 21 1
2045768229 133 1 21 1
2045768312 133 1 21 1
2045768418 133 1 21 1
2045768478 133 1 21 1
2045768561 133 1 21 1
2045768644 133 1 21 1
2045768727 133 1 21 1
2045768904 133 1 21 1
2045769267 133 1 21 1
2045769350 133 1 21 1
2045769630 133 1 21 1
2045772720 133 1 21 0
2045776033 132 1 21 1
2045776051 133 1 21 1
2045776123 132 1 21 1
2045776134 133 1 21 1
2045776209 132 1 21 1
2045776217 133 1 21 1
2045776299 132 1 21 1
2045776300 133 1 21 1
2045776383 133 1 21 1
2045776385 132 1 21 1
2045776466 133 1 21 1
2045776471 132 1 21 1
2045776551 133 1 21 1
2045776557 132 1 21 1
2045776632 133 1 21 1
2045776647 132 1 21 1
2045776715 133 1 21 1
2045776733 132 1 21 1
2045776798 133 1 21 1
2045776823 132 1 21 1
2045776881 133 1 21 1
2045776909 132 1 21 1
2045776971 133 1 21 1
2045776995 132 1 21 1
2045777057 133 1 21 1
2045777081 132 1 21 1
2045777130 133 1 21 1
2045777175 132 1 21 1
2045777213 133 1 21 1
2045777261 132 1 21 1
2045777296 133 1 21 1
2045777347 132 1 21 1
2045777379 133 1 21 1
2045777433 132 1 21 1
2045777462 133 1 21 1
2045777519 132 1 21 1
2045777545 133 1 21 1
2045777609 132 1 21 1
2045777628 133 1 21 1
2045777699 132 1 21 1
2045777711 133 1 21 1
2045777785 132 1 21 1
2045777794 133 1 21 1
2045777871 132 1 21 1
2045777877 133 1 21 1
2045777957 132 1 21 1
2045777970 133 1 21 1
2045778043 133 1 21 1
2045778047 132 1 21 1
2045778129 133 1 21 1
2045778137 132 1 21 1
2045779313 133 1 21 0
2045782096 132 1 21 0
2045785109 132 1 21 1
2045785195 132 1 21 1
2045785287 132 1 21 1
2045785393 132 1 21 1
2045785481 132 1 21 1
2045785568 132 1 21 1
2045785654 132 1 21 1
2045785740 132 1 21 1
2045785830 132 1 21 1
2045785920 132 1 21 1
2045786006 132 1 21 1
2045786092 132 1 21 1
2045786178 132 1 21 1
2045786268 132 1 21 1
2045786354 132 1 21 1
2045786444 132 1 21 1
2045786530 132 1 21 1
2045786616 132 1 21 1
2045786623 132 1 21 1
2045786709 132 1 21 1
2045786758 133 1 21 1
2045786795 132 1 21 1
2045786815 133 1 21 0
2045786841 133 1 21 1
2045786881 132 1 21 1
2045786902 133 1 21 0
2045786924 133 1 21 1
2045787003 133 1 21 0
2045787006 132 1 21 1
2045787007 133 1 21 1
2045787072 133 1 21 0
2045787090 133 1 21 1
2045787096 132 1 21 1
2045787186 132 1 21 1
2045787202 133 1 21 0
2045787205 133 1 21 1
2045787256 133 1 21 1
2045787339 133 1 21 1
2045787422 133 1 21 1
2045787505 133 1 21 1
2045787588 133 1 21 1
2045787671 133 1 21 1
2045787754 133 1 21 1
2045787906 133 1 21 1
2045787920 133 1 21 1
2045788003 133 1 21 1
2045788086 133 1 21 1
2045788169 133 1 21 1
2045788252 133 1 21 1
2045788335 133 1 21 1
2045788418 133 1 21 1
2045788501 133 1 21 1
2045788584 133 1 21 1
2045788667 133 1 21 1
2045788750 133 1 21 1
2045788833 133 1 21 1
2045788916 133 1 21 1
2045788999 133 1 21 1
2045789089 133 1 21 1
2045789172 133 1 21 1
2045789288 133 1 21 1
2045789965 133 1 21 0
2045790747 132 1 21 0
2045794501 133 1 21 1
2045794504 133 1 21 0
2045794541 133 1 21 1
2045794544 133 1 21 0
2045794819 132 1 21 1
2045794873 133 1 21 1
2045794893 133 1 21 0
2045794905 132 1 21 0
2045794908 132 1 21 1
2045794998 132 1 21 1
2045794999 133 1 21 1
2045795005 132 1 21 1
2045795039 133 1 21 1
2045795091 132 1 21 1
2045795093 133 1 21 0
2045795122 133 1 21 1
2045795177 132 1 21 1
2045795205 133 1 21 1
2045795263 132 1 21 1
2045795339 133 1 21 1
2045795353 132 1 21 1
2045795439 133 1 21 1
2045795443 132 1 21 1
2045795454 133 1 21 1
2045795529 132 1 21 1
2045795537 133 1 21 1
2045795615 132 1 21 1
2045795620 133 1 21 1
2045795701 132 1 21 1
2045795703 133 1 21 1
2045795787 132 1 21 1
2045795833 133 1 21 1
2045795869 133 1 21 1
2045795881 132 1 21 1
2045795952 133 1 21 1
2045795967 132 1 21 1
2045796035 133 1 21 1
2045796053 132 1 21 1
2045796118 133 1 21 1
2045796139 132 1 21 1
2045796201 133 1 21 1
2045796233 132 1 21 1
2045796319 132 1 21 1
2045796335 133 1 21 1
2045796367 133 1 21 1
2045796405 132 1 21 1
2045796450 133 1 21 1
2045796491 132 1 21 1
2045796533 133 1 21 1
2045796577 132 1 21 1
2045796588 132 1 21 1
2045796620 133 1 21 1
2045796674 132 1 21 1
2045796699 133 1 21 1
2045796760 132 1 21 1
2045796798 133 1 21 1
2045796846 132 1 21 1
2045796892 133 1 21 1
2045796978 133 1 21 1
2045797019 132 1 21 1
2045797068 133 1 21 1
2045797202 133 1 21 1
2045797625 133 1 21 0
2045799176 132 1 21 0
2045803923 132 1 21 1
2045803926 132 1 21 0
2045804095 132 1 21 1
2045804098 132 1 21 0
2045804188 132 1 21 1
2045804191 132 1 21 0
2045804277 132 1 21 1
2045804363 132 1 21 1
2045804449 132 1 21 1
2045804452 132 1 21 0
2045804538 132 1 21 1
2045804624 132 1 21 1
2045804714 132 1 21 1
2045804800 132 1 21 1
2045804886 132 1 21 1
2045804972 132 1 21 1
2045805062 132 1 21 1
2045805148 132 1 21 1
2045805234 132 1 21 1
2045805320 132 1 21 1
2045805395 133 1 21 1
2045805406 132 1 21 1
2045805452 133 1 21 0
2045805478 133 1 21 1
2045805492 132 1 21 1
2045805535 133 1 21 0
2045805561 133 1 21 1
2045805582 132 1 21 1
2045805649 133 1 21 0
2045805663 133 1 21 1
2045805668 132 1 21 1
2045805675 132 1 21 1
2045805701 133 1 21 0
2045805750 133 1 21 1
2045805761 132 1 21 1
2045805845 133 1 21 1
2045805851 132 1 21 1
2045805937 132 1 21 1
2045805950 133 1 21 0
2045806027 132 1 21 1
2045806113 132 1 21 1
2045806203 132 1 21 1
2045806293 132 1 21 1
2045806379 132 1 21 1
2045806552 132 1 21 0
2045806555 132 1 21 1
2045806641 132 1 21 0
2047245771 132 1 22 1
2047245861 132 1 22 1
2047245947 132 1 22 1
2047246116 132 1 22 1
2047246206 132 1 22 1
2047246292 132 1 22 1
2047246386 132 1 22 1
2047246476 132 1 22 1
2047246566 132 1 22 1
2047246656 132 1 22 1
2047246833 132 1 22 1
2047246919 132 1 22 1
2047247009 132 1 22 1
2047247095 132 1 22 1
2047247185 132 1 22 1
2047247271 132 1 22 1
2047247355 132 1 22 1
2047247528 132 1 22 1
2047247614 132 1 22 1
2047247704 132 1 22 1
2047247794 132 1 22 1
2047247884 132 1 22 1
2047251024 132 1 22 0
2047251250 135 1 22 1
2047251336 135 1 22 1
2047251343 135 1 22 1
2047251429 135 1 22 1
2047251519 135 1 22 1
2047251605 135 1 22 1
2047251691 135 1 22 1
2047251781 135 1 22 1
2047251875 135 1 22 1
2047251961 135 1 22 1
2047252051 135 1 22 1
2047252141 135 1 22 1
2047252227 135 1 22 1
2047252317 135 1 22 1
2047252407 135 1 22 1
2047252493 135 1 22 1
2047252587 135 1 22 1
2047252673 135 1 22 1
2047252759 135 1 22 1
2047252849 135 1 22 1
2047252939 135 1 22 1
2047253025 135 1 22 1
2047253111 135 1 22 1
2047253201 135 1 22 1
2047253204 135 1 22 1
2047253294 135 1 22 1
2047254612 132 1 22 1
2047254615 132 1 22 0
2047254705 132 1 22 1
2047254799 132 1 22 0
2047254802 132 1 22 1
2047254892 132 1 22 1
2047254986 132 1 22 1
2047255076 132 1 22 1
2047255166 132 1 22 1
2047255256 132 1 22 1
2047255350 132 1 22 1
2047255440 132 1 22 1
2047255526 132 1 22 1
2047255616 132 1 22 1
2047255706 132 1 22 1
2047255796 132 1 22 1
2047255886 132 1 22 1
2047255976 132 1 22 1
2047256066 132 1 22 1
2047256156 132 1 22 1
2047256250 132 1 22 1
2047256336 132 1 22 1
2047256426 132 1 22 1
2047256512 132 1 22 1
2047256606 132 1 22 1
2047256692 132 1 22 1
2047256786 132 1 22 1
2047256959 132 1 22 1
2047259385 132 1 22 0
2047260405 135 1 22 1
2047260491 135 1 22 1
2047260581 135 1 22 1
2047260655 135 1 22 1
2047260658 135 1 22 1
2047260744 135 1 22 1
2047260830 135 1 22 1
2047260916 135 1 22 1
2047261006 135 1 22 1
2047261092 135 1 22 1
2047261178 135 1 22 1
2047261264 135 1 22 1
2047261350 135 1 22 1
2047261436 135 1 22 1
2047261526 135 1 22 1
2047261612 135 1 22 1
2047261702 135 1 22 1
2047261788 135 1 22 1
2047261874 135 1 22 1
2047261968 135 1 22 1
2047262054 135 1 22 1
2047262140 135 1 22 1
2047262226 135 1 22 1
2047262233 135 1 22 1
2047262319 135 1 22 1
2047262405 135 1 22 1
2047262491 135 1 22 1
2047264218 132 1 22 1
2047264312 132 1 22 1
2047264398 132 1 22 1
2047264484 132 1 22 0
2047264491 132 1 22 1
2047264577 132 1 22 1
2047264671 132 1 22 1
2047264761 132 1 22 1
2047264851 132 1 22 1
2047264941 132 1 22 1
2047265027 132 1 22 1
2047265117 132 1 22 1
2047265207 132 1 22 1
2047265297 132 1 22 1
2047265383 132 1 22 1
2047265477 132 1 22 1
2047265563 132 1 22 1
2047265653 132 1 22 1
2047265739 132 1 22 1
2047265833 132 1 22 1
2047265919 132 1 22 1
2047266009 132 1 22 1
2047266095 132 1 22 1
2047266189 132 1 22 1
2047266275 132 1 22 1
2047266365 132 1 22 1
2047266629 132 1 22 1
2047268965 132 1 22 0
2047269613 135 1 22 1
2047269699 135 1 22 0
2047269702 135 1 22 1
2047269788 135 1 22 1
2047269874 135 1 22 1
2047269964 135 1 22 1
2047270050 135 1 22 1
2047270136 135 1 22 1
2047270226 135 1 22 1
2047270312 135 1 22 1
2047270398 135 1 22 1
2047270488 135 1 22 1
2047270574 135 1 22 1
2047270660 135 1 22 1
2047270746 135 1 22 1
2047270836 135 1 22 1
2047270922 135 1 22 1
2047271008 135 1 22 1
2047271094 135 1 22 1
2047271184 135 1 22 1
2047271270 135 1 22 1
2047271356 135 1 22 1
2047271442 135 1 22 1
2047271528 135 1 22 1
2047271618 135 1 22 1
2047271704 135 1 22 1
2047271794 135 1 22 1
2047272942 132 1 22 1
2047273028 132 1 22 0
2047273031 132 1 22 1
2047273125 132 1 22 1
2047273211 132 1 22 1
2047273222 132 1 22 1
2047273391 132 1 22 1
2047273481 132 1 22 1
2047273567 132 1 22 1
2047273574 132 1 22 1
2047273660 132 1 22 1
2047273750 132 1 22 1
2047273836 132 1 22 1
2047273926 132 1 22 1
2047274012 132 1 22 1
2047274102 132 1 22 1
2047274188 132 1 22 1
2047274278 132 1 22 1
2047274364 132 1 22 1
2047274458 132 1 22 1
2047274544 132 1 22 1
2047274634 132 1 22 1
2047274720 132 1 22 1
2047274810 132 1 22 1
2047274900 132 1 22 1
2047274990 132 1 22 1
2047275145 135 1 22 0
2047275159 132 1 22 1
2047277519 132 1 22 0
2047278181 135 1 22 1
2047278188 135 1 22 0
2047278195 135 1 22 1
2047278285 135 1 22 1
2047278383 135 1 22 1
2047278469 135 1 22 1
2047278559 135 1 22 1
2047278649 135 1 22 1
2047278735 135 1 22 1
2047278829 135 1 22 1
2047278915 135 1 22 1
2047279001 135 1 22 1
2047279091 135 1 22 1
2047279177 135 1 22 1
2047279267 135 1 22 1
2047279353 135 1 22 1
2047279443 135 1 22 1
2047279529 135 1 22 1
2047279619 135 1 22 1
2047279713 135 1 22 1
2047279799 135 1 22 1
2047279889 135 1 22 1
2047279975 135 1 22 1
2047280065 135 1 22 1
2047280155 135 1 22 1
2047280241 135 1 22 1
2047280327 135 1 22 1
2047281624 132 1 22 1
2047281714 132 1 22 1
2047281808 132 1 22 1
2047281898 132 1 22 1
2047281992 132 1 22 1
2047282082 132 1 22 1
2047282172 132 1 22 1
2047282266 132 1 22 1
2047282356 132 1 22 1
2047282446 132 1 22 1
2047282540 132 1 22 1
2047282636 132 1 22 1
2047282726 132 1 22 1
2047282820 132 1 22 1
2047282910 132 1 22 1
2047283000 132 1 22 1
2047283094 132 1 22 1
2047283101 132 1 22 1
2047283274 132 1 22 1
2047283281 132 1 22 1
2047283375 132 1 22 1
2047283469 132 1 22 1
2047283559 132 1 22 1
2047283653 132 1 22 1
2047283992 135 1 22 0
2047286152 132 1 22 0
2047287349 135 1 22 1
2047287439 135 1 22 1
2047287525 135 1 22 1
2047287615 135 1 22 1
2047287705 135 1 22 1
2047287799 135 1 22 1
2047287885 135 1 22 1
2047287975 135 1 22 1
2047288065 135 1 22 1
2047288151 135 1 22 1
2047288241 135 1 22 1
2047288331 135 1 22 1
2047288421 135 1 22 1
2047288507 135 1 22 1
2047288597 135 1 22 1
2047288687 135 1 22 1
2047288777 135 1 22 1
2047288867 135 1 22 1
2047288957 135 1 22 1
2047289047 135 1 22 1
2047289137 135 1 22 1
2047289144 135 1 22 1
2047289234 135 1 22 1
2047289320 135 1 22 1
2047289410 135 1 22 1
2047291509 132 1 22 1
2047291557 132 1 22 0
2047291568 132 1 22 1
2047291604 132 1 22 0
2047291643 132 1 22 1
2047291726 132 1 22 1
2047291815 132 1 22 1
2047291904 132 1 22 1
2047291991 132 1 22 1
2047292074 132 1 22 1
2047292165 132 1 22 1
2047292253 132 1 22 1
2047292339 132 1 22 1
2047292422 132 1 22 1
2047292513 132 1 22 1
2047292600 132 1 22 1
2047292740 132 1 22 1
2047292778 132 1 22 1
2047292861 132 1 22 1
2047292948 132 1 22 1
2047293039 132 1 22 1
2047293122 132 1 22 1
2047293209 132 1 22 1
2047293300 132 1 22 1
2047293391 132 1 22 1
2047293549 132 1 22 1
2047293567 132 1 22 1
2047293652 132 1 22 1
2047294312 135 1 22 0
2047294865 132 1 22 0
2047297110 135 1 22 1
2047297201 135 1 22 1
2047297292 135 1 22 1
2047297379 135 1 22 1
2047297470 135 1 22 1
2047297561 135 1 22 1
2047297652 135 1 22 1
2047297743 135 1 22 1
2047297830 135 1 22 1
2047297921 135 1 22 1
2047298012 135 1 22 1
2047298129 135 1 22 1
2047298194 135 1 22 1
2047298285 135 1 22 1
2047298372 135 1 22 1
2047298467 135 1 22 1
2047298558 135 1 22 1
2047298649 135 1 22 1
2047298736 135 1 22 1
2047298827 135 1 22 1
2047298918 135 1 22 1
2047299005 135 1 22 1
2047299100 135 1 22 1
2047299191 135 1 22 1
2047299678 132 1 22 1
2047299768 132 1 22 0
2047299775 132 1 22 1
2047299861 132 1 22 1
2047299955 132 1 22 1
2047300045 132 1 22 1
2047300135 132 1 22 1
2047300225 132 1 22 1
2047300315 132 1 22 1
2047300405 132 1 22 1
2047300499 132 1 22 1
2047300585 132 1 22 1
2047300683 132 1 22 1
2047300807 132 1 22 1
2047300901 132 1 22 1
2047300987 132 1 22 1
2047301081 132 1 22 1
2047301175 132 1 22 1
2047301265 132 1 22 1
2047301355 132 1 22 1
2047301449 132 1 22 1
2047301539 132 1 22 1
2047301637 132 1 22 1
2047301644 132 1 22 1
2047301734 132 1 22 1
2047301919 132 1 22 1
2047303493 132 1 22 0
2047303707 135 1 22 0
2047307395 135 1 22 1
2047307475 135 1 22 0
2047307482 135 1 22 1
2047307562 135 1 22 0
2047307573 135 1 22 1
2047307632 132 1 22 1
2047307649 132 1 22 0
2047307660 135 1 22 1
2047307723 132 1 22 1
2047307751 135 1 22 1
2047307818 132 1 22 1
2047307842 135 1 22 1
2047307905 132 1 22 1
2047307933 135 1 22 1
2047307992 132 1 22 1
2047308024 135 1 22 1
2047308087 132 1 22 1
2047308115 135 1 22 1
2047308174 132 1 22 1
2047308206 135 1 22 1
2047308265 132 1 22 1
2047308293 135 1 22 1
2047308384 135 1 22 1
2047308384 132 1 22 1
2047308474 132 1 22 1
2047308475 135 1 22 1
2047308562 135 1 22 1
2047308564 132 1 22 1
2047308650 132 1 22 1
2047308653 135 1 22 1
2047308740 135 1 22 1
2047308744 132 1 22 1
2047308830 132 1 22 1
2047308831 135 1 22 1
2047308894 132 1 22 1
2047308914 135 1 22 1
2047308981 132 1 22 1
2047309001 135 1 22 1
2047309068 132 1 22 1
2047309092 135 1 22 1
2047309159 132 1 22 1
2047309179 135 1 22 1
2047309254 132 1 22 1
2047309270 135 1 22 1
2047309341 132 1 22 1
2047309361 135 1 22 1
2047309432 132 1 22 1
2047309444 135 1 22 1
2047309527 132 1 22 1
2047309561 135 1 22 1
2047309618 132 1 22 1
2047309652 135 1 22 1
2047309709 132 1 22 1
2047309800 132 1 22 1
2047311840 135 1 22 0
2047312868 132 1 22 0
2047316021 132 1 22 1
2047316054 135 1 22 1
2047316111 132 1 22 1
2047316126 135 1 22 0
2047316137 135 1 22 1
2047316201 132 1 22 1
2047316209 135 1 22 0
2047316228 135 1 22 1
2047316287 132 1 22 1
2047316311 135 1 22 1
2047316377 132 1 22 1
2047316401 135 1 22 1
2047316463 132 1 22 1
2047316485 135 1 22 1
2047316557 132 1 22 1
2047316572 135 1 22 1
2047316643 132 1 22 1
2047316650 132 1 22 1
2047316659 135 1 22 1
2047316744 132 1 22 1
2047316746 135 1 22 1
2047316833 135 1 22 1
2047316834 132 1 22 1
2047316920 135 1 22 1
2047316920 132 1 22 1
2047317010 132 1 22 1
2047317011 135 1 22 1
2047317094 135 1 22 1
2047317100 132 1 22 1
2047317186 132 1 22 1
2047317189 135 1 22 1
2047317276 135 1 22 1
2047317284 132 1 22 1
2047317367 135 1 22 1
2047317370 132 1 22 1
2047317456 132 1 22 1
2047317517 135 1 22 1
2047317532 132 1 22 1
2047317541 135 1 22 1
2047317632 135 1 22 1
2047317633 132 1 22 1
2047317719 132 1 22 1
2047317723 135 1 22 1
2047317805 132 1 22 1
2047317806 135 1 22 1
2047317828 132 1 22 1
2047317897 135 1 22 1
2047317961 132 1 22 1
2047317984 135 1 22 1
2047318051 132 1 22 1
2047318075 135 1 22 1
2047318137 132 1 22 1
2047318212 135 1 22 1
2047318299 135 1 22 1
2047319881 135 1 22 0
2047321462 132 1 22 0
2047324473 132 1 22 1
2047324553 132 1 22 0
2047324556 132 1 22 1
2047324639 132 1 22 1
2047324726 132 1 22 1
2047324809 132 1 22 1
2047324892 132 1 22 1
2047324975 132 1 22 1
2047325058 132 1 22 1
2047325141 132 1 22 1
2047325187 135 1 22 1
2047325228 132 1 22 1
2047325273 135 1 22 0
2047325276 135 1 22 1
2047325311 132 1 22 1
2047325362 135 1 22 1
2047325394 132 1 22 1
2047325477 132 1 22 1
2047325531 135 1 22 1
2047325560 132 1 22 1
2047325617 135 1 22 1
2047325643 132 1 22 1
2047325703 135 1 22 1
2047325730 132 1 22 1
2047325793 135 1 22 1
2047325821 135 1 22 1
2047325851 132 1 22 1
2047325900 132 1 22 1
2047325934 135 1 22 1
2047326003 135 1 22 1
2047326017 132 1 22 1
2047326069 132 1 22 1
2047326100 135 1 22 1
2047326187 132 1 22 1
2047326236 132 1 22 1
2047326266 135 1 22 1
2047326276 135 1 22 1
2047326353 132 1 22 1
2047326403 132 1 22 1
2047326432 135 1 22 1
2047326462 135 1 22 1
2047326515 132 1 22 1
2047326602 135 1 22 1
2047326648 135 1 22 1
2047326689 132 1 22 1
2047326768 135 1 22 1
2047326826 135 1 22 1
2047326938 135 1 22 1
2047327025 135 1 22 1
2047327099 135 1 22 1
2047327195 135 1 22 1
2047327359 135 1 22 1
2047328721 135 1 22 0
2047331323 132 1 22 0
2047334579 135 1 22 1
2047334582 135 1 22 0
2047334668 135 1 22 1
2047334692 132 1 22 1
2047334754 135 1 22 1
2047334786 132 1 22 1
2047334840 132 1 22 1
2047334840 135 1 22 1
2047334926 135 1 22 1
2047334953 132 1 22 1
2047334969 135 1 22 1
2047335010 132 1 22 1
2047335081 135 1 22 1
2047335101 132 1 22 1
2047335167 135 1 22 1
2047335234 132 1 22 1
2047335253 135 1 22 1
2047335267 132 1 22 1
2047335339 135 1 22 1
2047335408 132 1 22 1
2047335478 135 1 22 1
2047335498 132 1 22 1
2047335564 135 1 22 1
2047335584 132 1 22 1
2047335650 135 1 22 1
2047335674 132 1 22 1
2047335694 132 1 22 1
2047335736 135 1 22 1
2047335777 132 1 22 1
2047335822 135 1 22 1
2047335913 135 1 22 1
2047335930 132 1 22 1
2047335938 135 1 22 1
2047335947 132 1 22 1
2047336035 135 1 22 1
2047336100 132 1 22 1
2047336121 135 1 22 1
2047336125 132 1 22 1
2047336207 135 1 22 1
2047336270 132 1 22 1
2047336291 132 1 22 1
2047336293 135 1 22 1
2047336379 135 1 22 1
2047336444 132 1 22 1
2047336461 132 1 22 1
2047336465 135 1 22 1
2047336551 135 1 22 1
2047336589 132 1 22 1
2047336638 135 1 22 1
2047336675 132 1 22 1
2047336769 132 1 22 1
2047336782 135 1 22 1
2047338616 135 1 22 0
2047340268 132 1 22 0
2047343420 132 1 22 1
2047343423 132 1 22 0
2047343509 132 1 22 1
2047343520 132 1 22 1
2047343610 132 1 22 1
2047343696 132 1 22 1
2047343790 132 1 22 1
2047343880 132 1 22 1
2047343966 132 1 22 1
2047344064 132 1 22 1
2047344111 135 1 22 1
2047344150 132 1 22 1
2047344197 135 1 22 0
2047344200 135 1 22 1
2047344236 132 1 22 1
2047344286 135 1 22 1
2047344326 132 1 22 1
2047344372 135 1 22 1
2047344412 132 1 22 1
2047344458 135 1 22 1
2047344506 132 1 22 1
2047344544 135 1 22 1
2047344596 132 1 22 1
2047344630 135 1 22 1
2047344682 132 1 22 1
2047344693 132 1 22 1
2047344716 135 1 22 1
2047344779 132 1 22 1
2047344806 135 1 22 1
2047344839 132 1 22 1
2047344933 132 1 22 1
2047344975 135 1 22 1
2047345019 132 1 22 1
2047345061 135 1 22 1
2047345109 132 1 22 1
2047345147 135 1 22 1
2047345195 132 1 22 1
2047345233 135 1 22 1
2047345285 132 1 22 1
2047345319 135 1 22 1
2047345352 132 1 22 1
2047345405 135 1 22 1
2047345446 132 1 22 1
2047345491 135 1 22 1
2047345532 132 1 22 1
2047345581 135 1 22 1
2047345626 132 1 22 1
2047345667 135 1 22 1
2047345753 135 1 22 1
2047345839 135 1 22 1
2047345925 135 1 22 1
2047346011 135 1 22 1
2047346097 135 1 22 1
2047346183 135 1 22 1
2047346352 135 1 22 1
2047347118 135 1 22 0
2047352783 132 1 22 1
2047352848 135 1 22 1
2047352851 135 1 22 0
2047352873 132 1 22 1
2047352937 135 1 22 1
2047352944 135 1 22 0
2047352959 132 1 22 1
2047353030 135 1 22 1
2047353045 132 1 22 1
2047353116 135 1 22 1
2047353131 132 1 22 1
2047353206 135 1 22 1
2047353217 132 1 22 1
2047353292 135 1 22 1
2047353303 132 1 22 1
2047353310 132 1 22 1
2047353378 135 1 22 1
2047353385 135 1 22 1
2047353396 132 1 22 1
2047353475 135 1 22 1
2047353510 132 1 22 1
2047353561 135 1 22 1
2047353596 132 1 22 1
2047353651 135 1 22 1
2047353682 132 1 22 1
2047353737 135 1 22 1
2047353768 132 1 22 1
2047353775 132 1 22 1
2047353827 135 1 22 1
2047353913 135 1 22 1
2047353944 132 1 22 1
2047353947 132 1 22 1
2047353999 135 1 22 1
2047354033 132 1 22 1
2047354089 135 1 22 1
2047354119 132 1 22 1
2047354175 135 1 22 1
2047354265 135 1 22 1
2047354268 135 1 22 1
2047354288 132 1 22 1
2047354291 132 1 22 1
2047354358 135 1 22 1
2047354381 132 1 22 1
2047354467 132 1 22 1
2047354527 135 1 22 1
2047354553 132 1 22 1
2047354613 135 1 22 1
2047354620 135 1 22 1
2047354639 132 1 22 1
2047354710 135 1 22 1
2047354725 132 1 22 1
2047354796 135 1 22 1
2047354811 132 1 22 1
2047354886 135 1 22 1
2047354972 135 1 22 1
2047355062 135 1 22 1
2047355148 135 1 22 1
2047355486 132 1 22 0
2047358155 135 1 22 0
2047361499 135 1 22 1
2047361589 135 1 22 1
2047361596 135 1 22 1
2047361686 135 1 22 1
2047361772 135 1 22 1
2047361858 135 1 22 1
2047361948 135 1 22 1
2047362034 135 1 22 1
2047362124 135 1 22 1
2047362210 135 1 22 1
2047362300 135 1 22 1
2047362307 135 1 22 1
2047362397 135 1 22 1
2047362483 135 1 22 1
2047362569 135 1 22 1
2047362651 135 1 22 1
2047362741 135 1 22 1
2047362827 135 1 22 1
2047362917 135 1 22 1
2047363003 135 1 22 1
2047363089 135 1 22 1
2047363179 135 1 22 1
2047363265 135 1 22 1
2047363351 135 1 22 1
2047363441 135 1 22 1
2047363527 135 1 22 1
2047363613 135 1 22 1
2047394392 135 1 22 1
2047394478 135 1 22 0
2047394485 135 1 22 1
2047394571 135 1 22 1
2047394657 135 1 22 1
2047394747 135 1 22 1
2047394833 135 1 22 1
2047394923 135 1 22 1
2047395004 135 1 22 1
2047395090 135 1 22 1
2047395176 135 1 22 1
2047395266 135 1 22 1
2047395352 135 1 22 1
2047395438 135 1 22 1
2047395445 135 1 22 1
2047395531 135 1 22 1
2047395621 135 1 22 1
2047395707 135 1 22 1
2047395797 135 1 22 1
2047395891 135 1 22 1
2047395977 135 1 22 1
2047396063 135 1 22 1
2047396157 135 1 22 1
2047396251 135 1 22 1
2047396341 135 1 22 1
2047396431 135 1 22 1
2047396517 135 1 22 1
2047396528 135 1 22 1
2047397389 135 1 22 0
2048287507 135 1 19 1
2048287590 135 1 19 1
2048287673 135 1 19 1
2048287756 135 1 19 1
2048287839 135 1 19 1
2048288007 135 1 19 1
2048288010 135 1 19 1
2048288096 135 1 19 1
2048288182 135 1 19 1
2048288280 135 1 19 1
2048288366 135 1 19 1
2048288456 135 1 19 1
2048288542 135 1 19 1
2048288628 135 1 19 1
2048288714 135 1 19 1
2048288804 135 1 19 1
2048288890 135 1 19 1
2048288984 135 1 19 1
2048289039 135 1 19 1
2048289108 135 1 19 1
2048289195 135 1 19 1
2048289278 135 1 19 1
2048289365 135 1 19 1
2048289448 135 1 19 1
2048289531 135 1 19 1
2048291680 135 1 19 0
2048296599 135 1 19 1
2048296612 135 1 19 0
2048296682 135 1 19 1
2048296769 135 1 19 1
2048296852 135 1 19 1
2048296939 135 1 19 1
2048297026 135 1 19 1
2048297109 135 1 19 1
2048297192 135 1 19 1
2048297279 135 1 19 1
2048297362 135 1 19 1
2048297445 135 1 19 1
2048297532 135 1 19 1
2048297619 135 1 19 1
2048297702 135 1 19 1
2048297789 135 1 19 1
2048297872 135 1 19 1
2048297955 135 1 19 1
2048298038 135 1 19 1
2048298125 135 1 19 1
2048298210 135 1 19 1
2048298295 135 1 19 1
2048298382 135 1 19 1
2048298465 135 1 19 1
2048298548 135 1 19 1
2048298635 135 1 19 1
2048298718 135 1 19 1
2048301287 135 1 19 0
2048305156 135 1 19 1
2048305230 135 1 19 0
2048305243 135 1 19 1
2048305329 135 1 19 0
2048305332 135 1 19 1
2048305413 135 1 19 1
2048305500 135 1 19 1
2048305583 135 1 19 1
2048305670 135 1 19 1
2048305757 135 1 19 1
2048305840 135 1 19 1
2048305927 135 1 19 1
2048306018 135 1 19 1
2048306101 135 1 19 1
2048306188 135 1 19 1
2048306275 135 1 19 1
2048306362 135 1 19 1
2048306453 135 1 19 1
2048306536 135 1 19 1
2048306623 135 1 19 1
2048306710 135 1 19 1
2048306763 135 1 19 1
2048306846 135 1 19 1
2048306933 135 1 19 1
2048307016 135 1 19 1
2048307103 135 1 19 1
2048307186 135 1 19 1
2048307316 135 1 19 1
2048307415 135 1 19 1
2048308248 135 1 19 0
2048312030 135 1 19 1
2048312050 135 1 19 0
2048312113 135 1 19 1
2048312200 135 1 19 1
2048312283 135 1 19 1
2048312366 135 1 19 1
2048312453 135 1 19 1
2048312540 135 1 19 1
2048312623 135 1 19 1
2048312714 135 1 19 1
2048312797 135 1 19 1
2048312880 135 1 19 1
2048312967 135 1 19 1
2048313054 135 1 19 1
2048313137 135 1 19 1
2048313220 135 1 19 1
2048313315 135 1 19 1
2048313398 135 1 19 1
2048313481 135 1 19 1
2048313568 135 1 19 1
2048313655 135 1 19 1
2048313738 135 1 19 1
2048313829 135 1 19 1
2048313916 135 1 19 1
2048314003 135 1 19 1
2048314094 135 1 19 1
2048314185 135 1 19 1
2048315466 135 1 19 0
2048358960 107 0 1 1
2048359025 107 0 1 0
2048359043 107 0 1 1
2048359112 107 0 1 0
2048359126 107 0 1 1
2048359209 107 0 1 1
2048359278 107 0 1 0
2048359292 107 0 1 1
2048359375 107 0 1 1
2048359458 107 0 1 1
2048359541 107 0 1 1
2048359624 107 0 1 1
2048359707 107 0 1 1
2048359790 107 0 1 1
2048359873 107 0 1 1
2048359956 107 0 1 1
2048360039 107 0 1 1
2048360122 107 0 1 1
2048360205 107 0 1 1
2048360288 107 0 1 1
2048360371 107 0 1 1
2048360454 107 0 1 1
2048360579 107 0 1 1
2048360665 107 0 1 1
2048360703 107 0 1 1
2048360814 107 0 1 1
2048360915 107 0 1 1
2048361001 107 0 1 1
2048361035 107 0 1 1
2048361160 107 0 1 1
2048361246 107 0 1 1
2048361415 107 0 1 1
2048363815 107 0 1 0
2048368728 107 0 1 1
2048368791 107 0 1 0
2048368811 107 0 1 1
2048368894 107 0 1 1
2048368977 107 0 1 1
2048369060 107 0 1 1
2048369230 107 0 1 1
2048369394 107 0 1 1
2048369477 107 0 1 1
2048369561 107 0 1 1
2048369728 107 0 1 1
2048369895 107 0 1 1
2048369978 107 0 1 1
2048370062 107 0 1 1
2048370229 107 0 1 1
2048370396 107 0 1 1
2048370479 107 0 1 1
2048370563 107 0 1 1
2048370730 107 0 1 1
2048371238 107 0 1 0
2049135429 130 1 19 1
2049135515 130 1 19 0
2049135518 130 1 19 1
2049135604 130 1 19 1
2049135700 130 1 19 1
2049135786 130 1 19 1
2049135876 130 1 19 1
2049135945 130 1 19 1
2049136031 130 1 19 1
2049136121 130 1 19 1
2049136207 130 1 19 1
2049136297 130 1 19 1
2049136383 130 1 19 1
2049136473 130 1 19 1
2049136559 130 1 19 1
2049136653 130 1 19 1
2049136739 130 1 19 1
2049136825 130 1 19 1
2049136916 130 1 19 1
2049137002 130 1 19 1
2049137088 130 1 19 1
2049137161 130 1 19 1
2049137282 130 1 19 1
2049137368 130 1 19 1
2049137426 130 1 19 1
2049137683 130 1 19 1
2049141106 130 1 19 0
2049145181 130 1 19 1
2049145184 130 1 19 0
2049145270 130 1 19 1
2049145356 130 1 19 1
2049145359 130 1 19 0
2049145445 130 1 19 1
2049145531 130 1 19 1
2049145617 130 1 19 1
2049145703 130 1 19 1
2049145789 130 1 19 1
2049145875 130 1 19 1
2049145961 130 1 19 1
2049146047 130 1 19 1
2049146216 130 1 19 1
2049146302 130 1 19 1
2049146388 130 1 19 1
2049146474 130 1 19 1
2049146560 130 1 19 1
2049146646 130 1 19 1
2049146732 130 1 19 1
2049146818 130 1 19 1
2049146904 130 1 19 1
2049146990 130 1 19 1
2049147076 130 1 19 1
2049147162 130 1 19 1
2049147248 130 1 19 1
2049147334 130 1 19 1
2049147503 130 1 19 1
2049150372 130 1 19 0
2049156683 130 1 19 1
2049156769 130 1 19 1
2049156855 130 1 19 1
2049156941 130 1 19 1
2049157027 130 1 19 1
2049157113 130 1 19 1
2049157199 130 1 19 1
2049157368 130 1 19 1
2049157454 130 1 19 1
2049157540 130 1 19 1
2049157626 130 1 19 1
2049157712 130 1 19 1
2049157798 130 1 19 1
2049157884 130 1 19 1
2049157970 130 1 19 1
2049158056 130 1 19 1
2049158142 130 1 19 1
2049158228 130 1 19 1
2049158231 130 1 19 1
2049158317 130 1 19 1
2049158486 130 1 19 1
2049158572 130 1 19 1
2049158658 130 1 19 1
2049158744 130 1 19 1
2049158830 130 1 19 1
2049162323 130 1 19 0
2049272190 135 1 18 1
2049272276 135 1 18 1
2049272364 135 1 18 1
2049272409 135 1 18 1
2049272519 135 1 18 1
2049272606 135 1 18 1
2049272697 135 1 18 1
2049272788 135 1 18 1
2049272874 135 1 18 1
2049272960 135 1 18 1
2049273046 135 1 18 1
2049273132 135 1 18 1
2049273218 135 1 18 1
2049273304 135 1 18 1
2049273390 135 1 18 1
2049273559 135 1 18 1
2049273645 135 1 18 1
2049273731 135 1 18 1
2049273817 135 1 18 1
2049273903 135 1 18 1
2049273989 135 1 18 1
2049274075 135 1 18 1
2049274161 135 1 18 1
2049274247 135 1 18 1
2049274333 135 1 18 1
2049281427 135 1 18 1
2049281513 135 1 18 0
2049281516 135 1 18 1
2049281602 135 1 18 0
2049281605 135 1 18 1
2049281691 135 1 18 1
2049281777 135 1 18 1
2049281863 135 1 18 1
2049281949 135 1 18 1
2049282035 135 1 18 1
2049282121 135 1 18 1
2049282207 135 1 18 1
2049282293 135 1 18 1
2049282462 135 1 18 1
2049282548 135 1 18 1
2049282634 135 1 18 1
2049282720 135 1 18 1
2049282806 135 1 18 1
2049282892 135 1 18 1
2049282978 135 1 18 1
2049283064 135 1 18 1
2049283150 135 1 18 1
2049283236 135 1 18 1
2049283322 135 1 18 1
2049283408 135 1 18 1
2049283494 135 1 18 1
2049283663 135 1 18 1
2049283749 135 1 18 1
2049284001 135 1 18 0
2050593061 133 1 20 1
2050593064 133 1 20 0
2050593144 133 1 20 1
2050593169 133 1 20 0
2050593227 133 1 20 1
2050593332 133 1 20 1
2050593471 133 1 20 1
2050593482 133 1 20 1
2050593559 133 1 20 1
2050593670 133 1 20 1
2050593725 133 1 20 1
2050593808 133 1 20 1
2050593891 133 1 20 1
2050594000 133 1 20 1
2050594057 133 1 20 1
2050594140 133 1 20 1
2050594223 133 1 20 1
2050594330 133 1 20 1
2050594389 133 1 20 1
2050594509 133 1 20 1
2050594555 133 1 20 1
2050594668 133 1 20 1
2050594721 133 1 20 1
2050594804 133 1 20 1
2050594887 133 1 20 1
2050595002 133 1 20 1
2050595053 133 1 20 1
2050595136 133 1 20 1
2050595219 133 1 20 1
2050595302 133 1 20 1
2050598669 133 1 20 0
2050602249 133 1 20 1
2050602353 133 1 20 0
2050602356 133 1 20 1
2050602454 133 1 20 1
2050602498 133 1 20 1
2050602584 133 1 20 1
2050602674 133 1 20 1
2050602760 133 1 20 1
2050602861 133 1 20 1
2050602951 133 1 20 1
2050603037 133 1 20 1
2050603127 133 1 20 1
2050603213 133 1 20 1
2050603303 133 1 20 1
2050603389 133 1 20 1
2050603415 133 1 20 1
2050603537 133 1 20 1
2050603623 133 1 20 1
2050603709 133 1 20 1
2050603799 133 1 20 1
2050603907 133 1 20 1
2050603914 133 1 20 1
2050604008 133 1 20 1
2050604094 133 1 20 1
2050604180 133 1 20 1
2050604270 133 1 20 1
2050604356 133 1 20 1
2050604446 133 1 20 1
2050606453 133 1 20 0
2050762154 132 1 22 1
2050762240 132 1 22 1
2050762323 132 1 22 1
2050762410 132 1 22 1
2050762562 132 1 22 1
2050762576 132 1 22 1
2050762663 132 1 22 1
2050762748 132 1 22 1
2050762829 132 1 22 1
2050762912 132 1 22 1
2050762999 132 1 22 1
2050763150 132 1 22 1
2050763169 132 1 22 1
2050763252 132 1 22 1
2050763339 132 1 22 1
2050763422 132 1 22 1
2050763513 132 1 22 1
2050763596 132 1 22 1
2050763679 132 1 22 1
2050763762 132 1 22 1
2050763845 132 1 22 1
2050763946 132 1 22 1
2050764011 132 1 22 1
2050764094 132 1 22 1
2050764177 132 1 22 1
2050765392 132 1 22 0
2050772087 132 1 22 1
2050772157 132 1 22 0
2050772170 132 1 22 1
2050772240 132 1 22 0
2050772253 132 1 22 1
2050772327 132 1 22 0
2050772336 132 1 22 1
2050772410 132 1 22 0
2050772419 132 1 22 1
2050772493 132 1 22 0
2050772502 132 1 22 1
2050772584 132 1 22 0
2050772587 132 1 22 1
2050772668 132 1 22 1
2050772787 132 1 22 1
2050772834 132 1 22 1
2050772917 132 1 22 1
2050773081 132 1 22 1
2050773169 132 1 22 0
2051228823 135 1 20 1
2051228851 135 1 20 0
2051228906 135 1 20 1
2051228989 135 1 20 1
2051229072 135 1 20 1
2051229169 135 1 20 1
2051229255 135 1 20 1
2051229329 135 1 20 1
2051229412 135 1 20 1
2051229571 135 1 20 1
2051229578 135 1 20 1
2051229669 135 1 20 1
2051229752 135 1 20 1
2051229835 135 1 20 1
2051229986 135 1 20 1
2051230072 135 1 20 1
2051230088 135 1 20 1
2051230175 135 1 20 1
2051230318 135 1 20 1
2051230341 135 1 20 1
2051230428 135 1 20 1
2051230567 135 1 20 1
2051230594 135 1 20 1
2051230677 135 1 20 1
2051230839 135 1 20 1
2051230925 135 1 20 1
2051231011 135 1 20 1
2051234389 135 1 20 0
2051238141 135 1 20 1
2051238155 135 1 20 0
2051238228 135 1 20 1
2051238354 135 1 20 1
2051238394 135 1 20 1
2051238477 135 1 20 1
2051238603 135 1 20 1
2051238606 135 1 20 1
2051238692 135 1 20 1
2051238760 135 1 20 1
2051238843 135 1 20 1
2051238926 135 1 20 1
2051239018 135 1 20 1
2051239104 135 1 20 1
2051239183 135 1 20 1
2051239266 135 1 20 1
2051239411 135 1 20 1
2051239498 135 1 20 1
2051239519 135 1 20 1
2051239602 135 1 20 1
2051239685 135 1 20 1
2051239830 135 1 20 1
2051239855 135 1 20 1
2051239938 135 1 20 1
2051240025 135 1 20 1
2051240158 135 1 20 1
2051240191 135 1 20 1
2051240274 135 1 20 1
2051242586 135 1 20 0
2051272592 129 1 20 1
2051272641 129 1 20 1
2051272728 129 1 20 1
2051272845 129 1 20 1
2051272894 129 1 20 1
2051272977 129 1 20 1
2051273071 129 1 20 1
2051273177 129 1 20 1
2051273230 129 1 20 1
2051273368 129 1 20 1
2051273404 129 1 20 1
2051273517 129 1 20 1
2051273570 129 1 20 1
2051273653 129 1 20 1
2051273740 129 1 20 1
2051273881 129 1 20 1
2051273971 129 1 20 1
2051274061 129 1 20 1
2051274151 129 1 20 1
2051274159 129 1 20 1
2051274312 129 1 20 1
2051274403 129 1 20 1
2051274490 129 1 20 1
2051274493 129 1 20 1
2051274578 129 1 20 1
2051274661 129 1 20 1
2051281747 129 1 20 1
2051281906 129 1 20 1
2051281914 129 1 20 1
2051281996 129 1 20 1
2051282083 129 1 20 1
2051282166 129 1 20 1
2051282252 129 1 20 1
2051282332 129 1 20 1
2051282424 129 1 20 1
2051282502 129 1 20 1
2051282590 129 1 20 1
2051282672 129 1 20 1
2051282768 129 1 20 1
2051282858 129 1 20 1
2051282944 129 1 20 1
2051283030 129 1 20 1
2051283116 129 1 20 1
2051283206 129 1 20 1
2051283296 129 1 20 1
2051283382 129 1 20 1
2051283468 129 1 20 1
2051283554 129 1 20 1
2051283644 129 1 20 1
2051283734 129 1 20 1
2051283828 129 1 20 1
2051291290 129 1 20 1
2051291380 129 1 20 1
2051291466 129 1 20 0
2051291469 129 1 20 1
2051291563 129 1 20 1
2051291653 129 1 20 1
2051291747 129 1 20 1
2051291841 129 1 20 1
2051291927 129 1 20 1
2051292021 129 1 20 1
2051292107 129 1 20 1
2051292205 129 1 20 1
2051292208 129 1 20 1
2051292298 129 1 20 1
2051292392 129 1 20 1
2051292486 129 1 20 1
2051292580 129 1 20 1
2051292678 129 1 20 1
2051292768 129 1 20 1
2051292858 129 1 20 1
2051292944 129 1 20 1
2051293030 129 1 20 1
2051293120 129 1 20 1
2051293210 129 1 20 1
2051293300 129 1 20 1
2051293386 129 1 20 1
2051293567 129 1 20 1
2051295669 132 1 20 1
2051295728 132 1 20 0
2051295752 132 1 20 1
2051295788 132 1 20 0
2051295835 132 1 20 1
2051295838 132 1 20 0
2051296001 132 1 20 1
2051296080 132 1 20 0
2051296084 132 1 20 1
2051296171 132 1 20 1
2051296254 132 1 20 1
2051296337 132 1 20 1
2051296420 132 1 20 1
2051296503 132 1 20 1
2051296586 132 1 20 1
2051296669 132 1 20 1
2051296760 132 1 20 1
2051296843 132 1 20 1
2051296926 132 1 20 1
2051297009 132 1 20 1
2051297092 132 1 20 1
2051297175 132 1 20 1
2051297258 132 1 20 1
2051297341 132 1 20 1
2051297424 132 1 20 1
2051297507 132 1 20 1
2051297590 132 1 20 1
2051297676 132 1 20 1
2051297814 132 1 20 1
2051297897 132 1 20 1
2051297981 132 1 20 1
2051298063 132 1 20 1
2051298166 132 1 20 1
2051299307 132 1 20 0
2051301616 129 1 20 1
2051301619 129 1 20 0
2051301713 129 1 20 1
2051301799 129 1 20 1
2051301889 129 1 20 0
2051301892 129 1 20 1
2051301982 129 1 20 1
2051302072 129 1 20 1
2051302162 129 1 20 1
2051302223 132 1 20 1
2051302226 132 1 20 0
2051302252 129 1 20 1
2051302306 132 1 20 1
2051302338 129 1 20 1
2051302349 129 1 20 1
2051302389 132 1 20 1
2051302435 129 1 20 1
2051302472 132 1 20 1
2051302529 129 1 20 1
2051302530 132 1 20 0
2051302555 132 1 20 1
2051302619 129 1 20 1
2051302638 132 1 20 1
2051302709 129 1 20 1
2051302721 132 1 20 1
2051302795 129 1 20 1
2051302804 132 1 20 1
2051302885 129 1 20 1
2051302887 132 1 20 1
2051302970 132 1 20 1
2051302971 129 1 20 1
2051303053 132 1 20 1
2051303069 129 1 20 1
2051303136 132 1 20 1
2051303159 129 1 20 1
2051303219 132 1 20 1
2051303253 129 1 20 1
2051303302 132 1 20 1
2051303343 129 1 20 1
2051303385 132 1 20 1
2051303429 129 1 20 1
2051303444 129 1 20 1
2051303468 132 1 20 1
2051303530 129 1 20 1
2051303552 132 1 20 1
2051303620 129 1 20 1
2051303634 132 1 20 1
2051303710 129 1 20 1
2051303721 132 1 20 1
2051303804 129 1 20 1
2051303805 132 1 20 1
2051303887 132 1 20 1
2051303970 132 1 20 1
2051303981 129 1 20 1
2051304053 132 1 20 1
2051304140 132 1 20 1
2051304227 132 1 20 1
2051304312 132 1 20 1
2051304616 132 1 20 1
2051308271 129 1 20 0
2051308597 132 1 20 0
2051311508 132 1 20 1
2051311511 132 1 20 0
2051311518 132 1 20 1
2051311532 129 1 20 1
2051311535 129 1 20 0
2051311608 132 1 20 1
2051311625 129 1 20 1
2051311694 132 1 20 0
2051311697 132 1 20 1
2051311715 129 1 20 1
2051311722 129 1 20 0
2051311725 129 1 20 1
2051311815 129 1 20 1
2051311848 132 1 20 1
2051311851 132 1 20 1
2051311905 129 1 20 1
2051311937 132 1 20 1
2051311995 129 1 20 1
2051312023 132 1 20 1
2051312085 129 1 20 1
2051312109 132 1 20 1
2051312175 129 1 20 1
2051312236 132 1 20 1
2051312264 132 1 20 1
2051312265 129 1 20 1
2051312355 129 1 20 1
2051312418 132 1 20 1
2051312430 132 1 20 1
2051312445 129 1 20 1
2051312513 132 1 20 1
2051312531 129 1 20 1
2051312617 129 1 20 1
2051312649 132 1 20 1
2051312679 132 1 20 1
2051312707 129 1 20 1
2051312762 132 1 20 1
2051312801 129 1 20 1
2051312845 132 1 20 1
2051312891 129 1 20 1
2051312928 132 1 20 1
2051312977 129 1 20 1
2051313011 132 1 20 1
2051313067 129 1 20 1
2051313094 132 1 20 1
2051313157 129 1 20 1
2051313177 132 1 20 1
2051313243 129 1 20 1
2051313260 132 1 20 1
2051313329 129 1 20 1
2051313343 132 1 20 1
2051313415 129 1 20 1
2051313426 132 1 20 1
2051313505 129 1 20 1
2051313509 132 1 20 1
2051313591 129 1 20 1
2051313592 132 1 20 1
2051313685 129 1 20 1
2051313775 129 1 20 1
2051313780 132 1 20 1
2051313861 129 1 20 1
2051316921 132 1 20 0
2051317711 129 1 20 0
2051320011 132 1 20 1
2051320056 132 1 20 0
2051320177 132 1 20 1
2051320197 129 1 20 1
2051320221 132 1 20 0
2051320287 129 1 20 1
2051320347 132 1 20 1
2051320350 132 1 20 0
2051320377 129 1 20 0
2051320380 129 1 20 1
2051320430 132 1 20 1
2051320437 132 1 20 0
2051320470 129 1 20 1
2051320517 132 1 20 1
2051320560 129 1 20 1
2051320600 132 1 20 1
2051320646 129 1 20 1
2051320687 132 1 20 1
2051320740 129 1 20 1
2051320770 132 1 20 1
2051320830 129 1 20 1
2051320853 132 1 20 1
2051320916 129 1 20 1
2051320936 132 1 20 1
2051321002 129 1 20 1
2051321027 132 1 20 1
2051321096 129 1 20 1
2051321107 129 1 20 1
2051321113 132 1 20 1
2051321193 132 1 20 1
2051321193 129 1 20 1
2051321276 132 1 20 1
2051321279 129 1 20 1
2051321367 132 1 20 1
2051321373 129 1 20 1
2051321450 132 1 20 1
2051321463 129 1 20 1
2051321533 132 1 20 1
2051321553 129 1 20 1
2051321616 132 1 20 1
2051321643 129 1 20 1
2051321737 129 1 20 1
2051321778 132 1 20 1
2051321785 132 1 20 1
2051321823 129 1 20 1
2051321865 132 1 20 1
2051321913 129 1 20 1
2051321948 132 1 20 1
2051322003 129 1 20 1
2051322031 132 1 20 1
2051322089 129 1 20 1
2051322142 132 1 20 1
2051322179 129 1 20 1
2051322225 132 1 20 1
2051322273 129 1 20 1
2051322308 132 1 20 1
2051322395 132 1 20 1
2051322478 132 1 20 1
2051322537 129 1 20 1
2051322561 132 1 20 1
2051323941 132 1 20 0
2051326423 129 1 20 0
2051326861 132 1 20 1
2051326864 132 1 20 0
2051327110 132 1 20 1
2051327193 132 1 20 1
2051327276 132 1 20 1
2051327359 132 1 20 1
2051327442 132 1 20 1
2051327525 132 1 20 1
2051327608 132 1 20 1
2051327691 132 1 20 1
2051327774 132 1 20 1
2051327857 132 1 20 1
2051327940 132 1 20 1
2051328023 132 1 20 1
2051328106 132 1 20 1
2051328189 132 1 20 1
2051328272 132 1 20 1
2051328355 132 1 20 1
2051328438 132 1 20 1
2051328521 132 1 20 1
2051328604 132 1 20 1
2051328687 132 1 20 1
2051328770 132 1 20 1
2051328853 132 1 20 1
2051328936 132 1 20 1
2051329019 132 1 20 1
2051329102 132 1 20 1
2051329180 129 1 20 1
2051329185 132 1 20 1
2051329191 129 1 20 1
2051329281 129 1 20 1
2051329367 129 1 20 1
2051329453 129 1 20 1
2051329547 129 1 20 1
2051329637 129 1 20 1
2051329731 129 1 20 1
2051329817 129 1 20 1
2051329907 129 1 20 1
2051330009 129 1 20 1
2051330086 132 1 20 0
2051330095 129 1 20 1
2051330106 129 1 20 1
2051330196 129 1 20 1
2051330286 129 1 20 1
2051330372 129 1 20 1
2051330470 129 1 20 1
2051330556 129 1 20 1
2051330646 129 1 20 1
2051330736 129 1 20 1
2051330822 129 1 20 1
2051330916 129 1 20 1
2051331010 129 1 20 1
2051331100 129 1 20 1
2051331190 129 1 20 1
2051331280 129 1 20 1
2051334573 129 1 20 0
2051337597 129 1 20 1
2051337687 129 1 20 0
2051337690 129 1 20 1
2051337776 129 1 20 0
2051337783 129 1 20 1
2051337869 129 1 20 1
2051337959 129 1 20 1
2051338049 129 1 20 1
2051338135 129 1 20 1
2051338225 129 1 20 1
2051338311 129 1 20 1
2051338401 129 1 20 1
2051338487 129 1 20 1
2051338577 129 1 20 1
2051338663 129 1 20 1
2051338753 129 1 20 1
2051338843 129 1 20 1
2051338929 129 1 20 1
2051339015 129 1 20 1
2051339109 129 1 20 1
2051339199 129 1 20 1
2051339285 129 1 20 1
2051339379 129 1 20 1
2051339465 129 1 20 1
2051339551 129 1 20 1
2051339641 129 1 20 1
2051339644 129 1 20 1
2051339821 129 1 20 1
2051339907 129 1 20 1
2051341103 16 0 1 1
2051341277 16 0 1 1
2051341455 16 0 1 1
2051341551 16 0 1 1
2051341718 16 0 1 1
2051341885 16 0 1 1
2051342052 16 0 1 1
2051342191 16 0 1 1
2051344849 129 1 20 0
2051349489 129 1 20 1
2051349583 129 1 20 1
2051349673 129 1 20 1
2051349771 129 1 20 1
2051349861 129 1 20 1
2051349959 129 1 20 1
2051349966 129 1 20 1
2051350060 129 1 20 1
2051350146 129 1 20 1
2051350232 129 1 20 1
2051350330 129 1 20 1
2051350420 129 1 20 1
2051350510 129 1 20 1
2051350604 129 1 20 1
2051350698 129 1 20 1
2051350792 129 1 20 1
2051350882 129 1 20 1
2051350901 129 1 20 1
2051350991 129 1 20 1
2051351085 129 1 20 1
2051351179 129 1 20 1
2051351269 129 1 20 1
2051351363 129 1 20 1
2051351457 129 1 20 1
2051351543 129 1 20 1
2051351633 129 1 20 1
2051353424 129 1 20 0
2051355379 16 0 1 1
2051355546 16 0 1 1
2051355713 16 0 1 1
2051355880 16 0 1 1
2051356047 16 0 1 1
2051356214 16 0 1 1
2051356381 16 0 1 1
2051356548 16 0 1 1
2051356715 16 0 1 1
2051356882 16 0 1 1
2051357049 16 0 1 1
2051357216 16 0 1 1
2051357383 16 0 1 1
2051357726 129 1 20 1
2051357729 129 1 20 1
2051357815 129 1 20 0
2051357822 129 1 20 1
2051357912 129 1 20 0
2051358097 129 1 20 1
2051358100 129 1 20 0
2051373021 129 1 20 1
2051373107 129 1 20 0
2051373114 129 1 20 1
2051373117 129 1 20 0
2051373207 129 1 20 1
2051373301 129 1 20 1
2051373304 129 1 20 0
2051373307 129 1 20 1
2051373401 129 1 20 1
2051373491 129 1 20 1
2051373581 129 1 20 1
2051373675 129 1 20 1
2051373761 129 1 20 1
2051373847 129 1 20 1
2051373945 129 1 20 1
2051374031 129 1 20 1
2051374117 129 1 20 1
2051374211 129 1 20 1
2051374301 129 1 20 1
2051374391 129 1 20 1
2051374477 129 1 20 1
2051374567 129 1 20 1
2051374657 129 1 20 1
2051374747 129 1 20 1
2051374758 129 1 20 1
2051374844 129 1 20 1
2051374934 129 1 20 1
2051375024 129 1 20 1
2051375118 129 1 20 1
2051375208 129 1 20 1
2051375298 129 1 20 1
2051375471 129 1 20 1
2051377536 129 1 20 0
2051380879 129 1 20 1
2051380888 129 1 20 0
2051380962 129 1 20 1
2051381045 129 1 20 1
2051381128 129 1 20 1
2051381215 129 1 20 1
2051381298 129 1 20 1
2051381381 129 1 20 1
2051381464 129 1 20 1
2051381551 129 1 20 1
2051381634 129 1 20 1
2051381717 129 1 20 1
2051381800 129 1 20 1
2051381883 129 1 20 1
2051381966 129 1 20 1
2051382053 129 1 20 1
2051382136 129 1 20 1
2051382219 129 1 20 1
2051382302 129 1 20 1
2051382385 129 1 20 1
2051382468 129 1 20 1
2051382555 129 1 20 1
2051382638 129 1 20 1
2051382721 129 1 20 1
2051382804 129 1 20 1
2051382887 129 1 20 1
2051382974 129 1 20 1
2051384336 129 1 20 0
2051759894 94 0 1 1
2051759977 94 0 1 1
2051760056 94 0 1 0
2051760060 94 0 1 1
2051760143 94 0 1 1
2051760226 94 0 1 1
2051760309 94 0 1 1
2051760392 94 0 1 1
2051760475 94 0 1 1
2051760558 94 0 1 1
2051760641 94 0 1 1
2051760724 94 0 1 1
2051760807 94 0 1 1
2051760890 94 0 1 1
2051760973 94 0 1 1
2051761056 94 0 1 1
2051761139 94 0 1 1
2051761222 94 0 1 1
2051761305 94 0 1 1
2051761370 94 0 1 1
2051761453 94 0 1 1
2051761536 94 0 1 1
2051761619 94 0 1 1
2051761702 94 0 1 1
2051761785 94 0 1 1
2051761868 94 0 1 1
2051761951 94 0 1 1
2051762142 94 0 1 1
2051765677 94 0 1 0
2051769506 94 0 1 1
2051769527 94 0 1 0
2051769589 94 0 1 1
2051769672 94 0 1 1
2051769755 94 0 1 1
2051769838 94 0 1 1
2051769921 94 0 1 1
2051770004 94 0 1 1
2051770087 94 0 1 1
2051770170 94 0 1 1
2051770253 94 0 1 1
2051770336 94 0 1 1
2051770419 94 0 1 1
2051770502 94 0 1 1
2051770585 94 0 1 1
2051770668 94 0 1 1
2051770751 94 0 1 1
2051770834 94 0 1 1
2051770917 94 0 1 1
2051771000 94 0 1 1
2051771083 94 0 1 1
2051771166 94 0 1 1
2051771249 94 0 1 1
2051771332 94 0 1 1
2051771415 94 0 1 1
2051771498 94 0 1 1
2051771581 94 0 1 1
2051771664 94 0 1 1
2051774595 94 0 1 0
2052183097 133 1 21 1
2052183100 133 1 21 0
2052183186 133 1 21 1
2052183276 133 1 21 0
2052183279 133 1 21 1
2052183282 133 1 21 0
2052183372 133 1 21 1
2052183458 133 1 21 0
2052183461 133 1 21 1
2052183464 133 1 21 0
2052183558 133 1 21 1
2052183622 133 1 21 1
2052183708 133 1 21 0
2052183719 133 1 21 1
2052183805 133 1 21 1
2052183808 133 1 21 0
2052183894 133 1 21 1
2052183897 133 1 21 0
2052183987 133 1 21 1
2052184077 133 1 21 0
2052184080 133 1 21 1
2052184083 133 1 21 0
2052184169 133 1 21 1
2052184259 133 1 21 1
2052184349 133 1 21 1
2052184439 133 1 21 1
2052184525 133 1 21 1
2052184615 133 1 21 1
2052184705 133 1 21 1
2052184757 133 1 21 1
2052184843 133 1 21 1
2052184937 133 1 21 1
2052185027 133 1 21 1
2052185113 133 1 21 1
2052185203 133 1 21 1
2052185372 133 1 21 1
2052185462 133 1 21 1
2052185548 133 1 21 1
2052185638 133 1 21 1
2052185863 133 1 21 1
2052185953 133 1 21 1
2052186039 133 1 21 1
2052186129 133 1 21 1
2052186219 133 1 21 1
2052186305 133 1 21 1
2052187090 133 1 21 0
2052190860 133 1 21 1
2052190863 133 1 21 0
2052190957 133 1 21 1
2052191047 133 1 21 0
2052191050 133 1 21 1
2052191057 133 1 21 0
2052191238 133 1 21 1
2052191324 133 1 21 0
2052191331 133 1 21 1
2052191421 133 1 21 0
2052191424 133 1 21 1
2052191514 133 1 21 1
2052191604 133 1 21 1
2052191690 133 1 21 0
2052191693 133 1 21 1
2052191783 133 1 21 1
2052191869 133 1 21 1
2052191955 133 1 21 1
2052192041 133 1 21 1
2052192127 133 1 21 1
2052192221 133 1 21 1
2052192287 133 1 21 1
2052192377 133 1 21 1
2052192463 133 1 21 1
2052192553 133 1 21 1
2052192643 133 1 21 1
2052192729 133 1 21 1
2052192819 133 1 21 1
2052192905 133 1 21 1
2052192995 133 1 21 1
2052193085 133 1 21 1
2052193171 133 1 21 1
2052193257 133 1 21 1
2052193347 133 1 21 1
2052193441 133 1 21 1
2052193531 133 1 21 0
2052193534 133 1 21 1
2052193707 133 1 21 0
2052202033 133 1 21 1
2052202036 133 1 21 0
2052202130 133 1 21 1
2052202228 133 1 21 1
2052202231 133 1 21 0
2052202321 133 1 21 1
2052202411 133 1 21 1
2052202497 133 1 21 1
2052202508 133 1 21 1
2052202598 133 1 21 1
2052202692 133 1 21 1
2052202778 133 1 21 1
2052202876 133 1 21 1
2052202962 133 1 21 1
2052203052 133 1 21 1
2052203142 133 1 21 1
2052203232 133 1 21 1
2052203326 133 1 21 1
2052203424 133 1 21 1
2052203510 133 1 21 1
2052203521 133 1 21 1
2052203611 133 1 21 1
2052203701 133 1 21 1
2052203795 133 1 21 1
2052203881 133 1 21 1
2052203975 133 1 21 1
2052204069 133 1 21 1
2052204163 133 1 21 1
2052204233 133 1 21 1
2052204331 133 1 21 1
2052204429 133 1 21 1
2052205540 133 1 21 0
2052681004 132 1 21 1
2052681084 132 1 21 0
2052681091 132 1 21 1
2052681178 132 1 21 1
2052681265 132 1 21 1
2052681348 132 1 21 1
2052681435 132 1 21 1
2052681522 132 1 21 1
2052681609 132 1 21 1
2052681700 132 1 21 1
2052681779 132 1 21 1
2052681866 132 1 21 1
2052681953 132 1 21 1
2052682040 132 1 21 1
2052682187 132 1 21 1
2052682273 132 1 21 1
2052682363 132 1 21 1
2052682449 132 1 21 1
2052682467 132 1 21 1
2052682614 132 1 21 1
2052682700 132 1 21 1
2052682788 132 1 21 1
2052682811 132 1 21 1
2052682898 132 1 21 1
2052682985 132 1 21 1
2052683068 132 1 21 1
2052683173 132 1 21 1
2052685389 132 1 21 0
2052689447 132 1 21 1
2052689530 132 1 21 1
2052689591 132 1 21 0
2052689613 132 1 21 1
2052689700 132 1 21 1
2052689783 132 1 21 1
2052689866 132 1 21 1
2052689953 132 1 21 1
2052690036 132 1 21 1
2052690123 132 1 21 1
2052690210 132 1 21 1
2052690297 132 1 21 1
2052690384 132 1 21 1
2052690467 132 1 21 1
2052690558 132 1 21 1
2052690641 132 1 21 1
2052690728 132 1 21 1
2052690811 132 1 21 1
2052690898 132 1 21 1
2052690985 132 1 21 1
2052691072 132 1 21 1
2052691163 132 1 21 1
2052691258 132 1 21 1
2052691341 132 1 21 1
2052691424 132 1 21 1
2052691515 132 1 21 1
2052691758 132 1 21 1
2052693532 132 1 21 0
2052698370 132 1 21 1
2052698378 132 1 21 0
2052698516 132 1 21 1
2052698606 132 1 21 1
2052698631 132 1 21 1
2052698762 132 1 21 1
2052698848 132 1 21 1
2052698884 132 1 21 1
2052699015 132 1 21 1
2052699105 132 1 21 1
2052699224 132 1 21 1
2052699231 132 1 21 1
2052699317 132 1 21 1
2052699403 132 1 21 1
2052699558 132 1 21 1
2052699561 132 1 21 1
2052699728 132 1 21 1
2052699731 132 1 21 1
2052699821 132 1 21 1
2052699911 132 1 21 1
2052699997 132 1 21 1
2052700070 132 1 21 1
2052700186 132 1 21 1
2052700276 132 1 21 1
2052700362 132 1 21 1
2052700407 132 1 21 1
2052700526 132 1 21 1
2052700581 132 1 21 1
2052701870 132 1 21 0
2052708083 132 1 21 1
2052708086 132 1 21 0
2052708255 132 1 21 1
2052708258 132 1 21 0
2052708344 132 1 21 1
2052708430 132 1 21 1
2052708516 132 1 21 1
2052708602 132 1 21 1
2052708692 132 1 21 1
2052708709 132 1 21 1
2052708878 132 1 21 1
2052708881 132 1 21 1
2052708971 132 1 21 1
2052709057 132 1 21 1
2052709143 132 1 21 1
2052709229 132 1 21 1
2052709315 132 1 21 1
2052709401 132 1 21 1
2052709491 132 1 21 1
2052709577 132 1 21 1
2052709663 132 1 21 1
2052709749 132 1 21 1
2052709835 132 1 21 1
2052709921 132 1 21 1
2052710011 132 1 21 1
2052710097 132 1 21 1
2052710183 132 1 21 1
2052710269 132 1 21 1
2052710355 132 1 21 1
2052710441 132 1 21 1
2052711618 132 1 21 0
2052718976 132 1 21 1
2052719062 132 1 21 0
2052719065 132 1 21 1
2052719155 132 1 21 1
2052719241 132 1 21 1
2052719327 132 1 21 1
2052719417 132 1 21 1
2052719503 132 1 21 1
2052719589 132 1 21 1
2052719675 132 1 21 1
2052719761 132 1 21 1
2052719847 132 1 21 1
2052719937 132 1 21 1
2052720023 132 1 21 1
2052720113 132 1 21 1
2052720160 132 1 21 1
2052720246 132 1 21 1
2052720332 132 1 21 1
2052720422 132 1 21 1
2052720508 132 1 21 1
2052720594 132 1 21 1
2052720688 132 1 21 1
2052720778 132 1 21 1
2052720864 132 1 21 1
2052720950 132 1 21 1
2052721040 132 1 21 1
2052721209 132 1 21 1
2052722255 132 1 21 0
2052728558 132 1 21 1
2052728561 132 1 21 0
2052728651 132 1 21 1
2052728737 132 1 21 1
2052728823 132 1 21 1
2052728909 132 1 21 1
2052728995 132 1 21 1
2052729085 132 1 21 1
2052729171 132 1 21 1
2052729257 132 1 21 1
2052729343 132 1 21 1
2052729433 132 1 21 1
2052729491 132 1 21 1
2052729577 132 1 21 1
2052729667 132 1 21 1
2052729670 132 1 21 1
2052729756 132 1 21 1
2052729842 132 1 21 1
2052729932 132 1 21 1
2052730018 132 1 21 1
2052730104 132 1 21 1
2052730190 132 1 21 1
2052730280 132 1 21 1
2052730366 132 1 21 1
2052730452 132 1 21 1
2052730538 132 1 21 1
2052730628 132 1 21 1
2052730714 132 1 21 1
2052731978 132 1 21 0
2052738681 132 1 21 1
2052738767 132 1 21 0
2052738770 132 1 21 1
2052738856 132 1 21 0
2052738859 132 1 21 1
2052738945 132 1 21 1
2052739031 132 1 21 1
2052739283 132 1 21 0
2052926852 132 1 19 1
2052926867 132 1 19 0
2052927018 132 1 19 1
2052927109 132 1 19 1
2052927243 132 1 19 1
2052927275 132 1 19 1
2052927421 132 1 19 1
2052927445 132 1 19 1
2052927528 132 1 19 1
2052927678 132 1 19 1
2052927694 132 1 19 1
2052927848 132 1 19 1
2052927868 132 1 19 1
2052927955 132 1 19 1
2052928113 132 1 19 1
2052928116 132 1 19 1
2052928194 132 1 19 1
2052928283 132 1 19 1
2052928364 132 1 19 1
2052928447 132 1 19 1
2052928544 132 1 19 1
2052928769 132 1 19 1
2052929018 132 1 19 1
2052930124 132 1 19 0
2052931394 128 1 19 1
2052931484 128 1 19 1
2052931574 128 1 19 1
2052931627 128 1 19 1
2052931742 128 1 19 1
2052931793 128 1 19 1
2052931924 128 1 19 1
2052932010 128 1 19 1
2052932100 128 1 19 1
2052932129 128 1 19 1
2052932260 128 1 19 1
2052932301 128 1 19 1
2052932430 128 1 19 1
2052932524 128 1 19 1
2052932618 128 1 19 1
2052932635 128 1 19 1
2052932774 128 1 19 1
2052932801 128 1 19 1
2052932815 128 1 19 1
2052932841 132 1 19 1
2052932874 132 1 19 1
2052932922 128 1 19 1
2052932957 132 1 19 1
2052933016 128 1 19 1
2052933040 132 1 19 1
2052933106 128 1 19 1
2052933173 132 1 19 1
2052933192 128 1 19 1
2052933206 132 1 19 1
2052933304 128 1 19 1
2052933321 128 1 19 1
2052933339 132 1 19 1
2052933376 132 1 19 1
2052933459 132 1 19 1
2052933460 128 1 19 1
2052933542 132 1 19 1
2052933675 132 1 19 1
2052933749 132 1 19 1
2052933998 132 1 19 1
2052934260 132 1 19 1
2052934496 132 1 19 1
2052934770 132 1 19 1
2052936441 132 1 19 0
2052939523 132 1 19 1
2052939639 132 1 19 1
2052939725 132 1 19 1
2052939811 132 1 19 1
2052939855 132 1 19 1
2052939971 132 1 19 1
2052940057 132 1 19 1
2052940143 132 1 19 1
2052940187 132 1 19 1
2052940311 132 1 19 1
2052940397 132 1 19 1
2052940483 132 1 19 1
2052940546 128 1 19 1
2052940569 132 1 19 1
2052940602 132 1 19 1
2052940629 128 1 19 1
2052940712 128 1 19 1
2052940726 132 1 19 1
2052940813 132 1 19 1
2052940849 128 1 19 1
2052940882 128 1 19 1
2052940899 132 1 19 1
2052940932 132 1 19 1
2052940965 128 1 19 1
2052941048 128 1 19 1
2052941062 132 1 19 1
2052941131 128 1 19 1
2052941149 132 1 19 1
2052941214 128 1 19 1
2052941239 132 1 19 1
2052941297 128 1 19 1
2052941304 132 1 19 1
2052941387 128 1 19 1
2052941463 128 1 19 1
2052941546 128 1 19 1
2052941644 128 1 19 1
2052941716 128 1 19 1
2052941799 128 1 19 1
2052941882 128 1 19 1
2052941996 128 1 19 1
2052942048 128 1 19 1
2052942131 128 1 19 1
2052942214 128 1 19 1
2052942340 128 1 19 1
2052942380 128 1 19 1
2052942467 128 1 19 1
2052942550 128 1 19 1
2052943260 132 1 19 0
2052949636 128 1 19 1
2052949719 128 1 19 1
2052949802 128 1 19 1
2052949885 128 1 19 1
2052950046 128 1 19 1
2052950055 128 1 19 1
2052950138 128 1 19 1
2052950221 128 1 19 1
2052950304 128 1 19 1
2052950387 128 1 19 1
2052950477 128 1 19 1
2052950572 128 1 19 1
2052950636 128 1 19 1
2052950719 128 1 19 1
2052950802 128 1 19 1
2052950885 128 1 19 1
2052950999 128 1 19 1
2052951051 128 1 19 1
2052951134 128 1 19 1
2052951217 128 1 19 1
2052951300 128 1 19 1
2052951438 128 1 19 1
2052951470 128 1 19 1
2052951553 128 1 19 1
2052951636 128 1 19 1
2052951719 128 1 19 1
2052956157 128 1 19 0
2052959199 128 1 19 1
2052959202 128 1 19 0
2052959239 128 1 19 1
2052959242 128 1 19 0
2052959326 128 1 19 1
2052959413 128 1 19 1
2052959539 128 1 19 0
2052959542 128 1 19 1
2052959588 128 1 19 1
2052959674 128 1 19 1
2052959792 128 1 19 1
2052959848 128 1 19 1
2052959941 128 1 19 1
2052960027 128 1 19 1
2052960117 128 1 19 1
2052960184 128 1 19 1
2052960267 128 1 19 1
2052960285 131 1 19 1
2052960350 128 1 19 1
2052960376 131 1 19 1
2052960433 128 1 19 1
2052960459 131 1 19 1
2052960533 128 1 19 1
2052960542 131 1 19 1
2052960619 128 1 19 1
2052960625 131 1 19 1
2052960705 128 1 19 1
2052960708 131 1 19 1
2052960795 131 1 19 1
2052960795 128 1 19 1
2052960798 128 1 19 1
2052960884 128 1 19 1
2052960890 131 1 19 1
2052960970 128 1 19 1
2052960973 131 1 19 1
2052961056 131 1 19 1
2052961056 128 1 19 1
2052961139 131 1 19 1
2052961142 128 1 19 1
2052961226 131 1 19 1
2052961228 128 1 19 1
2052961313 131 1 19 1
2052961318 128 1 19 1
2052961396 131 1 19 1
2052961404 128 1 19 1
2052961483 131 1 19 1
2052961570 131 1 19 1
2052961656 128 1 19 1
2052961657 131 1 19 1
2052961744 131 1 19 1
2052961827 131 1 19 1
2052961914 131 1 19 1
2052961941 131 1 19 1
2052962028 131 1 19 1
2052962111 131 1 19 1
2052962206 131 1 19 1
2052962289 131 1 19 1
2052962849 128 1 19 0
2052964078 115 0 1 1
2052964155 115 0 1 1
2052964238 115 0 1 1
2052964321 115 0 1 1
2052964404 115 0 1 1
2052964491 115 0 1 1
2052964574 115 0 1 1
2052964657 115 0 1 1
2052964770 115 0 1 1
2052964823 115 0 1 1
2052964906 115 0 1 1
2052964989 115 0 1 1
2052965072 115 0 1 1
2052965155 115 0 1 1
2052965238 115 0 1 1
2052965321 115 0 1 1
2052965458 115 0 1 1
2052965491 115 0 1 1
2052965574 115 0 1 1
2052965657 115 0 1 1
2052965740 115 0 1 1
2052965823 115 0 1 1
2052965906 115 0 1 1
2052965989 115 0 1 1
2052966154 115 0 1 1
2052966157 115 0 1 1
2052966283 128 1 19 1
2052966371 128 1 19 0
2052966493 128 1 19 1
2052966496 128 1 19 0
2052966582 128 1 19 1
2052966585 128 1 19 0
2052966675 128 1 19 1
2052966761 128 1 19 1
2052966847 128 1 19 1
2052966937 128 1 19 1
2052967023 128 1 19 1
2052967078 128 1 19 1
2052967168 128 1 19 1
2052967200 128 1 19 1
2052967340 128 1 19 1
2052967366 128 1 19 1
2052967449 128 1 19 1
2052967536 128 1 19 1
2052967619 128 1 19 1
2052967706 128 1 19 1
2052967789 128 1 19 1
2052967879 128 1 19 1
2052967959 128 1 19 1
2052968046 128 1 19 1
2052968129 128 1 19 1
2052968216 128 1 19 1
2052968313 128 1 19 1
2052968324 115 0 1 0
2052968457 128 1 19 1
2052968548 128 1 19 1
2052968681 128 1 19 1
2052968714 128 1 19 1
2052969375 131 1 19 1
2052969462 131 1 19 1
2052969549 131 1 19 1
2052969636 131 1 19 1
2052969719 131 1 19 1
2052969802 131 1 19 1
2052969893 131 1 19 1
2052969976 131 1 19 1
2052970059 131 1 19 1
2052970142 131 1 19 1
2052970233 131 1 19 1
2052970316 131 1 19 1
2052970399 131 1 19 1
2052970486 131 1 19 1
2052970573 131 1 19 1
2052970660 131 1 19 1
2052970747 131 1 19 1
2052970830 131 1 19 1
2052970917 131 1 19 1
2052971000 131 1 19 1
2052971091 131 1 19 1
2052971174 131 1 19 1
2052971257 131 1 19 1
2052971340 131 1 19 1
2052971423 131 1 19 1
2052971678 128 1 19 0
2052972873 115 0 1 1
2052972907 115 0 1 0
2052972912 115 0 1 1
2052972995 115 0 1 1
2052973078 115 0 1 1
2052973161 115 0 1 1
2052973244 115 0 1 1
2052973331 115 0 1 1
2052973414 115 0 1 1
2052973497 115 0 1 1
2052973580 115 0 1 1
2052973663 115 0 1 1
2052973746 115 0 1 1
2052973829 115 0 1 1
2052973917 115 0 1 1
2052973995 115 0 1 1
2052974078 115 0 1 1
2052974168 115 0 1 1
2052974248 115 0 1 1
2052974331 115 0 1 1
2052974414 115 0 1 1
2052974497 115 0 1 1
2052974580 115 0 1 1
2052974663 115 0 1 1
2052974795 115 0 1 1
2052974829 115 0 1 1
2052974875 128 1 19 1
2052974912 115 0 1 1
2052974988 128 1 19 1
2052975014 128 1 19 0
2052975045 128 1 19 1
2052975132 128 1 19 1
2052975241 128 1 19 1
2052975302 128 1 19 1
2052975389 128 1 19 1
2052975476 128 1 19 1
2052975559 128 1 19 1
2052975664 128 1 19 1
2052975733 128 1 19 1
2052975816 128 1 19 1
2052975903 128 1 19 1
2052975986 128 1 19 1
2052976069 128 1 19 1
2052976178 128 1 19 1
2052976239 128 1 19 1
2052976326 128 1 19 1
2052976413 128 1 19 1
2052976496 128 1 19 1
2052976522 61 0 1 1
2052976547 61 0 1 1
2052976597 128 1 19 1
2052976670 128 1 19 1
2052976691 61 0 1 1
2052976713 61 0 1 1
2052976757 128 1 19 1
2052976796 61 0 1 1
2052976854 128 1 19 1
2052976884 115 0 1 0
2052976927 128 1 19 1
2052976956 61 0 1 1
2052976962 61 0 1 1
2052977045 61 0 1 1
2052977111 128 1 19 1
2052977134 61 0 1 1
2052977225 61 0 1 1
2052977294 61 0 1 1
2052977413 61 0 1 1
2052977512 61 0 1 1
2052977543 61 0 1 1
2052977686 61 0 1 1
2052977773 61 0 1 1
2052977792 61 0 1 1
2052977955 61 0 1 1
2052977962 61 0 1 1
2052978052 61 0 1 1
2052978138 61 0 1 1
2052978224 61 0 1 1
2052978315 61 0 1 1
2052978397 61 0 1 1
2052978488 61 0 1 1
2052978509 131 1 19 1
2052978575 61 0 1 1
2052978592 131 1 19 1
2052978679 131 1 19 1
2052978770 131 1 19 1
2052978853 131 1 19 1
2052978940 131 1 19 1
2052979027 131 1 19 1
2052979114 131 1 19 1
2052979197 131 1 19 1
2052979288 131 1 19 1
2052979371 131 1 19 1
2052979458 131 1 19 1
2052979545 131 1 19 1
2052979632 131 1 19 1
2052979723 131 1 19 1
2052979806 131 1 19 1
2052979893 131 1 19 1
2052979976 131 1 19 1
2052980067 131 1 19 1
2052980093 128 1 19 0
2052980150 131 1 19 1
2052980237 131 1 19 1
2052980282 131 1 19 1
2052980369 131 1 19 1
2052980452 131 1 19 1
2052980539 131 1 19 1
2052985661 61 0 1 1
2052985996 61 0 1 1
2052986251 128 1 19 1
2052986254 128 1 19 0
2052986331 61 0 1 1
2052986417 128 1 19 1
2052986560 128 1 19 1
2052986583 128 1 19 1
2052986666 61 0 1 1
2052986666 128 1 19 1
2052986749 128 1 19 1
2052986892 128 1 19 1
2052986915 128 1 19 1
2052986998 128 1 19 1
2052987001 61 0 1 1
2052987081 128 1 19 1
2052987200 61 0 1 1
2052987228 128 1 19 1
2052987283 61 0 1 1
2052987314 128 1 19 1
2052987330 128 1 19 1
2052987366 61 0 1 1
2052987413 128 1 19 1
2052987449 61 0 1 1
2052987496 128 1 19 1
2052987532 61 0 1 1
2052987615 61 0 1 1
2052987643 128 1 19 1
2052987662 128 1 19 1
2052987698 61 0 1 1
2052987745 128 1 19 1
2052987828 128 1 19 1
2052987910 61 0 1 0
2052987911 128 1 19 1
2052988059 128 1 19 1
2052988077 128 1 19 1
2052988135 131 1 19 1
2052988160 128 1 19 1
2052988218 131 1 19 1
2052988243 128 1 19 1
2052988301 131 1 19 1
2052988326 128 1 19 1
2052988388 131 1 19 1
2052988475 131 1 19 1
2052988477 128 1 19 1
2052988492 128 1 19 1
2052988562 131 1 19 1
2052988645 131 1 19 1
2052988732 131 1 19 1
2052988815 131 1 19 1
2052988902 131 1 19 1
2052988993 131 1 19 1
2052989076 131 1 19 1
2052989159 131 1 19 1
2052989242 131 1 19 1
2052989325 131 1 19 1
2052989416 131 1 19 1
2052989499 131 1 19 1
2052989586 131 1 19 1
2052989669 131 1 19 1
2052989726 128 1 19 0
2052989756 131 1 19 1
2052989839 131 1 19 1
2052989930 131 1 19 1
2052990013 131 1 19 1
2052990100 131 1 19 1
2052990195 131 1 19 1
2052994136 128 1 19 1
2052994139 128 1 19 0
2052994302 128 1 19 1
2052994372 128 1 19 0
2052994385 128 1 19 1
2052994388 128 1 19 0
2052994489 128 1 19 1
2052994575 128 1 19 1
2052994634 128 1 19 1
2052994721 128 1 19 1
2052994808 128 1 19 1
2052994904 128 1 19 1
2052994978 128 1 19 1
2052995065 128 1 19 1
2052995148 128 1 19 1
2052995235 128 1 19 1
2052995322 128 1 19 1
2052995405 128 1 19 1
2052995564 128 1 19 1
2052995575 128 1 19 1
2052995662 128 1 19 1
2052995753 128 1 19 1
2052995900 128 1 19 1
2052995919 128 1 19 1
2052996070 128 1 19 1
2052996085 128 1 19 1
2052996168 128 1 19 1
2052996251 128 1 19 1
2052996410 128 1 19 1
2052996504 128 1 19 1
2052996541 128 1 19 1
2052997281 131 1 19 1
2052997284 131 1 19 0
2052997534 131 1 19 1
2052997596 131 1 19 1
2052997679 131 1 19 1
2052997770 131 1 19 1
2052997857 131 1 19 1
2052997936 128 1 19 0
2052997944 131 1 19 1
2052998027 131 1 19 1
2052998118 131 1 19 1
2052998201 131 1 19 1
2052998284 131 1 19 1
2052998367 131 1 19 1
2052998458 131 1 19 1
2052998541 131 1 19 1
2052998628 131 1 19 1
2052998711 131 1 19 1
2052998798 131 1 19 1
2052998885 131 1 19 1
2052998968 131 1 19 1
2052999055 131 1 19 1
2052999138 131 1 19 1
2052999225 131 1 19 1
2052999308 131 1 19 1
2052999399 131 1 19 1
2052999482 131 1 19 1
2052999569 131 1 19 1
2053001248 128 1 19 1
2053001267 128 1 19 1
2053001323 128 1 19 0
2053001350 128 1 19 1
2053001499 128 1 19 1
2053001589 128 1 19 1
2053001675 128 1 19 1
2053001682 128 1 19 1
2053001776 128 1 19 1
2053001862 128 1 19 1
2053001956 128 1 19 1
2053002076 128 1 19 1
2053002097 128 1 19 1
2053002187 128 1 19 1
2053002309 128 1 19 1
2053002399 128 1 19 1
2053002402 128 1 19 1
2053002513 128 1 19 1
2053002603 128 1 19 1
2053002693 128 1 19 1
2053002703 128 1 19 1
2053002808 3 0 1 1
2053002845 128 1 19 1
2053002891 3 0 1 1
2053002935 128 1 19 1
2053002952 128 1 19 1
2053002974 3 0 1 1
2053003039 128 1 19 1
2053003057 3 0 1 1
2053003140 3 0 1 1
2053003155 128 1 19 1
2053003223 3 0 1 1
2053003241 128 1 19 1
2053003306 3 0 1 1
2053003327 128 1 19 1
2053003389 3 0 1 1
2053003425 128 1 19 1
2053003472 3 0 1 1
2053003555 3 0 1 1
2053003638 3 0 1 1
2053003721 3 0 1 1
2053003804 3 0 1 1
2053003887 3 0 1 1
2053003974 3 0 1 1
2053004057 3 0 1 1
2053004140 3 0 1 1
2053004223 3 0 1 1
2053004306 3 0 1 1
2053004389 3 0 1 1
2053004472 3 0 1 1
2053004555 3 0 1 1
2053004638 3 0 1 1
2053004721 3 0 1 1
2053004804 3 0 1 1
2053004887 3 0 1 1
2053005691 128 1 19 0
2053006307 15 0 1 1
2053006393 15 0 1 1
2053006479 15 0 1 1
2053006537 15 0 1 1
2053006659 15 0 1 1
2053006745 15 0 1 1
2053006794 15 0 1 1
2053006888 15 0 1 1
2053007006 15 0 1 1
2053007183 15 0 1 1
2053007338 15 0 1 1
2053007513 131 1 19 1
2053007515 15 0 1 1
2053007600 131 1 19 1
2053007651 15 0 1 1
2053007683 131 1 19 1
2053007770 131 1 19 1
2053007820 15 0 1 1
2053007857 131 1 19 1
2053007940 131 1 19 1
2053007989 15 0 1 1
2053008102 131 1 19 1
2053008110 131 1 19 1
2053008158 15 0 1 1
2053008268 131 1 19 1
2053008284 131 1 19 1
2053008327 15 0 1 1
2053008371 131 1 19 1
2053008413 15 0 1 1
2053008461 131 1 19 1
2053008548 131 1 19 1
2053008634 131 1 19 1
2053008715 131 1 19 1
2053008801 131 1 19 1
2053008892 131 1 19 1
2053008972 131 1 19 1
2053009062 131 1 19 1
2053009231 131 1 19 1
2053009257 131 1 19 1
2053009343 131 1 19 1
2053009411 131 1 19 1
2053009494 131 1 19 1
2053009630 131 1 19 1
2053011958 128 1 19 1
2053011973 3 0 1 1
2053012056 3 0 1 1
2053012079 128 1 19 0
2053012086 128 1 19 1
2053012122 128 1 19 1
2053012139 3 0 1 1
2053012205 128 1 19 1
2053012222 3 0 1 1
2053012305 3 0 1 1
2053012332 128 1 19 1
2053012371 128 1 19 1
2053012388 3 0 1 1
2053012471 3 0 1 1
2053012472 128 1 19 1
2053012554 3 0 1 1
2053012593 128 1 19 1
2053012637 3 0 1 1
2053012679 128 1 19 1
2053012703 128 1 19 1
2053012720 3 0 1 1
2053012770 128 1 19 1
2053012803 3 0 1 1
2053012819 128 1 19 1
2053012886 3 0 1 1
2053012965 128 1 19 1
2053012969 3 0 1 1
2053013051 128 1 19 1
2053013052 3 0 1 1
2053013135 3 0 1 1
2053013145 128 1 19 1
2053013218 3 0 1 1
2053013231 128 1 19 1
2053013234 128 1 19 1
2053013301 3 0 1 1
2053013324 128 1 19 1
2053013384 3 0 1 1
2053013410 128 1 19 1
2053013467 3 0 1 1
2053013504 128 1 19 1
2053013554 3 0 1 1
2053013590 128 1 19 1
2053013637 3 0 1 1
2053013680 128 1 19 1
2053013683 128 1 19 1
2053013720 3 0 1 1
2053013769 128 1 19 1
2053013776 128 1 19 1
2053013803 3 0 1 1
2053013862 128 1 19 1
2053013886 3 0 1 1
2053013969 3 0 1 1
2053013986 128 1 19 1
2053014052 3 0 1 1
2053014072 128 1 19 1
2053014165 128 1 19 1
2053014611 128 1 19 0
2053015580 15 0 1 1
2053015583 15 0 1 1
2053015665 15 0 1 1
2053015752 15 0 1 1
2053015841 15 0 1 1
2053015859 15 0 1 1
2053016011 15 0 1 1
2053016109 15 0 1 1
2053016276 15 0 1 1
2053016509 15 0 1 1
2053016675 15 0 1 1
2053016716 131 1 19 1
2053016777 15 0 1 1
2053016887 131 1 19 1
2053016894 131 1 19 1
2053016977 131 1 19 1
2053017007 15 0 1 1
2053017060 131 1 19 1
2053017151 131 1 19 1
2053017173 15 0 1 1
2053017238 131 1 19 1
2053017278 15 0 1 1
2053017389 131 1 19 1
2053017412 131 1 19 1
2053017445 15 0 1 1
2053017495 131 1 19 1
2053017582 131 1 19 1
2053017612 15 0 1 1
2053017673 131 1 19 1
2053017756 131 1 19 1
2053017887 131 1 19 1
2053017926 131 1 19 1
2053018021 131 1 19 1
2053018108 131 1 19 1
2053018195 131 1 19 1
2053018278 131 1 19 1
2053018389 131 1 19 1
2053018456 131 1 19 1
2053018551 131 1 19 1
2053018708 131 1 19 1
2053018725 131 1 19 1
2053021138 3 0 1 1
2053021221 3 0 1 1
2053021304 3 0 1 1
2053021313 15 0 1 0
2053021387 3 0 1 1
2053021470 3 0 1 1
2053021553 3 0 1 1
2053021636 3 0 1 1
2053021719 3 0 1 1
2053021802 3 0 1 1
2053021885 3 0 1 1
2053021968 3 0 1 1
2053022051 3 0 1 1
2053022134 3 0 1 1
2053022217 3 0 1 1
2053022300 3 0 1 1
2053022383 3 0 1 1
2053022466 3 0 1 1
2053022549 3 0 1 1
2053022632 3 0 1 1
2053022715 3 0 1 1
2053022798 3 0 1 1
2053022881 3 0 1 1
2053022995 3 0 1 1
2053023047 3 0 1 1
2053023130 3 0 1 1
2053023217 3 0 1 1
2053025866 131 1 19 1
2053025952 131 1 19 1
2053026038 131 1 19 1
2053026124 131 1 19 1
2053026210 131 1 19 1
2053026296 131 1 19 1
2053026382 131 1 19 1
2053026468 131 1 19 1
2053026554 131 1 19 1
2053026640 131 1 19 1
2053026726 131 1 19 1
2053026812 131 1 19 1
2053026898 131 1 19 1
2053026984 131 1 19 1
2053027070 131 1 19 1
2053027156 131 1 19 1
2053027242 131 1 19 1
2053027328 131 1 19 1
2053027414 131 1 19 1
2053027500 131 1 19 1
2053027586 131 1 19 1
2053027672 131 1 19 1
2053027758 131 1 19 1
2053027844 131 1 19 1
2053027930 131 1 19 1
2053030303 3 0 1 1
2053030386 3 0 1 1
2053030469 3 0 1 1
2053030552 3 0 1 1
2053030643 3 0 1 1
2053030726 3 0 1 1
2053030809 3 0 1 1
2053030892 3 0 1 1
2053030975 3 0 1 1
2053031058 3 0 1 1
2053031141 3 0 1 1
2053031224 3 0 1 1
2053031307 3 0 1 1
2053031390 3 0 1 1
2053031473 3 0 1 1
2053031556 3 0 1 1
2053031639 3 0 1 1
2053031722 3 0 1 1
2053031805 3 0 1 1
2053031888 3 0 1 1
2053032008 3 0 1 1
2053032054 3 0 1 1
2053032137 3 0 1 1
2053032220 3 0 1 1
2053032303 3 0 1 1
2053032386 3 0 1 1
2053035569 131 1 19 1
2053035655 131 1 19 1
2053035741 131 1 19 1
2053035827 131 1 19 1
2053035913 131 1 19 1
2053035999 131 1 19 1
2053036085 131 1 19 1
2053036171 131 1 19 1
2053036257 131 1 19 1
2053036343 131 1 19 1
2053036429 131 1 19 1
2053036515 131 1 19 1
2053036601 131 1 19 1
2053036687 131 1 19 1
2053036773 131 1 19 1
2053036859 131 1 19 1
2053036945 131 1 19 1
2053037031 131 1 19 1
2053037117 131 1 19 1
2053037203 131 1 19 1
2053037289 131 1 19 1
2053037375 131 1 19 1
2053037435 131 1 19 1
2053037521 131 1 19 1
2053037607 131 1 19 1
2053039187 131 1 19 0
2053039500 3 0 1 1
2053039555 3 0 1 1
2053039638 3 0 1 1
2053039721 3 0 1 1
2053039804 3 0 1 1
2053039887 3 0 1 1
2053039970 3 0 1 1
2053040053 3 0 1 1
2053040136 3 0 1 1
2053040219 3 0 1 1
2053040302 3 0 1 1
2053040385 3 0 1 1
2053040468 3 0 1 1
2053040551 3 0 1 1
2053040634 3 0 1 1
2053040717 3 0 1 1
2053040800 3 0 1 1
2053040883 3 0 1 1
2053040966 3 0 1 1
2053041049 3 0 1 1
2053041132 3 0 1 1
2053041215 3 0 1 1
2053041302 3 0 1 1
2053041385 3 0 1 1
2053041472 3 0 1 1
2053041558 3 0 1 1
2053042691 131 1 19 1
2053042694 131 1 19 0
2053042780 131 1 19 1
2053042866 131 1 19 1
2053042952 131 1 19 1
2053043038 131 1 19 1
2053043124 131 1 19 1
2053043210 131 1 19 1
2053043296 131 1 19 1
2053043382 131 1 19 1
2053043468 131 1 19 1
2053043554 131 1 19 1
2053043640 131 1 19 1
2053043726 131 1 19 1
2053043812 131 1 19 1
2053043898 131 1 19 1
2053043984 131 1 19 1
2053044070 131 1 19 1
2053044156 131 1 19 1
2053044242 131 1 19 1
2053044328 131 1 19 1
2053044414 131 1 19 1
2053044500 131 1 19 1
2053044586 131 1 19 1
2053044672 131 1 19 1
2053044758 131 1 19 1
2053044844 131 1 19 1
2053045428 131 1 19 0
2053051061 131 1 19 1
2053051064 131 1 19 0
2053051150 131 1 19 1
2053051236 131 1 19 1
2053051322 131 1 19 1
2053051408 131 1 19 1
2053051494 131 1 19 1
2053051580 131 1 19 1
2053051666 131 1 19 1
2053051752 131 1 19 1
2053051838 131 1 19 1
2053051924 131 1 19 1
2053052010 131 1 19 1
2053052096 131 1 19 1
2053052182 131 1 19 1
2053052268 131 1 19 1
2053052354 131 1 19 1
2053052440 131 1 19 1
2053052526 131 1 19 1
2053052612 131 1 19 1
2053052698 131 1 19 1
2053052803 131 1 19 1
2053052889 131 1 19 1
2053052975 131 1 19 1
2053053061 131 1 19 1
2053053147 131 1 19 1
2053053233 131 1 19 1
2053054900 131 1 19 0
2053066733 131 1 19 1
2053066736 131 1 19 0
2053077114 131 1 19 1
2053077200 131 1 19 1
2053077286 131 1 19 1
2053077372 131 1 19 1
2053077458 131 1 19 1
2053077544 131 1 19 1
2053077630 131 1 19 1
2053077716 131 1 19 1
2053077802 131 1 19 1
2053077888 131 1 19 1
2053077974 131 1 19 1
2053078060 131 1 19 1
2053078146 131 1 19 1
2053078232 131 1 19 1
2053078318 131 1 19 1
2053078404 131 1 19 1
2053078494 131 1 19 1
2053078584 131 1 19 1
2053078670 131 1 19 1
2053078756 131 1 19 1
2053078842 131 1 19 1
2053078928 131 1 19 1
2053079014 131 1 19 1
2053079100 131 1 19 1
2053079186 131 1 19 1
2053081098 131 1 19 0
2053484266 131 1 19 1
2053484349 131 1 19 1
2053484436 131 1 19 1
2053484581 131 1 19 1
2053484667 131 1 19 1
2053484693 131 1 19 1
2053484776 131 1 19 1
2053484863 131 1 19 1
2053484996 131 1 19 1
2053485037 131 1 19 1
2053485145 131 1 19 1
2053485207 131 1 19 1
2053485294 131 1 19 1
2053485403 131 1 19 1
2053485468 131 1 19 1
2053485564 131 1 19 1
2053485638 131 1 19 1
2053485725 131 1 19 1
2053485811 131 1 19 1
2053485895 131 1 19 1
2053485987 131 1 19 1
2053486069 131 1 19 1
2053486217 131 1 19 1
2053486243 131 1 19 1
2053486410 131 1 19 1
2053488123 131 1 19 0
2053491846 131 1 19 1
2053491950 131 1 19 0
2053491953 131 1 19 1
2053492039 131 1 19 1
2053492099 131 1 19 1
2053492182 131 1 19 1
2053492341 131 1 19 1
2053492427 131 1 19 1
2053492513 131 1 19 1
2053492518 131 1 19 1
2053492673 131 1 19 1
2053492759 131 1 19 1
2053492762 131 1 19 1
2053492765 131 1 19 1
2053492851 131 1 19 1
2053492937 131 1 19 1
2053493023 131 1 19 1
2053493109 131 1 19 1
2053493195 131 1 19 1
2053493198 131 1 19 1
2053493284 131 1 19 1
2053493370 131 1 19 1
2053493456 131 1 19 1
2053493542 131 1 19 1
2053493628 131 1 19 1
2053493714 131 1 19 1
2053493800 131 1 19 1
2053493870 131 1 19 1
2053494039 131 1 19 1
2053494251 131 1 19 0
2053562655 133 1 19 1
2053562741 133 1 19 0
2053562831 133 1 19 1
2053562917 133 1 19 1
2053563003 133 1 19 1
2053563093 133 1 19 1
2053563179 133 1 19 1
2053563269 133 1 19 1
2053563359 133 1 19 1
2053563445 133 1 19 1
2053563531 133 1 19 1
2053563617 133 1 19 1
2053563703 133 1 19 1
2053563789 133 1 19 1
2053563875 133 1 19 1
2053563961 133 1 19 1
2053564047 133 1 19 1
2053564133 133 1 19 1
2053564219 133 1 19 1
2053564305 133 1 19 1
2053564391 133 1 19 1
2053564477 133 1 19 1
2053564567 133 1 19 1
2053564653 133 1 19 1
2053564739 133 1 19 1
2053564908 133 1 19 1
2053564911 133 1 19 1
2053567238 133 1 19 0
2053571636 133 1 19 1
2053571639 133 1 19 0
2053571725 133 1 19 1
2053571728 133 1 19 0
2053571814 133 1 19 1
2053571817 133 1 19 0
2053571903 133 1 19 1
2053571989 133 1 19 1
2053572075 133 1 19 1
2053572161 133 1 19 1
2053572247 133 1 19 1
2053572333 133 1 19 1
2053572336 133 1 19 1
2053572505 133 1 19 1
2053572591 133 1 19 1
2053572677 133 1 19 1
2053572763 133 1 19 1
2053572849 133 1 19 1
2053572935 133 1 19 1
2053572938 133 1 19 1
2053573024 133 1 19 1
2053573110 133 1 19 1
2053573196 133 1 19 1
2053573282 133 1 19 1
2053573368 133 1 19 1
2053573454 133 1 19 1
2053573540 133 1 19 1
2053573626 133 1 19 1
2053573712 133 1 19 1
2053573846 133 1 19 1
2053573932 133 1 19 1
2053573935 133 1 19 1
2053575519 133 1 19 0
2053583417 131 1 19 1
2053583420 131 1 19 0
2053583506 131 1 19 1
2053583592 131 1 19 1
2053583678 131 1 19 1
2053583764 131 1 19 1
2053583814 131 1 19 1
2053583902 131 1 19 1
2053583945 131 1 19 1
2053584059 131 1 19 1
2053584145 131 1 19 1
2053584242 131 1 19 1
2053584328 131 1 19 1
2053584414 131 1 19 1
2053584500 131 1 19 1
2053584586 131 1 19 1
2053584672 131 1 19 1
2053584758 131 1 19 1
2053584844 131 1 19 1
2053584896 131 1 19 1
2053584982 131 1 19 1
2053585068 131 1 19 1
2053585154 131 1 19 1
2053585202 131 1 19 1
2053585285 131 1 19 1
2053585398 131 1 19 1
2053585451 131 1 19 1
2053585602 131 1 19 1
2053588884 131 1 19 0
2053592193 131 1 19 1
2053592260 131 1 19 1
2053592387 131 1 19 1
2053592426 131 1 19 1
2053592509 131 1 19 1
2053592628 131 1 19 1
2053592715 131 1 19 1
2053592762 131 1 19 1
2053592881 131 1 19 1
2053592932 131 1 19 1
2053593047 131 1 19 1
2053593133 131 1 19 1
2053593219 131 1 19 1
2053593268 131 1 19 1
2053593351 131 1 19 1
2053593490 131 1 19 1
2053593517 131 1 19 1
2053593604 131 1 19 1
2053593687 131 1 19 1
2053593770 131 1 19 1
2053593856 131 1 19 1
2053594004 131 1 19 1
2053594019 131 1 19 1
2053594112 131 1 19 1
2053594198 131 1 19 1
2053594272 131 1 19 1
2053596519 131 1 19 0
2053602508 131 1 19 1
2053602590 131 1 19 1
2053602676 131 1 19 1
2053602762 131 1 19 1
2053602822 131 1 19 1
2053602864 131 1 19 1
2053602947 131 1 19 1
2053603034 131 1 19 1
2053603121 131 1 19 1
2053603208 131 1 19 1
2053603374 131 1 19 1
2053603378 131 1 19 1
2053603465 131 1 19 1
2053603552 131 1 19 1
2053603635 131 1 19 1
2053603718 131 1 19 1
2053603801 131 1 19 1
2053603884 131 1 19 1
2053604049 131 1 19 1
2053604052 131 1 19 1
2053604138 131 1 19 1
2053604224 131 1 19 1
2053604310 131 1 19 1
2053604386 131 1 19 1
2053604469 131 1 19 1
2053604552 131 1 19 1
2053606822 131 1 19 0
2053612106 131 1 19 1
2053612189 131 1 19 1
2053612272 131 1 19 1
2053612355 131 1 19 1
2053612438 131 1 19 1
2053612521 131 1 19 1
2053612604 131 1 19 1
2053612687 131 1 19 1
2053612770 131 1 19 1
2053612853 131 1 19 1
2053612940 131 1 19 1
2053613078 131 1 19 1
2053613106 131 1 19 1
2053613189 131 1 19 1
2053613272 131 1 19 1
2053613355 131 1 19 1
2053613438 131 1 19 1
2053613584 131 1 19 1
2053613604 131 1 19 1
2053613687 131 1 19 1
2053613770 131 1 19 1
2053613853 131 1 19 1
2053613940 131 1 19 1
2053614023 131 1 19 1
2053614185 131 1 19 1
2053614196 131 1 19 1
2053621282 131 1 19 1
2053621365 131 1 19 1
2053621452 131 1 19 1
2053621535 131 1 19 1
2053621678 131 1 19 1
2053621701 131 1 19 1
2053621784 131 1 19 1
2053621867 131 1 19 1
2053621950 131 1 19 1
2053622037 131 1 19 1
2053622120 131 1 19 1
2053622203 131 1 19 1
2053622286 131 1 19 1
2053622429 131 1 19 1
2053622452 131 1 19 1
2053622539 131 1 19 1
2053622622 131 1 19 1
2053622705 131 1 19 1
2053622788 131 1 19 1
2053622871 131 1 19 1
2053622954 131 1 19 1
2053623037 131 1 19 1
2053623176 131 1 19 1
2053623207 131 1 19 1
2053623290 131 1 19 1
2053630637 131 1 19 1
2053630720 131 1 19 1
2053630807 131 1 19 1
2053630894 131 1 19 1
2053630981 131 1 19 1
2053631064 131 1 19 1
2053631155 131 1 19 1
2053631283 131 1 19 1
2053631321 131 1 19 1
2053631404 131 1 19 1
2053631489 131 1 19 1
2053631570 131 1 19 1
2053631657 131 1 19 1
2053631740 131 1 19 1
2053631823 131 1 19 1
2053631906 131 1 19 1
2053631989 131 1 19 1
2053632114 131 1 19 1
2053632163 131 1 19 1
2053632246 131 1 19 1
2053632329 131 1 19 1
2053632416 131 1 19 1
2053632499 131 1 19 1
2053632582 131 1 19 1
2053632665 131 1 19 1
2053636919 131 1 19 0
2053645631 131 1 19 1
2053645718 131 1 19 1
2053645805 131 1 19 1
2053645888 131 1 19 1
2053645975 131 1 19 1
2053646065 131 1 19 1
2053646170 131 1 19 1
2053646236 131 1 19 1
2053646323 131 1 19 1
2053646410 131 1 19 1
2053646493 131 1 19 1
2053646580 131 1 19 1
2053646667 131 1 19 1
2053646754 131 1 19 1
2053646921 131 1 19 1
2053646928 131 1 19 1
2053647019 131 1 19 1
2053647106 131 1 19 1
2053647193 131 1 19 1
2053647276 131 1 19 1
2053647363 131 1 19 1
2053647450 131 1 19 1
2053647537 131 1 19 1
2053647624 131 1 19 1
2053647711 131 1 19 1
2053650117 131 1 19 0
2053660573 131 1 19 1
2053660660 131 1 19 1
2053660743 131 1 19 1
2053660826 131 1 19 1
2053660909 131 1 19 1
2053660992 131 1 19 1
2053661083 131 1 19 1
2053661161 131 1 19 1
2053661241 131 1 19 1
2053661324 131 1 19 1
2053661407 131 1 19 1
2053661490 131 1 19 1
2053661660 131 1 19 1
2053661667 131 1 19 1
2053661743 131 1 19 1
2053661826 131 1 19 1
2053661909 131 1 19 1
2053661992 131 1 19 1
2053662075 131 1 19 1
2053662158 131 1 19 1
2053662186 131 1 19 1
2053662269 131 1 19 1
2053662407 131 1 19 1
2053662435 131 1 19 1
2053662518 131 1 19 1
2053662605 131 1 19 1
2053663303 131 1 19 0
2054090345 134 1 19 1
2054090431 134 1 19 0
2054090434 134 1 19 1
2054090524 134 1 19 1
2054090610 134 1 19 0
2054090613 134 1 19 1
2054090699 134 1 19 1
2054090785 134 1 19 1
2054090875 134 1 19 1
2054090961 134 1 19 1
2054091047 134 1 19 1
2054091133 134 1 19 1
2054091219 134 1 19 1
2054091309 134 1 19 1
2054091395 134 1 19 1
2054091481 134 1 19 1
2054091575 134 1 19 1
2054091661 134 1 19 1
2054091747 134 1 19 1
2054091837 134 1 19 1
2054091923 134 1 19 1
2054092009 134 1 19 1
2054092095 134 1 19 1
2054092098 134 1 19 1
2054092188 134 1 19 1
2054092282 134 1 19 1
2054092368 134 1 19 1
2054092545 134 1 19 1
2054092714 134 1 19 1
2054093729 134 1 19 0
2054946125 46 0 1 1
2054946208 46 0 1 1
2054946291 46 0 1 1
2054946374 46 0 1 1
2054946457 46 0 1 1
2054946540 46 0 1 1
2054946623 46 0 1 1
2054946706 46 0 1 1
2054946789 46 0 1 1
2054946872 46 0 1 1
2054946955 46 0 1 1
2054947038 46 0 1 1
2054947121 46 0 1 1
2054947204 46 0 1 1
2054947287 46 0 1 1
2054947370 46 0 1 1
2054947453 46 0 1 1
2054947536 46 0 1 1
2054947619 46 0 1 1
2054947702 46 0 1 1
2054947785 46 0 1 1
2054947895 46 0 1 1
2054947951 46 0 1 1
2054948034 46 0 1 1
2054948117 46 0 1 1
2054948200 46 0 1 1
2054955784 46 0 1 1
2054955787 46 0 1 0
2054955867 46 0 1 1
2054955870 46 0 1 0
2054955950 46 0 1 1
2054956033 46 0 1 1
2054956036 46 0 1 0
2054956116 46 0 1 1
2054956140 46 0 1 0
2054956199 46 0 1 1
2054956282 46 0 1 1
2054956365 46 0 1 1
2054956448 46 0 1 1
2054956531 46 0 1 1
2054956614 46 0 1 1
2054956697 46 0 1 1
2054956780 46 0 1 1
2054956863 46 0 1 1
2054956887 46 0 1 0
2054956946 46 0 1 1
2054957029 46 0 1 1
2054957112 46 0 1 1
2054957195 46 0 1 1
2054957278 46 0 1 1
2054957361 46 0 1 1
2054957444 46 0 1 1
2054957527 46 0 1 1
2054957592 46 0 1 1
2054957675 46 0 1 1
2054957758 46 0 1 1
2054957841 46 0 1 1
2054957924 46 0 1 1
2054958007 46 0 1 1
2054958122 46 0 1 1
2054958229 46 0 1 1
2054958973 46 0 1 1
2054959247 46 0 1 0
2055930601 132 1 19 1
2055930623 132 1 19 0
2055930684 132 1 19 1
2055930767 132 1 19 1
2055930926 132 1 19 1
2055931173 132 1 19 1
2055931366 132 1 19 1
2055931747 132 1 19 1
2055931862 132 1 19 1
2055932358 132 1 19 1
2055932441 132 1 19 1
2055933457 132 1 19 0
2055937020 132 1 19 1
2055937058 132 1 19 0
2055942245 135 1 19 1
2055942328 135 1 19 1
2055942411 135 1 19 1
2055942494 135 1 19 1
2055942577 135 1 19 1
2055942660 135 1 19 1
2055942743 135 1 19 1
2055942798 132 1 19 1
2055942826 135 1 19 1
2055942854 132 1 19 0
2055942881 132 1 19 1
2055942909 135 1 19 1
2055942937 132 1 19 0
2055942964 132 1 19 1
2055942992 135 1 19 1
2055943051 132 1 19 1
2055943075 135 1 19 1
2055943134 132 1 19 1
2055943158 135 1 19 1
2055943217 132 1 19 1
2055943241 135 1 19 1
2055943300 132 1 19 1
2055943324 135 1 19 1
2055943387 132 1 19 1
2055943407 135 1 19 1
2055943470 132 1 19 1
2055943490 135 1 19 1
2055943553 132 1 19 1
2055943573 135 1 19 1
2055943640 132 1 19 1
2055943656 135 1 19 1
2055943723 132 1 19 1
2055943739 135 1 19 1
2055943806 132 1 19 1
2055943822 135 1 19 1
2055943893 132 1 19 1
2055943905 135 1 19 1
2055943973 129 1 19 1
2055943976 132 1 19 1
2055943988 135 1 19 1
2055944056 129 1 19 1
2055944063 132 1 19 1
2055944071 135 1 19 1
2055944139 129 1 19 1
2055944150 132 1 19 1
2055944154 135 1 19 1
2055944226 129 1 19 1
2055944233 132 1 19 1
2055944237 135 1 19 1
2055944309 129 1 19 1
2055944320 135 1 19 1
2055944320 132 1 19 1
2055944392 129 1 19 1
2055944407 132 1 19 1
2055944490 132 1 19 1
2055944509 129 1 19 1
2055944558 129 1 19 1
2055944577 132 1 19 1
2055944641 129 1 19 1
2055944664 132 1 19 1
2055944724 129 1 19 1
2055944751 132 1 19 1
2055944834 132 1 19 1
2055944849 129 1 19 1
2055944890 129 1 19 1
2055944940 132 1 19 1
2055944973 129 1 19 1
2055945031 132 1 19 1
2055945056 129 1 19 1
2055945139 129 1 19 1
2055945226 129 1 19 1
2055945355 129 1 19 1
2055945358 129 1 19 1
2055945438 129 1 19 1
2055945521 129 1 19 1
2055945604 129 1 19 1
2055945691 129 1 19 1
2055945770 129 1 19 1
2055945853 129 1 19 1
2055945936 129 1 19 1
2055946019 129 1 19 1
2055947286 129 1 19 0
2055947701 132 1 19 0
2055951151 132 1 19 1
2055951203 132 1 19 0
2055951218 129 1 19 1
2055951234 132 1 19 1
2055951286 129 1 19 0
2055951301 129 1 19 1
2055951321 132 1 19 1
2055951384 129 1 19 1
2055951406 135 1 19 1
2055951408 132 1 19 1
2055951467 129 1 19 1
2055951495 132 1 19 1
2055951553 135 1 19 1
2055951572 135 1 19 1
2055951578 132 1 19 1
2055951621 129 1 19 1
2055951637 129 1 19 1
2055951669 132 1 19 1
2055951720 129 1 19 1
2055951726 135 1 19 1
2055951738 135 1 19 1
2055951752 132 1 19 1
2055951803 129 1 19 1
2055951839 132 1 19 1
2055951886 129 1 19 1
2055951892 135 1 19 1
2055951904 135 1 19 1
2055951926 132 1 19 1
2055952013 132 1 19 1
2055952052 129 1 19 1
2055952056 129 1 19 1
2055952066 135 1 19 1
2055952070 135 1 19 1
2055952096 132 1 19 1
2055952139 129 1 19 1
2055952216 135 1 19 1
2055952222 129 1 19 1
2055952236 132 1 19 1
2055952262 132 1 19 1
2055952309 129 1 19 1
2055952309 135 1 19 1
2055952319 135 1 19 1
2055952402 132 1 19 1
2055952413 135 1 19 1
2055952432 132 1 19 1
2055952475 129 1 19 1
2055952478 129 1 19 1
2055952485 135 1 19 1
2055952558 129 1 19 1
2055952568 135 1 19 1
2055952569 132 1 19 1
2055952602 132 1 19 1
2055952641 129 1 19 1
2055952651 135 1 19 1
2055952728 129 1 19 1
2055952734 135 1 19 1
2055952738 132 1 19 1
2055952768 132 1 19 1
2055952811 129 1 19 1
2055952817 135 1 19 1
2055952894 129 1 19 1
2055952900 135 1 19 1
2055952908 132 1 19 1
2055952938 132 1 19 1
2055952983 135 1 19 1
2055952993 129 1 19 1
2055953064 129 1 19 1
2055953066 135 1 19 1
2055953070 132 1 19 1
2055953108 132 1 19 1
2055953147 129 1 19 1
2055953149 135 1 19 1
2055953230 129 1 19 1
2055953232 135 1 19 1
2055953240 132 1 19 1
2055953289 132 1 19 1
2055953315 135 1 19 1
2055953372 129 1 19 1
2055953398 135 1 19 1
2055953481 135 1 19 1
2055956376 129 1 19 0
2055956807 132 1 19 0
2055960154 129 1 19 1
2055960157 129 1 19 0
2055960253 132 1 19 1
2055960279 129 1 19 1
2055960324 129 1 19 1
2055960329 132 1 19 0
2055960336 132 1 19 1
2055960407 129 1 19 1
2055960423 132 1 19 1
2055960490 129 1 19 1
2055960506 132 1 19 1
2055960573 129 1 19 1
2055960589 132 1 19 1
2055960706 129 1 19 1
2055960733 132 1 19 1
2055960743 129 1 19 1
2055960759 132 1 19 1
2055960826 129 1 19 1
2055960846 132 1 19 1
2055960913 129 1 19 1
2055960933 132 1 19 1
2055960982 135 1 19 1
2055960985 135 1 19 0
2055961038 129 1 19 1
2055961065 135 1 19 1
2055961069 132 1 19 1
2055961076 135 1 19 0
2055961083 129 1 19 1
2055961099 132 1 19 1
2055961148 135 1 19 1
2055961151 135 1 19 0
2055961166 129 1 19 1
2055961231 135 1 19 1
2055961235 132 1 19 1
2055961249 129 1 19 1
2055961269 132 1 19 1
2055961314 135 1 19 1
2055961336 129 1 19 1
2055961397 135 1 19 1
2055961397 132 1 19 1
2055961443 132 1 19 1
2055961461 129 1 19 1
2055961480 135 1 19 1
2055961502 129 1 19 1
2055961563 135 1 19 1
2055961563 132 1 19 1
2055961585 129 1 19 1
2055961609 132 1 19 1
2055961646 135 1 19 1
2055961672 129 1 19 1
2055961729 135 1 19 1
2055961733 132 1 19 1
2055961779 132 1 19 1
2055961797 129 1 19 1
2055961812 135 1 19 1
2055961838 129 1 19 1
2055961895 135 1 19 1
2055961899 132 1 19 1
2055961921 129 1 19 1
2055961953 132 1 19 1
2055961978 135 1 19 1
2055962050 129 1 19 1
2055962061 135 1 19 1
2055962062 132 1 19 1
2055962091 129 1 19 1
2055962123 132 1 19 1
2055962144 135 1 19 1
2055962174 129 1 19 1
2055962227 135 1 19 1
2055962232 132 1 19 1
2055962261 129 1 19 1
2055962297 132 1 19 1
2055962310 135 1 19 1
2055962390 129 1 19 1
2055962393 135 1 19 1
2055962415 132 1 19 1
2055962476 135 1 19 1
2055962559 135 1 19 1
2055962642 135 1 19 1
2055962725 135 1 19 1
2055962808 135 1 19 1
2055962891 135 1 19 1
2055962974 135 1 19 1
2055963057 135 1 19 1
2055963140 135 1 19 1
2055963223 135 1 19 1
2055963306 135 1 19 1
2055964434 129 1 19 0
2055964819 135 1 19 0
2055965483 132 1 19 0
2055968445 129 1 19 1
2055968448 129 1 19 0
2055968611 129 1 19 1
2055968648 129 1 19 0
2055968694 129 1 19 1
2055968739 132 1 19 1
2055968814 129 1 19 0
2055968817 129 1 19 1
2055968860 129 1 19 1
2055968897 132 1 19 1
2055968905 132 1 19 1
2055968947 129 1 19 1
2055969030 129 1 19 1
2055969063 132 1 19 1
2055969071 132 1 19 1
2055969146 135 1 19 1
2055969149 135 1 19 0
2055969154 129 1 19 1
2055969196 129 1 19 1
2055969229 135 1 19 1
2055969233 132 1 19 1
2055969236 132 1 19 1
2055969258 135 1 19 0
2055969279 129 1 19 1
2055969312 135 1 19 1
2055969314 132 1 19 1
2055969362 129 1 19 1
2055969395 135 1 19 1
2055969397 132 1 19 1
2055969478 135 1 19 1
2055969494 129 1 19 1
2055969532 129 1 19 1
2055969561 135 1 19 1
2055969561 132 1 19 1
2055969567 132 1 19 1
2055969615 129 1 19 1
2055969644 135 1 19 1
2055969698 129 1 19 1
2055969727 135 1 19 1
2055969727 132 1 19 1
2055969734 132 1 19 1
2055969810 135 1 19 1
2055969834 129 1 19 1
2055969864 129 1 19 1
2055969893 135 1 19 1
2055969893 132 1 19 1
2055969903 132 1 19 1
2055969947 129 1 19 1
2055969976 135 1 19 1
2055970030 129 1 19 1
2055970059 135 1 19 1
2055970059 132 1 19 1
2055970069 132 1 19 1
2055970142 135 1 19 1
2055970174 129 1 19 1
2055970200 129 1 19 1
2055970225 135 1 19 1
2055970225 132 1 19 1
2055970240 132 1 19 1
2055970283 129 1 19 1
2055970308 135 1 19 1
2055970322 132 1 19 1
2055970366 129 1 19 1
2055970391 135 1 19 1
2055970449 129 1 19 1
2055970474 135 1 19 1
2055970474 132 1 19 1
2055970557 135 1 19 1
2055970564 132 1 19 1
2055970571 132 1 19 1
2055970597 129 1 19 1
2055970617 129 1 19 1
2055970640 135 1 19 1
2055970654 132 1 19 1
2055970723 135 1 19 1
2055970734 129 1 19 1
2055970806 135 1 19 1
2055970806 132 1 19 1
2055970889 135 1 19 1
2055970904 132 1 19 1
2055970941 129 1 19 1
2055970972 135 1 19 1
2055971055 135 1 19 1
2055971138 135 1 19 1
2055971221 135 1 19 1
2055971304 135 1 19 1
2055971387 135 1 19 1
2055972708 129 1 19 0
2055973167 135 1 19 0
2055974748 132 1 19 0
2055977294 135 1 19 1
2055977377 135 1 19 1
2055977460 135 1 19 1
2055977543 135 1 19 1
2055977626 135 1 19 1
2055977709 135 1 19 1
2055977792 135 1 19 1
2055977875 135 1 19 1
2055977958 135 1 19 1
2055978041 135 1 19 1
2055978124 135 1 19 1
2055978207 135 1 19 1
2055978290 135 1 19 1
2055978373 135 1 19 1
2055978456 135 1 19 1
2055978539 135 1 19 1
2055978622 135 1 19 1
2055978705 135 1 19 1
2055978788 135 1 19 1
2055978871 135 1 19 1
2055978954 135 1 19 1
2055979037 135 1 19 1
2055979120 135 1 19 1
2055979203 135 1 19 1
2055979286 135 1 19 1
2055979369 135 1 19 1
2055983386 135 1 19 0
2055988784 135 1 19 1
2055988787 135 1 19 0
2055988950 135 1 19 1
2055988988 135 1 19 0
2055989033 135 1 19 1
2055989036 135 1 19 0
2055989116 135 1 19 1
2055989119 135 1 19 0
2055989199 135 1 19 1
2055989282 135 1 19 1
2055989285 135 1 19 0
2055989365 135 1 19 1
2055989448 135 1 19 1
2055989531 135 1 19 1
2055989614 135 1 19 1
2055989617 135 1 19 0
2055989697 135 1 19 1
2055989780 135 1 19 1
2055989863 135 1 19 1
2055989946 135 1 19 1
2055990029 135 1 19 1
2055990112 135 1 19 1
2055990195 135 1 19 1
2055990233 135 1 19 1
2055990316 135 1 19 1
2055990399 135 1 19 1
2055990482 135 1 19 1
2055990565 135 1 19 1
2055990648 135 1 19 1
2055990731 135 1 19 1
2055990814 135 1 19 1
2055990897 135 1 19 1
2055990980 135 1 19 1
2055991074 135 1 19 1
2055991157 135 1 19 1
2055991240 135 1 19 1
2055991371 135 1 19 1
2055991703 135 1 19 1
2055993766 135 1 19 0
2055996903 135 1 19 1
2055996989 135 1 19 1
2055997075 135 1 19 1
2055997161 135 1 19 1
2055997247 135 1 19 1
2055997333 135 1 19 1
2055997419 135 1 19 1
2055997505 135 1 19 1
2055997591 135 1 19 1
2055997677 135 1 19 1
2055997680 135 1 19 1
2055997782 135 1 19 1
2055997868 135 1 19 1
2055997954 135 1 19 1
2055998040 135 1 19 1
2055998160 135 1 19 1
2055998246 135 1 19 1
2055998332 135 1 19 1
2055998342 135 1 19 1
2055998492 135 1 19 1
2055998578 135 1 19 1
2055998591 135 1 19 1
2055998741 135 1 19 1
2055998771 135 1 19 1
2055998848 135 1 19 1
2055998931 135 1 19 1
2056003085 135 1 19 0
2056006025 135 1 19 1
2056006058 135 1 19 0
2056006112 135 1 19 1
2056006199 135 1 19 1
2056006282 135 1 19 1
2056006365 135 1 19 1
2056006452 135 1 19 1
2056006535 135 1 19 1
2056006622 135 1 19 1
2056006709 135 1 19 1
2056006792 135 1 19 1
2056006879 135 1 19 1
2056006962 135 1 19 1
2056007045 135 1 19 1
2056007132 135 1 19 1
2056007215 135 1 19 1
2056007302 135 1 19 1
2056007385 135 1 19 1
2056007472 135 1 19 1
2056007555 135 1 19 1
2056007642 135 1 19 1
2056007725 135 1 19 1
2056007808 135 1 19 1
2056007895 135 1 19 1
2056007978 135 1 19 1
2056008131 135 1 19 1
2056008148 135 1 19 1
2056011554 135 1 19 0
2056014407 135 1 19 1
2056014490 135 1 19 1
2056014577 135 1 19 1
2056014660 135 1 19 1
2056014743 135 1 19 1
2056014830 135 1 19 1
2056014913 135 1 19 1
2056015000 135 1 19 1
2056015083 135 1 19 1
2056015170 135 1 19 1
2056015253 135 1 19 1
2056015340 135 1 19 1
2056015423 135 1 19 1
2056015506 135 1 19 1
2056015593 135 1 19 1
2056015676 135 1 19 1
2056015763 135 1 19 1
2056015846 135 1 19 1
2056015933 135 1 19 1
2056016016 135 1 19 1
2056016103 135 1 19 1
2056016186 135 1 19 1
2056016269 135 1 19 1
2056016352 135 1 19 1
2056016435 135 1 19 1
2056018131 135 1 19 0
2059026088 134 1 20 1
2059026091 134 1 20 0
2059026177 134 1 20 1
2059026180 134 1 20 0
2059026266 134 1 20 1
2059026352 134 1 20 1
2059026438 134 1 20 1
2059026524 134 1 20 1
2059026610 134 1 20 1
2059026696 134 1 20 1
2059026782 134 1 20 1
2059026868 134 1 20 1
2059026954 134 1 20 1
2059027040 134 1 20 1
2059027126 134 1 20 1
2059027212 134 1 20 1
2059027298 134 1 20 1
2059027384 134 1 20 1
2059027470 134 1 20 1
2059027556 134 1 20 1
2059027642 134 1 20 1
2059027728 134 1 20 1
2059027814 134 1 20 1
2059027900 134 1 20 1
2059027986 134 1 20 1
2059028072 134 1 20 1
2059028158 134 1 20 1
2059028161 134 1 20 1
2059028247 134 1 20 1
2059028333 134 1 20 1
2059030332 134 1 20 0
2059038054 134 1 20 1
2059038140 134 1 20 0
2059038143 134 1 20 1
2059038229 134 1 20 1
2059038315 134 1 20 0
2059038318 134 1 20 1
2059038404 134 1 20 1
2059038490 134 1 20 1
2059038576 134 1 20 1
2059038662 134 1 20 1
2059038748 134 1 20 1
2059038834 134 1 20 1
2059038920 134 1 20 1
2059039006 134 1 20 1
2059039092 134 1 20 1
2059039178 134 1 20 1
2059039264 134 1 20 1
2059039350 134 1 20 1
2059039436 134 1 20 1
2059039526 134 1 20 0
2059039529 134 1 20 1
2059039532 134 1 20 0
2059039618 134 1 20 1
2059039621 134 1 20 0
2059277562 133 1 20 1
2059277592 133 1 20 0
2059277649 133 1 20 1
2059277732 133 1 20 1
2059277815 133 1 20 1
2059277902 133 1 20 1
2059277985 133 1 20 1
2059278072 133 1 20 1
2059278155 133 1 20 1
2059278238 133 1 20 1
2059278325 133 1 20 1
2059278408 133 1 20 1
2059278495 133 1 20 1
2059278578 133 1 20 1
2059278665 133 1 20 1
2059278752 133 1 20 1
2059278904 133 1 20 1
2059278994 133 1 20 1
2059279084 133 1 20 1
2059279087 133 1 20 1
2059279173 133 1 20 1
2059279259 133 1 20 1
2059279349 133 1 20 1
2059279358 133 1 20 1
2059279485 133 1 20 1
2059279572 133 1 20 1
2059279658 133 1 20 1
2059279748 133 1 20 1
2059287336 133 1 20 1
2059287350 133 1 20 0
2059287419 133 1 20 1
2059287502 133 1 20 1
2059287585 133 1 20 1
2059287668 133 1 20 1
2059287751 133 1 20 1
2059287834 133 1 20 1
2059287917 133 1 20 1
2059288000 133 1 20 1
2059288083 133 1 20 1
2059288166 133 1 20 1
2059288249 133 1 20 1
2059288332 133 1 20 1
2059288415 133 1 20 1
2059288498 133 1 20 1
2059288581 133 1 20 1
2059288664 133 1 20 1
2059288747 133 1 20 1
2059288830 133 1 20 1
2059288915 133 1 20 1
2059288996 133 1 20 1
2059289079 133 1 20 1
2059289162 133 1 20 1
2059289245 133 1 20 1
2059289328 133 1 20 1
2059289415 133 1 20 1
2059289498 133 1 20 1
2059293505 133 1 20 0
2059296421 133 1 20 1
2059296504 133 1 20 1
2059296587 133 1 20 1
2059296674 133 1 20 1
2059296757 133 1 20 1
2059296840 133 1 20 1
2059296923 133 1 20 1
2059297006 133 1 20 1
2059297089 133 1 20 1
2059297172 133 1 20 1
2059297255 133 1 20 1
2059297338 133 1 20 1
2059297421 133 1 20 1
2059297504 133 1 20 1
2059297587 133 1 20 1
2059297670 133 1 20 1
2059297753 133 1 20 1
2059297836 133 1 20 1
2059297919 133 1 20 1
2059298002 133 1 20 1
2059298085 133 1 20 1
2059298168 133 1 20 1
2059298251 133 1 20 1
2059298334 133 1 20 1
2059298417 133 1 20 1
2059298500 133 1 20 1
2059302124 133 1 20 0
2059304957 133 1 20 1
2059305040 133 1 20 1
2059305123 133 1 20 1
2059305206 133 1 20 1
2059305289 133 1 20 1
2059305372 133 1 20 1
2059305455 133 1 20 1
2059305619 133 1 20 1
2059305622 133 1 20 1
2059305785 133 1 20 1
2059305796 133 1 20 1
2059305886 133 1 20 1
2059305972 133 1 20 1
2059306058 133 1 20 1
2059306144 133 1 20 1
2059306238 133 1 20 1
2059306324 133 1 20 1
2059306414 133 1 20 1
2059306504 133 1 20 1
2059306545 133 1 20 1
2059306631 133 1 20 1
2059306717 133 1 20 1
2059306803 133 1 20 1
2059306893 133 1 20 1
2059306953 133 1 20 1
2059307046 133 1 20 1
2059311391 133 1 20 0
2059314556 133 1 20 1
2059314639 133 1 20 1
2059314722 133 1 20 1
2059314805 133 1 20 1
2059314888 133 1 20 1
2059314971 133 1 20 1
2059315054 133 1 20 1
2059315137 133 1 20 1
2059315220 133 1 20 1
2059315303 133 1 20 1
2059315386 133 1 20 1
2059315469 133 1 20 1
2059315552 133 1 20 1
2059315636 133 1 20 1
2059315718 133 1 20 1
2059315801 133 1 20 1
2059315884 133 1 20 1
2059315971 133 1 20 1
2059316054 133 1 20 1
2059316137 133 1 20 1
2059316220 133 1 20 1
2059316303 133 1 20 1
2059316386 133 1 20 1
2059316469 133 1 20 1
2059316554 133 1 20 1
2059316635 133 1 20 1
2059320437 133 1 20 0
2059323444 133 1 20 1
2059323461 133 1 20 0
2059323527 133 1 20 1
2059323610 133 1 20 1
2059323693 133 1 20 1
2059323776 133 1 20 1
2059323859 133 1 20 1
2059323942 133 1 20 1
2059324025 133 1 20 1
2059324108 133 1 20 1
2059324191 133 1 20 1
2059324274 133 1 20 1
2059324357 133 1 20 1
2059324440 133 1 20 1
2059324523 133 1 20 1
2059324606 133 1 20 1
2059324689 133 1 20 1
2059324772 133 1 20 1
2059324855 133 1 20 1
2059324938 133 1 20 1
2059325038 133 1 20 1
2059325104 133 1 20 1
2059325200 133 1 20 1
2059325270 133 1 20 1
2059325362 133 1 20 1
2059325452 133 1 20 1
2059325519 133 1 20 1
2059325615 133 1 20 1
2059329331 133 1 20 0
2059332628 133 1 20 1
2059332714 133 1 20 1
2059332804 133 1 20 1
2059332894 133 1 20 1
2059332984 133 1 20 1
2059333070 133 1 20 1
2059333156 133 1 20 1
2059333242 133 1 20 1
2059333328 133 1 20 1
2059333335 133 1 20 1
2059333421 133 1 20 1
2059333507 133 1 20 1
2059333593 133 1 20 1
2059333679 133 1 20 1
2059333765 133 1 20 1
2059333851 133 1 20 1
2059333937 133 1 20 1
2059334023 133 1 20 1
2059334109 133 1 20 1
2059334195 133 1 20 1
2059334281 133 1 20 1
2059334367 133 1 20 1
2059334453 133 1 20 1
2059334543 133 1 20 1
2059334629 133 1 20 1
2059334715 133 1 20 1
2059338468 133 1 20 0
2059341580 133 1 20 1
2059341583 133 1 20 0
2059341669 133 1 20 1
2059341755 133 1 20 1
2059341845 133 1 20 1
2059341931 133 1 20 1
2059342017 133 1 20 1
2059342103 133 1 20 1
2059342189 133 1 20 1
2059342275 133 1 20 1
2059342361 133 1 20 1
2059342447 133 1 20 1
2059342541 133 1 20 1
2059342627 133 1 20 1
2059342713 133 1 20 1
2059342807 133 1 20 1
2059342893 133 1 20 1
2059342979 133 1 20 1
2059343069 133 1 20 1
2059343076 133 1 20 1
2059343245 133 1 20 1
2059343252 133 1 20 1
2059343421 133 1 20 1
2059343432 133 1 20 1
2059343601 133 1 20 1
2059343687 133 1 20 1
2059343773 133 1 20 1
2059347137 133 1 20 0
2059350453 133 1 20 1
2059350543 133 1 20 0
2059350546 133 1 20 1
2059350632 133 1 20 1
2059350718 133 1 20 1
2059350808 133 1 20 1
2059350894 133 1 20 1
2059350980 133 1 20 1
2059351070 133 1 20 1
2059351156 133 1 20 1
2059351250 133 1 20 1
2059351253 133 1 20 1
2059351339 133 1 20 1
2059351429 133 1 20 1
2059351515 133 1 20 1
2059351601 133 1 20 1
2059351687 133 1 20 1
2059351781 133 1 20 1
2059351867 133 1 20 1
2059351957 133 1 20 1
2059352043 133 1 20 1
2059352129 133 1 20 1
2059352219 133 1 20 1
2059352305 133 1 20 1
2059352395 133 1 20 1
2059352481 133 1 20 1
2059352567 133 1 20 1
2059352661 133 1 20 1
2059355878 133 1 20 0
2059359914 133 1 20 1
2059359917 133 1 20 0
2059360003 133 1 20 1
2059360006 133 1 20 0
2059360092 133 1 20 1
2059360178 133 1 20 1
2059360268 133 1 20 1
2059360354 133 1 20 1
2059360444 133 1 20 1
2059360534 133 1 20 1
2059360620 133 1 20 1
2059360706 133 1 20 1
2059360792 133 1 20 1
2059360882 133 1 20 1
2059360968 133 1 20 1
2059361058 133 1 20 1
2059361152 133 1 20 1
2059361238 133 1 20 1
2059361245 133 1 20 1
2059361335 133 1 20 1
2059361421 133 1 20 1
2059361507 133 1 20 1
2059361597 133 1 20 1
2059361687 133 1 20 1
2059361773 133 1 20 1
2059361867 133 1 20 1
2059361953 133 1 20 1
2059362043 133 1 20 1
2059362129 133 1 20 1
2059362219 133 1 20 1
2059365166 133 1 20 0
2059368822 133 1 20 1
2059368912 133 1 20 1
2059368998 133 1 20 1
2059369084 133 1 20 1
2059369170 133 1 20 1
2059369260 133 1 20 1
2059369346 133 1 20 1
2059369432 133 1 20 1
2059369443 133 1 20 1
2059369529 133 1 20 1
2059369615 133 1 20 1
2059369701 133 1 20 1
2059369787 133 1 20 1
2059369877 133 1 20 1
2059369963 133 1 20 1
2059370049 133 1 20 1
2059370135 133 1 20 1
2059370221 133 1 20 1
2059370341 133 1 20 1
2059370431 133 1 20 1
2059370517 133 1 20 1
2059370603 133 1 20 1
2059370693 133 1 20 1
2059370779 133 1 20 1
2059370865 133 1 20 1
2059370951 133 1 20 1
2059375298 133 1 20 0
2059378230 133 1 20 1
2059378379 133 1 20 0
2059378382 133 1 20 1
2059378396 133 1 20 1
2059378479 133 1 20 1
2059378562 133 1 20 1
2059378649 133 1 20 1
2059378806 133 1 20 1
2059378815 133 1 20 1
2059378898 133 1 20 1
2059378981 133 1 20 1
2059379064 133 1 20 1
2059379229 133 1 20 1
2059379238 133 1 20 1
2059379321 133 1 20 1
2059379404 133 1 20 1
2059379487 133 1 20 1
2059379574 133 1 20 1
2059379657 133 1 20 1
2059379740 133 1 20 1
2059379850 133 1 20 1
2059379906 133 1 20 1
2059379989 133 1 20 1
2059380076 133 1 20 1
2059380159 133 1 20 1
2059380242 133 1 20 1
2059380530 133 1 20 1
2059384352 133 1 20 0
2059802553 134 1 18 1
2059802631 134 1 18 0
2059802640 134 1 18 1
2059802714 134 1 18 0
2059802723 134 1 18 1
2059802726 134 1 18 0
2059802814 134 1 18 1
2059802880 134 1 18 0
2059802897 134 1 18 1
2059802963 134 1 18 0
2059802980 134 1 18 1
2059803063 134 1 18 1
2059803146 134 1 18 1
2059803229 134 1 18 1
2059803312 134 1 18 1
2059803399 134 1 18 1
2059803486 134 1 18 1
2059803569 134 1 18 1
2059803656 134 1 18 1
2059803743 134 1 18 1
2059803826 134 1 18 1
2059803909 134 1 18 1
2059803996 134 1 18 1
2059804079 134 1 18 1
2059804166 134 1 18 1
2059804249 134 1 18 1
2059804336 134 1 18 1
2059804419 134 1 18 1
2059804502 134 1 18 1
2059804589 134 1 18 1
2059804717 134 1 18 1
2059804808 134 1 18 1
2059804895 134 1 18 1
2059804978 134 1 18 1
2059805065 134 1 18 1
2059805315 134 1 18 0
2061893285 131 1 21 1
2061893368 131 1 21 1
2061893455 131 1 21 1
2061893542 131 1 21 1
2061893625 131 1 21 1
2061893708 131 1 21 1
2061893797 131 1 21 1
2061893882 131 1 21 1
2061893965 131 1 21 1
2061894048 131 1 21 1
2061894131 131 1 21 1
2061894216 131 1 21 1
2061894297 131 1 21 1
2061894382 131 1 21 1
2061894463 131 1 21 1
2061894548 131 1 21 1
2061894629 131 1 21 1
2061894712 131 1 21 1
2061894795 131 1 21 1
2061894878 131 1 21 1
2061894896 131 1 21 1
2061898177 131 1 21 0
2062429205 128 1 19 1
2062429291 128 1 19 1
2062429377 128 1 19 1
2062429463 128 1 19 1
2062429549 128 1 19 1
2062429635 128 1 19 1
2062429721 128 1 19 1
2062429807 128 1 19 1
2062429893 128 1 19 1
2062429979 128 1 19 1
2062430065 128 1 19 1
2062430151 128 1 19 1
2062430237 128 1 19 1
2062430323 128 1 19 1
2062430409 128 1 19 1
2062430495 128 1 19 1
2062430581 128 1 19 1
2062430667 128 1 19 1
2062430753 128 1 19 1
2062430839 128 1 19 1
2062430925 128 1 19 1
2062431011 128 1 19 1
2062431097 128 1 19 1
2062431183 128 1 19 1
2062431269 128 1 19 1
2062433804 128 1 19 0
2062440503 128 1 19 1
2062440506 128 1 19 0
2062440592 128 1 19 1
2062440678 128 1 19 1
2062440764 128 1 19 1
2062440850 128 1 19 1
2062440936 128 1 19 1
2062440939 128 1 19 1
2062441108 128 1 19 1
2062441111 128 1 19 1
2062441197 128 1 19 1
2062441366 128 1 19 1
2062441452 128 1 19 1
2062441455 128 1 19 1
2062441541 128 1 19 1
2062441710 128 1 19 1
2062441796 128 1 19 1
2062441882 128 1 19 1
2062441885 128 1 19 1
2062442054 128 1 19 1
2062442140 128 1 19 1
2062442226 128 1 19 1
2062442312 128 1 19 1
2062442398 128 1 19 1
2062442484 128 1 19 1
2062442570 128 1 19 1
2062442656 128 1 19 1
2062442742 128 1 19 1
2062444239 128 1 19 0
2062457348 128 1 19 1
2062457364 128 1 19 0
2062457431 128 1 19 1
2062457451 128 1 19 0
2062457518 128 1 19 1
2062457609 128 1 19 1
2062457629 128 1 19 0
2062457696 128 1 19 1
2062457716 128 1 19 0
2062457779 128 1 19 1
2062457803 128 1 19 0
2062457866 128 1 19 1
2062457894 128 1 19 0
2062457953 128 1 19 1
2062457981 128 1 19 0
2062458040 128 1 19 1
2062458068 128 1 19 0
2062458127 128 1 19 1
2062458155 128 1 19 0
2062458210 128 1 19 1
2062458242 128 1 19 0
2062458297 128 1 19 1
2062458325 128 1 19 0
2062458380 128 1 19 1
2062458481 128 1 19 0
2062458484 128 1 19 1
2062458558 128 1 19 1
2062458641 128 1 19 1
2062458728 128 1 19 1
2062458811 128 1 19 1
2062458894 128 1 19 1
2062458985 128 1 19 1
2062459068 128 1 19 1
2062459155 128 1 19 1
2062459238 128 1 19 1
2062459325 128 1 19 1
2062459408 128 1 19 1
2062459495 128 1 19 1
2062459582 128 1 19 1
2062459715 128 1 19 1
2062459840 128 1 19 1
2062459889 128 1 19 1
2062459980 128 1 19 1
2062460067 128 1 19 1
2062460154 128 1 19 1
2062460241 128 1 19 1
2062460328 128 1 19 1
2062460415 128 1 19 1
2062460567 128 1 19 1
2062460785 128 1 19 0
2062565401 128 1 22 1
2062565470 128 1 22 0
2062565488 128 1 22 1
2062565513 128 1 22 0
2062565575 128 1 22 1
2062565648 128 1 22 0
2062565662 128 1 22 1
2062565683 128 1 22 0
2062565749 128 1 22 1
2062565836 128 1 22 1
2062565909 128 1 22 0
2062565923 128 1 22 1
2062565936 128 1 22 0
2062566010 128 1 22 1
2062566097 128 1 22 1
2062566184 128 1 22 1
2062566271 128 1 22 1
2062566362 128 1 22 1
2062566457 128 1 22 1
2062566540 128 1 22 1
2062566631 128 1 22 1
2062566718 128 1 22 1
2062566805 128 1 22 1
2062566896 128 1 22 1
2062566979 128 1 22 1
2062567066 128 1 22 1
2062567149 128 1 22 1
2062567236 128 1 22 1
2062567323 128 1 22 1
2062567406 128 1 22 1
2062567556 128 1 22 1
2062567643 128 1 22 1
2062567734 128 1 22 1
2062567817 128 1 22 1
2062567995 128 1 22 1
2062568086 128 1 22 1
2062568835 128 1 22 0
2062579735 128 1 22 1
2062579738 128 1 22 0
2062580340 128 1 22 1
2062580411 128 1 22 0
2062580423 128 1 22 1
2062580474 128 1 22 0
2062580601 128 1 22 1
2062580672 128 1 22 0
2062580688 128 1 22 1
2062580775 128 1 22 1
2062580858 128 1 22 1
2062580941 128 1 22 1
2062581028 128 1 22 1
2062581119 128 1 22 1
2062581202 128 1 22 1
2062581289 128 1 22 1
2062581372 128 1 22 1
2062581459 128 1 22 1
2062581546 128 1 22 1
2062581629 128 1 22 1
2062581716 128 1 22 1
2062581803 128 1 22 1
2062581886 128 1 22 1
2062581973 128 1 22 1
2062582060 128 1 22 1
2062582143 128 1 22 1
2062582226 128 1 22 1
2062582313 128 1 22 1
2062582400 128 1 22 1
2062582497 128 1 22 1
2062582580 128 1 22 1
2062582667 128 1 22 1
2062582758 128 1 22 1
2062582993 128 1 22 0
2062921494 133 1 21 1
2062921526 133 1 21 1
2062921613 133 1 21 1
2062921630 133 1 21 1
2062921713 133 1 21 1
2062921800 133 1 21 1
2062921887 133 1 21 1
2062922002 133 1 21 1
2062922061 133 1 21 1
2062922148 133 1 21 1
2062922239 133 1 21 1
2062922326 133 1 21 1
2062922413 133 1 21 1
2062922552 133 1 21 1
2062922587 133 1 21 1
2062922677 133 1 21 1
2062922761 133 1 21 1
2062922848 133 1 21 1
2062922935 133 1 21 1
2062923075 133 1 21 1
2062923117 133 1 21 1
2062923204 133 1 21 1
2062923295 133 1 21 1
2062923378 133 1 21 1
2062923469 133 1 21 1
2062923610 133 1 21 1
2062927977 133 1 21 0
2062931407 133 1 21 1
2062931410 133 1 21 0
2062931490 133 1 21 1
2062931573 133 1 21 1
2062931660 133 1 21 1
2062931747 133 1 21 1
2062931834 133 1 21 1
2062931917 133 1 21 1
2062932018 133 1 21 1
2062932087 133 1 21 1
2062932170 133 1 21 1
2062932257 133 1 21 1
2062932340 133 1 21 1
2062932427 133 1 21 1
2062932607 133 1 21 1
2062932610 133 1 21 1
2062932692 133 1 21 1
2062932775 133 1 21 1
2062932858 133 1 21 1
2062932941 133 1 21 1
2062933024 133 1 21 1
2062933194 133 1 21 1
2062933197 133 1 21 1
2062933277 133 1 21 1
2062933364 133 1 21 1
2062933447 133 1 21 1
2062933530 133 1 21 1
2062937587 133 1 21 0
2062941966 133 1 21 1
2062942026 133 1 21 0
2062942053 133 1 21 1
2062942140 133 1 21 1
2062942227 133 1 21 1
2062942314 133 1 21 1
2062942427 133 1 21 1
2062942480 133 1 21 1
2062942567 133 1 21 1
2062942650 133 1 21 1
2062942737 133 1 21 1
2062942824 133 1 21 1
2062942967 133 1 21 1
2062942994 133 1 21 1
2062943089 133 1 21 1
2062943172 133 1 21 1
2062943255 133 1 21 1
2062943338 133 1 21 1
2062943490 133 1 21 1
2062943512 133 1 21 1
2062943595 133 1 21 1
2062943678 133 1 21 1
2062943761 133 1 21 1
2062943844 133 1 21 1
2062943927 133 1 21 1
2062944030 133 1 21 1
2062944112 133 1 21 1
2062945721 133 1 21 0
2062951416 133 1 21 1
2062951546 133 1 21 0
2062951586 133 1 21 1
2062951669 133 1 21 1
2062951752 133 1 21 1
2062951835 133 1 21 1
2062951918 133 1 21 1
2062952069 133 1 21 0
2062952072 133 1 21 1
2062952092 133 1 21 1
2062952175 133 1 21 1
2062952258 133 1 21 1
2062952341 133 1 21 1
2062952424 133 1 21 1
2062952507 133 1 21 1
2062952598 133 1 21 1
2062952681 133 1 21 1
2062952764 133 1 21 1
2062952847 133 1 21 1
2062952930 133 1 21 1
2062953013 133 1 21 1
2062953115 133 1 21 1
2062953183 133 1 21 1
2062953266 133 1 21 1
2062953349 133 1 21 1
2062953432 133 1 21 1
2062953638 133 1 21 1
2062954161 133 1 21 1
2062954684 133 1 21 0
2063466555 135 1 21 1
2063466641 135 1 21 1
2063466721 135 1 21 1
2063466843 135 1 21 1
2063466887 135 1 21 1
2063466970 135 1 21 1
2063467053 135 1 21 1
2063467136 135 1 21 1
2063467219 135 1 21 1
2063467302 135 1 21 1
2063467385 135 1 21 1
2063467468 135 1 21 1
2063467551 135 1 21 1
2063467634 135 1 21 1
2063467717 135 1 21 1
2063467800 135 1 21 1
2063467883 135 1 21 1
2063468023 135 1 21 1
2063468049 135 1 21 1
2063468132 135 1 21 1
2063468215 135 1 21 1
2063468298 135 1 21 1
2063468381 135 1 21 1
2063468464 135 1 21 1
2063468547 135 1 21 1
2063468630 135 1 21 1
2063471368 135 1 21 0
2063474806 135 1 21 1
2063474896 135 1 21 1
2063474973 135 1 21 0
2063474976 135 1 21 1
2063475062 135 1 21 1
2063475152 135 1 21 1
2063475263 135 1 21 1
2063475349 135 1 21 1
2063475435 135 1 21 1
2063475525 135 1 21 1
2063475615 135 1 21 1
2063475701 135 1 21 1
2063475759 135 1 21 1
2063475849 135 1 21 1
2063475935 135 1 21 1
2063476021 135 1 21 1
2063476115 135 1 21 1
2063476201 135 1 21 1
2063476287 135 1 21 1
2063476377 135 1 21 1
2063476467 135 1 21 1
2063476553 135 1 21 1
2063476643 135 1 21 1
2063476670 135 1 21 1
2063476756 135 1 21 1
2063476842 135 1 21 1
2063477080 135 1 21 1
2063478784 135 1 21 0
2063483229 135 1 21 1
2063483320 135 1 21 1
2063483360 135 1 21 1
2063483443 135 1 21 1
2063483526 135 1 21 1
2063483609 135 1 21 1
2063483692 135 1 21 1
2063483775 135 1 21 1
2063483858 135 1 21 1
2063483941 135 1 21 1
2063484024 135 1 21 1
2063484107 135 1 21 1
2063484190 135 1 21 1
2063484273 135 1 21 1
2063484428 135 1 21 1
2063484439 135 1 21 1
2063484522 135 1 21 1
2063484605 135 1 21 1
2063484688 135 1 21 1
2063484771 135 1 21 1
2063484854 135 1 21 1
2063484937 135 1 21 1
2063485020 135 1 21 1
2063485103 135 1 21 1
2063485186 135 1 21 1
2063485269 135 1 21 1
2063487588 135 1 21 0
2063491417 135 1 21 1
2063491435 135 1 21 0
2063491500 135 1 21 1
2063491583 135 1 21 1
2063491666 135 1 21 1
2063491749 135 1 21 1
2063491832 135 1 21 1
2063491915 135 1 21 1
2063491998 135 1 21 1
2063492081 135 1 21 1
2063492164 135 1 21 1
2063492247 135 1 21 1
2063492330 135 1 21 1
2063492479 135 1 21 1
2063492496 135 1 21 1
2063492579 135 1 21 1
2063492662 135 1 21 1
2063492745 135 1 21 1
2063492828 135 1 21 1
2063492914 135 1 21 1
2063492994 135 1 21 1
2063493077 135 1 21 1
2063493160 135 1 21 1
2063493243 135 1 21 1
2063493326 135 1 21 1
2063493409 135 1 21 1
2063493492 135 1 21 1
2063493628 135 1 21 1
2063495277 135 1 21 0
2063504266 135 1 21 1
2063504352 135 1 21 0
2063504359 135 1 21 1
2063504449 135 1 21 0
2063504452 135 1 21 1
2063504538 135 1 21 0
2063504545 135 1 21 1
2063504635 135 1 21 1
2063504725 135 1 21 1
2063504815 135 1 21 1
2063504905 135 1 21 1
2063505003 135 1 21 1
2063505014 135 1 21 1
2063505104 135 1 21 1
2063505190 135 1 21 1
2063505276 135 1 21 1
2063505366 135 1 21 1
2063505452 135 1 21 1
2063505538 135 1 21 1
2063505624 135 1 21 1
2063505714 135 1 21 1
2063505800 135 1 21 1
2063505894 135 1 21 1
2063505980 135 1 21 1
2063506070 135 1 21 1
2063506156 135 1 21 1
2063506242 135 1 21 1
2063506332 135 1 21 1
2063506418 135 1 21 1
2063506504 135 1 21 1
2063506594 135 1 21 1
2063506680 135 1 21 1
2063506940 135 1 21 0
2063971794 134 1 20 1
2063971877 134 1 20 1
2063971886 134 1 20 0
2063971960 134 1 20 1
2063972043 134 1 20 1
2063972126 134 1 20 1
2063972209 134 1 20 1
2063972292 134 1 20 1
2063972375 134 1 20 1
2063972458 134 1 20 1
2063972541 134 1 20 1
2063972624 134 1 20 1
2063972707 134 1 20 1
2063972790 134 1 20 1
2063972873 134 1 20 1
2063972956 134 1 20 1
2063973039 134 1 20 1
2063973122 134 1 20 1
2063973205 134 1 20 1
2063973288 134 1 20 1
2063973371 134 1 20 1
2063973454 134 1 20 1
2063973537 134 1 20 1
2063973620 134 1 20 1
2063973755 134 1 20 1
2063973786 134 1 20 1
2063973921 134 1 20 1
2063973972 134 1 20 1
2063975347 134 1 20 0
2063980431 134 1 20 1
2063980434 134 1 20 0
2063980520 134 1 20 1
2063980523 134 1 20 0
2063980613 134 1 20 1
2063980699 134 1 20 0
2063980702 134 1 20 1
2063980792 134 1 20 0
2063980795 134 1 20 1
2063980881 134 1 20 1
2063980971 134 1 20 1
2063981061 134 1 20 1
2063981151 134 1 20 1
2063981241 134 1 20 1
2063981327 134 1 20 1
2063981413 134 1 20 1
2063981503 134 1 20 1
2063981593 134 1 20 1
2063981683 134 1 20 1
2063981690 134 1 20 1
2063981780 134 1 20 1
2063981870 134 1 20 1
2063981960 134 1 20 1
2063982046 134 1 20 1
2063982136 134 1 20 1
2063982222 134 1 20 1
2063982312 134 1 20 1
2063982398 134 1 20 1
2063982488 134 1 20 1
2063982578 134 1 20 1
2063982676 134 1 20 1
2063982762 134 1 20 1
2063982852 134 1 20 1
2063982946 134 1 20 1
2063983894 134 1 20 0
2063992246 134 1 20 1
2063992332 134 1 20 1
2063992422 134 1 20 1
2063992516 134 1 20 1
2063992602 134 1 20 1
2063992688 134 1 20 0
2063992691 134 1 20 1
2063992777 134 1 20 1
2063992863 134 1 20 1
2063992949 134 1 20 1
2063993043 134 1 20 1
2063993129 134 1 20 1
2063993215 134 1 20 1
2063993301 134 1 20 1
2063993387 134 1 20 1
2063993477 134 1 20 1
2063993484 134 1 20 1
2063993570 134 1 20 1
2063993656 134 1 20 1
2063993742 134 1 20 1
2063993828 134 1 20 1
2063993914 134 1 20 1
2063994004 134 1 20 1
2063994094 134 1 20 1
2063994180 134 1 20 1
2063994266 134 1 20 1
2063994356 134 1 20 1
2063994782 134 1 20 1
2063995112 134 1 20 0
2064335647 76 0 1 1
2064335657 76 0 1 0
2064335730 76 0 1 1
2064335735 76 0 1 0
2064335813 76 0 1 1
2064335896 76 0 1 1
2064335979 76 0 1 1
2064336062 76 0 1 1
2064336145 76 0 1 1
2064336228 76 0 1 1
2064336311 76 0 1 1
2064336394 76 0 1 1
2064336477 76 0 1 1
2064336560 76 0 1 1
2064336643 76 0 1 1
2064336726 76 0 1 1
2064336809 76 0 1 1
2064336892 76 0 1 1
2064336975 76 0 1 1
2064337058 76 0 1 1
2064337141 76 0 1 1
2064337224 76 0 1 1
2064337307 76 0 1 1
2064337390 76 0 1 1
2064337473 76 0 1 1
2064337556 76 0 1 1
2064337639 76 0 1 1
2064337722 76 0 1 1
2064337805 76 0 1 1
2064337888 76 0 1 1
2064346385 76 0 1 1
2064346468 76 0 1 1
2064346551 76 0 1 1
2064346634 76 0 1 1
2064346717 76 0 1 1
2064346800 76 0 1 1
2064346883 76 0 1 1
2064346966 76 0 1 1
2064347049 76 0 1 1
2064347132 76 0 1 1
2064347215 76 0 1 1
2064347298 76 0 1 1
2064347381 76 0 1 1
2064347464 76 0 1 1
2064347629 76 0 1 1
2064347632 76 0 1 1
2064347713 76 0 1 1
2064347796 76 0 1 1
2064347879 76 0 1 1
2064347962 76 0 1 1
2064348045 76 0 1 1
2064348128 76 0 1 1
2064348211 76 0 1 1
2064348294 76 0 1 1
2064348377 76 0 1 1
2064348460 76 0 1 1
2064350115 76 0 1 0
2064354246 76 0 1 1
2064354333 76 0 1 0
2064354336 76 0 1 1
2064354339 76 0 1 0
2064354359 76 0 1 1
2064354499 76 0 1 0
2064354502 76 0 1 1
2064354592 76 0 1 1
2064354651 76 0 1 1
2064354691 76 0 1 1
2064354775 76 0 1 1
2064354857 76 0 1 1
2064354940 76 0 1 1
2064355023 76 0 1 1
2064355107 76 0 1 1
2064355189 76 0 1 1
2064355272 76 0 1 1
2064355355 76 0 1 1
2064355438 76 0 1 1
2064355522 76 0 1 1
2064355604 76 0 1 1
2064355687 76 0 1 1
2064355770 76 0 1 1
2064355853 76 0 1 1
2064355936 76 0 1 1
2064356019 76 0 1 1
2064356102 76 0 1 1
2064356185 76 0 1 1
2064356268 76 0 1 1
2064356420 76 0 1 1
2064356586 76 0 1 1
2064357759 76 0 1 0
2065538747 128 1 19 1
2065538750 128 1 19 0
2065538815 128 1 19 1
2065538921 128 1 19 0
2065538924 128 1 19 1
2065539010 128 1 19 1
2065539068 128 1 19 1
2065539182 128 1 19 1
2065539268 128 1 19 1
2065539317 128 1 19 1
2065539435 128 1 19 1
2065539526 128 1 19 1
2065539570 128 1 19 1
2065539696 128 1 19 1
2065539782 128 1 19 1
2065539823 128 1 19 1
2065539953 128 1 19 1
2065540044 128 1 19 1
2065540084 128 1 19 1
2065540214 128 1 19 1
2065540300 128 1 19 1
2065540386 128 1 19 1
2065540428 128 1 19 1
2065540546 128 1 19 1
2065540633 128 1 19 1
2065540685 128 1 19 1
2065540799 128 1 19 1
2065540886 128 1 19 1
2065541052 128 1 19 1
2065543740 128 1 19 0
2065549206 128 1 19 1
2065549298 128 1 19 0
2065549301 128 1 19 1
2065549387 128 1 19 0
2065549390 128 1 19 1
2065549447 128 1 19 0
2065549463 128 1 19 1
2065549551 128 1 19 0
2065549554 128 1 19 1
2065549640 128 1 19 1
2065549712 128 1 19 1
2065549804 128 1 19 1
2065549890 128 1 19 1
2065549965 128 1 19 1
2065550057 128 1 19 1
2065550143 128 1 19 1
2065550218 128 1 19 1
2065550306 128 1 19 1
2065550392 128 1 19 1
2065550467 128 1 19 1
2065550559 128 1 19 1
2065550645 128 1 19 1
2065550720 128 1 19 1
2065550812 128 1 19 1
2065550898 128 1 19 1
2065550973 128 1 19 1
2065551061 128 1 19 1
2065551147 128 1 19 1
2065551226 128 1 19 1
2065551397 128 1 19 1
2065551473 128 1 19 1
2065551650 128 1 19 1
2065551903 128 1 19 0
2065563097 128 1 19 1
2065563100 128 1 19 0
2065563224 128 1 19 1
2065563227 128 1 19 0
2065563317 128 1 19 1
2065563320 128 1 19 0
2065563350 128 1 19 1
2065563485 128 1 19 1
2065563571 128 1 19 1
2065563599 128 1 19 1
2065563742 128 1 19 1
2065563832 128 1 19 1
2065563852 128 1 19 1
2065563999 128 1 19 1
2065564085 128 1 19 1
2065564179 128 1 19 1
2065564188 128 1 19 1
2065564343 128 1 19 1
2065564429 128 1 19 1
2065564441 128 1 19 1
2065564596 128 1 19 1
2065564682 128 1 19 1
2065564690 128 1 19 1
2065564845 128 1 19 1
2065564935 128 1 19 1
2065564943 128 1 19 1
2065565098 128 1 19 1
2065565188 128 1 19 1
2065565196 128 1 19 1
2065565351 128 1 19 1
2065565437 128 1 19 1
2065566209 128 1 19 0
2066254442 70 0 1 1
2066254525 70 0 1 1
2066254687 70 0 1 1
2066254691 70 0 1 1
2066254774 70 0 1 1
2066254857 70 0 1 1
2066254958 70 0 1 1
2066255023 70 0 1 1
2066255106 70 0 1 1
2066255189 70 0 1 1
2066255272 70 0 1 1
2066255374 70 0 1 1
2066255438 70 0 1 1
2066255521 70 0 1 1
2066255608 70 0 1 1
2066255741 70 0 1 1
2066255778 70 0 1 1
2066255840 70 0 1 1
2066258746 70 0 1 0
2066774564 76 0 1 1
2066774647 76 0 1 1
2066774730 76 0 1 1
2066774813 76 0 1 1
2066774896 76 0 1 1
2066774979 76 0 1 1
2066775062 76 0 1 1
2066775149 76 0 1 1
2066775232 76 0 1 1
2066775315 76 0 1 1
2066775398 76 0 1 1
2066775481 76 0 1 1
2066775564 76 0 1 1
2066775651 76 0 1 1
2066775734 76 0 1 1
2066775817 76 0 1 1
2066775900 76 0 1 1
2066775987 76 0 1 1
2066776070 76 0 1 1
2066776153 76 0 1 1
2066776236 76 0 1 1
2066776323 76 0 1 1
2066776406 76 0 1 1
2066776489 76 0 1 1
2066776572 76 0 1 1
2066784405 76 0 1 1
2066784488 76 0 1 1
2066784571 76 0 1 1
2066784654 76 0 1 1
2066784737 76 0 1 1
2066784820 76 0 1 1
2066784903 76 0 1 1
2066784986 76 0 1 1
2066785069 76 0 1 1
2066785152 76 0 1 1
2066785235 76 0 1 1
2066785318 76 0 1 1
2066785401 76 0 1 1
2066785484 76 0 1 1
2066785567 76 0 1 1
2066785650 76 0 1 1
2066785733 76 0 1 1
2066785816 76 0 1 1
2066785899 76 0 1 1
2066785982 76 0 1 1
2066786065 76 0 1 1
2066786149 76 0 1 1
2066786231 76 0 1 1
2066786314 76 0 1 1
2066786397 76 0 1 1
2066786480 76 0 1 1
2066967699 135 1 24 1
2066967719 135 1 24 0
2066967786 135 1 24 1
2066967797 135 1 24 0
2066967869 135 1 24 1
2066967885 135 1 24 0
2066967956 135 1 24 1
2066968043 135 1 24 1
2066968126 135 1 24 1
2066968209 135 1 24 1
2066968292 135 1 24 1
2066968379 135 1 24 1
2066968462 135 1 24 1
2066968545 135 1 24 1
2066968632 135 1 24 1
2066968715 135 1 24 1
2066968798 135 1 24 1
2066968885 135 1 24 1
2066968965 135 1 24 1
2066969048 135 1 24 1
2066969135 135 1 24 1
2066969218 135 1 24 1
2066969301 135 1 24 1
2066969388 135 1 24 1
2066969471 135 1 24 1
2066969554 135 1 24 1
2066969641 135 1 24 1
2066969724 135 1 24 1
2066969807 135 1 24 1
2066969890 135 1 24 1
2066969977 135 1 24 1
2066972848 135 1 24 0
2066976439 135 1 24 1
2066976513 135 1 24 0
2066976605 135 1 24 1
2066976608 135 1 24 1
2066976771 135 1 24 1
2066976774 135 1 24 1
2066976856 135 1 24 1
2066976946 135 1 24 1
2066977021 135 1 24 1
2066977107 135 1 24 1
2066977187 135 1 24 1
2066977277 135 1 24 1
2066977353 135 1 24 1
2066977447 135 1 24 1
2066977519 135 1 24 1
2066977609 135 1 24 1
2066977685 135 1 24 1
2066977779 135 1 24 1
2066977851 135 1 24 1
2066977949 135 1 24 1
2066978017 135 1 24 1
2066978119 135 1 24 1
2066978187 135 1 24 1
2066978281 135 1 24 1
2066978353 135 1 24 1
2066978451 135 1 24 1
2066978519 135 1 24 1
2066978617 135 1 24 1
2066978685 135 1 24 1
2066981139 135 1 24 0
2066991979 135 1 24 1
2066991982 135 1 24 0
2066992068 135 1 24 1
2066992092 135 1 24 1
2066992228 135 1 24 1
2066992284 135 1 24 1
2066992345 135 1 24 1
2066992432 135 1 24 1
2066992519 135 1 24 1
2066992602 135 1 24 1
2066992696 135 1 24 1
2066992772 135 1 24 1
2066992859 135 1 24 1
2066992942 135 1 24 1
2066993107 135 1 24 1
2066993112 135 1 24 1
2066993199 135 1 24 1
2066993282 135 1 24 1
2066993369 135 1 24 1
2066993452 135 1 24 1
2066993609 135 1 24 1
2066993704 135 1 24 1
2066993711 135 1 24 1
2066993797 135 1 24 1
2066993883 135 1 24 1
2066993969 135 1 24 1
2066994055 135 1 24 1
2066994145 135 1 24 1
2066994152 135 1 24 1
2066995677 135 1 24 0
2067349597 129 1 21 1
2067349687 129 1 21 0
2067349690 129 1 21 1
2067349780 129 1 21 1
2067349870 129 1 21 1
2067349960 129 1 21 1
2067350046 129 1 21 1
2067350132 129 1 21 1
2067350226 129 1 21 1
2067350316 129 1 21 1
2067350406 129 1 21 1
2067350492 129 1 21 1
2067350582 129 1 21 1
2067350672 129 1 21 1
2067350762 129 1 21 1
2067350848 129 1 21 1
2067350934 129 1 21 1
2067351020 129 1 21 1
2067351110 129 1 21 1
2067351117 129 1 21 1
2067351207 129 1 21 1
2067351293 129 1 21 1
2067351379 129 1 21 1
2067351465 129 1 21 1
2067351559 129 1 21 1
2067351645 129 1 21 1
2067351818 129 1 21 1
2067353810 129 1 21 0
2067361668 129 1 21 1
2067361754 129 1 21 0
2067361757 129 1 21 1
2067361847 129 1 21 1
2067361933 129 1 21 0
2067361944 129 1 21 1
2067362030 129 1 21 1
2067362116 129 1 21 1
2067362202 129 1 21 1
2067362288 129 1 21 1
2067362378 129 1 21 1
2067362468 129 1 21 1
2067362558 129 1 21 1
2067362644 129 1 21 1
2067362730 129 1 21 1
2067362816 129 1 21 1
2067362902 129 1 21 1
2067362992 129 1 21 1
2067363082 129 1 21 1
2067363168 129 1 21 1
2067363258 129 1 21 1
2067363344 129 1 21 1
2067363430 129 1 21 1
2067363516 129 1 21 1
2067363602 129 1 21 1
2067363692 129 1 21 1
2067363782 129 1 21 1
2067363868 129 1 21 1
2067364045 129 1 21 1
2067364463 129 1 21 0
2067375308 129 1 21 1
2067375343 129 1 21 0
2067375391 129 1 21 1
2067375484 129 1 21 1
2067375612 129 1 21 1
2067375648 129 1 21 1
2067375731 129 1 21 1
2067375814 129 1 21 1
2067375901 129 1 21 1
2067375984 129 1 21 1
2067376130 129 1 21 1
2067376154 129 1 21 1
2067376237 129 1 21 1
2067376324 129 1 21 1
2067376411 129 1 21 1
2067376526 129 1 21 1
2067376577 129 1 21 1
2067376731 129 1 21 1
2067376747 129 1 21 1
2067376834 129 1 21 1
2067376917 129 1 21 1
2067377000 129 1 21 1
2067377087 129 1 21 1
2067377241 129 1 21 1
2067377253 129 1 21 1
2067377336 129 1 21 1
2067377429 129 1 21 1
2067378335 129 1 21 0
2067385493 129 1 21 1
2067385561 129 1 21 0
2067385580 129 1 21 1
2067385644 129 1 21 0
2067385667 129 1 21 1
2067385750 129 1 21 1
2067385915 129 1 21 1
2067386005 129 1 21 1
2067386016 129 1 21 1
2067386090 129 1 21 1
2067386173 129 1 21 1
2067386260 129 1 21 1
2067386347 129 1 21 1
2067386499 129 1 21 1
2067386513 129 1 21 1
2067386600 129 1 21 1
2067386683 129 1 21 1
2067386766 129 1 21 1
2067386855 129 1 21 1
2067386953 129 1 21 1
2067387100 129 1 21 1
2067387103 129 1 21 1
2067387161 129 1 21 1
2067387244 129 1 21 1
2067387331 129 1 21 1
2067387434 129 1 21 1
2067387520 129 1 21 1
2067387697 129 1 21 1
2067387787 129 1 21 1
2067388308 129 1 21 0
2067830447 64 0 1 1
2067830530 64 0 1 1
2067830613 64 0 1 1
2067830696 64 0 1 1
2067830779 64 0 1 1
2067830862 64 0 1 1
2067830945 64 0 1 1
2067831028 64 0 1 1
2067831111 64 0 1 1
2067831194 64 0 1 1
2067831277 64 0 1 1
2067831360 64 0 1 1
2067831443 64 0 1 1
2067831526 64 0 1 1
2067831609 64 0 1 1
2067831692 64 0 1 1
2067831775 64 0 1 1
2067831858 64 0 1 1
2067831941 64 0 1 1
2067832024 64 0 1 1
2067832107 64 0 1 1
2067832190 64 0 1 1
2067832273 64 0 1 1
2067832356 64 0 1 1
2067832439 64 0 1 1
2067832522 64 0 1 1
2067835517 64 0 1 0
2067840425 64 0 1 1
2067840439 64 0 1 0
2067840508 64 0 1 1
2067840591 64 0 1 1
2067840674 64 0 1 1
2067840757 64 0 1 1
2067840840 64 0 1 1
2067840923 64 0 1 1
2067841006 64 0 1 1
2067841089 64 0 1 1
2067841172 64 0 1 1
2067841255 64 0 1 1
2067841338 64 0 1 1
2067841421 64 0 1 1
2067841504 64 0 1 1
2067841587 64 0 1 1
2067841670 64 0 1 1
2067841753 64 0 1 1
2067841836 64 0 1 1
2067841919 64 0 1 1
2067842002 64 0 1 1
2067842085 64 0 1 1
2067842168 64 0 1 1
2067842251 64 0 1 1
2067842334 64 0 1 1
2067842417 64 0 1 1
2067842500 64 0 1 1
2067842583 64 0 1 1
2067843701 64 0 1 0
2068324175 134 1 21 1
2068324205 134 1 21 0
2068324258 134 1 21 1
2068324261 134 1 21 0
2068324341 134 1 21 1
2068324428 134 1 21 1
2068324511 134 1 21 1
2068324594 134 1 21 1
2068324677 134 1 21 1
2068324764 134 1 21 1
2068324847 134 1 21 1
2068324930 134 1 21 1
2068325013 134 1 21 1
2068325096 134 1 21 1
2068325183 134 1 21 1
2068325266 134 1 21 1
2068325349 134 1 21 1
2068325432 134 1 21 1
2068325515 134 1 21 1
2068325598 134 1 21 1
2068325685 134 1 21 1
2068325768 134 1 21 1
2068325851 134 1 21 1
2068325934 134 1 21 1
2068326017 134 1 21 1
2068326100 134 1 21 1
2068326183 134 1 21 1
2068326291 134 1 21 1
2068326374 134 1 21 1
2068327886 134 1 21 0
2068333178 134 1 21 1
2068333216 134 1 21 0
2068333261 134 1 21 1
2068333299 134 1 21 0
2068333344 134 1 21 1
2068333427 134 1 21 1
2068333510 134 1 21 1
2068333593 134 1 21 1
2068333676 134 1 21 1
2068333759 134 1 21 1
2068333842 134 1 21 1
2068333929 134 1 21 1
2068334012 134 1 21 1
2068334095 134 1 21 1
2068334178 134 1 21 1
2068334261 134 1 21 1
2068334344 134 1 21 1
2068334427 134 1 21 1
2068334514 134 1 21 1
2068334597 134 1 21 1
2068334680 134 1 21 1
2068334763 134 1 21 1
2068334850 134 1 21 1
2068334937 134 1 21 1
2068335024 134 1 21 1
2068335107 134 1 21 1
2068335194 134 1 21 1
2068335302 134 1 21 1
2068335385 134 1 21 1
2068336786 134 1 21 0
2068342094 134 1 21 1
2068342102 134 1 21 0
2068342181 134 1 21 1
2068342185 134 1 21 0
2068342264 134 1 21 1
2068342351 134 1 21 0
2068342355 134 1 21 1
2068342434 134 1 21 0
2068342438 134 1 21 1
2068342517 134 1 21 0
2068342525 134 1 21 1
2068342608 134 1 21 1
2068342695 134 1 21 1
2068342830 134 1 21 1
2068342869 134 1 21 1
2068342952 134 1 21 1
2068343039 134 1 21 1
2068343126 134 1 21 1
2068343209 134 1 21 1
2068343296 134 1 21 1
2068343379 134 1 21 1
2068343462 134 1 21 1
2068343553 134 1 21 1
2068343640 134 1 21 1
2068343723 134 1 21 1
2068343806 134 1 21 1
2068343893 134 1 21 1
2068343976 134 1 21 1
2068344063 134 1 21 1
2068344146 134 1 21 1
2068344233 134 1 21 1
2068344320 134 1 21 1
2068344437 134 1 21 1
2068344520 134 1 21 1
2068344603 134 1 21 1
2068345841 134 1 21 0
2068351350 134 1 21 1
2068351406 134 1 21 0
2068351433 134 1 21 1
2068351516 134 1 21 1
2068351599 134 1 21 1
2068351682 134 1 21 1
2068351769 134 1 21 1
2068351852 134 1 21 1
2068351939 134 1 21 1
2068352022 134 1 21 1
2068352105 134 1 21 1
2068352188 134 1 21 1
2068352271 134 1 21 1
2068352354 134 1 21 1
2068352437 134 1 21 1
2068352520 134 1 21 1
2068352603 134 1 21 1
2068352686 134 1 21 1
2068352773 134 1 21 1
2068352856 134 1 21 1
2068352939 134 1 21 1
2068353022 134 1 21 1
2068353105 134 1 21 1
2068353189 134 1 21 1
2068353271 134 1 21 1
2068353358 134 1 21 1
2068353541 134 1 21 1
2068355058 134 1 21 0
2068359895 134 1 21 1
2068359924 134 1 21 0
2068359978 134 1 21 1
2068359981 134 1 21 0
2068360061 134 1 21 1
2068360090 134 1 21 0
2068360144 134 1 21 1
2068360231 134 1 21 1
2068360314 134 1 21 1
2068360397 134 1 21 1
2068360480 134 1 21 1
2068360563 134 1 21 1
2068360646 134 1 21 1
2068360729 134 1 21 1
2068360812 134 1 21 1
2068360895 134 1 21 1
2068360982 134 1 21 1
2068361065 134 1 21 1
2068361149 134 1 21 1
2068361231 134 1 21 1
2068361314 134 1 21 1
2068361397 134 1 21 1
2068361480 134 1 21 1
2068361567 134 1 21 1
2068361650 134 1 21 1
2068361733 134 1 21 1
2068361816 134 1 21 1
2068361899 134 1 21 1
2068362010 134 1 21 1
2068362093 134 1 21 1
2068362180 134 1 21 1
2068363244 134 1 21 0
2068408526 75 0 1 1
2068408588 75 0 1 0
2068408609 75 0 1 1
2068408749 75 0 1 0
2068408752 75 0 1 1
2068408775 75 0 1 1
2068408862 75 0 1 1
2068408945 75 0 1 1
2068409028 75 0 1 1
2068409111 75 0 1 1
2068409194 75 0 1 1
2068409277 75 0 1 1
2068409360 75 0 1 1
2068409443 75 0 1 1
2068409526 75 0 1 1
2068409609 75 0 1 1
2068409692 75 0 1 1
2068409775 75 0 1 1
2068409858 75 0 1 1
2068409941 75 0 1 1
2068410024 75 0 1 1
2068410107 75 0 1 1
2068410190 75 0 1 1
2068410273 75 0 1 1
2068410356 75 0 1 1
2068410439 75 0 1 1
2068410522 75 0 1 1
2068410653 75 0 1 1
2068410688 75 0 1 1
2068410836 75 0 1 1
2068412438 75 0 1 0
2068416603 75 0 1 1
2068416690 75 0 1 1
2068416773 75 0 1 1
2068416856 75 0 1 1
2068416939 75 0 1 1
2068417022 75 0 1 1
2068417105 75 0 1 1
2068417188 75 0 1 1
2068417271 75 0 1 1
2068417354 75 0 1 1
2068417437 75 0 1 1
2068417520 75 0 1 1
2068417603 75 0 1 1
2068417686 75 0 1 1
2068417769 75 0 1 1
2068417852 75 0 1 1
2068417935 75 0 1 1
2068418018 75 0 1 1
2068418101 75 0 1 1
2068418184 75 0 1 1
2068418267 75 0 1 1
2068418307 75 0 1 1
2068418415 75 0 1 1
2068418473 75 0 1 1
2068418556 75 0 1 1
2068419549 75 0 1 0
2069048405 132 1 22 1
2069048408 132 1 22 0
2069048444 132 1 22 1
2069048565 132 1 22 1
2069048662 132 1 22 1
2069048693 132 1 22 1
2069048814 132 1 22 1
2069048900 132 1 22 1
2069048986 132 1 22 1
2069049072 132 1 22 1
2069049158 132 1 22 1
2069049244 132 1 22 1
2069049330 132 1 22 1
2069049416 132 1 22 1
2069049502 132 1 22 1
2069049588 132 1 22 1
2069049674 132 1 22 1
2069049760 132 1 22 1
2069049846 132 1 22 1
2069049932 132 1 22 1
2069050018 132 1 22 1
2069050104 132 1 22 1
2069050190 132 1 22 1
2069050276 132 1 22 1
2069050362 132 1 22 1
2069050448 132 1 22 1
2069050534 132 1 22 1
2069054244 132 1 22 0
2069057109 132 1 22 1
2069057195 132 1 22 1
2069057285 132 1 22 1
2069057371 132 1 22 1
2069057457 132 1 22 1
2069057543 132 1 22 1
2069057633 132 1 22 1
2069057719 132 1 22 1
2069057805 132 1 22 1
2069057891 132 1 22 1
2069057977 132 1 22 1
2069058067 132 1 22 1
2069058153 132 1 22 1
2069058239 132 1 22 1
2069058325 132 1 22 1
2069058415 132 1 22 1
2069058501 132 1 22 1
2069058587 132 1 22 1
2069058677 132 1 22 1
2069058763 132 1 22 1
2069058853 132 1 22 1
2069058939 132 1 22 1
2069059025 132 1 22 1
2069059115 132 1 22 1
2069059201 132 1 22 1
2069061671 132 1 22 0
2069066829 132 1 22 1
2069066832 132 1 22 0
2069066918 132 1 22 1
2069066984 132 1 22 1
2069067070 132 1 22 1
2069067156 132 1 22 1
2069067242 132 1 22 1
2069067328 132 1 22 1
2069067414 132 1 22 1
2069067500 132 1 22 1
2069067586 132 1 22 1
2069067672 132 1 22 1
2069067758 132 1 22 1
2069067844 132 1 22 1
2069067930 132 1 22 1
2069068016 132 1 22 1
2069068102 132 1 22 1
2069068188 132 1 22 1
2069068274 132 1 22 1
2069068360 132 1 22 1
2069068446 132 1 22 1
2069068536 132 1 22 1
2069068622 132 1 22 1
2069068708 132 1 22 1
2069068794 132 1 22 1
2069068880 132 1 22 1
2069068966 132 1 22 1
2069069052 132 1 22 1
2069070525 132 1 22 0
2069073952 132 1 22 1
2069073955 132 1 22 0
2069074124 132 1 22 1
2069074127 132 1 22 0
2069074213 132 1 22 1
2069074299 132 1 22 1
2069074385 132 1 22 1
2069074471 132 1 22 1
2069074557 132 1 22 1
2069074643 132 1 22 1
2069074729 132 1 22 1
2069074815 132 1 22 1
2069074901 132 1 22 1
2069074987 132 1 22 1
2069075073 132 1 22 1
2069075159 132 1 22 1
2069075245 132 1 22 1
2069075331 132 1 22 1
2069075417 132 1 22 1
2069075503 132 1 22 1
2069075589 132 1 22 1
2069075675 132 1 22 1
2069075761 132 1 22 1
2069075847 132 1 22 1
2069075933 132 1 22 1
2069076019 132 1 22 1
2069076105 132 1 22 1
2069076191 132 1 22 1
2069076277 132 1 22 1
2069078047 132 1 22 0
2069082551 132 1 22 1
2069082554 132 1 22 1
2069082640 132 1 22 1
2069082726 132 1 22 1
2069082812 132 1 22 1
2069082898 132 1 22 1
2069082984 132 1 22 1
2069083070 132 1 22 1
2069083156 132 1 22 1
2069083242 132 1 22 1
2069083328 132 1 22 1
2069083414 132 1 22 1
2069083500 132 1 22 1
2069083586 132 1 22 1
2069083672 132 1 22 1
2069083841 132 1 22 1
2069083927 132 1 22 1
2069083930 132 1 22 1
2069084016 132 1 22 1
2069084102 132 1 22 1
2069084188 132 1 22 1
2069084274 132 1 22 1
2069084360 132 1 22 1
2069084446 132 1 22 1
2069084615 132 1 22 1
2069084701 132 1 22 1
2069087609 132 1 22 0
2069092011 132 1 22 1
2069092014 132 1 22 0
2069092100 132 1 22 1
2069092186 132 1 22 1
2069092272 132 1 22 1
2069092358 132 1 22 1
2069092444 132 1 22 1
2069092530 132 1 22 1
2069092616 132 1 22 1
2069092702 132 1 22 1
2069092788 132 1 22 1
2069092874 132 1 22 1
2069092960 132 1 22 1
2069093046 132 1 22 1
2069093132 132 1 22 1
2069093218 132 1 22 1
2069093304 132 1 22 1
2069093390 132 1 22 1
2069093476 132 1 22 1
2069093562 132 1 22 1
2069093648 132 1 22 1
2069093734 132 1 22 1
2069093820 132 1 22 1
2069093906 132 1 22 1
2069093992 132 1 22 1
2069094078 132 1 22 1
2069094164 132 1 22 1
2069094250 132 1 22 1
2069095896 132 1 22 0
2069101038 132 1 22 1
2069101124 132 1 22 0
2069101127 132 1 22 1
2069101213 132 1 22 0
2069101216 132 1 22 1
2069101302 132 1 22 1
2069101388 132 1 22 1
2069101474 132 1 22 1
2069101560 132 1 22 1
2069101646 132 1 22 1
2069101732 132 1 22 1
2069101818 132 1 22 1
2069101904 132 1 22 1
2069101990 132 1 22 1
2069102076 132 1 22 1
2069102162 132 1 22 1
2069102248 132 1 22 1
2069102334 132 1 22 1
2069102420 132 1 22 1
2069102506 132 1 22 1
2069102592 132 1 22 1
2069102678 132 1 22 1
2069102764 132 1 22 1
2069102850 132 1 22 1
2069102936 132 1 22 1
2069103022 132 1 22 1
2069103108 132 1 22 1
2069103277 132 1 22 1
2069103363 132 1 22 1
2069104445 132 1 22 0
2069112765 132 1 22 1
2069112851 132 1 22 0
2069112854 132 1 22 1
2069112940 132 1 22 0
2069112943 132 1 22 1
2069113029 132 1 22 1
2069113032 132 1 22 0
2069113118 132 1 22 1
2069113121 132 1 22 0
2069113207 132 1 22 1
2069113293 132 1 22 1
2069113379 132 1 22 1
2069113465 132 1 22 1
2069113551 132 1 22 0
2069113554 132 1 22 1
2069113640 132 1 22 0
2069113643 132 1 22 1
2069113646 132 1 22 0
2069113815 132 1 22 1
2069113901 132 1 22 0
2069113904 132 1 22 1
2069113990 132 1 22 0
2069113993 132 1 22 1
2069114079 132 1 22 1
2069114165 132 1 22 0
2069114168 132 1 22 1
2069114254 132 1 22 1
2069114340 132 1 22 0
2069114343 132 1 22 1
2069114346 132 1 22 0
2069114432 132 1 22 1
2069114435 132 1 22 1
2069114521 132 1 22 0
2069114524 132 1 22 1
2069114527 132 1 22 0
2069114877 132 1 22 1
2069114880 132 1 22 0
2069114970 132 1 22 1
2069114973 132 1 22 0
2069115059 132 1 22 1
2069115145 132 1 22 0
2069115148 132 1 22 1
2069115238 132 1 22 0
2069115241 132 1 22 1
2069115244 132 1 22 0
2069327298 132 1 23 1
2069327321 132 1 23 0
2069327480 132 1 23 1
2069327520 132 1 23 0
2069327563 132 1 23 1
2069327570 132 1 23 0
2069327654 132 1 23 1
2069327740 132 1 23 0
2069327745 132 1 23 1
2069327769 132 1 23 0
2069328010 132 1 23 1
2069328022 132 1 23 0
2069328143 132 1 23 1
2069328184 132 1 23 1
2069328246 132 1 23 0
2069328370 132 1 23 1
2069328416 132 1 23 0
2069328544 132 1 23 1
2069328635 132 1 23 1
2069328718 132 1 23 1
2069328849 132 1 23 1
2069328904 132 1 23 1
2069328999 132 1 23 1
2069329086 132 1 23 1
2069329173 132 1 23 1
2069329268 132 1 23 1
2069329359 132 1 23 1
2069329442 132 1 23 1
2069329547 132 1 23 1
2069329620 132 1 23 1
2069329703 132 1 23 1
2069329826 132 1 23 1
2069329913 132 1 23 1
2069329996 132 1 23 1
2069330083 132 1 23 1
2069330112 132 1 23 1
2069330249 132 1 23 1
2069330332 132 1 23 1
2069330419 132 1 23 1
2069330502 132 1 23 1
2069330589 132 1 23 1
2069331437 132 1 23 0
2069332020 128 1 23 1
2069332023 128 1 23 0
2069332145 128 1 23 1
2069332194 128 1 23 1
2069332271 128 1 23 0
2069332402 128 1 23 1
2069332526 128 1 23 1
2069332612 128 1 23 1
2069332698 128 1 23 1
2069332784 128 1 23 1
2069332874 128 1 23 1
2069332886 128 1 23 1
2069332987 128 1 23 1
2069333078 128 1 23 1
2069333147 128 1 23 1
2069333256 128 1 23 1
2069333351 128 1 23 1
2069333408 128 1 23 1
2069333495 128 1 23 1
2069333589 128 1 23 1
2069333683 128 1 23 1
2069333777 128 1 23 1
2069333873 128 1 23 1
2069333967 128 1 23 1
2069334033 128 1 23 1
2069334134 128 1 23 1
2069334207 128 1 23 1
2069334357 128 1 23 1
2069334486 128 1 23 1
2069336538 128 1 23 0
2069340925 128 1 23 1
2069340928 128 1 23 0
2069341018 128 1 23 1
2069341021 128 1 23 0
2069341107 128 1 23 1
2069341201 128 1 23 1
2069341287 128 1 23 1
2069341290 128 1 23 0
2069341297 128 1 23 1
2069341383 128 1 23 1
2069341477 128 1 23 1
2069341567 128 1 23 1
2069341653 128 1 23 1
2069341743 128 1 23 1
2069341829 128 1 23 1
2069341919 128 1 23 1
2069342013 128 1 23 1
2069342099 128 1 23 1
2069342193 128 1 23 1
2069342279 128 1 23 1
2069342369 128 1 23 1
2069342459 128 1 23 1
2069342549 128 1 23 1
2069342639 128 1 23 1
2069342725 128 1 23 1
2069342811 128 1 23 1
2069342897 128 1 23 1
2069342987 128 1 23 1
2069343077 128 1 23 1
2069343167 128 1 23 1
2069343427 128 1 23 1
2069346071 128 1 23 0
2069348720 132 1 23 1
2069348739 132 1 23 0
2069348825 132 1 23 1
2069348915 132 1 23 1
2069349005 132 1 23 1
2069349091 132 1 23 1
2069349181 132 1 23 1
2069349267 132 1 23 1
2069349357 132 1 23 1
2069349447 132 1 23 1
2069349454 132 1 23 1
2069349540 132 1 23 1
2069349630 132 1 23 1
2069349720 132 1 23 1
2069349806 132 1 23 1
2069349892 132 1 23 1
2069349986 132 1 23 1
2069350072 132 1 23 1
2069350162 132 1 23 1
2069350248 132 1 23 1
2069350338 132 1 23 1
2069350428 132 1 23 1
2069350514 132 1 23 1
2069350600 132 1 23 1
2069350690 132 1 23 1
2069350784 132 1 23 1
2069350799 132 1 23 1
2069350951 132 1 23 1
2069352163 128 1 23 1
2069352166 128 1 23 0
2069352422 128 1 23 1
2069352508 128 1 23 1
2069352598 128 1 23 1
2069352684 128 1 23 1
2069352853 128 1 23 1
2069352943 128 1 23 1
2069353029 128 1 23 1
2069353119 128 1 23 1
2069353205 128 1 23 1
2069353291 128 1 23 1
2069353381 128 1 23 1
2069353467 128 1 23 1
2069353474 132 1 23 0
2069353553 128 1 23 1
2069353643 128 1 23 1
2069353729 128 1 23 1
2069353815 128 1 23 1
2069353901 128 1 23 1
2069353991 128 1 23 1
2069354077 128 1 23 1
2069354163 128 1 23 1
2069354253 128 1 23 1
2069354339 128 1 23 1
2069354429 128 1 23 1
2069354515 128 1 23 1
2069355546 128 1 23 0
2069356989 132 1 23 1
2069357079 132 1 23 1
2069357165 132 1 23 1
2069357195 132 1 23 1
2069357285 132 1 23 1
2069357339 132 1 23 1
2069357426 132 1 23 1
2069357509 132 1 23 1
2069357592 132 1 23 1
2069357748 132 1 23 1
2069357762 132 1 23 1
2069357845 132 1 23 1
2069357932 132 1 23 1
2069358024 132 1 23 1
2069358106 132 1 23 1
2069358193 132 1 23 1
2069358276 132 1 23 1
2069358359 132 1 23 1
2069358503 132 1 23 1
2069358537 132 1 23 1
2069358620 132 1 23 1
2069358707 132 1 23 1
2069358790 132 1 23 1
2069358873 132 1 23 1
2069358960 132 1 23 1
2069359047 132 1 23 1
2069360929 128 1 23 1
2069360932 128 1 23 0
2069361018 128 1 23 1
2069361025 128 1 23 0
2069361111 128 1 23 1
2069361114 128 1 23 0
2069361200 128 1 23 1
2069361286 128 1 23 1
2069361376 128 1 23 1
2069361462 128 1 23 1
2069361548 128 1 23 1
2069361638 128 1 23 1
2069361724 128 1 23 1
2069361810 128 1 23 1
2069361900 128 1 23 1
2069361986 128 1 23 1
2069362072 128 1 23 1
2069362207 132 1 23 0
2069362245 128 1 23 1
2069362331 128 1 23 1
2069362417 128 1 23 1
2069362503 128 1 23 1
2069362589 128 1 23 1
2069362679 128 1 23 1
2069362765 128 1 23 1
2069362851 128 1 23 1
2069362937 128 1 23 1
2069363027 128 1 23 1
2069363113 128 1 23 1
2069363199 128 1 23 1
2069363289 128 1 23 1
2069364217 128 1 23 0
2069367396 132 1 23 1
2069367440 132 1 23 0
2069367483 132 1 23 1
2069367566 132 1 23 1
2069367649 132 1 23 1
2069367732 132 1 23 1
2069367815 132 1 23 1
2069367958 132 1 23 1
2069367981 132 1 23 1
2069368064 132 1 23 1
2069368147 132 1 23 1
2069368234 132 1 23 1
2069368321 132 1 23 1
2069368404 132 1 23 1
2069368487 132 1 23 1
2069368570 132 1 23 1
2069368662 132 1 23 1
2069368736 132 1 23 1
2069368822 132 1 23 1
2069368902 132 1 23 1
2069369000 132 1 23 1
2069369072 132 1 23 1
2069369190 132 1 23 1
2069369238 132 1 23 1
2069369368 132 1 23 1
2069369454 132 1 23 1
2069369562 132 1 23 1
2069371669 132 1 23 0
2069372988 128 1 23 1
2069373074 128 1 23 0
2069373496 128 1 23 1
2069373499 128 1 23 0
2069373589 128 1 23 1
2069373675 128 1 23 1
2069373765 128 1 23 1
2069373855 128 1 23 1
2069373915 128 1 23 1
2069374088 128 1 23 1
2069374174 128 1 23 1
2069374264 128 1 23 1
2069374354 128 1 23 1
2069374444 128 1 23 1
2069374534 128 1 23 1
2069374620 128 1 23 1
2069374710 128 1 23 1
2069374796 128 1 23 1
2069374886 128 1 23 1
2069374976 128 1 23 1
2069375066 128 1 23 1
2069375239 128 1 23 1
2069375325 128 1 23 1
2069375415 128 1 23 1
2069375501 128 1 23 1
2069375591 128 1 23 1
2069375681 128 1 23 1
2069376803 128 1 23 0
2069376846 132 1 23 1
2069376929 132 1 23 1
2069377090 132 1 23 1
2069377095 132 1 23 1
2069377182 132 1 23 1
2069377265 132 1 23 1
2069377348 132 1 23 1
2069377431 132 1 23 1
2069377514 132 1 23 1
2069377597 132 1 23 1
2069377684 132 1 23 1
2069377796 132 1 23 1
2069377854 132 1 23 1
2069377937 132 1 23 1
2069378020 132 1 23 1
2069378103 132 1 23 1
2069378186 132 1 23 1
2069378269 132 1 23 1
2069378352 132 1 23 1
2069378490 132 1 23 1
2069378518 132 1 23 1
2069378605 132 1 23 1
2069378688 132 1 23 1
2069378771 132 1 23 1
2069378854 132 1 23 1
2069381143 128 1 23 1
2069381146 128 1 23 0
2069381232 128 1 23 1
2069381322 128 1 23 0
2069381325 128 1 23 1
2069381411 128 1 23 1
2069381497 128 1 23 1
2069381587 128 1 23 1
2069381673 128 1 23 1
2069381759 128 1 23 1
2069381849 128 1 23 1
2069381935 128 1 23 1
2069382021 128 1 23 1
2069382190 128 1 23 1
2069382280 128 1 23 1
2069382366 128 1 23 1
2069382452 128 1 23 1
2069382538 128 1 23 1
2069382624 128 1 23 1
2069382714 128 1 23 1
2069382800 128 1 23 1
2069382886 128 1 23 1
2069382976 128 1 23 1
2069383062 128 1 23 1
2069383148 128 1 23 1
2069383234 128 1 23 1
2069385617 128 1 23 0
2069385940 132 1 23 1
2069386023 132 1 23 1
2069386106 132 1 23 1
2069386189 132 1 23 1
2069386272 132 1 23 1
2069386369 132 1 23 1
2069386438 132 1 23 1
2069386525 132 1 23 1
2069386608 132 1 23 1
2069386691 132 1 23 1
2069386778 132 1 23 1
2069386864 132 1 23 1
2069386946 132 1 23 1
2069387040 132 1 23 1
2069387114 132 1 23 1
2069387197 132 1 23 1
2069387323 132 1 23 1
2069387371 132 1 23 1
2069387454 132 1 23 1
2069387537 132 1 23 1
2069387620 132 1 23 1
2069387714 132 1 23 1
2069387869 132 1 23 1
2069387959 132 1 23 1
2069387966 132 1 23 1
2069388914 128 1 23 1
2069388921 128 1 23 0
2069389007 128 1 23 1
2069389097 128 1 23 1
2069389187 128 1 23 1
2069389277 128 1 23 1
2069389371 128 1 23 1
2069389461 128 1 23 1
2069389551 128 1 23 1
2069389649 128 1 23 1
2069389735 128 1 23 1
2069389825 128 1 23 1
2069389915 128 1 23 1
2069390001 128 1 23 1
2069390008 128 1 23 1
2069390094 128 1 23 1
2069390184 128 1 23 1
2069390274 128 1 23 1
2069390407 128 1 23 1
2069390497 128 1 23 1
2069390583 128 1 23 1
2069390677 128 1 23 1
2069390763 128 1 23 1
2069390857 128 1 23 1
2069390947 128 1 23 1
2069391037 128 1 23 1
2069391127 128 1 23 1
2069395052 132 1 23 1
2069395135 132 1 23 1
2069395218 132 1 23 1
2069395301 132 1 23 1
2069395384 132 1 23 1
2069395497 132 1 23 1
2069395554 132 1 23 1
2069395605 128 1 23 0
2069395637 132 1 23 1
2069395720 132 1 23 1
2069395803 132 1 23 1
2069395886 132 1 23 1
2069395969 132 1 23 1
2069396052 132 1 23 1
2069396135 132 1 23 1
2069396240 132 1 23 1
2069396305 132 1 23 1
2069396388 132 1 23 1
2069396471 132 1 23 1
2069396554 132 1 23 1
2069396637 132 1 23 1
2069396720 132 1 23 1
2069396807 132 1 23 1
2069396922 132 1 23 1
2069396973 132 1 23 1
2069397056 132 1 23 1
2069398333 128 1 23 1
2069398336 128 1 23 0
2069398430 128 1 23 1
2069398516 128 1 23 0
2069398519 128 1 23 1
2069398617 128 1 23 1
2069398703 128 1 23 1
2069398793 128 1 23 1
2069398887 128 1 23 1
2069398990 128 1 23 1
2069399084 128 1 23 1
2069399170 128 1 23 1
2069399264 128 1 23 1
2069399358 128 1 23 1
2069399448 128 1 23 1
2069399542 128 1 23 1
2069399632 128 1 23 1
2069399726 128 1 23 1
2069399816 128 1 23 1
2069399906 128 1 23 1
2069400000 128 1 23 1
2069400090 128 1 23 1
2069400176 128 1 23 1
2069400262 128 1 23 1
2069400360 128 1 23 1
2069400450 128 1 23 1
2069400631 128 1 23 1
2069404152 132 1 23 1
2069404246 132 1 23 1
2069404336 132 1 23 1
2069404430 132 1 23 1
2069404520 132 1 23 1
2069404584 128 1 23 0
2069404614 132 1 23 1
2069404704 132 1 23 1
2069404798 132 1 23 1
2069404892 132 1 23 1
2069404895 132 1 23 1
2069404989 132 1 23 1
2069405075 132 1 23 1
2069405165 132 1 23 1
2069405251 132 1 23 1
2069405345 132 1 23 1
2069405431 132 1 23 1
2069405525 132 1 23 1
2069405611 132 1 23 1
2069405705 132 1 23 1
2069405791 132 1 23 1
2069405881 132 1 23 1
2069405967 132 1 23 1
2069406061 132 1 23 1
2069406068 132 1 23 1
2069406162 132 1 23 1
2069406248 132 1 23 1
2069407510 128 1 23 1
2069407600 128 1 23 0
2069407603 128 1 23 1
2069407697 128 1 23 1
2069407787 128 1 23 0
2069407790 128 1 23 1
2069407880 128 1 23 1
2069407974 128 1 23 1
2069408072 128 1 23 1
2069408170 128 1 23 1
2069408260 128 1 23 1
2069408346 128 1 23 1
2069408444 128 1 23 1
2069408530 128 1 23 1
2069408616 128 1 23 1
2069408718 128 1 23 1
2069408812 128 1 23 1
2069408902 128 1 23 1
2069408996 128 1 23 1
2069409090 128 1 23 1
2069409196 128 1 23 1
2069409290 128 1 23 1
2069409297 128 1 23 1
2069409387 128 1 23 1
2069409489 128 1 23 1
2069409579 128 1 23 1
2069409764 128 1 23 1
2069409945 128 1 23 1
2069413372 132 1 23 1
2069413458 132 1 23 1
2069413544 132 1 23 1
2069413633 132 1 23 1
2069413731 132 1 23 1
2069413817 132 1 23 1
2069413852 132 1 23 1
2069413965 132 1 23 1
2069414026 132 1 23 1
2069414131 132 1 23 1
2069414169 128 1 23 0
2069414204 132 1 23 1
2069414297 132 1 23 1
2069414433 132 1 23 1
2069414519 132 1 23 1
2069414629 132 1 23 1
2069414643 132 1 23 1
2069414795 132 1 23 1
2069414817 132 1 23 1
2069414961 132 1 23 1
2069414991 132 1 23 1
2069415131 132 1 23 1
2069415217 132 1 23 1
2069415307 132 1 23 1
2069415416 132 1 23 1
2069415502 132 1 23 1
2069417004 128 1 23 1
2069417011 128 1 23 0
2069417014 128 1 23 1
2069417112 128 1 23 1
2069417202 128 1 23 1
2069417292 128 1 23 1
2069417382 128 1 23 1
2069417468 128 1 23 1
2069417566 128 1 23 1
2069417656 128 1 23 1
2069417746 128 1 23 1
2069417785 128 1 23 1
2069417879 128 1 23 1
2069417965 128 1 23 1
2069418055 128 1 23 1
2069418145 128 1 23 1
2069418239 128 1 23 1
2069418333 128 1 23 1
2069418423 128 1 23 1
2069418513 128 1 23 1
2069418599 128 1 23 1
2069418693 128 1 23 1
2069418783 128 1 23 1
2069418877 128 1 23 1
2069418884 128 1 23 1
2069418974 128 1 23 1
2069419060 128 1 23 1
2069422295 128 1 23 0
2069423458 132 1 23 1
2069423607 132 1 23 1
2069423610 132 1 23 0
2069423636 132 1 23 1
2069423723 132 1 23 1
2069423806 132 1 23 1
2069423893 132 1 23 1
2069423980 132 1 23 1
2069424063 132 1 23 1
2069424150 132 1 23 1
2069424261 132 1 23 1
2069424332 132 1 23 1
2069424415 132 1 23 1
2069424506 132 1 23 1
2069424593 132 1 23 1
2069424676 132 1 23 1
2069424763 132 1 23 1
2069424850 132 1 23 1
2069424963 132 1 23 1
2069425024 132 1 23 1
2069425119 132 1 23 1
2069425202 132 1 23 1
2069425285 132 1 23 1
2069425408 132 1 23 1
2069425502 132 1 23 1
2069425592 132 1 23 1
2069425765 132 1 23 1
2069428773 132 1 23 0
2069430568 128 1 23 1
2069430624 128 1 23 0
2069430721 128 1 23 1
2069430724 128 1 23 0
2069430734 128 1 23 1
2069430821 128 1 23 1
2069430905 128 1 23 1
2069431069 128 1 23 1
2069431076 128 1 23 1
2069431157 128 1 23 1
2069431316 128 1 23 1
2069431413 128 1 23 1
2069431420 128 1 23 1
2069431501 128 1 23 1
2069431673 128 1 23 1
2069431676 128 1 23 1
2069431760 132 1 23 1
2069431766 128 1 23 1
2069431845 128 1 23 1
2069431846 132 1 23 1
2069431936 132 1 23 1
2069431985 128 1 23 1
2069432019 128 1 23 1
2069432022 132 1 23 1
2069432029 132 1 23 1
2069432106 128 1 23 1
2069432154 132 1 23 1
2069432240 132 1 23 1
2069432267 128 1 23 1
2069432278 132 1 23 1
2069432282 128 1 23 1
2069432367 128 1 23 1
2069432407 132 1 23 1
2069432444 132 1 23 1
2069432458 128 1 23 1
2069432553 128 1 23 1
2069432573 132 1 23 1
2069432628 128 1 23 1
2069432663 132 1 23 1
2069432715 128 1 23 1
2069432753 132 1 23 1
2069432839 128 1 23 1
2069432839 132 1 23 1
2069432863 132 1 23 1
2069433000 132 1 23 1
2069433029 132 1 23 1
2069433134 132 1 23 1
2069433195 132 1 23 1
2069433278 132 1 23 1
2069433361 132 1 23 1
2069433444 132 1 23 1
2069433551 132 1 23 1
2069433614 132 1 23 1
2069433697 132 1 23 1
2069433780 132 1 23 1
2069433991 128 1 23 0
2069437793 132 1 23 0
2069438026 128 1 23 1
2069438029 128 1 23 0
2069438032 128 1 23 1
2069438126 128 1 23 0
2069438129 128 1 23 1
2069438223 128 1 23 1
2069438313 128 1 23 1
2069438412 128 1 23 1
2069438450 128 1 23 1
2069438533 128 1 23 1
2069438685 128 1 23 1
2069438711 128 1 23 1
2069438794 128 1 23 1
2069438881 128 1 23 1
2069438975 128 1 23 1
2069439055 128 1 23 1
2069439142 128 1 23 1
2069439225 128 1 23 1
2069439336 128 1 23 1
2069439399 128 1 23 1
2069439486 128 1 23 1
2069439569 128 1 23 1
2069439720 128 1 23 1
2069439739 128 1 23 1
2069439837 128 1 23 1
2069439905 128 1 23 1
2069439988 128 1 23 1
2069440115 128 1 23 1
2069440269 128 1 23 1
2069441845 128 1 23 0
2069444828 132 1 23 1
2069444837 132 1 23 0
2069444911 132 1 23 1
2069444994 132 1 23 1
2069445077 132 1 23 1
2069445160 132 1 23 1
2069445243 132 1 23 1
2069445326 132 1 23 1
2069445409 132 1 23 1
2069445492 132 1 23 1
2069445575 132 1 23 1
2069445658 132 1 23 1
2069445685 128 1 23 1
2069445741 132 1 23 1
2069445750 128 1 23 0
2069445824 132 1 23 1
2069445837 128 1 23 1
2069445863 128 1 23 1
2069445907 132 1 23 1
2069445950 128 1 23 1
2069445990 132 1 23 1
2069446033 128 1 23 1
2069446073 132 1 23 1
2069446156 132 1 23 1
2069446181 128 1 23 1
2069446239 132 1 23 1
2069446271 128 1 23 1
2069446294 128 1 23 1
2069446322 132 1 23 1
2069446405 132 1 23 1
2069446409 128 1 23 1
2069446468 128 1 23 1
2069446488 132 1 23 1
2069446563 128 1 23 1
2069446571 132 1 23 1
2069446654 132 1 23 1
2069446699 128 1 23 1
2069446737 132 1 23 1
2069446737 128 1 23 1
2069446820 132 1 23 1
2069446832 128 1 23 1
2069446903 132 1 23 1
2069446981 128 1 23 1
2069446986 132 1 23 1
2069447006 128 1 23 1
2069447089 128 1 23 1
2069447180 128 1 23 1
2069447275 128 1 23 1
2069447366 128 1 23 1
2069447449 128 1 23 1
2069447553 128 1 23 1
2069447623 128 1 23 1
2069447706 128 1 23 1
2069447839 128 1 23 1
2069447919 128 1 23 1
2069448717 132 1 23 0
2069455005 128 1 23 1
2069455135 128 1 23 1
2069455175 128 1 23 1
2069455280 128 1 23 1
2069455345 128 1 23 1
2069455432 128 1 23 1
2069455566 128 1 23 1
2069455602 128 1 23 1
2069455685 128 1 23 1
2069455848 128 1 23 1
2069455855 128 1 23 1
2069455938 128 1 23 1
2069456021 128 1 23 1
2069456138 128 1 23 1
2069456187 128 1 23 1
2069456270 128 1 23 1
2069456420 128 1 23 1
2069456436 128 1 23 1
2069456447 132 1 23 1
2069456519 128 1 23 1
2069456530 132 1 23 1
2069456606 128 1 23 1
2069456613 132 1 23 1
2069456696 132 1 23 1
2069456714 128 1 23 1
2069456776 128 1 23 1
2069456779 132 1 23 1
2069456862 132 1 23 1
2069456867 128 1 23 1
2069457000 128 1 23 1
2069457020 132 1 23 1
2069457028 132 1 23 1
2069457041 128 1 23 1
2069457114 132 1 23 1
2069457202 132 1 23 1
2069457352 132 1 23 1
2069457360 132 1 23 1
2069457447 132 1 23 1
2069457526 132 1 23 1
2069457609 132 1 23 1
2069457692 132 1 23 1
2069457775 132 1 23 1
2069457858 132 1 23 1
2069457941 132 1 23 1
2069458024 132 1 23 1
2069458107 132 1 23 1
2069458190 132 1 23 1
2069458203 128 1 23 0
2069458273 132 1 23 1
2069458356 132 1 23 1
2069458439 132 1 23 1
2069458522 132 1 23 1
2069461144 132 1 23 0
2069461304 128 1 23 1
2069461372 128 1 23 1
2069461470 128 1 23 1
2069461542 128 1 23 1
2069461688 128 1 23 1
2069461712 128 1 23 1
2069461795 128 1 23 1
2069461878 128 1 23 1
2069461961 128 1 23 1
2069462044 128 1 23 1
2069462127 128 1 23 1
2069462210 128 1 23 1
2069462293 128 1 23 1
2069462376 128 1 23 1
2069462459 128 1 23 1
2069462542 128 1 23 1
2069462625 128 1 23 1
2069462712 128 1 23 1
2069462795 128 1 23 1
2069462878 128 1 23 1
2069462964 128 1 23 1
2069463044 128 1 23 1
2069463127 128 1 23 1
2069463210 128 1 23 1
2069463293 128 1 23 1
2069463379 128 1 23 1
2069464921 132 1 23 1
2069464990 128 1 23 0
2069465004 132 1 23 1
2069465087 132 1 23 1
2069465170 132 1 23 1
2069465253 132 1 23 1
2069465336 132 1 23 1
2069465419 132 1 23 1
2069465502 132 1 23 1
2069465585 132 1 23 1
2069465668 132 1 23 1
2069465751 132 1 23 1
2069465834 132 1 23 1
2069465917 132 1 23 1
2069466000 132 1 23 1
2069466083 132 1 23 1
2069466166 132 1 23 1
2069466249 132 1 23 1
2069466332 132 1 23 1
2069466415 132 1 23 1
2069466498 132 1 23 1
2069466581 132 1 23 1
2069466664 132 1 23 1
2069466747 132 1 23 1
2069466830 132 1 23 1
2069466913 132 1 23 1
2069466996 132 1 23 1
2069468985 128 1 23 1
2069468988 128 1 23 0
2069469074 128 1 23 1
2069469085 128 1 23 1
2069469159 128 1 23 1
2069469227 132 1 23 0
2069469242 128 1 23 1
2069469325 128 1 23 1
2069469408 128 1 23 1
2069469491 128 1 23 1
2069469574 128 1 23 1
2069469657 128 1 23 1
2069469740 128 1 23 1
2069469884 128 1 23 1
2069469979 128 1 23 1
2069470069 128 1 23 1
2069470076 128 1 23 1
2069470212 128 1 23 1
2069470242 128 1 23 1
2069470372 128 1 23 1
2069470408 128 1 23 1
2069470538 128 1 23 1
2069470545 128 1 23 1
2069470597 128 1 23 1
2069470704 128 1 23 1
2069470763 128 1 23 1
2069470874 128 1 23 1
2069470929 128 1 23 1
2069471040 128 1 23 1
2069471095 128 1 23 1
2069473547 128 1 23 0
2069474147 132 1 23 1
2069474211 132 1 23 0
2069474300 132 1 23 1
2069474386 132 1 23 1
2069474396 132 1 23 1
2069474553 132 1 23 1
2069474562 132 1 23 1
2069474723 132 1 23 1
2069474810 132 1 23 1
2069474813 132 1 23 1
2069474894 132 1 23 1
2069474980 132 1 23 1
2069475070 132 1 23 1
2069475143 132 1 23 1
2069475233 132 1 23 1
2069475320 132 1 23 1
2069475392 132 1 23 1
2069475490 132 1 23 1
2069475558 132 1 23 1
2069475660 132 1 23 1
2069475746 132 1 23 1
2069475807 132 1 23 1
2069475917 132 1 23 1
2069476004 132 1 23 1
2069476056 132 1 23 1
2069476170 132 1 23 1
2069476257 132 1 23 1
2069476305 132 1 23 1
2069479249 128 1 23 1
2069479305 128 1 23 1
2069479388 128 1 23 1
2069479506 128 1 23 1
2069479554 128 1 23 1
2069479637 128 1 23 1
2069479747 128 1 23 1
2069479803 128 1 23 1
2069479886 128 1 23 1
2069479997 128 1 23 1
2069480052 128 1 23 1
2069480135 128 1 23 1
2069480245 128 1 23 1
2069480305 128 1 23 1
2069480388 128 1 23 1
2069480498 128 1 23 1
2069480558 128 1 23 1
2069480645 128 1 23 1
2069480755 128 1 23 1
2069480815 128 1 23 1
2069480902 128 1 23 1
2069480909 132 1 23 0
2069480996 128 1 23 1
2069481072 128 1 23 1
2069481241 128 1 23 1
2069481248 128 1 23 1
2069481333 128 1 23 1
2069485597 128 1 23 0
2069486153 132 1 23 1
2069486236 132 1 23 1
2069486319 132 1 23 1
2069486402 132 1 23 1
2069486485 132 1 23 1
2069486568 132 1 23 1
2069486651 132 1 23 1
2069486734 132 1 23 1
2069486817 132 1 23 1
2069486900 132 1 23 1
2069486983 132 1 23 1
2069487066 132 1 23 1
2069487149 132 1 23 1
2069487232 132 1 23 1
2069487315 132 1 23 1
2069487398 132 1 23 1
2069487481 132 1 23 1
2069487564 132 1 23 1
2069487647 132 1 23 1
2069487730 132 1 23 1
2069487813 132 1 23 1
2069487896 132 1 23 1
2069487979 132 1 23 1
2069488062 132 1 23 1
2069488145 132 1 23 1
2069488268 132 1 23 1
2069567657 97 0 1 1
2069567695 97 0 1 0
2069567740 97 0 1 1
2069567823 97 0 1 1
2069567906 97 0 1 1
2069568073 97 0 1 1
2069568240 97 0 1 1
2069568407 97 0 1 1
2069568574 97 0 1 1
2069568741 97 0 1 1
2069568908 97 0 1 1
2069569075 97 0 1 1
2069569242 97 0 1 1
2069569325 97 0 1 1
2069569409 97 0 1 1
2069569576 97 0 1 1
2069569781 97 0 1 1
2069572692 97 0 1 0
2071135193 52 0 1 1
2071135260 52 0 1 0
2071135276 52 0 1 1
2071135359 52 0 1 1
2071135442 52 0 1 1
2071135525 52 0 1 1
2071135633 52 0 1 1
2071135691 52 0 1 1
2071135807 52 0 1 1
2071135857 52 0 1 1
2071135977 52 0 1 1
2071136023 52 0 1 1
2071136106 52 0 1 1
2071136234 52 0 1 1
2071136272 52 0 1 1
2071136398 52 0 1 1
2071136438 52 0 1 1
2071136521 52 0 1 1
2071136604 52 0 1 1
2071136687 52 0 1 1
2071136770 52 0 1 1
2071136853 52 0 1 1
2071136936 52 0 1 1
2071137019 52 0 1 1
2071137102 52 0 1 1
2071137185 52 0 1 1
2071137271 52 0 1 1
2071137351 52 0 1 1
2071139834 52 0 1 0
2071302480 133 1 21 1
2071302517 133 1 21 1
2071302600 133 1 21 1
2071302713 133 1 21 1
2071302803 133 1 21 1
2071302889 133 1 21 1
2071302944 133 1 21 1
2071303027 133 1 21 1
2071303114 133 1 21 1
2071303201 133 1 21 1
2071303331 133 1 21 1
2071303417 133 1 21 1
2071303462 133 1 21 1
2071303545 133 1 21 1
2071303632 133 1 21 1
2071303718 133 1 21 1
2071303886 133 1 21 1
2071303972 133 1 21 1
2071304058 133 1 21 1
2071304067 133 1 21 1
2071304218 133 1 21 1
2071304241 133 1 21 1
2071304388 133 1 21 1
2071304478 133 1 21 1
2071304564 133 1 21 1
2071307091 133 1 21 0
2071310685 133 1 21 1
2071310688 133 1 21 0
2071310782 133 1 21 1
2071310868 133 1 21 1
2071310958 133 1 21 1
2071311048 133 1 21 1
2071311138 133 1 21 1
2071311224 133 1 21 1
2071311322 133 1 21 1
2071311412 133 1 21 1
2071311419 133 1 21 1
2071311505 133 1 21 1
2071311599 133 1 21 1
2071311689 133 1 21 1
2071311775 133 1 21 1
2071311869 133 1 21 1
2071311959 133 1 21 1
2071312049 133 1 21 1
2071312147 133 1 21 1
2071312237 133 1 21 1
2071312331 133 1 21 1
2071312425 133 1 21 1
2071312515 133 1 21 1
2071312605 133 1 21 1
2071312634 133 1 21 1
2071312725 133 1 21 1
2071312811 133 1 21 1
2071316208 133 1 21 0
2071319739 133 1 21 1
2071319825 133 1 21 1
2071319915 133 1 21 1
2071320001 133 1 21 1
2071320087 133 1 21 1
2071320173 133 1 21 1
2071320259 133 1 21 1
2071320345 133 1 21 1
2071320431 133 1 21 1
2071320517 133 1 21 1
2071320603 133 1 21 1
2071320689 133 1 21 1
2071320779 133 1 21 1
2071320865 133 1 21 1
2071320955 133 1 21 1
2071321041 133 1 21 1
2071321127 133 1 21 1
2071321213 133 1 21 1
2071321299 133 1 21 1
2071321385 133 1 21 1
2071321471 133 1 21 1
2071321557 133 1 21 1
2071321643 133 1 21 1
2071321729 133 1 21 1
2071321815 133 1 21 1
2071326830 133 1 21 0
2071330205 133 1 21 1
2071330291 133 1 21 0
2071330294 133 1 21 1
2071330384 133 1 21 1
2071330470 133 1 21 1
2071330556 133 1 21 1
2071330642 133 1 21 1
2071330732 133 1 21 1
2071330822 133 1 21 1
2071330908 133 1 21 1
2071330994 133 1 21 1
2071331080 133 1 21 1
2071331170 133 1 21 1
2071331256 133 1 21 1
2071331342 133 1 21 1
2071331432 133 1 21 1
2071331518 133 1 21 1
2071331604 133 1 21 1
2071331611 133 1 21 1
2071331701 133 1 21 1
2071331847 133 1 21 1
2071331933 133 1 21 1
2071331940 133 1 21 1
2071332030 133 1 21 1
2071332116 133 1 21 1
2071332202 133 1 21 1
2071332288 133 1 21 1
2071332378 133 1 21 1
2071335256 133 1 21 0
2071338758 133 1 21 1
2071338761 133 1 21 1
2071338847 133 1 21 1
2071338933 133 1 21 1
2071339023 133 1 21 1
2071339113 133 1 21 1
2071339199 133 1 21 1
2071339289 133 1 21 1
2071339375 133 1 21 1
2071339465 133 1 21 1
2071339551 133 1 21 1
2071339637 133 1 21 1
2071339731 133 1 21 1
2071339817 133 1 21 1
2071339907 133 1 21 1
2071339993 133 1 21 1
2071340083 133 1 21 1
2071340169 133 1 21 1
2071340259 133 1 21 1
2071340345 133 1 21 1
2071340356 133 1 21 1
2071340442 133 1 21 1
2071340528 133 1 21 1
2071340618 133 1 21 1
2071340704 133 1 21 1
2071340794 133 1 21 1
2071343374 133 1 21 0
2071492120 131 1 21 1
2071492158 131 1 21 0
2071492268 131 1 21 1
2071492354 131 1 21 1
2071492440 131 1 21 1
2071492447 131 1 21 1
2071492533 131 1 21 1
2071492619 131 1 21 1
2071492709 131 1 21 1
2071492795 131 1 21 1
2071492881 131 1 21 1
2071492967 131 1 21 1
2071493000 131 1 21 1
2071493098 131 1 21 1
2071493184 131 1 21 1
2071493286 131 1 21 1
2071493372 131 1 21 1
2071493475 131 1 21 1
2071493498 131 1 21 1
2071493584 131 1 21 1
2071493670 131 1 21 1
2071493756 131 1 21 1
2071493846 131 1 21 1
2071493932 131 1 21 1
2071494018 131 1 21 1
2071494108 131 1 21 1
2071494194 131 1 21 1
2071494280 131 1 21 1
2071494366 131 1 21 1
2071498326 131 1 21 0
2071501401 131 1 21 1
2071501487 131 1 21 1
2071501573 131 1 21 1
2071501584 131 1 21 1
2071501670 131 1 21 1
2071501760 131 1 21 1
2071501846 131 1 21 1
2071501936 131 1 21 1
2071502022 131 1 21 1
2071502112 131 1 21 1
2071502198 131 1 21 1
2071502288 131 1 21 1
2071502295 131 1 21 1
2071502381 131 1 21 1
2071502467 131 1 21 1
2071502620 131 1 21 1
2071502706 131 1 21 1
2071502709 131 1 21 1
2071502799 131 1 21 1
2071502885 131 1 21 1
2071502971 131 1 21 1
2071503061 131 1 21 1
2071503147 131 1 21 1
2071503233 131 1 21 1
2071503323 131 1 21 1
2071503409 131 1 21 1
2071503495 131 1 21 1
2071507040 131 1 21 0
2071511530 131 1 21 1
2071511620 131 1 21 1
2071511706 131 1 21 1
2071511834 131 1 21 1
2071511924 131 1 21 1
2071512014 131 1 21 1
2071512104 131 1 21 1
2071512111 131 1 21 1
2071512201 131 1 21 1
2071512291 131 1 21 1
2071512381 131 1 21 1
2071512471 131 1 21 1
2071512557 131 1 21 1
2071512647 131 1 21 1
2071512737 131 1 21 1
2071512823 131 1 21 1
2071512917 131 1 21 1
2071513003 131 1 21 1
2071513097 131 1 21 1
2071513187 131 1 21 1
2071513277 131 1 21 1
2071513371 131 1 21 1
2071513457 131 1 21 1
2071513547 131 1 21 1
2071513637 131 1 21 1
2071516958 131 1 21 0
2071521591 131 1 21 1
2071521681 131 1 21 0
2071521684 131 1 21 1
2071521774 131 1 21 1
2071521868 131 1 21 1
2071521954 131 1 21 1
2071522044 131 1 21 1
2071522055 131 1 21 1
2071522145 131 1 21 1
2071522239 131 1 21 1
2071522329 131 1 21 1
2071522423 131 1 21 1
2071522513 131 1 21 1
2071522599 131 1 21 1
2071522689 131 1 21 1
2071522692 131 1 21 1
2071522699 131 1 21 0
2071522785 131 1 21 1
2071522796 131 1 21 0
2071522882 131 1 21 1
2071522889 131 1 21 0
2071522975 131 1 21 1
2071522986 131 1 21 1
2071523076 131 1 21 1
2071523166 131 1 21 1
2071523260 131 1 21 0
2071523263 131 1 21 1
2071523349 131 1 21 1
2071523443 131 1 21 1
2071523533 131 1 21 1
2071523627 131 1 21 1
2071523717 131 1 21 1
2071523811 131 1 21 1
2071524166 131 1 21 0
2071528626 131 1 21 1
2071528629 131 1 21 0
2071528723 131 1 21 1
2071528809 131 1 21 1
2071528899 131 1 21 1
2071528902 131 1 21 0
2071528909 131 1 21 1
2071529026 131 1 21 1
2071529116 131 1 21 1
2071529202 131 1 21 1
2071529296 131 1 21 1
2071529386 131 1 21 1
2071529472 131 1 21 1
2071529562 131 1 21 1
2071529648 131 1 21 1
2071529738 131 1 21 1
2071529749 131 1 21 1
2071529835 131 1 21 1
2071529925 131 1 21 1
2071530015 131 1 21 1
2071530109 131 1 21 1
2071530195 131 1 21 1
2071530281 131 1 21 1
2071530371 131 1 21 1
2071530461 131 1 21 1
2071530547 131 1 21 1
2071530641 131 1 21 1
2071530727 131 1 21 1
2071530817 131 1 21 1
2071531002 131 1 21 1
2071531448 131 1 21 0
2071560544 132 1 19 1
2071560595 132 1 19 0
2071560627 132 1 19 1
2071560678 132 1 19 0
2071560710 132 1 19 1
2071560805 132 1 19 1
2071560876 132 1 19 1
2071560959 132 1 19 1
2071561026 132 1 19 0
2071561042 132 1 19 1
2071561125 132 1 19 1
2071561208 132 1 19 1
2071561295 132 1 19 1
2071561378 132 1 19 1
2071561538 132 1 19 1
2071561545 132 1 19 1
2071561627 132 1 19 1
2071561710 132 1 19 1
2071561793 132 1 19 1
2071561876 132 1 19 1
2071561959 132 1 19 1
2071562042 132 1 19 1
2071562129 132 1 19 1
2071562212 132 1 19 1
2071562295 132 1 19 1
2071562378 132 1 19 1
2071562461 132 1 19 1
2071562544 132 1 19 1
2071562627 132 1 19 1
2071562710 132 1 19 1
2071562793 132 1 19 1
2071563112 132 1 19 1
2071563965 132 1 19 0
2071569470 132 1 19 1
2071569489 132 1 19 0
2071569719 132 1 19 1
2071569806 132 1 19 1
2071569889 132 1 19 1
2071569972 132 1 19 1
2071570055 132 1 19 1
2071570138 132 1 19 1
2071570221 132 1 19 1
2071570304 132 1 19 1
2071570387 132 1 19 1
2071570477 132 1 19 1
2071570557 132 1 19 1
2071570640 132 1 19 1
2071570731 132 1 19 1
2071570806 132 1 19 1
2071570913 132 1 19 1
2071570972 132 1 19 1
2071571055 132 1 19 1
2071571157 132 1 19 1
2071571225 132 1 19 1
2071571308 132 1 19 1
2071571391 132 1 19 1
2071571474 132 1 19 1
2071571575 132 1 19 1
2071571658 132 1 19 1
2071571745 132 1 19 1
2071573746 132 1 19 0
2071578002 132 1 19 1
2071578085 132 1 19 1
2071578121 132 1 19 0
2071578168 132 1 19 1
2071578251 132 1 19 1
2071578334 132 1 19 1
2071578417 132 1 19 1
2071578500 132 1 19 1
2071578595 132 1 19 1
2071578681 132 1 19 1
2071578767 132 1 19 1
2071578832 132 1 19 1
2071578939 132 1 19 1
2071578998 132 1 19 1
2071579099 132 1 19 1
2071579168 132 1 19 1
2071579251 132 1 19 1
2071579334 132 1 19 1
2071579417 132 1 19 1
2071579500 132 1 19 1
2071579583 132 1 19 1
2071579666 132 1 19 1
2071579749 132 1 19 1
2071579832 132 1 19 1
2071579964 132 1 19 1
2071580050 132 1 19 1
2071580136 132 1 19 1
2071580226 132 1 19 1
2071582240 132 1 19 0
2071821126 130 1 22 1
2071821209 130 1 22 1
2071821296 130 1 22 1
2071821383 130 1 22 1
2071821466 130 1 22 1
2071821549 130 1 22 1
2071821636 130 1 22 1
2071821681 130 1 22 1
2071821768 130 1 22 1
2071821851 130 1 22 1
2071821938 130 1 22 1
2071822021 130 1 22 1
2071822104 130 1 22 1
2071822187 130 1 22 1
2071822270 130 1 22 1
2071822357 130 1 22 1
2071822444 130 1 22 1
2071822531 130 1 22 1
2071822614 130 1 22 1
2071822697 130 1 22 1
2071822784 130 1 22 1
2071822867 130 1 22 1
2071822954 130 1 22 1
2071823037 130 1 22 1
2071823120 130 1 22 1
2071823207 130 1 22 1
2071826370 130 1 22 0
2071829994 130 1 22 1
2071830081 130 1 22 1
2071830164 130 1 22 1
2071830251 130 1 22 1
2071830334 130 1 22 1
2071830425 130 1 22 1
2071830508 130 1 22 1
2071830595 130 1 22 1
2071830678 130 1 22 1
2071830765 130 1 22 1
2071830852 130 1 22 1
2071830943 130 1 22 1
2071831026 130 1 22 1
2071831121 130 1 22 1
2071831204 130 1 22 1
2071831291 130 1 22 1
2071831378 130 1 22 1
2071831465 130 1 22 1
2071831556 130 1 22 1
2071831643 130 1 22 1
2071831730 130 1 22 1
2071831821 130 1 22 1
2071831908 130 1 22 1
2071831995 130 1 22 1
2071835961 130 1 22 0
2071839374 130 1 22 1
2071839395 130 1 22 1
2071839541 130 1 22 1
2071839561 130 1 22 1
2071839708 130 1 22 1
2071839735 130 1 22 1
2071839822 130 1 22 1
2071839957 130 1 22 1
2071839988 130 1 22 1
2071840127 130 1 22 1
2071840158 130 1 22 1
2071840291 130 1 22 1
2071840324 130 1 22 1
2071840466 130 1 22 1
2071840494 130 1 22 1
2071840625 130 1 22 1
2071840660 130 1 22 1
2071840792 130 1 22 1
2071840830 130 1 22 1
2071840913 130 1 22 1
2071841045 130 1 22 1
2071841083 130 1 22 1
2071841208 130 1 22 1
2071841249 130 1 22 1
2071841383 130 1 22 1
2071841421 130 1 22 1
2071844936 130 1 22 0
2071849384 130 1 22 1
2071849471 130 1 22 0
2071849474 130 1 22 1
2071849564 130 1 22 0
2071849567 130 1 22 1
2071849653 130 1 22 1
2071849739 130 1 22 1
2071849825 130 1 22 1
2071849911 130 1 22 1
2071850001 130 1 22 1
2071850087 130 1 22 1
2071850173 130 1 22 1
2071850259 130 1 22 1
2071850349 130 1 22 1
2071850435 130 1 22 1
2071850469 130 1 22 1
2071850566 130 1 22 1
2071850639 130 1 22 1
2071850722 130 1 22 1
2071850841 130 1 22 1
2071850892 130 1 22 1
2071850983 130 1 22 1
2071851058 130 1 22 1
2071851141 130 1 22 1
2071851228 130 1 22 1
2071851394 130 1 22 1
2071851401 130 1 22 1
2071851557 130 1 22 1
2071851671 130 1 22 1
2071853656 130 1 22 0
2071860696 130 1 22 1
2071860721 130 1 22 0
2071860834 130 1 22 1
2071860862 130 1 22 1
2071861001 130 1 22 1
2071861032 130 1 22 1
2071861168 130 1 22 1
2071861202 130 1 22 1
2071861335 130 1 22 1
2071861368 130 1 22 1
2071861502 130 1 22 1
2071861534 130 1 22 1
2071861669 130 1 22 1
2071861700 130 1 22 1
2071861787 130 1 22 1
2071861918 130 1 22 1
2071861957 130 1 22 1
2071862085 130 1 22 1
2071862123 130 1 22 1
2071862252 130 1 22 1
2071862289 130 1 22 1
2071862419 130 1 22 1
2071862459 130 1 22 1
2071862586 130 1 22 1
2071862625 130 1 22 1
2071862753 130 1 22 1
2071862807 130 1 22 1
2071862890 130 1 22 1
2071865506 130 1 22 0
2071869508 130 1 22 1
2071869569 130 1 22 1
2071869679 130 1 22 1
2071869735 130 1 22 1
2071869842 130 1 22 1
2071869909 130 1 22 1
2071870013 130 1 22 1
2071870099 130 1 22 1
2071870193 130 1 22 1
2071870279 130 1 22 1
2071870365 130 1 22 1
2071870451 130 1 22 1
2071870541 130 1 22 1
2071870627 130 1 22 1
2071870713 130 1 22 1
2071870799 130 1 22 1
2071870885 130 1 22 1
2071870971 130 1 22 1
2071871057 130 1 22 1
2071871143 130 1 22 1
2071871229 130 1 22 1
2071871315 130 1 22 1
2071871401 130 1 22 1
2071871487 130 1 22 1
2071871573 130 1 22 1
2071871659 130 1 22 1
2071873903 130 1 22 0
2071878305 130 1 22 1
2071878391 130 1 22 0
2071878477 130 1 22 1
2071878480 130 1 22 0
2071878566 130 1 22 1
2071878652 130 1 22 1
2071878738 130 1 22 1
2071878824 130 1 22 1
2071878910 130 1 22 1
2071878996 130 1 22 1
2071879082 130 1 22 1
2071879168 130 1 22 1
2071879254 130 1 22 1
2071879340 130 1 22 1
2071879426 130 1 22 1
2071879512 130 1 22 1
2071879598 130 1 22 1
2071879684 130 1 22 1
2071879687 130 1 22 1
2071879773 130 1 22 1
2071879859 130 1 22 1
2071879945 130 1 22 1
2071880031 130 1 22 1
2071880117 130 1 22 1
2071880203 130 1 22 1
2071880289 130 1 22 1
2071880375 130 1 22 1
2071880544 130 1 22 1
2071880630 130 1 22 1
2071880716 130 1 22 1
2071881881 130 1 22 0
2071892919 130 1 22 1
2071892922 130 1 22 0
2071893046 130 1 22 1
2071893049 130 1 22 0
2071893160 130 1 22 1
2071893163 130 1 22 0
2071893249 130 1 22 1
2071893252 130 1 22 0
2071893342 130 1 22 1
2071893345 130 1 22 0
2071893431 130 1 22 1
2071893434 130 1 22 0
2071893603 130 1 22 1
2071893606 130 1 22 0
2071893692 130 1 22 1
2071893695 130 1 22 0
2071893718 130 1 22 1
2071893814 130 1 22 0
2071893817 130 1 22 1
2071893903 130 1 22 0
2071893906 130 1 22 1
2071893992 130 1 22 0
2071893995 130 1 22 1
2071894081 130 1 22 0
2071894084 130 1 22 1
2071894170 130 1 22 1
2071894256 130 1 22 0
2071894259 130 1 22 1
2071894345 130 1 22 1
2071894431 130 1 22 1
2071894517 130 1 22 1
2071894603 130 1 22 1
2071894689 130 1 22 1
2071894775 130 1 22 1
2071894861 130 1 22 1
2071894947 130 1 22 1
2071895033 130 1 22 1
2071895119 130 1 22 1
2071895205 130 1 22 1
2071895291 130 1 22 1
2071895377 130 1 22 1
2071895463 130 1 22 1
2071895549 130 1 22 1
2071895635 130 1 22 1
2071895721 130 1 22 1
2071895807 130 1 22 1
2071895976 130 1 22 1
2071896062 130 1 22 1
2071896148 130 1 22 1
2071896234 130 1 22 1
2071896403 130 1 22 1
2071896655 130 1 22 0
2071919280 130 1 22 1
2071919366 130 1 22 0
2071919369 130 1 22 1
2071919440 130 1 22 0
2071919446 130 1 22 1
2071919537 130 1 22 1
2071919616 130 1 22 1
2071919782 130 1 22 1
2071919785 130 1 22 1
2071919949 130 1 22 1
2071919952 130 1 22 0
2071919956 130 1 22 1
2071920025 130 1 22 0
2071920116 130 1 22 1
2071920123 130 1 22 0
2071920126 130 1 22 1
2071920173 130 1 22 0
2071930966 130 1 22 1
2071930994 130 1 22 0
2071931043 130 1 22 1
2071931129 130 1 22 1
2071931160 130 1 22 0
2071931209 130 1 22 1
2071931296 130 1 22 0
2071931307 130 1 22 1
2071931375 130 1 22 1
2071931467 130 1 22 1
2071931474 130 1 22 0
2071931545 130 1 22 1
2071931565 130 1 22 0
2071937579 130 1 22 1
2071937709 130 1 22 1
2071937745 130 1 22 1
2071937876 130 1 22 1
2071937908 130 1 22 1
2071938043 130 1 22 1
2071938074 130 1 22 1
2071938161 130 1 22 1
2071938295 130 1 22 1
2071938327 130 1 22 1
2071938467 130 1 22 1
2071938493 130 1 22 1
2071938635 130 1 22 1
2071938659 130 1 22 1
2071938805 130 1 22 1
2071938825 130 1 22 1
2071938975 130 1 22 1
2071938995 130 1 22 1
2071939142 130 1 22 1
2071939161 130 1 22 1
2071939244 130 1 22 1
2071939383 130 1 22 1
2071939410 130 1 22 1
2071939550 130 1 22 1
2071939580 130 1 22 1
2071939713 130 1 22 1
2071941714 130 1 22 0
2072019610 128 1 19 1
2072019617 128 1 19 0
2072019693 128 1 19 1
2072019776 128 1 19 1
2072019859 128 1 19 1
2072019942 128 1 19 1
2072020025 128 1 19 1
2072020108 128 1 19 1
2072020191 128 1 19 1
2072020278 128 1 19 1
2072020361 128 1 19 1
2072020444 128 1 19 1
2072020529 128 1 19 1
2072020600 128 1 19 1
2072020683 128 1 19 1
2072020766 128 1 19 1
2072020889 128 1 19 1
2072020932 128 1 19 1
2072021015 128 1 19 1
2072021150 128 1 19 1
2072021181 128 1 19 1
2072021264 128 1 19 1
2072021347 128 1 19 1
2072021430 128 1 19 1
2072021573 128 1 19 1
2072021596 128 1 19 1
2072021747 128 1 19 1
2072021762 128 1 19 1
2072023922 128 1 19 0
2072029580 128 1 19 1
2072029628 128 1 19 0
2072029660 128 1 19 1
2072029743 128 1 19 1
2072029873 128 1 19 1
2072029963 128 1 19 1
2072030049 128 1 19 1
2072030075 128 1 19 1
2072030205 128 1 19 1
2072030306 128 1 19 1
2072030397 128 1 19 1
2072030487 128 1 19 1
2072030490 128 1 19 1
2072030573 128 1 19 1
2072030656 128 1 19 1
2072030739 128 1 19 1
2072030822 128 1 19 1
2072030905 128 1 19 1
2072030988 128 1 19 1
2072031071 128 1 19 1
2072031154 128 1 19 1
2072031237 128 1 19 1
2072031320 128 1 19 1
2072031403 128 1 19 1
2072031486 128 1 19 1
2072031573 128 1 19 1
2072031656 128 1 19 1
2072031743 128 1 19 1
2072034328 128 1 19 0
2072038987 128 1 19 1
2072039021 128 1 19 0
2072039070 128 1 19 1
2072039153 128 1 19 1
2072039236 128 1 19 1
2072039319 128 1 19 1
2072039402 128 1 19 1
2072039485 128 1 19 1
2072039568 128 1 19 1
2072039651 128 1 19 1
2072039734 128 1 19 1
2072039817 128 1 19 1
2072039872 128 1 19 1
2072039955 128 1 19 1
2072040038 128 1 19 1
2072040121 128 1 19 1
2072040286 128 1 19 1
2072040289 128 1 19 1
2072040379 128 1 19 1
2072040469 128 1 19 1
2072040555 128 1 19 1
2072040645 128 1 19 1
2072040735 128 1 19 1
2072040792 128 1 19 1
2072040868 128 1 19 1
2072040951 128 1 19 1
2072041034 128 1 19 1
2072041117 128 1 19 1
2072044918 128 1 19 0
2072049188 133 1 21 1
2072049209 133 1 21 0
2072049243 133 1 21 1
2072049326 133 1 21 1
2072049437 133 1 21 1
2072049492 133 1 21 1
2072049575 133 1 21 1
2072049610 128 1 19 1
2072049637 128 1 19 0
2072049686 133 1 21 1
2072049697 128 1 19 1
2072049741 133 1 21 1
2072049751 128 1 19 0
2072049784 128 1 19 1
2072049852 133 1 21 1
2072049871 128 1 19 1
2072049907 133 1 21 1
2072049958 128 1 19 1
2072049990 133 1 21 1
2072050041 128 1 19 1
2072050101 133 1 21 1
2072050128 128 1 19 1
2072050156 133 1 21 1
2072050211 128 1 19 1
2072050239 133 1 21 1
2072050298 128 1 19 1
2072050322 133 1 21 1
2072050381 128 1 19 1
2072050433 133 1 21 1
2072050468 128 1 19 1
2072050488 133 1 21 1
2072050551 128 1 19 1
2072050571 133 1 21 1
2072050638 128 1 19 1
2072050654 133 1 21 1
2072050725 128 1 19 1
2072050765 133 1 21 1
2072050812 128 1 19 1
2072050820 133 1 21 1
2072050903 133 1 21 1
2072050903 128 1 19 1
2072050990 128 1 19 1
2072051014 133 1 21 1
2072051069 133 1 21 1
2072051077 128 1 19 1
2072051152 133 1 21 1
2072051164 128 1 19 1
2072051251 128 1 19 1
2072051263 133 1 21 1
2072051338 128 1 19 1
2072051372 133 1 21 1
2072051425 128 1 19 1
2072051512 128 1 19 1
2072051599 128 1 19 1
2072051616 131 1 21 1
2072051644 131 1 21 0
2072051686 128 1 19 1
2072051730 131 1 21 1
2072051773 128 1 19 1
2072051786 131 1 21 1
2072051864 128 1 19 1
2072051895 131 1 21 1
2072051952 131 1 21 1
2072052069 131 1 21 1
2072052122 131 1 21 1
2072052209 131 1 21 1
2072052322 131 1 21 1
2072052379 131 1 21 1
2072052488 131 1 21 1
2072052553 131 1 21 1
2072052703 131 1 21 1
2072052789 131 1 21 1
2072052810 131 1 21 1
2072052952 131 1 21 1
2072053038 131 1 21 1
2072053124 131 1 21 1
2072053213 131 1 21 1
2072053300 131 1 21 1
2072053320 131 1 21 1
2072053474 131 1 21 1
2072053494 131 1 21 1
2072053581 131 1 21 1
2072053668 131 1 21 1
2072053700 133 1 21 0
2072053755 131 1 21 1
2072054334 128 1 19 0
2072055856 131 1 21 0
2072057806 133 1 21 1
2072057834 133 1 21 0
2072057893 133 1 21 1
2072057976 133 1 21 1
2072058099 133 1 21 1
2072058142 133 1 21 1
2072058229 133 1 21 1
2072058312 133 1 21 1
2072058395 133 1 21 1
2072058514 133 1 21 1
2072058561 133 1 21 1
2072058644 133 1 21 1
2072058731 133 1 21 1
2072058814 133 1 21 1
2072058897 133 1 21 1
2072059012 133 1 21 1
2072059067 133 1 21 1
2072059150 133 1 21 1
2072059233 133 1 21 1
2072059390 133 1 21 1
2072059403 133 1 21 1
2072059552 133 1 21 1
2072059573 133 1 21 1
2072059635 131 1 21 1
2072059638 131 1 21 0
2072059646 131 1 21 1
2072059718 133 1 21 1
2072059743 133 1 21 1
2072059801 131 1 21 1
2072059816 131 1 21 1
2072059830 133 1 21 1
2072059899 131 1 21 1
2072059967 133 1 21 1
2072060050 131 1 21 1
2072060073 131 1 21 1
2072060216 131 1 21 1
2072060246 131 1 21 1
2072060382 131 1 21 1
2072060409 131 1 21 1
2072060548 131 1 21 1
2072060579 131 1 21 1
2072060714 131 1 21 1
2072060753 131 1 21 1
2072060880 131 1 21 1
2072060923 131 1 21 1
2072061006 131 1 21 1
2072061129 131 1 21 1
2072061184 131 1 21 1
2072061295 131 1 21 1
2072061350 131 1 21 1
2072061469 131 1 21 1
2072061516 131 1 21 1
2072061625 131 1 21 1
2072061690 131 1 21 1
2072062660 133 1 21 0
2072063878 131 1 21 0
2072066292 133 1 21 1
2072066323 133 1 21 0
2072066454 133 1 21 1
2072066457 133 1 21 0
2072066543 133 1 21 1
2072066546 133 1 21 0
2072066549 133 1 21 1
2072066552 133 1 21 0
2072066632 133 1 21 1
2072066667 133 1 21 0
2072066787 133 1 21 1
2072066794 133 1 21 1
2072066880 133 1 21 1
2072066970 133 1 21 1
2072067060 133 1 21 1
2072067146 133 1 21 1
2072067166 131 1 21 1
2072067189 131 1 21 0
2072067240 133 1 21 1
2072067249 131 1 21 1
2072067330 133 1 21 1
2072067332 131 1 21 1
2072067423 131 1 21 1
2072067424 133 1 21 1
2072067510 131 1 21 1
2072067522 133 1 21 1
2072067593 131 1 21 1
2072067608 133 1 21 1
2072067676 131 1 21 1
2072067698 133 1 21 1
2072067759 131 1 21 1
2072067788 133 1 21 1
2072067815 133 1 21 1
2072067854 131 1 21 1
2072067905 133 1 21 1
2072067941 131 1 21 1
2072067995 133 1 21 1
2072068028 131 1 21 1
2072068085 133 1 21 1
2072068111 131 1 21 1
2072068175 133 1 21 1
2072068198 131 1 21 1
2072068261 133 1 21 1
2072068285 131 1 21 1
2072068347 133 1 21 1
2072068368 131 1 21 1
2072068437 133 1 21 1
2072068455 131 1 21 1
2072068531 133 1 21 1
2072068546 131 1 21 1
2072068617 133 1 21 1
2072068629 131 1 21 1
2072068703 133 1 21 1
2072068712 131 1 21 1
2072068799 131 1 21 1
2072068830 133 1 21 1
2072068886 131 1 21 1
2072068916 133 1 21 1
2072068969 131 1 21 1
2072069056 131 1 21 1
2072069143 131 1 21 1
2072069226 131 1 21 1
2072069370 131 1 21 1
2072071468 133 1 21 0
2072071990 131 1 21 0
2072075767 133 1 21 1
2072075816 133 1 21 1
2072075866 131 1 21 1
2072075899 133 1 21 1
2072075949 131 1 21 1
2072075957 131 1 21 0
2072076024 133 1 21 1
2072076032 131 1 21 1
2072076110 133 1 21 1
2072076119 131 1 21 1
2072076160 133 1 21 1
2072076202 131 1 21 1
2072076273 133 1 21 1
2072076289 131 1 21 1
2072076334 133 1 21 1
2072076372 131 1 21 1
2072076443 133 1 21 1
2072076467 131 1 21 1
2072076504 133 1 21 1
2072076591 133 1 21 1
2072076618 131 1 21 1
2072076688 133 1 21 1
2072076708 131 1 21 1
2072076761 133 1 21 1
2072076798 131 1 21 1
2072076854 133 1 21 1
2072076888 131 1 21 1
2072076935 133 1 21 1
2072076978 131 1 21 1
2072077025 133 1 21 1
2072077072 131 1 21 1
2072077108 131 1 21 1
2072077186 133 1 21 1
2072077195 131 1 21 1
2072077196 133 1 21 1
2072077286 131 1 21 1
2072077352 133 1 21 1
2072077366 133 1 21 1
2072077374 131 1 21 1
2072077456 131 1 21 1
2072077518 133 1 21 1
2072077540 133 1 21 1
2072077547 131 1 21 1
2072077638 131 1 21 1
2072077684 133 1 21 1
2072077725 131 1 21 1
2072077770 133 1 21 1
2072077797 133 1 21 1
2072077808 131 1 21 1
2072077899 131 1 21 1
2072078043 131 1 21 1
2072080064 131 1 21 0
2072080339 133 1 21 0
2072084750 133 1 21 1
2072084867 133 1 21 0
2072084870 133 1 21 1
2072084928 133 1 21 1
2072085015 133 1 21 1
2072085116 133 1 21 1
2072085189 133 1 21 1
2072085282 133 1 21 1
2072085444 133 1 21 1
2072085459 133 1 21 1
2072085610 133 1 21 1
2072085624 133 1 21 1
2072085737 133 1 21 1
2072085827 133 1 21 1
2072085917 133 1 21 1
2072086007 133 1 21 1
2072086059 133 1 21 1
2072086152 133 1 21 1
2072086233 133 1 21 1
2072086327 133 1 21 1
2072086407 133 1 21 1
2072086494 133 1 21 1
2072086577 133 1 21 1
2072086660 133 1 21 1
2072086746 133 1 21 1
2072086826 133 1 21 1
2072086953 133 1 21 1
2072089476 133 1 21 0
2072093262 133 1 21 1
2072093265 133 1 21 0
2072093434 133 1 21 1
2072093437 133 1 21 0
2072093523 133 1 21 1
2072093609 133 1 21 1
2072093695 133 1 21 1
2072093781 133 1 21 1
2072093867 133 1 21 1
2072093957 133 1 21 1
2072094043 133 1 21 1
2072094129 133 1 21 1
2072094135 133 1 21 1
2072094254 133 1 21 1
2072094301 133 1 21 1
2072094387 133 1 21 1
2072094467 133 1 21 1
2072094550 133 1 21 1
2072094669 133 1 21 1
2072094716 133 1 21 1
2072094799 133 1 21 1
2072094882 133 1 21 1
2072095001 133 1 21 1
2072095048 133 1 21 1
2072095167 133 1 21 1
2072095253 133 1 21 1
2072095297 133 1 21 1
2072095380 133 1 21 1
2072095499 133 1 21 1
2072095585 133 1 21 1
2072097827 133 1 21 0
2072506872 134 1 18 1
2072506955 134 1 18 1
2072507112 134 1 18 1
2072507121 134 1 18 1
2072507204 134 1 18 1
2072507287 134 1 18 1
2072507370 134 1 18 1
2072507453 134 1 18 1
2072507536 134 1 18 1
2072507619 134 1 18 1
2072507702 134 1 18 1
2072507785 134 1 18 1
2072507868 134 1 18 1
2072507951 134 1 18 1
2072508034 134 1 18 1
2072508117 134 1 18 1
2072508200 134 1 18 1
2072508283 134 1 18 1
2072508366 134 1 18 1
2072508449 134 1 18 1
2072508532 134 1 18 1
2072508615 134 1 18 1
2072508698 134 1 18 1
2072508781 134 1 18 1
2072508864 134 1 18 1
2072508989 134 1 18 1
2072513767 134 1 18 0
2072516632 134 1 18 1
2072516710 134 1 18 0
2072516719 134 1 18 1
2072516806 134 1 18 1
2072516893 134 1 18 1
2072516980 134 1 18 1
2072517067 134 1 18 1
2072517154 134 1 18 1
2072517237 134 1 18 1
2072517328 134 1 18 1
2072517415 134 1 18 1
2072517502 134 1 18 1
2072517585 134 1 18 1
2072517672 134 1 18 1
2072517759 134 1 18 1
2072517846 134 1 18 1
2072517933 134 1 18 1
2072518020 134 1 18 1
2072518107 134 1 18 1
2072518194 134 1 18 1
2072518281 134 1 18 1
2072518394 134 1 18 1
2072518459 134 1 18 1
2072518546 134 1 18 1
2072518637 134 1 18 1
2072518796 134 1 18 1
2072526887 134 1 18 1
2072526974 134 1 18 1
2072527073 134 1 18 1
2072527156 134 1 18 1
2072527257 134 1 18 1
2072527419 134 1 18 1
2072527437 134 1 18 1
2072527599 134 1 18 1
2072527619 134 1 18 1
2072527769 134 1 18 1
2072527797 134 1 18 1
2072527939 134 1 18 1
2072527976 134 1 18 1
2072528113 134 1 18 1
2072528161 134 1 18 1
2072528273 134 1 18 1
2072528367 134 1 18 1
2072528457 134 1 18 1
2072528533 134 1 18 1
2072528628 134 1 18 1
2072528719 134 1 18 1
2072528810 134 1 18 1
2072528905 134 1 18 1
2072533159 134 1 18 0
2072536028 134 1 18 1
2072536118 134 1 18 0
2072536121 134 1 18 1
2072536206 134 1 18 1
2072536297 134 1 18 1
2072536384 134 1 18 1
2072536490 134 1 18 1
2072536554 134 1 18 1
2072536641 134 1 18 1
2072536728 134 1 18 1
2072536815 134 1 18 1
2072536898 134 1 18 1
2072536985 134 1 18 1
2072537072 134 1 18 1
2072537174 134 1 18 1
2072537250 134 1 18 1
2072537337 134 1 18 1
2072537424 134 1 18 1
2072537507 134 1 18 1
2072537594 134 1 18 1
2072537685 134 1 18 1
2072537768 134 1 18 1
2072537870 134 1 18 1
2072537942 134 1 18 1
2072538025 134 1 18 1
2072538112 134 1 18 1
2072538204 134 1 18 1
2072545832 134 1 18 1
2072545841 134 1 18 0
2072546010 134 1 18 1
2072546143 134 1 18 1
2072546189 134 1 18 1
2072546279 134 1 18 1
2072546370 134 1 18 1
2072546461 134 1 18 1
2072546548 134 1 18 1
2072546647 134 1 18 1
2072546734 134 1 18 1
2072546829 134 1 18 1
2072546916 134 1 18 1
2072547003 134 1 18 1
2072547094 134 1 18 1
2072547181 134 1 18 1
2072547268 134 1 18 1
2072547355 134 1 18 1
2072547499 134 1 18 1
2072547529 134 1 18 1
2072547616 134 1 18 1
2072547699 134 1 18 1
2072547790 134 1 18 1
2072547881 134 1 18 1
2072548009 134 1 18 1
2072548059 134 1 18 1
2072555891 134 1 18 1
2072555977 134 1 18 1
2072556071 134 1 18 1
2072556126 134 1 18 1
2072556223 134 1 18 1
2072556307 134 1 18 1
2072556434 134 1 18 1
2072556520 134 1 18 1
2072556614 134 1 18 1
2072556708 134 1 18 1
2072556798 134 1 18 1
2072556884 134 1 18 1
2072556970 134 1 18 1
2072557060 134 1 18 1
2072557146 134 1 18 1
2072557240 134 1 18 1
2072557330 134 1 18 1
2072557420 134 1 18 1
2072557506 134 1 18 1
2072557592 134 1 18 1
2072557682 134 1 18 1
2072557768 134 1 18 1
2072557862 134 1 18 1
2072557948 134 1 18 1
2072562087 134 1 18 0
2072565261 134 1 18 1
2072565264 134 1 18 0
2072565358 134 1 18 1
2072565444 134 1 18 1
2072565530 134 1 18 1
2072565616 134 1 18 1
2072565702 134 1 18 1
2072565796 134 1 18 1
2072565882 134 1 18 1
2072565968 134 1 18 1
2072566054 134 1 18 1
2072566144 134 1 18 1
2072566234 134 1 18 1
2072566320 134 1 18 1
2072566410 134 1 18 1
2072566496 134 1 18 1
2072566582 134 1 18 1
2072566668 134 1 18 1
2072566762 134 1 18 1
2072566848 134 1 18 1
2072566934 134 1 18 1
2072567024 134 1 18 1
2072567110 134 1 18 1
2072567200 134 1 18 1
2072567286 134 1 18 1
2072567372 134 1 18 1
2072567466 134 1 18 1
2072570770 134 1 18 0
2072575870 134 1 18 1
2072575956 134 1 18 1
2072576042 134 1 18 1
2072576128 134 1 18 1
2072576218 134 1 18 1
2072576308 134 1 18 1
2072576394 134 1 18 1
2072576480 134 1 18 1
2072576566 134 1 18 1
2072576652 134 1 18 1
2072576738 134 1 18 1
2072576824 134 1 18 1
2072576910 134 1 18 1
2072577000 134 1 18 1
2072577090 134 1 18 1
2072577176 134 1 18 1
2072577262 134 1 18 1
2072577348 134 1 18 1
2072577438 134 1 18 1
2072577524 134 1 18 1
2072577610 134 1 18 1
2072577696 134 1 18 1
2072577786 134 1 18 1
2072577876 134 1 18 1
2072577962 134 1 18 1
2072578131 134 1 18 0
2072602478 14 0 1 1
2072602565 14 0 1 1
2072602648 14 0 1 1
2072602731 14 0 1 1
2072602814 14 0 1 1
2072602975 14 0 1 1
2072602984 14 0 1 1
2072603067 14 0 1 1
2072603150 14 0 1 1
2072603233 14 0 1 1
2072603316 14 0 1 1
2072603399 14 0 1 1
2072603497 14 0 1 1
2072603565 14 0 1 1
2072603671 14 0 1 1
2072603735 14 0 1 1
2072603841 14 0 1 1
2072603901 14 0 1 1
2072603984 14 0 1 1
2072604098 14 0 1 1
2072604154 14 0 1 1
2072604237 14 0 1 1
2072604359 14 0 1 1
2072604411 14 0 1 1
2072604502 14 0 1 1
2072606715 14 0 1 0
2072610734 14 0 1 1
2072610803 14 0 1 0
2072610889 14 0 1 1
2072610900 14 0 1 1
2072610987 14 0 1 1
2072611070 14 0 1 1
2072611153 14 0 1 1
2072611306 14 0 1 1
2072611323 14 0 1 1
2072611472 14 0 1 1
2072611489 14 0 1 1
2072611576 14 0 1 1
2072611725 14 0 1 1
2072611742 14 0 1 1
2072611829 14 0 1 1
2072611912 14 0 1 1
2072611995 14 0 1 1
2072612152 14 0 1 1
2072612165 14 0 1 1
2072612248 14 0 1 1
2072612401 14 0 1 1
2072612418 14 0 1 1
2072612501 14 0 1 1
2072612584 14 0 1 1
2072612667 14 0 1 1
2072612754 14 0 1 1
2072612907 14 0 1 1
2072615195 14 0 1 0
2072638811 130 1 20 1
2072638897 130 1 20 1
2072638995 130 1 20 1
2072639081 130 1 20 1
2072639167 130 1 20 1
2072639257 130 1 20 1
2072639264 130 1 20 1
2072639437 130 1 20 1
2072639523 130 1 20 1
2072639530 130 1 20 1
2072639624 130 1 20 1
2072639710 130 1 20 1
2072639804 130 1 20 1
2072639894 130 1 20 1
2072639980 130 1 20 1
2072640066 130 1 20 1
2072640160 130 1 20 1
2072640250 130 1 20 1
2072640344 130 1 20 1
2072640430 130 1 20 1
2072640524 130 1 20 1
2072640610 130 1 20 1
2072640700 130 1 20 1
2072640794 130 1 20 1
2072640884 130 1 20 1
2072644190 40 0 1 1
2072644200 40 0 1 0
2072644273 40 0 1 1
2072644356 40 0 1 1
2072644439 40 0 1 1
2072644522 40 0 1 1
2072644605 40 0 1 1
2072644688 40 0 1 1
2072644771 40 0 1 1
2072644854 40 0 1 1
2072644937 40 0 1 1
2072645020 40 0 1 1
2072645103 40 0 1 1
2072645186 40 0 1 1
2072645269 40 0 1 1
2072645352 40 0 1 1
2072645435 40 0 1 1
2072645518 40 0 1 1
2072645601 40 0 1 1
2072645684 40 0 1 1
2072645767 40 0 1 1
2072645850 40 0 1 1
2072645933 40 0 1 1
2072646016 40 0 1 1
2072646099 40 0 1 1
2072646182 40 0 1 1
2072646265 40 0 1 1
2072646348 40 0 1 1
2072648004 130 1 20 1
2072648090 130 1 20 1
2072648176 130 1 20 1
2072648266 130 1 20 1
2072648352 130 1 20 1
2072648438 130 1 20 1
2072648524 130 1 20 1
2072648610 130 1 20 1
2072648700 130 1 20 1
2072648786 130 1 20 1
2072648876 130 1 20 1
2072648962 130 1 20 1
2072649048 130 1 20 1
2072649142 130 1 20 1
2072649228 130 1 20 1
2072649318 130 1 20 1
2072649404 130 1 20 1
2072649490 130 1 20 1
2072649580 130 1 20 1
2072649670 130 1 20 1
2072649718 40 0 1 0
2072649756 130 1 20 1
2072649842 130 1 20 1
2072649932 130 1 20 1
2072650018 130 1 20 1
2072650104 130 1 20 1
2072652966 40 0 1 1
2072652974 40 0 1 0
2072653049 40 0 1 1
2072653132 40 0 1 1
2072653215 40 0 1 1
2072653298 40 0 1 1
2072653428 40 0 1 1
2072653515 40 0 1 1
2072653547 40 0 1 1
2072653681 40 0 1 1
2072653767 40 0 1 1
2072653796 40 0 1 1
2072653930 40 0 1 1
2072654016 40 0 1 1
2072654102 40 0 1 1
2072654128 40 0 1 1
2072654262 40 0 1 1
2072654349 40 0 1 1
2072654435 40 0 1 1
2072654460 40 0 1 1
2072654598 40 0 1 1
2072654626 40 0 1 1
2072654768 40 0 1 1
2072654854 40 0 1 1
2072654875 40 0 1 1
2072655025 40 0 1 1
2072655041 40 0 1 1
2072655191 40 0 1 1
2072657209 130 1 20 1
2072657295 130 1 20 1
2072657381 130 1 20 1
2072657467 130 1 20 1
2072657553 130 1 20 1
2072657643 130 1 20 1
2072657647 40 0 1 0
2072657729 130 1 20 1
2072657815 130 1 20 1
2072657905 130 1 20 1
2072657991 130 1 20 1
2072658081 130 1 20 1
2072658167 130 1 20 1
2072658253 130 1 20 1
2072658339 130 1 20 1
2072658429 130 1 20 1
2072658515 130 1 20 1
2072658601 130 1 20 1
2072658687 130 1 20 1
2072658773 130 1 20 1
2072658863 130 1 20 1
2072658949 130 1 20 1
2072659039 130 1 20 1
2072659125 130 1 20 1
2072659211 130 1 20 1
2072659297 130 1 20 1
2072664517 40 0 1 1
2072664600 40 0 1 1
2072664683 40 0 1 1
2072664694 40 0 1 0
2072664766 40 0 1 1
2072664849 40 0 1 1
2072664932 40 0 1 1
2072665015 40 0 1 1
2072665098 40 0 1 1
2072665181 40 0 1 1
2072665264 40 0 1 1
2072665347 40 0 1 1
2072665430 40 0 1 1
2072665513 40 0 1 1
2072665596 40 0 1 1
2072665679 40 0 1 1
2072665762 40 0 1 1
2072665845 40 0 1 1
2072665928 40 0 1 1
2072666011 40 0 1 1
2072666094 40 0 1 1
2072666177 40 0 1 1
2072666260 40 0 1 1
2072666343 40 0 1 1
2072666383 130 1 20 1
2072666426 40 0 1 1
2072666466 130 1 20 1
2072666509 40 0 1 1
2072666549 130 1 20 1
2072666592 40 0 1 1
2072666673 130 1 20 1
2072666719 130 1 20 1
2072666780 40 0 1 1
2072666786 130 1 20 1
2072666923 130 1 20 1
2072667009 130 1 20 1
2072667095 130 1 20 1
2072667106 130 1 20 1
2072667194 130 1 20 1
2072667283 130 1 20 1
2072667369 130 1 20 1
2072667387 40 0 1 0
2072667459 130 1 20 1
2072667549 130 1 20 1
2072667617 130 1 20 1
2072667700 130 1 20 1
2072667848 130 1 20 1
2072667934 130 1 20 1
2072667957 130 1 20 1
2072668101 130 1 20 1
2072668123 130 1 20 1
2072668210 130 1 20 1
2072668350 130 1 20 1
2072668384 130 1 20 1
2072668503 130 1 20 1
2072675589 130 1 20 1
2072675676 130 1 20 1
2072675759 130 1 20 1
2072675883 130 1 20 1
2072675933 130 1 20 1
2072676020 130 1 20 1
2072676103 130 1 20 1
2072676190 130 1 20 1
2072676277 130 1 20 1
2072676360 130 1 20 1
2072676447 130 1 20 1
2072676530 130 1 20 1
2072676537 130 1 20 1
2072676620 130 1 20 1
2072676707 130 1 20 1
2072676806 40 0 1 1
2072676820 130 1 20 1
2072676881 130 1 20 1
2072676889 40 0 1 1
2072676964 130 1 20 1
2072676972 40 0 1 1
2072677047 130 1 20 1
2072677055 40 0 1 1
2072677134 130 1 20 1
2072677138 40 0 1 1
2072677221 40 0 1 1
2072677221 130 1 20 1
2072677304 40 0 1 1
2072677308 130 1 20 1
2072677387 40 0 1 1
2072677391 130 1 20 1
2072677470 40 0 1 1
2072677474 130 1 20 1
2072677561 130 1 20 1
2072677572 40 0 1 1
2072677636 40 0 1 1
2072677670 130 1 20 1
2072677742 40 0 1 1
2072677802 40 0 1 1
2072677885 40 0 1 1
2072677999 40 0 1 1
2072678086 40 0 1 1
2072678173 40 0 1 1
2072678229 40 0 1 1
2072678300 40 0 1 1
2072678383 40 0 1 1
2072678466 40 0 1 1
2072678549 40 0 1 1
2072678632 40 0 1 1
2072678715 40 0 1 1
2072678798 40 0 1 1
2072678881 40 0 1 1
2072679078 42 0 1 1
2072679157 42 0 1 0
2072679247 42 0 1 1
2072679327 42 0 1 1
2072679410 42 0 1 1
2072679493 42 0 1 1
2072679576 42 0 1 1
2072679631 40 0 1 0
2072679659 42 0 1 1
2072679742 42 0 1 1
2072679825 42 0 1 1
2072679908 42 0 1 1
2072679991 42 0 1 1
2072680074 42 0 1 1
2072680157 42 0 1 1
2072680240 42 0 1 1
2072680323 42 0 1 1
2072680407 42 0 1 1
2072680489 42 0 1 1
2072680572 42 0 1 1
2072680655 42 0 1 1
2072680738 42 0 1 1
2072680821 42 0 1 1
2072680904 42 0 1 1
2072680987 42 0 1 1
2072681070 42 0 1 1
2072681153 42 0 1 1
2072681243 42 0 1 1
2072681326 42 0 1 1
2072684183 42 0 1 0
2072684184 132 1 20 1
2072684187 132 1 20 0
2072684267 132 1 20 1
2072684353 132 1 20 1
2072684433 132 1 20 1
2072684516 132 1 20 1
2072684599 132 1 20 1
2072684682 132 1 20 1
2072684756 130 1 20 1
2072684765 132 1 20 1
2072684843 130 1 20 1
2072684848 132 1 20 1
2072684931 132 1 20 1
2072684955 130 1 20 1
2072685014 132 1 20 1
2072685041 130 1 20 1
2072685092 130 1 20 1
2072685097 132 1 20 1
2072685179 130 1 20 1
2072685180 132 1 20 1
2072685263 132 1 20 1
2072685266 130 1 20 1
2072685346 132 1 20 1
2072685349 130 1 20 1
2072685432 130 1 20 1
2072685433 132 1 20 1
2072685515 130 1 20 1
2072685516 132 1 20 1
2072685599 132 1 20 1
2072685602 130 1 20 1
2072685682 132 1 20 1
2072685685 130 1 20 1
2072685765 132 1 20 1
2072685768 130 1 20 1
2072685848 132 1 20 1
2072685851 130 1 20 1
2072685931 132 1 20 1
2072685973 132 1 20 1
2072685977 130 1 20 1
2072686025 130 1 20 1
2072686056 132 1 20 1
2072686108 130 1 20 1
2072686139 132 1 20 1
2072686191 130 1 20 1
2072686222 132 1 20 1
2072686274 130 1 20 1
2072686305 132 1 20 1
2072686357 130 1 20 1
2072686444 130 1 20 1
2072686531 130 1 20 1
2072686614 130 1 20 1
2072686697 130 1 20 1
2072686780 130 1 20 1
2072689967 42 0 1 1
2072690058 42 0 1 0
2072690065 42 0 1 1
2072690068 42 0 1 0
2072690154 42 0 1 1
2072690244 42 0 1 1
2072690286 42 0 1 1
2072690398 42 0 1 1
2072690484 42 0 1 1
2072690578 42 0 1 1
2072690626 42 0 1 1
2072690742 42 0 1 1
2072690751 132 1 20 0
2072690832 42 0 1 1
2072690922 42 0 1 1
2072691012 42 0 1 1
2072691049 42 0 1 1
2072691097 130 1 20 0
2072691173 42 0 1 1
2072691259 42 0 1 1
2072691310 42 0 1 1
2072691434 42 0 1 1
2072691520 42 0 1 1
2072691567 42 0 1 1
2072691654 42 0 1 1
2072691770 42 0 1 1
2072691856 42 0 1 1
2072691911 42 0 1 1
2072692031 42 0 1 1
2072692144 42 0 1 1
2072692227 42 0 1 1
2072693067 42 0 1 0
2072693506 132 1 20 1
2072693584 132 1 20 1
2072693670 132 1 20 1
2072693750 132 1 20 1
2072693844 132 1 20 1
2072693917 132 1 20 1
2072694003 132 1 20 1
2072694082 132 1 20 1
2072694165 132 1 20 1
2072694248 132 1 20 1
2072694331 132 1 20 1
2072694414 132 1 20 1
2072694501 132 1 20 1
2072694584 132 1 20 1
2072694667 132 1 20 1
2072694750 132 1 20 1
2072694833 132 1 20 1
2072694916 132 1 20 1
2072694999 132 1 20 1
2072695082 132 1 20 1
2072695165 132 1 20 1
2072695248 132 1 20 1
2072695331 132 1 20 1
2072695414 132 1 20 1
2072695501 132 1 20 1
2072695584 132 1 20 1
2072696071 130 1 20 1
2072696158 130 1 20 1
2072696249 130 1 20 1
2072696412 130 1 20 1
2072696499 130 1 20 1
2072696586 130 1 20 1
2072696673 130 1 20 1
2072696733 130 1 20 1
2072696771 130 1 20 1
2072696858 130 1 20 1
2072696949 130 1 20 1
2072697032 130 1 20 1
2072697206 130 1 20 1
2072697209 130 1 20 1
2072697365 130 1 20 1
2072697380 130 1 20 1
2072697535 130 1 20 1
2072697562 130 1 20 1
2072697721 130 1 20 1
2072697728 130 1 20 1
2072697815 130 1 20 1
2072697853 130 1 20 1
2072697994 130 1 20 1
2072698023 130 1 20 1
2072698172 130 1 20 1
2072698545 42 0 1 1
2072698632 42 0 1 1
2072698733 42 0 1 1
2072698828 42 0 1 1
2072698885 42 0 1 1
2072698972 42 0 1 1
2072699081 42 0 1 1
2072699172 42 0 1 1
2072699225 42 0 1 1
2072699338 42 0 1 1
2072699375 130 1 20 0
2072699424 42 0 1 1
2072699482 42 0 1 1
2072699569 42 0 1 1
2072699682 42 0 1 1
2072699768 42 0 1 1
2072699822 42 0 1 1
2072699909 42 0 1 1
2072700018 42 0 1 1
2072700104 42 0 1 1
2072700162 42 0 1 1
2072700267 42 0 1 1
2072700336 42 0 1 1
2072700441 42 0 1 1
2072700503 42 0 1 1
2072700603 42 0 1 1
2072701528 42 0 1 0
2072702670 132 1 20 1
2072702753 132 1 20 1
2072702836 132 1 20 1
2072702919 132 1 20 1
2072703002 132 1 20 1
2072703085 132 1 20 1
2072703168 132 1 20 1
2072703251 132 1 20 1
2072703334 132 1 20 1
2072703403 130 1 20 1
2072703417 132 1 20 1
2072703500 130 1 20 0
2072703503 130 1 20 1
2072703508 132 1 20 1
2072703577 130 1 20 1
2072703591 132 1 20 1
2072703674 132 1 20 1
2072703674 130 1 20 1
2072703751 130 1 20 1
2072703757 132 1 20 1
2072703840 130 1 20 1
2072703844 132 1 20 1
2072703921 130 1 20 1
2072703927 132 1 20 1
2072704010 132 1 20 1
2072704012 130 1 20 1
2072704093 132 1 20 1
2072704116 130 1 20 1
2072704180 132 1 20 1
2072704263 132 1 20 1
2072704263 130 1 20 1
2072704269 130 1 20 1
2072704346 132 1 20 1
2072704429 132 1 20 1
2072704429 130 1 20 1
2072704443 130 1 20 1
2072704499 132 1 20 1
2072704565 130 1 20 1
2072704582 132 1 20 1
2072704617 130 1 20 1
2072704665 132 1 20 1
2072704704 130 1 20 1
2072704748 132 1 20 1
2072704787 130 1 20 1
2072704874 130 1 20 1
2072704961 130 1 20 1
2072705048 130 1 20 1
2072705131 130 1 20 1
2072705222 130 1 20 1
2072705305 130 1 20 1
2072705392 130 1 20 1
2072705479 130 1 20 1
2072705586 130 1 20 1
2072706871 130 1 20 0
2072709243 132 1 20 0
2072711271 140 1 1 1
2072711334 140 1 1 0
2072711354 140 1 1 1
2072711437 140 1 1 1
2072711524 140 1 1 1
2072711607 140 1 1 1
2072711690 140 1 1 1
2072711748 132 1 20 1
2072711751 132 1 20 0
2072711773 140 1 1 1
2072711835 132 1 20 1
2072711856 140 1 1 1
2072711918 132 1 20 1
2072711948 140 1 1 1
2072712026 140 1 1 1
2072712032 132 1 20 1
2072712109 140 1 1 1
2072712119 132 1 20 1
2072712196 140 1 1 1
2072712213 132 1 20 1
2072712279 140 1 1 1
2072712299 132 1 20 1
2072712362 140 1 1 1
2072712389 132 1 20 1
2072712449 140 1 1 1
2072712483 132 1 20 1
2072712532 140 1 1 1
2072712551 132 1 20 1
2072712590 132 1 20 1
2072712619 140 1 1 1
2072712673 132 1 20 1
2072712702 140 1 1 1
2072712756 132 1 20 1
2072712789 140 1 1 1
2072712842 132 1 20 1
2072712872 140 1 1 1
2072712926 132 1 20 1
2072712963 140 1 1 1
2072713009 132 1 20 1
2072713046 140 1 1 1
2072713096 132 1 20 1
2072713141 140 1 1 1
2072713179 132 1 20 1
2072713224 140 1 1 1
2072713262 132 1 20 1
2072713311 140 1 1 1
2072713345 132 1 20 1
2072713420 140 1 1 1
2072713432 132 1 20 1
2072713515 132 1 20 1
2072713598 132 1 20 1
2072713685 132 1 20 1
2072713768 132 1 20 1
2072713851 132 1 20 1
2072717048 140 1 1 0
2072718607 132 1 20 0
2072719962 140 1 1 1
2072720052 140 1 1 1
2072720138 140 1 1 1
2072720224 140 1 1 1
2072720310 140 1 1 1
2072720400 140 1 1 1
2072720490 140 1 1 1
2072720580 140 1 1 1
2072720657 130 1 20 1
2072720666 140 1 1 1
2072720690 130 1 20 0
2072720756 140 1 1 1
2072720763 140 1 1 1
2072720776 130 1 20 1
2072720827 130 1 20 1
2072720849 140 1 1 1
2072720935 140 1 1 1
2072720945 130 1 20 1
2072721021 140 1 1 1
2072721032 130 1 20 1
2072721084 130 1 20 1
2072721111 140 1 1 1
2072721171 130 1 20 1
2072721197 140 1 1 1
2072721258 130 1 20 1
2072721282 132 1 20 1
2072721285 132 1 20 0
2072721287 140 1 1 1
2072721345 130 1 20 1
2072721369 132 1 20 1
2072721377 140 1 1 1
2072721428 130 1 20 1
2072721452 132 1 20 1
2072721463 140 1 1 1
2072721515 130 1 20 1
2072721535 132 1 20 1
2072721549 140 1 1 1
2072721602 130 1 20 1
2072721618 132 1 20 1
2072721635 140 1 1 1
2072721685 130 1 20 1
2072721705 132 1 20 1
2072721725 140 1 1 1
2072721772 130 1 20 1
2072721788 132 1 20 1
2072721811 140 1 1 1
2072721871 132 1 20 1
2072721901 140 1 1 1
2072721919 130 1 20 1
2072721942 130 1 20 1
2072721954 132 1 20 1
2072721987 140 1 1 1
2072722025 130 1 20 1
2072722041 132 1 20 1
2072722112 130 1 20 1
2072722124 132 1 20 1
2072722199 130 1 20 1
2072722207 132 1 20 1
2072722282 130 1 20 1
2072722290 132 1 20 1
2072722369 130 1 20 1
2072722374 132 1 20 1
2072722456 130 1 20 1
2072722460 132 1 20 1
2072722539 130 1 20 1
2072722543 132 1 20 1
2072722626 132 1 20 1
2072722626 130 1 20 1
2072722713 132 1 20 1
2072722713 130 1 20 1
2072722796 132 1 20 1
2072722796 130 1 20 1
2072722879 132 1 20 1
2072722966 132 1 20 1
2072723049 132 1 20 1
2072723134 132 1 20 1
2072723215 132 1 20 1
2072723302 132 1 20 1
2072723394 132 1 20 1
2072724202 140 1 1 0
2072724362 132 1 20 0
2072724532 130 1 20 0
2072727772 140 1 1 1
2072727859 140 1 1 1
2072727946 140 1 1 1
2072728033 140 1 1 1
2072728124 140 1 1 1
2072728207 140 1 1 1
2072728310 140 1 1 1
2072728397 140 1 1 1
2072728484 140 1 1 1
2072728575 140 1 1 1
2072728666 140 1 1 1
2072728749 140 1 1 1
2072728840 140 1 1 1
2072728886 130 1 20 1
2072728927 140 1 1 1
2072728951 130 1 20 0
2072728969 130 1 20 1
2072729014 140 1 1 1
2072729052 130 1 20 1
2072729101 140 1 1 1
2072729188 140 1 1 1
2072729216 130 1 20 1
2072729223 130 1 20 1
2072729275 140 1 1 1
2072729305 130 1 20 1
2072729366 140 1 1 1
2072729392 130 1 20 1
2072729453 140 1 1 1
2072729475 130 1 20 1
2072729544 140 1 1 1
2072729558 130 1 20 1
2072729631 140 1 1 1
2072729641 130 1 20 1
2072729718 140 1 1 1
2072729725 132 1 20 1
2072729728 132 1 20 0
2072729732 130 1 20 1
2072729812 132 1 20 1
2072729815 130 1 20 1
2072729872 132 1 20 0
2072729878 140 1 1 1
2072729895 132 1 20 1
2072729898 130 1 20 1
2072729978 132 1 20 1
2072729983 130 1 20 1
2072730016 132 1 20 0
2072730065 132 1 20 1
2072730068 130 1 20 1
2072730121 132 1 20 0
2072730148 132 1 20 1
2072730151 130 1 20 1
2072730151 132 1 20 0
2072730231 132 1 20 1
2072730238 130 1 20 1
2072730292 130 1 20 1
2072730314 132 1 20 1
2072730379 130 1 20 1
2072730397 132 1 20 1
2072730462 130 1 20 1
2072730462 132 1 20 0
2072730484 132 1 20 1
2072730545 130 1 20 1
2072730567 132 1 20 1
2072730623 132 1 20 0
2072730632 130 1 20 1
2072730654 132 1 20 1
2072730715 130 1 20 1
2072730737 132 1 20 1
2072730802 130 1 20 1
2072730820 132 1 20 1
2072730876 132 1 20 0
2072730889 130 1 20 1
2072730903 132 1 20 1
2072730990 132 1 20 1
2072731037 130 1 20 1
2072731073 132 1 20 1
2072731125 132 1 20 0
2072731156 132 1 20 1
2072731239 132 1 20 1
2072731295 132 1 20 0
2072731322 132 1 20 1
2072731409 132 1 20 1
2072731492 132 1 20 1
2072731552 132 1 20 0
2072731559 140 1 1 0
2072731579 132 1 20 1
2072731662 132 1 20 1
2072731745 132 1 20 1
2072731797 130 1 20 0
2072731828 132 1 20 1
2072731958 132 1 20 1
2072732011 130 1 21 1
2072732050 132 1 20 0
2072732101 130 1 21 1
2072732102 132 1 20 1
2072732108 130 1 21 1
2072732198 130 1 21 1
2072732207 132 1 20 1
2072732210 132 1 20 0
2072732288 130 1 21 1
2072732378 130 1 21 1
2072732472 130 1 21 1
2072732562 130 1 21 1
2072732652 130 1 21 1
2072732738 130 1 21 1
2072732832 130 1 21 1
2072732922 130 1 21 1
2072733016 130 1 21 1
2072733106 130 1 21 1
2072733192 130 1 21 1
2072733282 130 1 21 1
2072733376 130 1 21 1
2072733383 130 1 21 1
2072733473 130 1 21 1
2072733563 130 1 21 1
2072733653 130 1 21 1
2072733743 130 1 21 1
2072733833 130 1 21 1
2072733927 130 1 21 1
2072734017 130 1 21 1
2072734103 130 1 21 1
2072735510 140 1 1 1
2072735543 140 1 1 0
2072735593 140 1 1 1
2072735596 140 1 1 0
2072735676 140 1 1 1
2072735749 130 1 21 0
2072735763 140 1 1 1
2072735792 140 1 1 0
2072735846 140 1 1 1
2072735875 140 1 1 0
2072735929 140 1 1 1
2072735932 140 1 1 0
2072736012 140 1 1 1
2072736099 140 1 1 1
2072736239 140 1 1 1
2072736265 140 1 1 1
2072736338 140 1 1 1
2072736421 140 1 1 1
2072736508 140 1 1 1
2072736595 140 1 1 1
2072736678 140 1 1 1
2072736761 140 1 1 1
2072736844 140 1 1 1
2072736931 140 1 1 1
2072737018 140 1 1 1
2072737101 140 1 1 1
2072737184 140 1 1 1
2072737271 140 1 1 1
2072737354 140 1 1 1
2072737437 140 1 1 1
2072737520 140 1 1 1
2072737629 140 1 1 1
2072737712 140 1 1 1
2072737878 140 1 1 1
2072737961 140 1 1 1
2072738048 140 1 1 1
2072738291 130 1 20 1
2072738359 130 1 20 0
2072738382 130 1 20 1
2072738395 130 1 20 0
2072738465 130 1 20 1
2072738548 130 1 20 1
2072738635 130 1 20 1
2072738718 130 1 20 1
2072738808 130 1 20 1
2072738888 130 1 20 1
2072738900 130 1 21 1
2072738975 130 1 20 1
2072738990 130 1 21 1
2072739058 130 1 20 1
2072739080 130 1 21 1
2072739145 130 1 20 1
2072739166 130 1 21 1
2072739228 130 1 20 1
2072739252 130 1 21 1
2072739259 130 1 21 1
2072739315 130 1 20 1
2072739345 130 1 21 1
2072739398 130 1 20 1
2072739435 130 1 21 1
2072739481 130 1 20 1
2072739521 130 1 21 1
2072739568 130 1 20 1
2072739607 130 1 21 1
2072739655 130 1 20 1
2072739697 130 1 21 1
2072739738 130 1 20 1
2072739783 130 1 21 1
2072739825 130 1 20 1
2072739908 130 1 20 1
2072739912 130 1 21 1
2072739991 130 1 20 1
2072739998 130 1 21 1
2072740005 130 1 21 1
2072740091 130 1 21 1
2072740112 130 1 20 1
2072740165 130 1 20 1
2072740185 130 1 21 1
2072740248 130 1 20 1
2072740271 130 1 21 1
2072740308 140 1 1 0
2072740335 130 1 20 1
2072740361 130 1 21 1
2072740445 130 1 20 1
2072740447 130 1 21 1
2072740528 130 1 20 1
2072740537 130 1 21 1
2072740623 130 1 21 1
2072740709 130 1 21 1
2072740795 130 1 21 1
2072740881 130 1 21 1
2072740971 130 1 21 1
2072741197 130 1 20 0
2072743289 132 1 20 1
2072743366 132 1 20 0
2072743459 132 1 20 1
2072743542 132 1 20 1
2072743629 132 1 20 1
2072743712 132 1 20 1
2072743795 132 1 20 1
2072743797 130 1 21 0
2072743878 132 1 20 1
2072743961 132 1 20 1
2072744044 132 1 20 1
2072744078 140 1 1 1
2072744096 140 1 1 0
2072744131 132 1 20 1
2072744165 140 1 1 1
2072744168 140 1 1 0
2072744214 132 1 20 1
2072744252 140 1 1 1
2072744262 140 1 1 0
2072744297 132 1 20 1
2072744335 140 1 1 1
2072744380 132 1 20 1
2072744422 140 1 1 1
2072744467 132 1 20 1
2072744505 140 1 1 1
2072744560 132 1 20 1
2072744588 140 1 1 1
2072744633 132 1 20 1
2072744675 140 1 1 1
2072744730 132 1 20 1
2072744758 140 1 1 1
2072744799 132 1 20 1
2072744849 140 1 1 1
2072744886 132 1 20 1
2072744932 140 1 1 1
2072744987 132 1 20 1
2072745015 140 1 1 1
2072745052 132 1 20 1
2072745102 140 1 1 1
2072745161 132 1 20 1
2072745185 140 1 1 1
2072745268 140 1 1 1
2072745269 132 1 20 1
2072745305 132 1 20 1
2072745355 140 1 1 1
2072745438 140 1 1 1
2072745452 132 1 20 1
2072745525 140 1 1 1
2072745535 132 1 20 1
2072745608 140 1 1 1
2072745691 140 1 1 1
2072745774 140 1 1 1
2072745861 140 1 1 1
2072745944 140 1 1 1
2072746073 140 1 1 1
2072746110 140 1 1 1
2072746239 140 1 1 1
2072746280 140 1 1 1
2072746367 140 1 1 1
2072746549 132 1 20 0
2072747334 130 1 21 1
2072747424 130 1 21 1
2072747514 130 1 21 1
2072747604 130 1 21 1
2072747694 130 1 21 1
2072747752 140 1 1 0
2072747780 130 1 21 1
2072747870 130 1 21 1
2072747881 130 1 21 1
2072747974 130 1 21 1
2072748064 130 1 21 1
2072748150 130 1 21 1
2072748236 130 1 21 1
2072748326 130 1 21 1
2072748412 130 1 21 1
2072748498 130 1 21 1
2072748592 130 1 21 1
2072748682 130 1 21 1
2072748772 130 1 21 1
2072748858 130 1 21 1
2072748944 130 1 21 1
2072749038 130 1 21 1
2072749041 130 1 21 1
2072749131 130 1 21 1
2072749221 130 1 21 1
2072749307 130 1 21 1
2072749397 130 1 21 1
2072749826 130 1 20 1
2072749829 130 1 20 0
2072749913 130 1 20 1
2072749968 130 1 20 0
2072750000 130 1 20 1
2072750003 130 1 20 0
2072750170 130 1 20 1
2072750228 130 1 20 0
2072750348 130 1 20 1
2072750351 130 1 20 0
2072750518 130 1 20 1
2072750521 130 1 20 0
2072750609 130 1 20 1
2072750668 130 1 20 0
2072750700 130 1 20 1
2072750703 130 1 20 0
2072750783 130 1 20 1
2072750866 130 1 20 1
2072750921 130 1 20 0
2072750957 130 1 20 1
2072751004 130 1 20 0
2072751114 130 1 20 1
2072751117 130 1 20 0
2072751131 130 1 20 1
2072751170 130 1 20 0
2072751206 130 1 21 0
2072751218 130 1 20 1
2072751221 130 1 20 0
2072751309 130 1 20 1
2072751396 130 1 20 1
2072751419 130 1 20 0
2072751483 130 1 20 1
2072751502 130 1 20 0
2072751566 130 1 20 1
2072751569 130 1 20 0
2072751649 130 1 20 1
2072751668 130 1 20 0
2072751740 130 1 20 1
2072751743 130 1 20 0
2072751827 130 1 20 1
2072751918 130 1 20 1
2072751991 130 1 20 0
2072752115 130 1 20 1
2072752118 130 1 20 0
2072752204 130 1 20 1
2072752207 130 1 20 0
2072752293 130 1 20 1
2072752383 130 1 20 1
2072752386 130 1 20 0
2072752472 130 1 20 1
2072752562 130 1 20 1
2072752648 130 1 20 1
2072752734 130 1 20 1
2072752824 130 1 20 1
2072752910 130 1 20 1
2072753000 130 1 20 0
2072753086 130 1 20 1
2072753169 132 1 20 1
2072753172 130 1 20 1
2072753252 132 1 20 1
2072753258 130 1 20 1
2072753335 132 1 20 1
2072753344 130 1 20 1
2072753422 132 1 20 1
2072753430 130 1 20 1
2072753502 132 1 20 0
2072753505 132 1 20 1
2072753524 130 1 20 1
2072753588 132 1 20 1
2072753610 130 1 20 1
2072753671 132 1 20 1
2072753704 130 1 20 1
2072753754 132 1 20 1
2072753790 130 1 20 1
2072753841 132 1 20 1
2072753876 130 1 20 1
2072753924 132 1 20 1
2072754007 132 1 20 1
2072754090 132 1 20 1
2072754136 130 1 20 1
2072754177 132 1 20 1
2072754226 130 1 20 1
2072754263 132 1 20 1
2072754320 130 1 20 1
2072754343 132 1 20 1
2072754406 130 1 20 1
2072754430 132 1 20 1
2072754492 130 1 20 1
2072754513 132 1 20 1
2072754596 132 1 20 1
2072754679 132 1 20 1
2072754762 132 1 20 1
2072754835 130 1 20 0
2072754869 132 1 20 1
2072754932 132 1 20 1
2072755043 132 1 20 1
2072755098 132 1 20 1
2072755185 132 1 20 1
2072755588 132 1 20 1
2072756328 132 1 20 0
2072760264 132 1 20 1
2072760324 132 1 20 0
2072760517 132 1 20 1
2072760594 132 1 20 0
2072760600 132 1 20 1
2072760683 132 1 20 1
2072760766 132 1 20 1
2072760917 132 1 20 1
2072760920 132 1 20 1
2072760963 132 1 20 1
2072761087 132 1 20 1
2072761133 132 1 20 1
2072761265 132 1 20 1
2072761351 132 1 20 1
2072761386 132 1 20 1
2072761469 132 1 20 1
2072761609 132 1 20 1
2072761643 132 1 20 1
2072761722 132 1 20 1
2072761805 132 1 20 1
2072761892 132 1 20 1
2072761975 132 1 20 1
2072762058 132 1 20 1
2072762145 132 1 20 1
2072762231 132 1 20 1
2072762311 132 1 20 1
2072762410 132 1 20 1
2072762493 132 1 20 1
2072762576 132 1 20 1
2072762680 132 1 20 1
2072763063 130 1 20 1
2072763129 132 1 20 0
2072763153 130 1 20 1
2072763239 130 1 20 1
2072763325 130 1 20 1
2072763415 130 1 20 1
2072763505 130 1 20 1
2072763591 130 1 20 1
2072763681 130 1 20 1
2072763767 130 1 20 1
2072763857 130 1 20 1
2072763943 130 1 20 1
2072764033 130 1 20 1
2072764119 130 1 20 1
2072764209 130 1 20 1
2072764295 130 1 20 1
2072764381 130 1 20 1
2072764467 130 1 20 1
2072764557 130 1 20 1
2072764643 130 1 20 1
2072764729 130 1 20 1
2072764815 130 1 20 1
2072764901 130 1 20 1
2072764987 130 1 20 1
2072765073 130 1 20 1
2072765159 130 1 20 1
2072765621 70 0 1 1
2072765704 70 0 1 1
2072765787 70 0 1 1
2072765947 70 0 1 1
2072765953 70 0 1 1
2072766040 70 0 1 1
2072766123 70 0 1 1
2072766206 70 0 1 1
2072766289 70 0 1 1
2072766372 70 0 1 1
2072766458 70 0 1 1
2072766542 70 0 1 1
2072766625 70 0 1 1
2072766664 130 1 20 0
2072766708 70 0 1 1
2072766791 70 0 1 1
2072766874 70 0 1 1
2072766971 70 0 1 1
2072767044 70 0 1 1
2072767127 70 0 1 1
2072767210 70 0 1 1
2072767293 70 0 1 1
2072767376 70 0 1 1
2072767489 70 0 1 1
2072767546 70 0 1 1
2072767629 70 0 1 1
2072769033 132 1 20 1
2072769076 132 1 20 0
2072769120 132 1 20 1
2072769139 132 1 20 0
2072769203 132 1 20 1
2072769246 132 1 20 0
2072769290 132 1 20 1
2072769373 132 1 20 1
2072769456 132 1 20 1
2072769543 132 1 20 1
2072769628 132 1 20 1
2072769713 132 1 20 1
2072769796 132 1 20 1
2072769883 132 1 20 1
2072769966 132 1 20 1
2072770049 132 1 20 1
2072770136 132 1 20 1
2072770219 132 1 20 1
2072770306 132 1 20 1
2072770389 132 1 20 1
2072770476 132 1 20 1
2072770559 132 1 20 1
2072770642 132 1 20 1
2072770729 132 1 20 1
2072770812 132 1 20 1
2072770895 132 1 20 1
2072770982 132 1 20 1
2072771065 132 1 20 1
2072771162 132 1 20 1
2072771215 132 1 20 1
2072771332 132 1 20 1
2072771686 132 1 20 0
2072774715 70 0 1 1
2072774798 70 0 1 1
2072774881 70 0 1 1
2072774968 70 0 1 1
2072775051 70 0 1 1
2072775134 70 0 1 1
2072775283 70 0 1 1
2072775300 70 0 1 1
2072775383 70 0 1 1
2072775470 70 0 1 1
2072775553 70 0 1 1
2072775636 70 0 1 1
2072775719 70 0 1 1
2072775802 70 0 1 1
2072775902 70 0 1 1
2072775972 70 0 1 1
2072776055 70 0 1 1
2072776138 70 0 1 1
2072776221 70 0 1 1
2072776304 70 0 1 1
2072776412 70 0 1 1
2072776470 70 0 1 1
2072776553 70 0 1 1
2072776636 70 0 1 1
2072776723 70 0 1 1
2072780401 132 1 20 1
2072780419 132 1 20 0
2072780484 132 1 20 1
2072780567 132 1 20 1
2072780654 132 1 20 1
2072780737 132 1 20 1
2072780820 132 1 20 1
2072780903 132 1 20 1
2072780990 132 1 20 1
2072781073 132 1 20 1
2072781166 132 1 20 1
2072781239 132 1 20 1
2072781336 132 1 20 1
2072781409 132 1 20 1
2072781510 132 1 20 1
2072781596 132 1 20 1
2072781662 132 1 20 1
2072781763 132 1 20 1
2072781850 132 1 20 1
2072781919 132 1 20 1
2072782020 132 1 20 1
2072782085 132 1 20 1
2072782168 132 1 20 1
2072782255 132 1 20 1
2072782338 132 1 20 1
2072782425 132 1 20 1
2072782508 132 1 20 1
2072782862 132 1 20 0
2072783809 70 0 1 1
2072783892 70 0 1 1
2072783975 70 0 1 1
2072784058 70 0 1 1
2072784145 70 0 1 1
2072784245 70 0 1 1
2072784311 70 0 1 1
2072784394 70 0 1 1
2072784477 70 0 1 1
2072784509 70 0 1 1
2072784592 70 0 1 1
2072784751 70 0 1 1
2072784762 70 0 1 1
2072784845 70 0 1 1
2072784928 70 0 1 1
2072785011 70 0 1 1
2072785070 70 0 1 1
2072785160 70 0 1 1
2072785236 70 0 1 1
2072785334 70 0 1 1
2072785406 70 0 1 1
2072785508 70 0 1 1
2072785572 70 0 1 1
2072785678 70 0 1 1
2072785738 70 0 1 1
2072785844 70 0 1 1
2072790222 70 0 1 0
2072792300 132 1 20 1
2072792357 132 1 20 0
2072794071 132 1 20 1
2072794139 132 1 20 0
2072794154 132 1 20 1
2072794223 132 1 20 0
2072794241 132 1 20 1
2072794306 132 1 20 0
2072794324 132 1 20 1
2072794392 132 1 20 0
2072794443 132 1 20 1
2072794526 132 1 20 1
2072794613 132 1 20 1
2072794696 132 1 20 1
2072794779 132 1 20 1
2072794866 132 1 20 1
2072794949 132 1 20 1
2072795032 132 1 20 1
2072795119 132 1 20 1
2072795202 132 1 20 1
2072795285 132 1 20 1
2072795368 132 1 20 1
2072795451 132 1 20 1
2072795538 132 1 20 1
2072795627 132 1 20 1
2072795712 132 1 20 1
2072795795 132 1 20 1
2072795882 132 1 20 1
2072795969 132 1 20 1
2072796056 132 1 20 1
2072796143 132 1 20 1
2072796226 132 1 20 1
2072796309 132 1 20 1
2072796392 132 1 20 1
2072796479 132 1 20 1
2072797476 132 1 20 0
2072797998 70 0 1 1
2072798332 70 0 1 1
2072798562 70 0 1 0
2072798666 70 0 1 1
2072798782 70 0 1 0
2072804973 132 1 20 1
2072804991 132 1 20 0
2072805143 132 1 20 1
2072805161 132 1 20 0
2072805309 132 1 20 1
2072805392 132 1 20 1
2072805475 132 1 20 1
2072805558 132 1 20 1
2072805641 132 1 20 1
2072805724 132 1 20 1
2072805807 132 1 20 1
2072805890 132 1 20 1
2072806020 132 1 20 1
2072806114 132 1 20 1
2072806139 132 1 20 1
2072806273 132 1 20 1
2072806326 132 1 20 1
2072806392 132 1 20 1
2072806475 132 1 20 1
2072806558 132 1 20 1
2072806641 132 1 20 1
2072806724 132 1 20 1
2072806807 132 1 20 1
2072806890 132 1 20 1
2072806973 132 1 20 1
2072807056 132 1 20 1
2072807139 132 1 20 1
2072807237 132 1 20 1
2072807309 132 1 20 1
2072807392 132 1 20 1
2072809285 132 1 20 0
2072813952 132 1 20 1
2072813963 132 1 20 0
2072814035 132 1 20 1
2072814118 132 1 20 1
2072814201 132 1 20 1
2072814284 132 1 20 1
2072814367 132 1 20 1
2072814454 132 1 20 1
2072814537 132 1 20 1
2072814620 132 1 20 1
2072814703 132 1 20 1
2072814786 132 1 20 1
2072814869 132 1 20 1
2072814952 132 1 20 1
2072815035 132 1 20 1
2072815118 132 1 20 1
2072815201 132 1 20 1
2072815284 132 1 20 1
2072815367 132 1 20 1
2072815450 132 1 20 1
2072815533 132 1 20 1
2072815616 132 1 20 1
2072815703 132 1 20 1
2072815786 132 1 20 1
2072815869 132 1 20 1
2072815952 132 1 20 1
2072816035 132 1 20 1
2072816118 132 1 20 1
2072817961 132 1 20 0
2072820814 132 1 20 1
2072820897 132 1 20 1
2072820980 132 1 20 1
2072821063 132 1 20 1
2072821146 132 1 20 1
2072821229 132 1 20 1
2072821312 132 1 20 1
2072821395 132 1 20 1
2072821478 132 1 20 1
2072821565 132 1 20 1
2072821648 132 1 20 1
2072821731 132 1 20 1
2072821814 132 1 20 1
2072821897 132 1 20 1
2072821982 132 1 20 1
2072822063 132 1 20 1
2072822146 132 1 20 1
2072822278 132 1 20 1
2072822312 132 1 20 1
2072822440 132 1 20 1
2072822526 132 1 20 1
2072822620 132 1 20 1
2072822644 132 1 20 1
2072822788 132 1 20 1
2072822874 132 1 20 1
2072822964 132 1 20 1
2072825066 132 1 20 0
2072835818 132 1 20 1
2072835905 132 1 20 1
2072835908 132 1 20 0
2072835915 132 1 20 1
2072836071 132 1 20 1
2072836074 132 1 20 0
2072836160 132 1 20 1
2072836163 132 1 20 0
2072836166 132 1 20 1
2072836248 132 1 20 1
2072836331 132 1 20 1
2072836414 132 1 20 1
2072836488 132 1 20 0
2072836497 132 1 20 1
2072836584 132 1 20 1
2072836675 132 1 20 1
2072836758 132 1 20 1
2072836841 132 1 20 1
2072836924 132 1 20 1
2072837011 132 1 20 1
2072837094 132 1 20 1
2072837177 132 1 20 1
2072837260 132 1 20 1
2072837351 132 1 20 1
2072837442 132 1 20 1
2072837533 132 1 20 1
2072837624 132 1 20 1
2072837719 132 1 20 1
2072837810 132 1 20 1
2072837901 132 1 20 1
2072837994 132 1 20 1
2072838160 132 1 20 1
2072838243 132 1 20 1
2072838574 132 1 20 1
2072838654 132 1 20 0
2072845819 132 1 20 1
2072845904 132 1 20 0
2072845907 132 1 20 1
2072845934 132 1 20 0
2072845989 132 1 20 1
2072846072 132 1 20 1
2072846155 132 1 20 1
2072846238 132 1 20 1
2072846244 132 1 20 0
2072846321 132 1 20 1
2072846327 132 1 20 0
2072846487 132 1 20 1
2072846570 132 1 20 1
2072846606 132 1 20 0
2072846653 132 1 20 1
2072846736 132 1 20 1
2072846776 132 1 20 0
2072846819 132 1 20 1
2072846863 132 1 20 0
2072846902 132 1 20 1
2072846912 132 1 20 0
2072846989 132 1 20 1
2072846995 132 1 20 0
2072847096 132 1 20 1
2072847116 132 1 20 0
2072847155 132 1 20 1
2072847262 132 1 20 1
2072847286 132 1 20 0
2072847321 132 1 20 1
2072847369 132 1 20 0
2072847404 132 1 20 1
2072847418 132 1 20 0
2072847519 132 1 20 1
2072847570 132 1 20 1
2072847685 132 1 20 1
2072847709 132 1 20 0
2072847736 132 1 20 1
2072847792 132 1 20 0
2072847819 132 1 20 1
2072847938 132 1 20 1
2072847962 132 1 20 0
2072847990 132 1 20 1
2072848003 132 1 20 0
2073004284 133 1 18 1
2073004324 133 1 18 0
2073004375 133 1 18 1
2073004462 133 1 18 1
2073004549 133 1 18 1
2073004640 133 1 18 1
2073004727 133 1 18 1
2073004814 133 1 18 1
2073004905 133 1 18 1
2073004996 133 1 18 1
2073005083 133 1 18 1
2073005170 133 1 18 1
2073005269 133 1 18 1
2073005356 133 1 18 1
2073005508 133 1 18 1
2073005542 133 1 18 1
2073005637 133 1 18 1
2073005733 133 1 18 1
2073005821 133 1 18 1
2073005914 133 1 18 1
2073006009 133 1 18 1
2073006100 133 1 18 1
2073006187 133 1 18 1
2073006286 133 1 18 1
2073006410 133 1 18 1
2073013496 133 1 18 1
2073013583 133 1 18 1
2073013690 133 1 18 1
2073013781 133 1 18 1
2073013868 133 1 18 1
2073013967 133 1 18 1
2073014064 133 1 18 1
2073014152 133 1 18 1
2073014236 133 1 18 1
2073014331 133 1 18 1
2073014430 133 1 18 1
2073014525 133 1 18 1
2073014624 133 1 18 1
2073014715 133 1 18 1
2073014810 133 1 18 1
2073014901 133 1 18 1
2073014967 134 1 18 1
2073014988 133 1 18 1
2073015039 134 1 18 1
2073015079 133 1 18 1
2073015122 134 1 18 1
2073015174 133 1 18 1
2073015205 134 1 18 1
2073015277 133 1 18 1
2073015292 134 1 18 1
2073015364 133 1 18 1
2073015375 134 1 18 1
2073015455 133 1 18 1
2073015536 134 1 18 1
2073015547 134 1 18 1
2073015550 133 1 18 1
2073015624 134 1 18 1
2073015711 134 1 18 1
2073015794 134 1 18 1
2073015877 134 1 18 1
2073015960 134 1 18 1
2073016043 134 1 18 1
2073016169 134 1 18 1
2073016213 134 1 18 1
2073016296 134 1 18 1
2073016379 134 1 18 1
2073016462 134 1 18 1
2073016545 134 1 18 1
2073016674 134 1 18 1
2073016760 134 1 18 1
2073016798 134 1 18 1
2073016881 134 1 18 1
2073016964 134 1 18 1
2073017051 134 1 18 1
2073020232 134 1 18 0
2073022636 133 1 18 1
2073022735 133 1 18 1
2073022830 133 1 18 1
2073022913 133 1 18 1
2073022992 134 1 18 1
2073023000 133 1 18 1
2073023073 134 1 18 1
2073023099 133 1 18 1
2073023156 134 1 18 1
2073023194 133 1 18 1
2073023239 134 1 18 1
2073023285 133 1 18 1
2073023329 134 1 18 1
2073023372 133 1 18 1
2073023405 134 1 18 1
2073023463 133 1 18 1
2073023471 134 1 18 1
2073023554 134 1 18 1
2073023554 133 1 18 1
2073023637 134 1 18 1
2073023645 133 1 18 1
2073023720 134 1 18 1
2073023740 133 1 18 1
2073023827 133 1 18 1
2073023829 134 1 18 1
2073023886 134 1 18 1
2073023922 133 1 18 1
2073023973 134 1 18 1
2073024013 133 1 18 1
2073024056 134 1 18 1
2073024108 133 1 18 1
2073024139 134 1 18 1
2073024191 133 1 18 1
2073024222 134 1 18 1
2073024282 133 1 18 1
2073024309 134 1 18 1
2073024373 133 1 18 1
2073024392 134 1 18 1
2073024464 133 1 18 1
2073024475 134 1 18 1
2073024547 133 1 18 1
2073024558 134 1 18 1
2073024630 133 1 18 1
2073024641 134 1 18 1
2073024728 134 1 18 1
2073024846 134 1 18 1
2073024894 134 1 18 1
2073024977 134 1 18 1
2073025060 134 1 18 1
2073028702 133 1 18 0
2073032598 134 1 18 1
2073032619 134 1 18 0
2073032656 134 1 18 1
2073032682 133 1 18 1
2073032702 133 1 18 0
2073032768 134 1 18 1
2073032769 133 1 18 1
2073032826 134 1 18 1
2073032902 133 1 18 1
2073032942 134 1 18 1
2073032988 133 1 18 1
2073033032 134 1 18 1
2073033078 133 1 18 1
2073033118 134 1 18 1
2073033164 133 1 18 1
2073033166 134 1 18 1
2073033250 133 1 18 1
2073033286 134 1 18 1
2073033336 134 1 18 1
2073033336 133 1 18 1
2073033422 133 1 18 1
2073033456 134 1 18 1
2073033508 133 1 18 1
2073033546 134 1 18 1
2073033579 133 1 18 1
2073033627 133 1 18 1
2073033642 134 1 18 1
2073033714 133 1 18 1
2073033728 134 1 18 1
2073033801 133 1 18 1
2073033814 134 1 18 1
2073033884 133 1 18 1
2073033904 134 1 18 1
2073033971 133 1 18 1
2073033990 134 1 18 1
2073034058 133 1 18 1
2073034080 134 1 18 1
2073034141 133 1 18 1
2073034166 134 1 18 1
2073034232 133 1 18 1
2073034252 134 1 18 1
2073034300 134 1 18 1
2073034315 133 1 18 1
2073034386 134 1 18 1
2073034402 133 1 18 1
2073034472 134 1 18 1
2073034485 133 1 18 1
2073034558 134 1 18 1
2073034572 133 1 18 1
2073034644 134 1 18 1
2073034655 133 1 18 1
2073034738 134 1 18 1
2073034750 133 1 18 1
2073034833 133 1 18 1
2073039200 134 1 18 0
2073039666 133 1 18 0
2073042427 134 1 18 1
2073042430 134 1 18 0
2073042473 134 1 18 1
2073042611 134 1 18 1
2073042659 134 1 18 1
2073042777 134 1 18 1
2073042863 134 1 18 1
2073042940 134 1 18 1
2073043027 134 1 18 1
2073043087 133 1 18 1
2073043173 133 1 18 1
2073043200 134 1 18 1
2073043247 133 1 18 1
2073043247 134 1 18 1
2073043334 133 1 18 1
2073043337 134 1 18 1
2073043403 134 1 18 1
2073043421 133 1 18 1
2073043467 134 1 18 1
2073043512 133 1 18 1
2073043554 134 1 18 1
2073043599 133 1 18 1
2073043645 134 1 18 1
2073043682 133 1 18 1
2073043740 134 1 18 1
2073043773 133 1 18 1
2073043831 134 1 18 1
2073043889 133 1 18 1
2073043918 134 1 18 1
2073043975 133 1 18 1
2073044005 134 1 18 1
2073044061 133 1 18 1
2073044096 134 1 18 1
2073044133 133 1 18 1
2073044219 133 1 18 1
2073044223 134 1 18 1
2073044278 134 1 18 1
2073044303 133 1 18 1
2073044365 134 1 18 1
2073044386 133 1 18 1
2073044452 134 1 18 1
2073044477 133 1 18 1
2073044543 134 1 18 1
2073044564 133 1 18 1
2073044663 133 1 18 1
2073044746 133 1 18 1
2073044833 133 1 18 1
2073044920 133 1 18 1
2073045003 133 1 18 1
2073045094 133 1 18 1
2073047091 133 1 18 0
2073048621 134 1 18 0
2073050872 133 1 18 1
2073050875 133 1 18 0
2073050961 133 1 18 1
2073050964 133 1 18 0
2073051050 133 1 18 1
2073051136 133 1 18 1
2073051230 133 1 18 1
2073051276 133 1 18 1
2073051348 133 1 18 1
2073051431 133 1 18 1
2073051482 134 1 18 1
2073051522 133 1 18 1
2073051617 133 1 18 1
2073051639 134 1 18 1
2073051656 134 1 18 1
2073051704 133 1 18 1
2073051791 133 1 18 1
2073051813 134 1 18 1
2073051878 133 1 18 1
2073051899 134 1 18 1
2073051965 133 1 18 1
2073051989 134 1 18 1
2073051996 134 1 18 1
2073052048 133 1 18 1
2073052079 134 1 18 1
2073052135 133 1 18 1
2073052166 134 1 18 1
2073052218 133 1 18 1
2073052249 134 1 18 1
2073052309 133 1 18 1
2073052373 134 1 18 1
2073052404 133 1 18 1
2073052459 134 1 18 1
2073052491 133 1 18 1
2073052506 134 1 18 1
2073052574 133 1 18 1
2073052589 134 1 18 1
2073052657 133 1 18 1
2073052713 134 1 18 1
2073052748 133 1 18 1
2073052763 134 1 18 1
2073052848 133 1 18 1
2073052883 134 1 18 1
2073052914 133 1 18 1
2073052933 134 1 18 1
2073053005 133 1 18 1
2073053057 134 1 18 1
2073053093 133 1 18 1
2073053099 134 1 18 1
2073053186 134 1 18 1
2073053313 134 1 18 1
2073053356 134 1 18 1
2073053487 134 1 18 1
2073053522 134 1 18 1
2073055857 133 1 18 0
2073060003 133 1 18 1
2073060094 133 1 18 1
2073060181 133 1 18 1
2073060264 133 1 18 1
2073060348 133 1 18 1
2073060439 133 1 18 1
2073060522 133 1 18 1
2073060609 133 1 18 1
2073060700 133 1 18 1
2073060787 133 1 18 1
2073060874 133 1 18 1
2073060915 134 1 18 1
2073060940 134 1 18 1
2073060965 133 1 18 1
2073061052 133 1 18 1
2073061081 134 1 18 1
2073061110 134 1 18 1
2073061143 133 1 18 1
2073061230 133 1 18 1
2073061247 134 1 18 1
2073061276 134 1 18 1
2073061317 133 1 18 1
2073061425 134 1 18 1
2073061442 134 1 18 1
2073061475 133 1 18 1
2073061483 133 1 18 1
2073061525 134 1 18 1
2073061566 133 1 18 1
2073061657 133 1 18 1
2073061664 133 1 18 1
2073061682 134 1 18 1
2073061695 134 1 18 1
2073061747 133 1 18 1
2073061830 134 1 18 1
2073061832 133 1 18 1
2073061916 134 1 18 1
2073061917 133 1 18 1
2073062002 134 1 18 1
2073062004 133 1 18 1
2073062087 133 1 18 1
2073062092 134 1 18 1
2073062178 134 1 18 1
2073062268 134 1 18 1
2073062279 134 1 18 1
2073062365 134 1 18 1
2073062455 134 1 18 1
2073062545 134 1 18 1
2073062639 134 1 18 1
2073062699 134 1 18 1
2073062765 133 1 18 0
2073062801 134 1 18 1
2073062887 134 1 18 1
2073062973 134 1 18 1
2073070216 134 1 18 1
2073070219 134 1 18 0
2073070386 134 1 18 1
2073070389 134 1 18 1
2073070452 134 1 18 1
2073070535 134 1 18 1
2073070647 134 1 18 1
2073070701 134 1 18 1
2073070784 134 1 18 1
2073070904 134 1 18 1
2073070990 134 1 18 1
2073071096 134 1 18 1
2073071182 134 1 18 1
2073071268 134 1 18 1
2073071354 134 1 18 1
2073071444 134 1 18 1
2073071530 134 1 18 1
2073071616 134 1 18 1
2073071619 134 1 18 1
2073071709 134 1 18 1
2073071795 134 1 18 1
2073071881 134 1 18 1
2073071967 134 1 18 1
2073072049 134 1 18 1
2073072135 134 1 18 1
2073072221 134 1 18 1
2073072307 134 1 18 1
2073072397 134 1 18 1
2073072521 134 1 18 1
2073080302 134 1 18 1
2073080388 134 1 18 0
2073080449 134 1 18 1
2073080547 134 1 18 1
2073080642 134 1 18 1
2073080710 134 1 18 1
2073080793 134 1 18 1
2073080891 134 1 18 1
2073080963 134 1 18 1
2073081046 134 1 18 1
2073081133 134 1 18 1
2073081235 134 1 18 1
2073081303 134 1 18 1
2073081405 134 1 18 1
2073081473 134 1 18 1
2073081575 134 1 18 1
2073081643 134 1 18 1
2073081749 134 1 18 1
2073081813 134 1 18 1
2073081900 134 1 18 1
2073081983 134 1 18 1
2073082093 134 1 18 1
2073082153 134 1 18 1
2073082263 134 1 18 1
2073082323 134 1 18 1
2073082537 134 1 18 1
2073085550 134 1 18 0
2073088735 134 1 18 1
2073088753 134 1 18 0
2073088818 134 1 18 1
2073088901 134 1 18 1
2073089044 134 1 18 1
2073089138 134 1 18 1
2073089154 134 1 18 1
2073089237 134 1 18 1
2073089388 134 1 18 1
2073089482 134 1 18 1
2073089494 134 1 18 1
2073089581 134 1 18 1
2073089732 134 1 18 1
2073089751 134 1 18 1
2073089834 134 1 18 1
2073089989 134 1 18 1
2073090004 134 1 18 1
2073090091 134 1 18 1
2073090174 134 1 18 1
2073090329 134 1 18 1
2073090348 134 1 18 1
2073090431 134 1 18 1
2073090518 134 1 18 1
2073090601 134 1 18 1
2073090684 134 1 18 1
2073090847 134 1 18 1
2073090854 134 1 18 1
2073092800 134 1 18 0
2073095999 134 1 18 1
2073096079 134 1 18 0
2073096090 134 1 18 1
2073096177 134 1 18 1
2073096260 134 1 18 1
2073096367 134 1 18 1
2073096430 134 1 18 1
2073096513 134 1 18 1
2073096600 134 1 18 1
2073096688 134 1 18 1
2073096790 134 1 18 1
2073096833 134 1 18 1
2073096916 134 1 18 1
2073097005 134 1 18 1
2073097134 134 1 18 1
2073097224 134 1 18 1
2073097313 134 1 18 1
2073097399 134 1 18 1
2073097487 134 1 18 1
2073097509 134 1 18 1
2073097665 134 1 18 1
2073097751 134 1 18 1
2073097762 134 1 18 1
2073097906 134 1 18 1
2073097936 134 1 18 1
2073098096 134 1 18 1
2073098182 134 1 18 1
2073099995 134 1 18 0
2073105525 134 1 18 1
2073105620 134 1 18 0
2073105623 134 1 18 1
2073105650 134 1 18 1
2073105786 134 1 18 1
2073105876 134 1 18 1
2073105968 134 1 18 1
2073106055 134 1 18 1
2073106146 134 1 18 1
2073106164 134 1 18 1
2073106224 134 1 18 1
2073106320 134 1 18 1
2073106407 134 1 18 1
2073106494 134 1 18 1
2073106561 134 1 18 1
2073106676 134 1 18 1
2073106762 134 1 18 1
2073106848 134 1 18 1
2073106934 134 1 18 1
2073107028 134 1 18 1
2073107115 134 1 18 1
2073107162 134 1 18 1
2073107273 134 1 18 1
2073107359 134 1 18 1
2073107471 134 1 18 1
2073107557 134 1 18 1
2073107645 134 1 18 1
2073107787 134 1 18 1
2073109493 110 0 1 1
2073109550 110 0 1 1
2073109637 110 0 1 1
2073109720 110 0 1 1
2073109826 110 0 1 1
2073109886 110 0 1 1
2073109973 110 0 1 1
2073110139 110 0 1 1
2073110142 110 0 1 1
2073110222 110 0 1 1
2073110309 110 0 1 1
2073110392 110 0 1 1
2073110483 110 0 1 1
2073110493 134 1 18 0
2073110558 110 0 1 1
2073110645 110 0 1 1
2073110802 110 0 1 1
2073110811 110 0 1 1
2073110894 110 0 1 1
2073110981 110 0 1 1
2073111064 110 0 1 1
2073111206 110 0 1 1
2073111230 110 0 1 1
2073111317 110 0 1 1
2073111400 110 0 1 1
2073111529 110 0 1 1
2073111566 110 0 1 1
2073114211 134 1 18 1
2073114297 134 1 18 1
2073114383 134 1 18 1
2073114386 134 1 18 1
2073114476 134 1 18 1
2073114562 134 1 18 1
2073114648 134 1 18 1
2073114734 134 1 18 1
2073114820 134 1 18 1
2073114906 134 1 18 1
2073114992 134 1 18 1
2073115078 134 1 18 1
2073115164 134 1 18 1
2073115274 134 1 18 1
2073115364 134 1 18 1
2073115450 134 1 18 1
2073115536 134 1 18 1
2073115622 134 1 18 1
2073115708 134 1 18 1
2073115794 134 1 18 1
2073115880 134 1 18 1
2073115970 134 1 18 1
2073116056 134 1 18 1
2073116142 134 1 18 1
2073116228 134 1 18 1
2073116314 134 1 18 1
2073118687 110 0 1 1
2073118773 110 0 1 1
2073118859 110 0 1 1
2073118901 110 0 1 1
2073119019 110 0 1 1
2073119105 110 0 1 1
2073119191 110 0 1 1
2073119237 110 0 1 1
2073119351 110 0 1 1
2073119437 110 0 1 1
2073119503 134 1 18 0
2073119544 110 0 1 1
2073119630 110 0 1 1
2073119668 110 0 1 1
2073119739 110 0 1 1
2073119896 110 0 1 1
2073119905 110 0 1 1
2073119988 110 0 1 1
2073120075 110 0 1 1
2073120232 110 0 1 1
2073120249 110 0 1 1
2073120336 110 0 1 1
2073120423 110 0 1 1
2073120564 110 0 1 1
2073120597 110 0 1 1
2073120680 110 0 1 1
2073120767 110 0 1 1
2073126286 134 1 18 1
2073126289 134 1 18 0
2073126375 134 1 18 1
2073126461 134 1 18 0
2073126464 134 1 18 1
2073126554 134 1 18 0
2073126557 134 1 18 1
2073126643 134 1 18 0
2073126646 134 1 18 1
2073126732 134 1 18 1
2073126818 134 1 18 0
2073126821 134 1 18 1
2073126824 134 1 18 1
2073126910 134 1 18 1
2073127079 134 1 18 1
2073127082 134 1 18 1
2073127172 134 1 18 1
2073127258 134 1 18 1
2073127344 134 1 18 1
2073127430 134 1 18 1
2073127516 134 1 18 1
2073127602 134 1 18 1
2073127692 134 1 18 1
2073127778 134 1 18 1
2073127853 110 0 1 1
2073127864 134 1 18 1
2073127936 110 0 1 1
2073127950 134 1 18 1
2073128019 110 0 1 1
2073128036 134 1 18 1
2073128102 110 0 1 1
2073128122 134 1 18 1
2073128208 134 1 18 1
2073128233 110 0 1 1
2073128272 110 0 1 1
2073128294 134 1 18 1
2073128355 110 0 1 1
2073128384 134 1 18 1
2073128438 110 0 1 1
2073128470 134 1 18 1
2073128521 110 0 1 1
2073128556 134 1 18 0
2073128559 134 1 18 1
2073128604 110 0 1 1
2073128645 134 1 18 0
2073128648 134 1 18 1
2073128651 134 1 18 0
2073128737 134 1 18 1
2073128740 134 1 18 0
2073128751 110 0 1 1
2073128770 110 0 1 1
2073128853 110 0 1 1
2073128940 110 0 1 1
2073129023 110 0 1 1
2073129106 110 0 1 1
2073129261 110 0 1 1
2073129276 110 0 1 1
2073129359 110 0 1 1
2073129442 110 0 1 1
2073129525 110 0 1 1
2073129608 110 0 1 1
2073129767 110 0 1 1
2073129774 110 0 1 1
2073129861 110 0 1 1
2073235417 117 0 1 1
2073235420 117 0 1 0
2073235580 117 0 1 1
2073235587 117 0 1 0
2073235687 117 0 1 1
2073235773 117 0 1 0
2073235859 117 0 1 1
2073235887 117 0 1 1
2073236014 117 0 1 0
2073236039 117 0 1 1
2073236126 117 0 1 1
2073236209 117 0 1 1
2073236292 117 0 1 1
2073236414 117 0 1 1
2073236580 117 0 1 1
2073236614 117 0 1 1
2073236837 117 0 1 1
2073236845 117 0 1 1
2073236997 117 0 1 1
2073237140 117 0 1 1
2073237171 117 0 1 1
2073237310 117 0 1 1
2073237400 117 0 1 1
2073237425 117 0 1 1
2073237576 117 0 1 1
2073237659 117 0 1 1
2073237860 117 0 1 1
2073238144 117 0 1 1
2073238982 117 0 1 0
2073247232 117 0 1 1
2073247235 117 0 1 0
2073247276 117 0 1 1
2073247279 117 0 1 0
2073247814 117 0 1 1
2073247860 117 0 1 0
2073247901 117 0 1 1
2073247999 117 0 1 1
2073248151 117 0 1 1
2073248234 117 0 1 1
2073248318 117 0 1 1
2073248485 117 0 1 1
2073248588 117 0 1 1
2073248655 117 0 1 1
2073248738 117 0 1 1
2073248821 117 0 1 1
2073248868 117 0 1 0
2073248904 117 0 1 1
2073249015 117 0 1 1
2073249074 117 0 1 1
2073249157 117 0 1 1
2073249264 117 0 1 1
2073249283 117 0 1 0
2073249410 117 0 1 1
2073249493 117 0 1 1
2073249608 117 0 1 1
2073249611 117 0 1 0
2073249731 117 0 1 1
2073249742 117 0 1 1
2073249905 117 0 1 1
2073249995 117 0 1 1
2073250081 117 0 1 0
2073485249 135 1 24 1
2073485252 135 1 24 0
2073485338 135 1 24 1
2073485424 135 1 24 1
2073485572 135 1 24 1
2073485658 135 1 24 0
2073485744 135 1 24 1
2073485830 135 1 24 0
2073485916 135 1 24 1
2073485919 135 1 24 0
2073486088 135 1 24 1
2073486091 135 1 24 0
2073486260 135 1 24 1
2073486263 135 1 24 0
2073486432 135 1 24 1
2073486435 135 1 24 0
2073894119 135 1 20 1
2073894202 135 1 20 1
2073894289 135 1 20 1
2073894376 135 1 20 1
2073894459 135 1 20 1
2073894542 135 1 20 1
2073894629 135 1 20 1
2073894716 135 1 20 1
2073894799 135 1 20 1
2073894886 135 1 20 1
2073894973 135 1 20 1
2073895056 135 1 20 1
2073895139 135 1 20 1
2073895230 135 1 20 1
2073895313 135 1 20 1
2073895400 135 1 20 1
2073895487 135 1 20 1
2073895570 135 1 20 1
2073895653 135 1 20 1
2073895740 135 1 20 1
2073895851 135 1 20 1
2073895941 135 1 20 1
2073896027 135 1 20 1
2073896117 135 1 20 1
2073896203 135 1 20 1
2073897899 135 1 20 0
2073963575 131 1 24 1
2073963666 131 1 24 1
2073963815 131 1 24 1
2073963836 131 1 24 1
2073963985 131 1 24 1
2073964006 131 1 24 1
2073964093 131 1 24 1
2073964234 131 1 24 1
2073964263 131 1 24 1
2073964404 131 1 24 1
2073964433 131 1 24 1
2073964520 131 1 24 1
2073964653 131 1 24 1
2073964694 131 1 24 1
2073964815 131 1 24 1
2073964864 131 1 24 1
2073964951 131 1 24 1
2073965068 131 1 24 1
2073965121 131 1 24 1
2073965238 131 1 24 1
2073965372 131 1 24 1
2073965378 131 1 24 1
2073965542 131 1 24 1
2073965628 131 1 24 1
2073965639 131 1 24 1
2073972775 131 1 24 1
2073972861 131 1 24 1
2073972895 131 1 24 1
2073973020 131 1 24 1
2073973106 131 1 24 1
2073973196 131 1 24 1
2073973286 131 1 24 1
2073973314 131 1 24 1
2073973439 131 1 24 1
2073973525 131 1 24 1
2073973615 131 1 24 1
2073973701 131 1 24 1
2073973733 131 1 24 1
2073973854 131 1 24 1
2073973944 131 1 24 1
2073974030 131 1 24 1
2073974124 131 1 24 1
2073974152 131 1 24 1
2073974273 131 1 24 1
2073974359 131 1 24 1
2073974449 131 1 24 1
2073974535 131 1 24 1
2073974567 131 1 24 1
2073974684 131 1 24 1
2073974775 131 1 24 1
2073974861 131 1 24 1
2073979466 131 1 24 0
2073982643 131 1 24 1
2073982684 131 1 24 0
2073982726 131 1 24 1
2073982809 131 1 24 1
2073982959 131 1 24 1
2073982975 131 1 24 1
2073983066 131 1 24 1
2073983153 131 1 24 1
2073983240 131 1 24 1
2073983378 131 1 24 1
2073983414 131 1 24 1
2073983497 131 1 24 1
2073983580 131 1 24 1
2073983671 131 1 24 1
2073983793 131 1 24 1
2073983837 131 1 24 1
2073983920 131 1 24 1
2073984003 131 1 24 1
2073984090 131 1 24 1
2073984208 131 1 24 1
2073984256 131 1 24 1
2073984339 131 1 24 1
2073984426 131 1 24 1
2073984509 131 1 24 1
2073984623 131 1 24 1
2073984675 131 1 24 1
2073984770 131 1 24 1
2073989738 131 1 24 0
2073993081 131 1 24 1
2073993141 131 1 24 0
2073993164 131 1 24 1
2073993251 131 1 24 1
2073993348 131 1 24 1
2073993417 131 1 24 1
2073993500 131 1 24 1
2073993583 131 1 24 1
2073993670 131 1 24 1
2073993767 131 1 24 1
2073993836 131 1 24 1
2073993919 131 1 24 1
2073994002 131 1 24 1
2073994089 131 1 24 1
2073994179 131 1 24 1
2073994255 131 1 24 1
2073994338 131 1 24 1
2073994425 131 1 24 1
2073994508 131 1 24 1
2073994598 131 1 24 1
2073994674 131 1 24 1
2073994757 131 1 24 1
2073994840 131 1 24 1
2073995008 131 1 24 1
2073995015 131 1 24 1
2073995093 131 1 24 1
2073995227 131 1 24 1
2073998204 131 1 24 0
2074001701 131 1 24 1
2074001704 131 1 24 0
2074001765 131 1 24 1
2074001848 131 1 24 1
2074001950 131 1 24 1
2074002014 131 1 24 1
2074002097 131 1 24 1
2074002180 131 1 24 1
2074002282 131 1 24 1
2074002346 131 1 24 1
2074002407 131 1 24 1
2074002535 131 1 24 1
2074002573 131 1 24 1
2074002656 131 1 24 1
2074002707 131 1 24 1
2074002863 131 1 24 1
2074002873 131 1 24 1
2074002956 131 1 24 1
2074003116 131 1 24 1
2074003122 131 1 24 1
2074003205 131 1 24 1
2074003288 131 1 24 1
2074003448 131 1 24 1
2074003454 131 1 24 1
2074003537 131 1 24 1
2074003693 131 1 24 1
2074003703 131 1 24 1
2074003726 131 1 24 1
2074003809 131 1 24 1
2074006362 131 1 24 0
2074239399 135 1 21 1
2074239402 135 1 21 0
2074239463 135 1 21 1
2074239550 135 1 21 1
2074239637 135 1 21 1
2074239727 135 1 21 1
2074239815 135 1 21 1
2074239906 135 1 21 1
2074239993 135 1 21 1
2074240096 135 1 21 1
2074240182 135 1 21 1
2074240268 135 1 21 1
2074240354 135 1 21 1
2074240507 135 1 21 1
2074240593 135 1 21 1
2074240679 135 1 21 1
2074240769 135 1 21 1
2074240855 135 1 21 1
2074240875 135 1 21 1
2074241005 135 1 21 1
2074241091 135 1 21 1
2074241177 135 1 21 1
2074241263 135 1 21 1
2074241310 135 1 21 1
2074241424 135 1 21 1
2074241510 135 1 21 1
2074243834 135 1 21 0
2074247533 135 1 21 1
2074247536 135 1 21 0
2074247616 135 1 21 1
2074247621 135 1 21 0
2074247707 135 1 21 1
2074247787 135 1 21 0
2074247790 135 1 21 1
2074247875 135 1 21 1
2074247960 135 1 21 1
2074248113 135 1 21 1
2074248126 135 1 21 1
2074248209 135 1 21 1
2074248292 135 1 21 1
2074248383 135 1 21 1
2074248466 135 1 21 1
2074248549 135 1 21 1
2074248636 135 1 21 1
2074248785 135 1 21 1
2074248809 135 1 21 1
2074248893 135 1 21 1
2074248976 135 1 21 1
2074249059 135 1 21 1
2074249142 135 1 21 1
2074249229 135 1 21 1
2074249316 135 1 21 1
2074249453 135 1 21 1
2074249486 135 1 21 1
2074249569 135 1 21 1
2074249656 135 1 21 1
2074249739 135 1 21 1
2074249873 135 1 21 1
2074252318 135 1 21 0
2074256802 135 1 21 1
2074256875 135 1 21 1
2074256968 135 1 21 1
2074257062 135 1 21 1
2074257148 135 1 21 1
2074257296 135 1 21 1
2074257386 135 1 21 1
2074257476 135 1 21 1
2074257480 135 1 21 1
2074257632 135 1 21 1
2074257726 135 1 21 1
2074257741 135 1 21 1
2074257881 135 1 21 1
2074257975 135 1 21 1
2074258002 135 1 21 1
2074258130 135 1 21 1
2074258216 135 1 21 1
2074258306 135 1 21 1
2074258396 135 1 21 1
2074258433 135 1 21 1
2074258549 135 1 21 1
2074258643 135 1 21 1
2074258682 135 1 21 1
2074258802 135 1 21 1
2074260550 135 1 21 0
2074265363 135 1 21 1
2074265484 135 1 21 0
2074360836 135 1 22 1
2074360839 135 1 22 0
2074361105 135 1 22 1
2074361108 135 1 22 0
2074361198 135 1 22 1
2074361283 135 1 22 1
2074361287 135 1 22 0
2074361370 135 1 22 1
2074361457 135 1 22 0
2074361461 135 1 22 1
2074361464 135 1 22 0
2074361722 135 1 22 1
2074361725 135 1 22 0
2074361824 135 1 22 1
2074361827 135 1 22 0
2074361987 135 1 22 1
2074361990 135 1 22 0
2074362248 135 1 22 1
2074362251 135 1 22 0
2074362446 135 1 22 1
2074362449 135 1 22 0
2074362687 135 1 22 1
2074362690 135 1 22 0
2074362774 135 1 22 1
2074362778 135 1 22 0
2074362857 135 1 22 1
2074362860 135 1 22 0
2074362944 135 1 22 1
2074362947 135 1 22 0
2074363072 135 1 22 1
2074363075 135 1 22 0
2074363205 135 1 22 1
2074363229 135 1 22 0
2074363804 135 1 22 1
2074363807 135 1 22 0
2074401015 131 1 22 1
2074401102 131 1 22 1
2074401189 131 1 22 1
2074401275 131 1 22 1
2074401344 131 1 22 1
2074401442 131 1 22 1
2074401528 131 1 22 1
2074401614 131 1 22 1
2074401700 131 1 22 1
2074401786 131 1 22 1
2074401872 131 1 22 1
2074401958 131 1 22 1
2074402044 131 1 22 1
2074402130 131 1 22 1
2074402216 131 1 22 1
2074402302 131 1 22 1
2074402388 131 1 22 1
2074402474 131 1 22 1
2074402560 131 1 22 1
2074402646 131 1 22 1
2074402732 131 1 22 1
2074402818 131 1 22 1
2074402904 131 1 22 1
2074403048 131 1 22 1
2074403138 131 1 22 1
2074407365 132 1 22 1
2074407452 132 1 22 1
2074407610 132 1 22 1
2074407630 132 1 22 1
2074407780 132 1 22 1
2074407946 132 1 22 1
2074407962 132 1 22 1
2074408053 132 1 22 1
2074408144 132 1 22 1
2074408278 132 1 22 1
2074408318 132 1 22 1
2074408421 132 1 22 1
2074408504 132 1 22 1
2074408611 132 1 22 1
2074408702 132 1 22 1
2074408785 132 1 22 1
2074408938 132 1 22 1
2074409026 132 1 22 1
2074409113 132 1 22 1
2074409204 132 1 22 1
2074409353 132 1 22 1
2074409440 132 1 22 1
2074410278 131 1 22 1
2074410365 131 1 22 1
2074410455 131 1 22 1
2074410541 131 1 22 1
2074410572 131 1 22 1
2074410701 131 1 22 1
2074410787 131 1 22 1
2074410873 131 1 22 1
2074410959 131 1 22 1
2074411003 131 1 22 1
2074411132 131 1 22 1
2074411218 131 1 22 1
2074411304 131 1 22 1
2074411351 131 1 22 1
2074411472 131 1 22 1
2074411559 131 1 22 1
2074411646 131 1 22 1
2074411732 131 1 22 1
2074411818 131 1 22 1
2074411904 131 1 22 1
2074411960 131 1 22 1
2074412061 131 1 22 1
2074412147 131 1 22 1
2074412233 131 1 22 1
2074412304 131 1 22 1
2074416547 132 1 22 1
2074416617 132 1 22 1
2074416704 132 1 22 1
2074416804 132 1 22 1
2074416878 132 1 22 1
2074417045 132 1 22 1
2074417056 132 1 22 1
2074417147 132 1 22 1
2074417294 132 1 22 1
2074417321 132 1 22 1
2074417408 132 1 22 1
2074417547 132 1 22 1
2074417594 132 1 22 1
2074417681 132 1 22 1
2074417796 132 1 22 1
2074417855 132 1 22 1
2074417950 132 1 22 1
2074418041 132 1 22 1
2074418128 132 1 22 1
2074418290 132 1 22 1
2074418302 132 1 22 1
2074418456 132 1 22 1
2074418484 132 1 22 1
2074418622 132 1 22 1
2074419398 131 1 22 1
2074419567 131 1 22 1
2074419581 131 1 22 1
2074419730 131 1 22 1
2074419816 131 1 22 1
2074419906 131 1 22 1
2074419937 131 1 22 1
2074420066 131 1 22 1
2074420152 131 1 22 1
2074420238 131 1 22 1
2074420293 131 1 22 1
2074420402 131 1 22 1
2074420488 131 1 22 1
2074420574 131 1 22 1
2074420738 131 1 22 1
2074420741 131 1 22 1
2074420827 131 1 22 1
2074420913 131 1 22 1
2074421074 131 1 22 1
2074421160 131 1 22 1
2074421246 131 1 22 1
2074421270 131 1 22 1
2074421410 131 1 22 1
2074421500 131 1 22 1
2074425760 132 1 22 1
2074425799 132 1 22 1
2074425936 132 1 22 1
2074425973 132 1 22 1
2074426102 132 1 22 1
2074426151 132 1 22 1
2074426276 132 1 22 1
2074426321 132 1 22 1
2074426442 132 1 22 1
2074426503 132 1 22 1
2074426616 132 1 22 1
2074426677 132 1 22 1
2074426782 132 1 22 1
2074426851 132 1 22 1
2074426952 132 1 22 1
2074427029 132 1 22 1
2074427126 132 1 22 1
2074427288 132 1 22 1
2074427294 132 1 22 1
2074427454 132 1 22 1
2074427469 132 1 22 1
2074427628 132 1 22 1
2074427646 132 1 22 1
2074427794 132 1 22 1
2074427820 132 1 22 1
2074428608 131 1 22 1
2074428694 131 1 22 1
2074428780 131 1 22 1
2074428866 131 1 22 1
2074428952 131 1 22 1
2074429038 131 1 22 1
2074429124 131 1 22 1
2074429210 131 1 22 1
2074429296 131 1 22 1
2074429382 131 1 22 1
2074429468 131 1 22 1
2074429554 131 1 22 1
2074429640 131 1 22 1
2074429726 131 1 22 1
2074429812 131 1 22 1
2074429898 131 1 22 1
2074429988 131 1 22 1
2074430074 131 1 22 1
2074430160 131 1 22 1
2074430246 131 1 22 1
2074430332 131 1 22 1
2074430501 131 1 22 1
2074430587 131 1 22 1
2074430673 131 1 22 1
2074430759 131 1 22 1
2074434906 132 1 22 1
2074435026 132 1 22 1
2074435080 132 1 22 1
2074435192 132 1 22 1
2074435255 132 1 22 1
2074435358 132 1 22 1
2074435424 132 1 22 1
2074435528 132 1 22 1
2074435598 132 1 22 1
2074435654 59 0 1 1
2074435694 132 1 22 1
2074435737 59 0 1 1
2074435768 132 1 22 1
2074435824 59 0 1 1
2074435860 132 1 22 1
2074435907 59 0 1 1
2074435990 59 0 1 1
2074436022 132 1 22 1
2074436029 132 1 22 1
2074436077 59 0 1 1
2074436168 59 0 1 1
2074436188 132 1 22 1
2074436199 132 1 22 1
2074436254 59 0 1 1
2074436330 59 0 1 1
2074436354 132 1 22 1
2074436377 132 1 22 1
2074436413 59 0 1 1
2074436496 59 0 1 1
2074436520 132 1 22 1
2074436551 132 1 22 1
2074436579 59 0 1 1
2074436662 59 0 1 1
2074436686 132 1 22 1
2074436721 132 1 22 1
2074436745 59 0 1 1
2074436856 132 1 22 1
2074436883 59 0 1 1
2074436895 132 1 22 1
2074436919 59 0 1 1
2074437002 59 0 1 1
2074437018 132 1 22 1
2074437093 59 0 1 1
2074437168 59 0 1 1
2074437251 59 0 1 1
2074437334 59 0 1 1
2074437417 59 0 1 1
2074437535 59 0 1 1
2074437587 59 0 1 1
2074437674 59 0 1 1
2074437855 131 1 22 1
2074437945 131 1 22 1
2074438031 131 1 22 1
2074438117 131 1 22 1
2074438203 131 1 22 1
2074438289 131 1 22 1
2074438375 131 1 22 1
2074438461 131 1 22 1
2074438547 131 1 22 1
2074438633 131 1 22 1
2074438719 131 1 22 1
2074438805 131 1 22 1
2074438974 131 1 22 1
2074439060 131 1 22 1
2074439146 131 1 22 1
2074439236 131 1 22 1
2074439322 131 1 22 1
2074439347 131 1 22 1
2074439433 131 1 22 1
2074439523 131 1 22 1
2074439613 131 1 22 1
2074439703 131 1 22 1
2074439801 131 1 22 1
2074439887 131 1 22 1
2074444104 132 1 22 1
2074444239 132 1 22 1
2074444286 132 1 22 1
2074444409 132 1 22 1
2074444456 132 1 22 1
2074444583 132 1 22 1
2074444638 132 1 22 1
2074444740 132 1 22 1
2074444760 59 0 1 1
2074444816 132 1 22 1
2074444915 132 1 22 1
2074444919 59 0 1 1
2074445069 132 1 22 1
2074445089 132 1 22 1
2074445182 59 0 1 1
2074445235 132 1 22 1
2074445267 132 1 22 1
2074445401 132 1 22 1
2074445437 132 1 22 1
2074445517 59 0 1 1
2074445568 132 1 22 1
2074445611 132 1 22 1
2074445737 132 1 22 1
2074445781 132 1 22 1
2074445852 59 0 1 1
2074445907 132 1 22 1
2074445959 132 1 22 1
2074446083 132 1 22 1
2074446137 132 1 22 1
2074446187 59 0 1 1
2074446522 59 0 1 1
2074447774 131 1 22 1
2074447777 131 1 22 0
2074447863 131 1 22 1
2074447953 131 1 22 1
2074448039 131 1 22 1
2074448125 131 1 22 1
2074448211 131 1 22 1
2074448297 131 1 22 1
2074448346 59 0 1 0
2074448387 131 1 22 1
2074448477 131 1 22 1
2074448563 131 1 22 1
2074448649 131 1 22 1
2074448735 131 1 22 1
2074448821 131 1 22 1
2074448907 131 1 22 1
2074448997 131 1 22 1
2074449083 131 1 22 1
2074449086 131 1 22 1
2074449255 131 1 22 1
2074449341 131 1 22 1
2074449427 131 1 22 1
2074449430 131 1 22 1
2074449520 131 1 22 1
2074449689 131 1 22 1
2074449692 131 1 22 1
2074449778 131 1 22 1
2074449864 131 1 22 1
2074450450 59 0 1 1
2074450453 59 0 1 0
2074450515 59 0 1 1
2074450598 59 0 1 1
2074450681 59 0 1 1
2074450768 59 0 1 1
2074450851 59 0 1 1
2074450934 59 0 1 1
2074451031 59 0 1 1
2074451100 59 0 1 1
2074451187 59 0 1 1
2074451270 59 0 1 1
2074451392 59 0 1 1
2074451444 59 0 1 1
2074451527 59 0 1 1
2074451610 59 0 1 1
2074451693 59 0 1 1
2074451861 59 0 1 1
2074451864 59 0 1 1
2074451946 59 0 1 1
2074452033 59 0 1 1
2074452077 131 1 22 0
2074452116 59 0 1 1
2074452199 59 0 1 1
2074452282 59 0 1 1
2074452365 59 0 1 1
2074452448 59 0 1 1
2074452586 59 0 1 1
2074453223 132 1 22 1
2074453311 132 1 22 1
2074453405 132 1 22 1
2074453484 132 1 22 1
2074453644 132 1 22 1
2074453659 132 1 22 1
2074453746 132 1 22 1
2074453901 132 1 22 1
2074453920 132 1 22 1
2074454002 132 1 22 1
2074454150 132 1 22 1
2074454154 59 0 1 0
2074454172 132 1 22 1
2074454263 132 1 22 1
2074454399 132 1 22 1
2074454429 132 1 22 1
2074454520 132 1 22 1
2074454661 132 1 22 1
2074454693 132 1 22 1
2074454819 132 1 22 1
2074454868 132 1 22 1
2074454955 132 1 22 1
2074455068 132 1 22 1
2074455125 132 1 22 1
2074455242 132 1 22 1
2074455299 132 1 22 1
2074456345 131 1 22 1
2074456431 131 1 22 0
2074456600 131 1 22 1
2074456686 131 1 22 1
2074456772 131 1 22 0
2074456775 131 1 22 1
2074456861 131 1 22 0
2074456864 131 1 22 1
2074456954 131 1 22 1
2074457040 131 1 22 1
2074457209 131 1 22 1
2074457212 131 1 22 1
2074457381 131 1 22 1
2074457467 131 1 22 1
2074457553 131 1 22 1
2074457639 131 1 22 1
2074457646 131 1 22 1
2074457815 131 1 22 1
2074457901 131 1 22 1
2074457987 131 1 22 1
2074458077 131 1 22 1
2074458163 131 1 22 1
2074458249 131 1 22 1
2074458252 131 1 22 1
2074458421 131 1 22 1
2074458590 131 1 22 1
2074458676 131 1 22 1
2074458932 131 1 22 1
2074459018 131 1 22 1
2074459606 131 1 22 0
2074462385 132 1 22 1
2074462511 132 1 22 1
2074462563 132 1 22 1
2074462677 132 1 22 1
2074462733 132 1 22 1
2074462851 132 1 22 1
2074462907 132 1 22 1
2074463017 132 1 22 1
2074463077 132 1 22 1
2074463191 132 1 22 1
2074463247 132 1 22 1
2074463357 132 1 22 1
2074463417 132 1 22 1
2074463527 132 1 22 1
2074463595 132 1 22 1
2074463689 132 1 22 1
2074463761 132 1 22 1
2074463855 132 1 22 1
2074464017 132 1 22 1
2074464028 132 1 22 1
2074464183 132 1 22 1
2074464196 132 1 22 1
2074464349 132 1 22 1
2074464366 132 1 22 1
2074464515 132 1 22 1
2074474143 132 1 22 1
2074474161 132 1 22 1
2074474220 132 1 22 0
2074474314 132 1 22 1
2074474317 132 1 22 0
2074474333 132 1 22 1
2074474390 132 1 22 0
2074474484 132 1 22 1
2074474487 132 1 22 0
2074474501 132 1 22 1
2074474649 132 1 22 1
2074474675 132 1 22 1
2074474823 132 1 22 1
2074474845 132 1 22 1
2074474988 131 1 22 1
2074474989 132 1 22 1
2074474991 131 1 22 0
2074475011 132 1 22 1
2074475077 131 1 22 1
2074475080 131 1 22 0
2074475155 132 1 22 1
2074475189 132 1 22 1
2074475249 131 1 22 1
2074475252 131 1 22 0
2074475333 132 1 22 1
2074475338 131 1 22 1
2074475359 132 1 22 1
2074475424 131 1 22 1
2074475503 132 1 22 1
2074475510 131 1 22 1
2074475529 132 1 22 1
2074475596 131 1 22 1
2074475673 132 1 22 1
2074475682 131 1 22 1
2074475695 132 1 22 1
2074475768 131 1 22 1
2074475847 132 1 22 1
2074475862 131 1 22 1
2074475869 132 1 22 1
2074475948 131 1 22 1
2074476013 132 1 22 1
2074476034 131 1 22 1
2074476043 132 1 22 1
2074476120 131 1 22 1
2074476191 132 1 22 1
2074476206 131 1 22 1
2074476217 132 1 22 1
2074476292 131 1 22 1
2074476353 132 1 22 1
2074476378 131 1 22 1
2074476397 132 1 22 1
2074476464 131 1 22 1
2074476530 132 1 22 1
2074476550 131 1 22 1
2074476567 132 1 22 1
2074476636 131 1 22 1
2074476722 131 1 22 1
2074476808 131 1 22 1
2074476894 131 1 22 1
2074477063 131 1 22 1
2074477149 131 1 22 1
2074477235 131 1 22 1
2074477321 131 1 22 1
2074477407 131 1 22 1
2074478073 132 1 22 0
2074478410 131 1 22 0
2074482322 132 1 22 1
2074482325 132 1 22 0
2074482647 132 1 22 1
2074482659 132 1 22 0
2074482666 132 1 22 1
2074482817 132 1 22 1
2074482840 132 1 22 1
2074482987 132 1 22 1
2074483014 132 1 22 1
2074483157 132 1 22 1
2074483184 132 1 22 1
2074483327 132 1 22 1
2074483358 132 1 22 1
2074483501 132 1 22 1
2074483532 132 1 22 1
2074483671 132 1 22 1
2074483702 132 1 22 1
2074483837 132 1 22 1
2074483872 132 1 22 1
2074484011 132 1 22 1
2074484050 132 1 22 1
2074484185 132 1 22 1
2074484216 132 1 22 1
2074484359 132 1 22 1
2074484390 132 1 22 1
2074484529 132 1 22 1
2074484556 132 1 22 1
2074484699 132 1 22 1
2074484730 132 1 22 1
2074486469 132 1 22 0
2074490189 131 1 22 1
2074490192 131 1 22 0
2074490527 131 1 22 1
2074490613 131 1 22 1
2074490699 131 1 22 1
2074490751 132 1 22 1
2074490789 131 1 22 1
2074490841 132 1 22 0
2074490848 132 1 22 1
2074490875 131 1 22 1
2074490938 132 1 22 1
2074490961 131 1 22 1
2074491032 132 1 22 1
2074491047 131 1 22 1
2074491122 132 1 22 1
2074491133 131 1 22 1
2074491212 132 1 22 1
2074491219 131 1 22 1
2074491302 132 1 22 1
2074491305 131 1 22 1
2074491391 131 1 22 1
2074491396 132 1 22 1
2074491477 131 1 22 1
2074491482 132 1 22 1
2074491563 131 1 22 1
2074491580 132 1 22 1
2074491649 131 1 22 1
2074491666 132 1 22 1
2074491735 131 1 22 1
2074491756 132 1 22 1
2074491821 131 1 22 1
2074491850 132 1 22 1
2074491907 131 1 22 1
2074491940 132 1 22 1
2074491951 132 1 22 1
2074491993 131 1 22 1
2074492041 132 1 22 1
2074492079 131 1 22 1
2074492135 132 1 22 1
2074492165 131 1 22 1
2074492225 132 1 22 1
2074492251 131 1 22 1
2074492315 132 1 22 1
2074492337 131 1 22 1
2074492405 132 1 22 1
2074492423 131 1 22 1
2074492491 132 1 22 1
2074492509 131 1 22 1
2074492577 132 1 22 1
2074492584 132 1 22 1
2074492595 131 1 22 1
2074492682 132 1 22 1
2074492772 132 1 22 1
2074492949 132 1 22 1
2074493511 131 1 22 0
2074494020 132 1 22 0
2074499027 132 1 22 1
2074499034 132 1 22 0
2074499132 132 1 22 1
2074499222 132 1 22 0
2074499225 132 1 22 1
2074499319 132 1 22 0
2074499322 132 1 22 1
2074499416 132 1 22 1
2074499423 132 1 22 1
2074499509 132 1 22 1
2074499603 132 1 22 1
2074499693 132 1 22 1
2074499787 132 1 22 1
2074499881 132 1 22 1
2074499979 132 1 22 1
2074500060 131 1 22 1
2074500069 132 1 22 1
2074500146 131 1 22 0
2074500149 131 1 22 1
2074500152 131 1 22 0
2074500159 132 1 22 1
2074500238 131 1 22 1
2074500245 132 1 22 1
2074500324 131 1 22 0
2074500327 131 1 22 1
2074500330 131 1 22 0
2074500343 132 1 22 1
2074500437 132 1 22 1
2074500499 131 1 22 1
2074500527 132 1 22 1
2074500585 131 1 22 1
2074500621 132 1 22 1
2074500671 131 1 22 1
2074500715 132 1 22 1
2074500726 132 1 22 1
2074500757 131 1 22 1
2074500820 132 1 22 1
2074500847 131 1 22 1
2074500914 132 1 22 1
2074500933 131 1 22 1
2074501004 132 1 22 1
2074501019 131 1 22 1
2074501090 132 1 22 1
2074501105 131 1 22 1
2074501184 132 1 22 1
2074501191 131 1 22 1
2074501277 131 1 22 1
2074501361 132 1 22 1
2074501363 131 1 22 1
2074501449 131 1 22 1
2074501455 132 1 22 1
2074501535 131 1 22 1
2074501621 131 1 22 1
2074501707 131 1 22 1
2074501793 131 1 22 1
2074501879 131 1 22 1
2074501965 131 1 22 1
2074502051 131 1 22 1
2074502137 131 1 22 1
2074502174 132 1 22 0
2074502306 131 1 22 1
2074502396 131 1 22 1
2074502486 131 1 22 1
2074502572 131 1 22 1
2074503081 131 1 22 0
2074513151 131 1 22 1
2074513154 131 1 22 0
2074513323 131 1 22 1
2074513326 131 1 22 0
2074513495 131 1 22 1
2074513581 131 1 22 0
2074513584 131 1 22 1
2074513753 131 1 22 1
2074513756 131 1 22 0
2074513842 131 1 22 1
2074513928 131 1 22 0
2074513931 131 1 22 1
2074514017 131 1 22 0
2074514020 131 1 22 1
2074514023 131 1 22 0
2074514192 131 1 22 1
2074514278 131 1 22 0
2074514281 131 1 22 1
2074514367 131 1 22 1
2074514453 131 1 22 1
2074514539 131 1 22 0
2074514542 131 1 22 1
2074514545 131 1 22 0
2074514631 131 1 22 1
2074514717 131 1 22 0
2074514720 131 1 22 1
2074514806 131 1 22 1
2074514975 131 1 22 1
2074515061 131 1 22 1
2074515147 131 1 22 1
2074515233 131 1 22 1
2074515319 131 1 22 1
2074515405 131 1 22 1
2074515491 131 1 22 1
2074515577 131 1 22 1
2074515667 131 1 22 1
2074515919 131 1 22 1
2074516088 131 1 22 1
2074516091 131 1 22 0
2074516177 131 1 22 1
2074516180 131 1 22 0
2074520110 131 1 22 1
2074520196 131 1 22 1
2074520282 131 1 22 1
2074520368 131 1 22 1
2074520454 131 1 22 1
2074520540 131 1 22 1
2074520626 131 1 22 1
2074520712 131 1 22 1
2074520881 131 1 22 1
2074520967 131 1 22 1
2074521053 131 1 22 1
2074521139 131 1 22 1
2074521225 131 1 22 1
2074521311 131 1 22 1
2074521397 131 1 22 1
2074521483 131 1 22 1
2074521569 131 1 22 1
2074521655 131 1 22 1
2074521741 131 1 22 1
2074521831 131 1 22 1
2074521917 131 1 22 1
2074522003 131 1 22 1
2074522089 131 1 22 1
2074522175 131 1 22 1
2074524585 131 1 22 0
2074530292 131 1 22 1
2074530378 131 1 22 1
2074530464 131 1 22 1
2074530550 131 1 22 1
2074530636 131 1 22 1
2074530722 131 1 22 1
2074530808 131 1 22 1
2074530894 131 1 22 1
2074530980 131 1 22 1
2074531066 131 1 22 1
2074531152 131 1 22 1
2074531238 131 1 22 1
2074531324 131 1 22 1
2074531410 131 1 22 1
2074531496 131 1 22 1
2074531582 131 1 22 1
2074531668 131 1 22 1
2074531754 131 1 22 1
2074531808 131 1 22 0
2074531811 131 1 22 1
2074531814 131 1 22 0
2074534477 131 1 22 1
2074534563 131 1 22 1
2074534649 131 1 22 1
2074534735 131 1 22 1
2074534821 131 1 22 0
2074534824 131 1 22 1
2074534827 131 1 22 0
2074537650 131 1 22 1
2074537736 131 1 22 1
2074537822 131 1 22 1
2074537908 131 1 22 1
2074537994 131 1 22 1
2074538080 131 1 22 1
2074538166 131 1 22 1
2074538252 131 1 22 1
2074538338 131 1 22 1
2074538424 131 1 22 1
2074538510 131 1 22 1
2074538596 131 1 22 1
2074538682 131 1 22 0
2074538685 131 1 22 1
2074538688 131 1 22 0
2074538774 131 1 22 1
2074538777 131 1 22 0
2074710761 42 0 1 1
2074710848 42 0 1 0
2074710934 42 0 1 1
2074711024 42 0 1 0
2074711027 42 0 1 1
2074711030 42 0 1 0
2074711059 42 0 1 1
2074711196 42 0 1 1
2074711262 42 0 1 1
2074711308 42 0 1 1
2074711391 42 0 1 1
2074711474 42 0 1 1
2074711557 42 0 1 1
2074711640 42 0 1 1
2074711723 42 0 1 1
2074711806 42 0 1 1
2074711889 42 0 1 1
2074711972 42 0 1 1
2074712055 42 0 1 1
2074712140 42 0 1 1
2074712299 42 0 1 1
2074712304 42 0 1 1
2074712387 42 0 1 1
2074712470 42 0 1 1
2074712553 42 0 1 1
2074712643 42 0 1 1
2074712719 42 0 1 1
2074712806 42 0 1 1
2074712935 42 0 1 1
2074713110 42 0 1 1
2074714294 42 0 1 0
2074762240 130 1 24 1
2074762319 130 1 24 0
2074762327 130 1 24 1
2074762406 130 1 24 0
2074762410 130 1 24 1
2074762489 130 1 24 0
2074762497 130 1 24 1
2074762580 130 1 24 1
2074762663 130 1 24 1
2074762750 130 1 24 1
2074762833 130 1 24 1
2074762916 130 1 24 1
2074763007 130 1 24 1
2074763087 130 1 24 1
2074763249 130 1 24 1
2074763256 130 1 24 1
2074763342 130 1 24 1
2074763422 130 1 24 1
2074763514 130 1 24 1
2074763592 130 1 24 1
2074763692 130 1 24 1
2074763762 130 1 24 1
2074763870 130 1 24 1
2074763960 130 1 24 1
2074764073 130 1 24 1
2074764098 130 1 24 1
2074764181 130 1 24 1
2074764272 130 1 24 1
2074764405 130 1 24 1
2074764492 130 1 24 1
2074764575 130 1 24 1
2074765874 130 1 24 0
2074773724 130 1 24 1
2074773747 130 1 24 0
2074773811 130 1 24 1
2074773830 130 1 24 0
2074773894 130 1 24 1
2074773913 130 1 24 0
2074774049 130 1 24 1
2074774064 130 1 24 1
2074774151 130 1 24 1
2074774234 130 1 24 1
2074774321 130 1 24 1
2074774332 130 1 24 0
2074774404 130 1 24 1
2074774415 130 1 24 0
2074774491 130 1 24 1
2074774502 130 1 24 0
2074774574 130 1 24 1
2074774585 130 1 24 0
2074774657 130 1 24 1
2074774668 130 1 24 0
2074774744 130 1 24 1
2074774751 130 1 24 0
2074775080 130 1 24 1
2074775087 130 1 24 0
2074775163 130 1 24 1
2074775170 130 1 24 0
2074777529 130 1 24 1
2074777582 130 1 24 0
2074777616 130 1 24 1
2074777665 130 1 24 0
2074777699 130 1 24 1
2074777786 130 1 24 1
2074777873 130 1 24 1
2074777934 130 1 24 0
2074777960 130 1 24 1
2074778021 130 1 24 0
2074778043 130 1 24 1
2074778130 130 1 24 1
2074778217 130 1 24 1
2074778304 130 1 24 1
2074778391 130 1 24 1
2074778474 130 1 24 1
2074778561 130 1 24 1
2074778648 130 1 24 1
2074778747 130 1 24 1
2074778818 130 1 24 1
2074778901 130 1 24 1
2074778988 130 1 24 1
2074779075 130 1 24 1
2074779158 130 1 24 1
2074779342 130 1 24 0
2075102969 141 1 5 1
2075103063 141 1 5 1
2075103078 141 1 5 1
2075103161 141 1 5 1
2075103292 141 1 5 1
2075103327 141 1 5 1
2075103410 141 1 5 1
2075103493 141 1 5 1
2075103606 141 1 5 1
2075103659 141 1 5 1
2075103746 141 1 5 1
2075103829 141 1 5 1
2075103928 141 1 5 1
2075103995 141 1 5 1
2075104078 141 1 5 1
2075104242 141 1 5 1
2075104245 141 1 5 1
2075104327 141 1 5 1
2075104410 141 1 5 1
2075104523 141 1 5 1
2075104609 141 1 5 1
2075104659 141 1 5 1
2075104742 141 1 5 1
2075104878 141 1 5 1
2075104912 141 1 5 1
2075104995 141 1 5 1
2075106786 141 1 5 0
2075113103 141 1 5 1
2075113144 141 1 5 0
2075113265 141 1 5 1
2075113272 141 1 5 1
2075113352 141 1 5 1
2075113435 141 1 5 1
2075113583 141 1 5 1
2075113601 141 1 5 1
2075113684 141 1 5 1
2075113767 141 1 5 1
2075113871 141 1 5 1
2075113957 141 1 5 1
2075114020 141 1 5 1
2075114103 141 1 5 1
2075114219 141 1 5 1
2075114269 141 1 5 1
2075114352 141 1 5 1
2075114435 141 1 5 1
2075114537 141 1 5 1
2075114650 141 1 5 1
2075114684 141 1 5 1
2075114697 141 1 5 1
2075114855 141 1 5 1
2075114863 141 1 5 1
2075114946 141 1 5 1
2075115029 141 1 5 1
2075115173 141 1 5 1
2075115230 141 1 5 1
2075115313 141 1 5 1
2075116014 141 1 5 0
2075119855 141 1 5 1
2075119947 141 1 5 0
2075119950 141 1 5 1
2075120103 141 1 5 1
2075120106 141 1 5 1
2075120265 141 1 5 1
2075120270 141 1 5 1
2075120353 141 1 5 1
2075120440 141 1 5 1
2075120583 141 1 5 1
2075120614 141 1 5 1
2075120701 141 1 5 1
2075120788 141 1 5 1
2075120882 141 1 5 1
2075120968 141 1 5 1
2075121041 141 1 5 1
2075121124 141 1 5 1
2075121221 141 1 5 1
2075121294 141 1 5 1
2075121377 141 1 5 1
2075121537 141 1 5 1
2075121543 141 1 5 1
2075121661 141 1 5 1
2075121709 141 1 5 1
2075121855 141 1 5 1
2075121875 141 1 5 1
2075122033 141 1 5 1
2075123998 141 1 5 0
2075128797 141 1 5 1
2075128911 141 1 5 0
2075128918 141 1 5 1
2075128938 141 1 5 0
2075128963 141 1 5 1
2075129021 141 1 5 0
2075129046 141 1 5 1
2075129129 141 1 5 1
2075129229 141 1 5 1
2075129315 141 1 5 1
2075129451 141 1 5 1
2075129541 141 1 5 1
2075129544 141 1 5 1
2075129630 141 1 5 1
2075129716 141 1 5 1
2075129816 141 1 5 1
2075129902 141 1 5 1
2075129988 141 1 5 1
2075130046 141 1 5 1
2075130153 141 1 5 1
2075130239 141 1 5 1
2075130329 141 1 5 1
2075130415 141 1 5 1
2075130501 141 1 5 1
2075130587 141 1 5 1
2075130673 141 1 5 1
2075130714 141 1 5 1
2075130821 141 1 5 1
2075130907 141 1 5 1
2075130997 141 1 5 1
2075131166 141 1 5 1
2075131788 141 1 5 0
2075142141 135 1 21 1
2075142227 135 1 21 0
2075142230 135 1 21 1
2075142316 135 1 21 1
2075142402 135 1 21 1
2075142488 135 1 21 1
2075142545 135 1 21 1
2075142631 135 1 21 1
2075142717 135 1 21 1
2075142803 135 1 21 1
2075142889 135 1 21 1
2075142975 135 1 21 1
2075143061 135 1 21 1
2075143147 135 1 21 1
2075143233 135 1 21 1
2075143319 135 1 21 1
2075143405 135 1 21 1
2075143491 135 1 21 1
2075143577 135 1 21 1
2075143663 135 1 21 1
2075143749 135 1 21 1
2075143835 135 1 21 1
2075143921 135 1 21 1
2075144007 135 1 21 1
2075144093 135 1 21 1
2075144179 135 1 21 1
2075144265 135 1 21 1
2075144351 135 1 21 1
2075145848 135 1 21 0
2075150571 135 1 21 1
2075150661 135 1 21 1
2075150741 135 1 21 1
2075150824 135 1 21 1
2075150911 135 1 21 1
2075150998 135 1 21 1
2075151085 135 1 21 1
2075151172 135 1 21 1
2075151255 135 1 21 1
2075151338 135 1 21 1
2075151425 135 1 21 1
2075151522 135 1 21 1
2075151608 135 1 21 1
2075151698 135 1 21 1
2075151784 135 1 21 1
2075151870 135 1 21 1
2075151956 135 1 21 1
2075152046 135 1 21 1
2075152121 135 1 21 1
2075152204 135 1 21 1
2075152287 135 1 21 1
2075152370 135 1 21 1
2075152457 135 1 21 1
2075152540 135 1 21 1
2075152623 135 1 21 1
2075154842 135 1 21 0
2075159912 135 1 21 1
2075159968 135 1 21 1
2075160086 135 1 21 1
2075160142 135 1 21 1
2075160252 135 1 21 1
2075160343 135 1 21 1
2075160487 135 1 21 1
2075160573 135 1 21 1
2075160659 135 1 21 1
2075160676 135 1 21 1
2075160770 135 1 21 1
2075160846 135 1 21 1
2075160944 135 1 21 1
2075161030 135 1 21 1
2075161120 135 1 21 1
2075161190 135 1 21 1
2075161284 135 1 21 1
2075161374 135 1 21 1
2075161460 135 1 21 1
2075161538 135 1 21 1
2075161636 135 1 21 1
2075161726 135 1 21 1
2075161885 135 1 21 1
2075161890 135 1 21 1
2075161980 135 1 21 1
2075163000 135 1 21 0
2075168665 98 0 1 1
2075168676 98 0 1 0
2075168786 98 0 1 1
2075168835 98 0 1 1
2075168918 98 0 1 1
2075169001 98 0 1 1
2075169084 98 0 1 1
2075169167 98 0 1 1
2075169250 98 0 1 1
2075169333 98 0 1 1
2075169416 98 0 1 1
2075169499 98 0 1 1
2075169582 98 0 1 1
2075169665 98 0 1 1
2075169748 98 0 1 1
2075169831 98 0 1 1
2075169914 98 0 1 1
2075170001 98 0 1 1
2075170084 98 0 1 1
2075170241 98 0 1 1
2075170250 98 0 1 1
2075170333 98 0 1 1
2075170416 98 0 1 1
2075170499 98 0 1 1
2075170582 98 0 1 1
2075170665 98 0 1 1
2075170748 98 0 1 1
2075170831 98 0 1 1
2075172542 135 1 21 1
2075172625 135 1 21 1
2075172708 135 1 21 1
2075172791 135 1 21 1
2075172874 135 1 21 1
2075172957 135 1 21 1
2075173040 135 1 21 1
2075173076 98 0 1 0
2075173123 135 1 21 1
2075173206 135 1 21 1
2075173293 135 1 21 1
2075173380 135 1 21 1
2075173463 135 1 21 1
2075173546 135 1 21 1
2075173629 135 1 21 1
2075173712 135 1 21 1
2075173795 135 1 21 1
2075173882 135 1 21 1
2075173965 135 1 21 1
2075174048 135 1 21 1
2075174135 135 1 21 1
2075174222 135 1 21 1
2075174305 135 1 21 1
2075174388 135 1 21 1
2075174471 135 1 21 1
2075174554 135 1 21 1
2075175461 135 1 21 0
2075181255 135 1 21 1
2075181342 135 1 21 1
2075181429 135 1 21 1
2075181512 135 1 21 1
2075181595 135 1 21 1
2075181617 135 1 21 0
2075181682 135 1 21 1
2075181769 135 1 21 1
2075181856 135 1 21 1
2075181943 135 1 21 1
2075182026 135 1 21 1
2075182113 135 1 21 1
2075182196 135 1 21 1
2075182279 135 1 21 1
2075182366 135 1 21 1
2075182449 135 1 21 1
2075182549 135 1 21 1
2075182619 135 1 21 1
2075182715 135 1 21 1
2075182793 135 1 21 1
2075182876 135 1 21 1
2075182972 135 1 21 1
2075183046 135 1 21 1
2075183167 135 1 21 1
2075183253 135 1 21 1
2075183299 135 1 21 1
2075183723 135 1 21 1
2075184293 135 1 21 0
2075193475 135 1 21 1
2075193558 135 1 21 1
2075193641 135 1 21 1
2075193728 135 1 21 1
2075193811 135 1 21 1
2075193898 135 1 21 1
2075193981 135 1 21 1
2075194064 135 1 21 1
2075194151 135 1 21 1
2075194238 135 1 21 1
2075194321 135 1 21 1
2075194404 135 1 21 1
2075194491 135 1 21 1
2075194574 135 1 21 1
2075194657 135 1 21 1
2075194740 135 1 21 1
2075194823 135 1 21 1
2075194910 135 1 21 1
2075194997 135 1 21 1
2075195080 135 1 21 1
2075195163 135 1 21 1
2075195246 135 1 21 1
2075195333 135 1 21 1
2075195420 135 1 21 1
2075195507 135 1 21 1
2075195985 135 1 21 0
2077300774 130 1 22 1
2077300877 130 1 22 1
2077300952 130 1 22 1
2077301056 130 1 22 1
2077301142 130 1 22 1
2077301228 130 1 22 1
2077301367 130 1 22 1
2077301387 130 1 22 1
2077301533 130 1 22 1
2077301553 130 1 22 1
2077301636 130 1 22 1
2077301761 130 1 22 1
2077301847 130 1 22 1
2077301958 130 1 22 1
2077302044 130 1 22 1
2077302063 130 1 22 1
2077302197 130 1 22 1
2077302229 130 1 22 1
2077302363 130 1 22 1
2077302449 130 1 22 1
2077302535 130 1 22 1
2077302573 130 1 22 1
2077302656 130 1 22 1
2077302746 130 1 22 1
2077302861 130 1 22 1
2077309947 130 1 22 1
2077310060 130 1 22 1
2077310117 130 1 22 1
2077310229 130 1 22 1
2077310291 130 1 22 1
2077310396 130 1 22 1
2077310461 130 1 22 1
2077310570 130 1 22 1
2077310635 130 1 22 1
2077310724 130 1 22 1
2077310890 130 1 22 1
2077310896 130 1 22 1
2077311056 130 1 22 1
2077311066 130 1 22 1
2077311222 130 1 22 1
2077311236 130 1 22 1
2077311388 130 1 22 1
2077311410 130 1 22 1
2077311554 130 1 22 1
2077311580 130 1 22 1
2077311720 130 1 22 1
2077311806 130 1 22 1
2077311897 130 1 22 1
2077311983 130 1 22 1
2077312069 130 1 22 1
2077319155 130 1 22 1
2077319241 130 1 22 1
2077319356 130 1 22 1
2077319412 130 1 22 1
2077319522 130 1 22 1
2077319578 130 1 22 1
2077319688 130 1 22 1
2077319748 130 1 22 1
2077319858 130 1 22 1
2077319918 130 1 22 1
2077320020 130 1 22 1
2077320088 130 1 22 1
2077320207 130 1 22 1
2077320258 130 1 22 1
2077320352 130 1 22 1
2077320432 130 1 22 1
2077320518 130 1 22 1
2077320684 130 1 22 1
2077320687 130 1 22 1
2077320850 130 1 22 1
2077320855 130 1 22 1
2077321016 130 1 22 1
2077321025 130 1 22 1
2077321186 130 1 22 1
2077321195 130 1 22 1
2077328332 130 1 22 1
2077328364 130 1 22 1
2077328498 130 1 22 1
2077328530 130 1 22 1
2077328664 130 1 22 1
2077328696 130 1 22 1
2077328830 130 1 22 1
2077328866 130 1 22 1
2077328996 130 1 22 1
2077329032 130 1 22 1
2077329162 130 1 22 1
2077329198 130 1 22 1
2077329328 130 1 22 1
2077329372 130 1 22 1
2077329494 130 1 22 1
2077329538 130 1 22 1
2077329660 130 1 22 1
2077329704 130 1 22 1
2077329826 130 1 22 1
2077329870 130 1 22 1
2077330008 130 1 22 1
2077330040 130 1 22 1
2077330158 130 1 22 1
2077330206 130 1 22 1
2077330324 130 1 22 1
2077330372 130 1 22 1
2077337466 130 1 22 1
2077337541 130 1 22 1
2077337632 130 1 22 1
2077337707 130 1 22 1
2077337798 130 1 22 1
2077337877 130 1 22 1
2077337964 130 1 22 1
2077338130 130 1 22 1
2077338133 130 1 22 1
2077338296 130 1 22 1
2077338299 130 1 22 1
2077338462 130 1 22 1
2077338465 130 1 22 1
2077338545 130 1 22 1
2077338632 130 1 22 1
2077338715 130 1 22 1
2077338798 130 1 22 1
2077338881 130 1 22 1
2077338968 130 1 22 1
2077339051 130 1 22 1
2077339134 130 1 22 1
2077339217 130 1 22 1
2077339304 130 1 22 1
2077339387 130 1 22 1
2077339470 130 1 22 1
2077346892 130 1 22 1
2077346975 130 1 22 1
2077347058 130 1 22 1
2077347141 130 1 22 1
2077347224 130 1 22 1
2077347307 130 1 22 1
2077347390 130 1 22 1
2077347477 130 1 22 1
2077347560 130 1 22 1
2077347643 130 1 22 1
2077347730 130 1 22 1
2077347813 130 1 22 1
2077347900 130 1 22 1
2077347987 130 1 22 1
2077348021 129 1 22 1
2077348078 130 1 22 1
2077348107 129 1 22 1
2077348161 130 1 22 1
2077348205 129 1 22 1
2077348248 130 1 22 1
2077348291 129 1 22 1
2077348376 130 1 22 1
2077348385 129 1 22 1
2077348422 130 1 22 1
2077348475 129 1 22 1
2077348486 129 1 22 1
2077348509 130 1 22 1
2077348576 129 1 22 1
2077348596 130 1 22 1
2077348670 129 1 22 1
2077348708 130 1 22 1
2077348760 129 1 22 1
2077348778 130 1 22 1
2077348854 129 1 22 1
2077348861 130 1 22 1
2077348944 129 1 22 1
2077348961 130 1 22 1
2077349038 129 1 22 1
2077349128 129 1 22 1
2077349222 129 1 22 1
2077349320 129 1 22 1
2077349410 129 1 22 1
2077349504 129 1 22 1
2077349596 129 1 22 1
2077349690 129 1 22 1
2077349776 129 1 22 1
2077349791 129 1 22 1
2077349881 129 1 22 1
2077349971 129 1 22 1
2077350069 129 1 22 1
2077356553 130 1 22 1
2077356567 130 1 22 0
2077356640 130 1 22 1
2077356723 130 1 22 1
2077356806 130 1 22 1
2077356893 130 1 22 1
2077356980 130 1 22 1
2077357063 130 1 22 1
2077357146 130 1 22 1
2077357184 129 1 22 1
2077357233 130 1 22 1
2077357274 129 1 22 1
2077357316 130 1 22 1
2077357325 129 1 22 1
2077357399 130 1 22 1
2077357408 129 1 22 1
2077357486 130 1 22 1
2077357567 129 1 22 1
2077357569 130 1 22 1
2077357578 129 1 22 1
2077357656 130 1 22 1
2077357661 129 1 22 1
2077357739 130 1 22 1
2077357748 129 1 22 1
2077357822 130 1 22 1
2077357899 129 1 22 1
2077357905 130 1 22 1
2077357918 129 1 22 1
2077357992 130 1 22 1
2077358001 129 1 22 1
2077358075 130 1 22 1
2077358084 129 1 22 1
2077358158 130 1 22 1
2077358167 129 1 22 1
2077358245 130 1 22 1
2077358318 129 1 22 1
2077358332 130 1 22 1
2077358337 129 1 22 1
2077358415 130 1 22 1
2077358420 129 1 22 1
2077358498 130 1 22 1
2077358507 129 1 22 1
2077358581 130 1 22 1
2077358650 129 1 22 1
2077358664 130 1 22 1
2077358677 129 1 22 1
2077358836 129 1 22 1
2077358847 129 1 22 1
2077358982 129 1 22 1
2077359017 129 1 22 1
2077359100 129 1 22 1
2077359183 129 1 22 1
2077366269 129 1 22 1
2077366352 129 1 22 1
2077366434 130 1 22 1
2077366435 129 1 22 1
2077366517 130 1 22 1
2077366518 129 1 22 1
2077366600 130 1 22 1
2077366601 129 1 22 1
2077366684 129 1 22 1
2077366687 130 1 22 1
2077366767 129 1 22 1
2077366770 130 1 22 1
2077366850 129 1 22 1
2077366853 130 1 22 1
2077366933 129 1 22 1
2077366936 130 1 22 1
2077367016 129 1 22 1
2077367027 130 1 22 1
2077367099 129 1 22 1
2077367110 130 1 22 1
2077367182 129 1 22 1
2077367201 130 1 22 1
2077367265 129 1 22 1
2077367288 130 1 22 1
2077367348 129 1 22 1
2077367375 130 1 22 1
2077367431 129 1 22 1
2077367462 130 1 22 1
2077367514 129 1 22 1
2077367553 130 1 22 1
2077367597 129 1 22 1
2077367640 130 1 22 1
2077367682 129 1 22 1
2077367731 130 1 22 1
2077367763 129 1 22 1
2077367814 130 1 22 1
2077367875 129 1 22 1
2077367897 130 1 22 1
2077367929 129 1 22 1
2077367984 130 1 22 1
2077368012 129 1 22 1
2077368067 130 1 22 1
2077368095 129 1 22 1
2077368150 130 1 22 1
2077368178 129 1 22 1
2077368237 130 1 22 1
2077368261 129 1 22 1
2077368320 130 1 22 1
2077368344 129 1 22 1
2077368407 130 1 22 1
2077368490 130 1 22 1
2077375483 129 1 22 1
2077375513 129 1 22 1
2077375657 129 1 22 1
2077375747 129 1 22 1
2077375766 129 1 22 1
2077375849 129 1 22 1
2077375920 130 1 22 1
2077375989 129 1 22 1
2077376007 130 1 22 1
2077376083 129 1 22 1
2077376090 130 1 22 1
2077376102 129 1 22 1
2077376173 130 1 22 1
2077376189 129 1 22 1
2077376297 130 1 22 1
2077376321 129 1 22 1
2077376343 130 1 22 1
2077376411 129 1 22 1
2077376426 130 1 22 1
2077376438 129 1 22 1
2077376513 130 1 22 1
2077376574 129 1 22 1
2077376596 130 1 22 1
2077376604 129 1 22 1
2077376683 130 1 22 1
2077376736 129 1 22 1
2077376766 130 1 22 1
2077376770 129 1 22 1
2077376849 130 1 22 1
2077376902 129 1 22 1
2077376936 129 1 22 1
2077376936 130 1 22 1
2077377019 130 1 22 1
2077377072 129 1 22 1
2077377102 130 1 22 1
2077377162 129 1 22 1
2077377185 129 1 22 1
2077377189 130 1 22 1
2077377272 130 1 22 1
2077377321 129 1 22 1
2077377355 130 1 22 1
2077377411 129 1 22 1
2077377434 129 1 22 1
2077377446 130 1 22 1
2077377517 129 1 22 1
2077377529 130 1 22 1
2077377612 130 1 22 1
2077377695 130 1 22 1
2077377782 130 1 22 1
2077377865 130 1 22 1
2077377948 130 1 22 1
2077382901 130 1 22 0
2077384603 129 1 22 1
2077384686 129 1 22 1
2077384769 129 1 22 1
2077384892 129 1 22 1
2077384935 129 1 22 1
2077385086 129 1 22 1
2077385101 129 1 22 1
2077385260 129 1 22 1
2077385267 129 1 22 1
2077385357 129 1 22 1
2077385474 129 1 22 1
2077385516 129 1 22 1
2077385599 129 1 22 1
2077385726 129 1 22 1
2077385816 129 1 22 1
2077385848 129 1 22 1
2077385931 129 1 22 1
2077385942 130 1 22 1
2077386003 130 1 22 1
2077386014 129 1 22 1
2077386090 130 1 22 1
2077386137 129 1 22 1
2077386173 130 1 22 1
2077386185 129 1 22 1
2077386260 130 1 22 1
2077386275 129 1 22 1
2077386347 130 1 22 1
2077386354 129 1 22 1
2077386434 130 1 22 1
2077386441 129 1 22 1
2077386517 130 1 22 1
2077386556 129 1 22 1
2077386600 130 1 22 1
2077386611 129 1 22 1
2077386687 130 1 22 1
2077386770 130 1 22 1
2077386853 130 1 22 1
2077386940 130 1 22 1
2077387023 130 1 22 1
2077387110 130 1 22 1
2077387193 130 1 22 1
2077387276 130 1 22 1
2077387363 130 1 22 1
2077387446 130 1 22 1
2077387529 130 1 22 1
2077387620 130 1 22 1
2077387703 130 1 22 1
2077387786 130 1 22 1
2077387873 130 1 22 1
2077387956 130 1 22 1
2077391969 130 1 22 0
2077393697 129 1 22 1
2077393780 129 1 22 1
2077393863 129 1 22 1
2077394001 129 1 22 1
2077394029 129 1 22 1
2077394112 129 1 22 1
2077394195 129 1 22 1
2077394278 129 1 22 1
2077394361 129 1 22 1
2077394444 129 1 22 1
2077394527 129 1 22 1
2077394610 129 1 22 1
2077394693 129 1 22 1
2077394780 129 1 22 1
2077394863 129 1 22 1
2077394963 129 1 22 1
2077395033 129 1 22 1
2077395120 129 1 22 1
2077395203 129 1 22 1
2077395241 130 1 22 1
2077395286 129 1 22 1
2077395324 130 1 22 1
2077395369 129 1 22 1
2077395415 130 1 22 1
2077395456 129 1 22 1
2077395498 130 1 22 1
2077395539 129 1 22 1
2077395581 130 1 22 1
2077395626 129 1 22 1
2077395668 130 1 22 1
2077395709 129 1 22 1
2077395751 130 1 22 1
2077395834 130 1 22 1
2077395925 130 1 22 1
2077396008 130 1 22 1
2077396091 130 1 22 1
2077396178 130 1 22 1
2077396261 130 1 22 1
2077396344 130 1 22 1
2077396427 130 1 22 1
2077396514 130 1 22 1
2077396601 130 1 22 1
2077396688 130 1 22 1
2077396771 130 1 22 1
2077396858 130 1 22 1
2077396941 130 1 22 1
2077397032 130 1 22 1
2077397115 130 1 22 1
2077397198 130 1 22 1
2077397281 130 1 22 1
2077400783 130 1 22 0
2077402844 129 1 22 1
2077402946 129 1 22 1
2077403044 129 1 22 1
2077403134 129 1 22 1
2077403145 129 1 22 1
2077403231 129 1 22 1
2077403325 129 1 22 1
2077403419 129 1 22 1
2077403509 129 1 22 1
2077403603 129 1 22 1
2077403693 129 1 22 1
2077403787 129 1 22 1
2077403877 129 1 22 1
2077403967 129 1 22 1
2077404057 129 1 22 1
2077404072 129 1 22 1
2077404162 129 1 22 1
2077404256 129 1 22 1
2077404346 129 1 22 1
2077404432 129 1 22 1
2077404447 129 1 22 1
2077404593 130 1 22 1
2077404616 129 1 22 1
2077404647 129 1 22 1
2077404665 130 1 22 0
2077404676 130 1 22 1
2077404733 129 1 22 1
2077404767 130 1 22 1
2077404843 129 1 22 1
2077404858 130 1 22 1
2077404937 129 1 22 1
2077404953 130 1 22 1
2077405048 130 1 22 1
2077405139 130 1 22 1
2077405226 130 1 22 1
2077405313 130 1 22 1
2077405404 130 1 22 1
2077405491 130 1 22 1
2077405578 130 1 22 1
2077405665 130 1 22 1
2077405752 130 1 22 1
2077405839 130 1 22 1
2077405926 130 1 22 1
2077406017 130 1 22 1
2077406100 130 1 22 1
2077406191 130 1 22 1
2077406274 130 1 22 1
2077406357 130 1 22 1
2077406444 130 1 22 1
2077406527 130 1 22 1
2077406618 130 1 22 1
2077406751 130 1 22 1
2077408713 130 1 22 0
2077412073 129 1 22 1
2077412163 129 1 22 1
2077412257 129 1 22 1
2077412343 129 1 22 1
2077412387 129 1 22 1
2077412563 129 1 22 1
2077412653 129 1 22 1
2077412743 129 1 22 1
2077412759 129 1 22 1
2077412772 130 1 22 1
2077412775 130 1 22 0
2077412895 129 1 22 1
2077412942 130 1 22 1
2077412959 130 1 22 0
2077412989 129 1 22 1
2077413025 130 1 22 1
2077413079 129 1 22 1
2077413112 130 1 22 1
2077413165 129 1 22 1
2077413192 129 1 22 1
2077413199 130 1 22 1
2077413282 130 1 22 1
2077413314 129 1 22 1
2077413373 130 1 22 1
2077413404 129 1 22 1
2077413456 130 1 22 1
2077413494 129 1 22 1
2077413543 130 1 22 1
2077413580 129 1 22 1
2077413626 130 1 22 1
2077413674 129 1 22 1
2077413713 130 1 22 1
2077413796 130 1 22 1
2077413808 129 1 22 1
2077413887 130 1 22 1
2077413898 129 1 22 1
2077413970 130 1 22 1
2077413988 129 1 22 1
2077414057 130 1 22 1
2077414074 129 1 22 1
2077414090 129 1 22 1
2077414144 130 1 22 1
2077414227 130 1 22 1
2077414314 130 1 22 1
2077414397 130 1 22 1
2077414488 130 1 22 1
2077414571 130 1 22 1
2077414658 130 1 22 1
2077414745 130 1 22 1
2077414828 130 1 22 1
2077414915 130 1 22 1
2077415005 130 1 22 1
2077415085 130 1 22 1
2077417319 130 1 22 0
2077421184 129 1 22 1
2077421274 129 1 22 1
2077421360 129 1 22 1
2077421450 129 1 22 1
2077421540 129 1 22 1
2077421630 129 1 22 1
2077421720 129 1 22 1
2077421806 129 1 22 1
2077421892 129 1 22 1
2077421986 129 1 22 1
2077422076 129 1 22 1
2077422170 129 1 22 1
2077422181 129 1 22 1
2077422267 129 1 22 1
2077422357 129 1 22 1
2077422443 129 1 22 1
2077422533 129 1 22 1
2077422544 130 1 22 1
2077422548 130 1 22 0
2077422623 129 1 22 1
2077422627 130 1 22 1
2077422631 130 1 22 0
2077422713 129 1 22 1
2077422714 130 1 22 1
2077422717 130 1 22 0
2077422797 130 1 22 1
2077422799 129 1 22 1
2077422806 129 1 22 1
2077422880 130 1 22 1
2077422896 129 1 22 1
2077422963 130 1 22 1
2077422966 130 1 22 0
2077422982 129 1 22 1
2077423072 129 1 22 1
2077423133 130 1 22 1
2077423162 129 1 22 1
2077423216 130 1 22 1
2077423248 129 1 22 1
2077423251 129 1 22 1
2077423303 130 1 22 1
2077423386 130 1 22 1
2077423473 130 1 22 1
2077423560 130 1 22 1
2077423647 130 1 22 1
2077423730 130 1 22 1
2077423817 130 1 22 1
2077423900 130 1 22 1
2077423987 130 1 22 1
2077424074 130 1 22 1
2077424161 130 1 22 1
2077424244 130 1 22 1
2077424331 130 1 22 1
2077424414 130 1 22 1
2077424501 130 1 22 1
2077424588 130 1 22 1
2077424675 130 1 22 1
2077424762 130 1 22 1
2077424845 130 1 22 1
2077425052 130 1 22 1
2077425139 130 1 22 1
2077425536 130 1 22 0
2077429078 42 0 1 1
2077429165 42 0 1 1
2077429252 42 0 1 1
2077429339 42 0 1 1
2077429426 42 0 1 1
2077429513 42 0 1 1
2077429600 42 0 1 1
2077429687 42 0 1 1
2077429774 42 0 1 1
2077429861 42 0 1 1
2077429944 42 0 1 1
2077430027 42 0 1 1
2077430110 42 0 1 1
2077430193 42 0 1 1
2077430276 42 0 1 1
2077430337 129 1 22 1
2077430359 42 0 1 1
2077430442 42 0 1 1
2077430488 129 1 22 1
2077430525 42 0 1 1
2077430578 129 1 22 1
2077430589 129 1 22 1
2077430608 42 0 1 1
2077430691 42 0 1 1
2077430705 129 1 22 1
2077430708 129 1 22 1
2077430774 42 0 1 1
2077430802 129 1 22 1
2077430857 42 0 1 1
2077430892 129 1 22 1
2077430940 42 0 1 1
2077430990 129 1 22 1
2077431023 42 0 1 1
2077431080 129 1 22 1
2077431102 129 1 22 1
2077431106 42 0 1 1
2077431243 129 1 22 1
2077431338 129 1 22 1
2077431351 129 1 22 1
2077431484 129 1 22 1
2077431487 129 1 22 1
2077434362 130 1 22 1
2077434445 130 1 22 1
2077434528 130 1 22 1
2077434615 130 1 22 1
2077434698 130 1 22 1
2077434785 130 1 22 1
2077434868 130 1 22 1
2077434951 130 1 22 1
2077435034 130 1 22 1
2077435064 130 1 22 1
2077435147 130 1 22 1
2077435234 130 1 22 1
2077435317 130 1 22 1
2077435400 130 1 22 1
2077435441 129 1 22 0
2077435483 130 1 22 1
2077435566 130 1 22 1
2077435649 130 1 22 1
2077435740 130 1 22 1
2077435823 130 1 22 1
2077435906 130 1 22 1
2077435989 130 1 22 1
2077436072 130 1 22 1
2077436155 130 1 22 1
2077436242 130 1 22 1
2077436329 130 1 22 1
2077436412 130 1 22 1
2077438192 42 0 1 1
2077438275 42 0 1 1
2077438358 42 0 1 1
2077438441 42 0 1 1
2077438524 42 0 1 1
2077438607 42 0 1 1
2077438690 42 0 1 1
2077438773 42 0 1 1
2077438856 42 0 1 1
2077438939 42 0 1 1
2077439022 42 0 1 1
2077439105 42 0 1 1
2077439188 42 0 1 1
2077439271 42 0 1 1
2077439354 42 0 1 1
2077439437 42 0 1 1
2077439520 42 0 1 1
2077439603 42 0 1 1
2077439686 42 0 1 1
2077439769 42 0 1 1
2077439852 42 0 1 1
2077439935 42 0 1 1
2077440018 42 0 1 1
2077440101 42 0 1 1
2077440184 42 0 1 1
2077440267 42 0 1 1
2077440887 130 1 22 0
2077457329 135 1 20 1
2077457332 135 1 20 0
2077457418 135 1 20 1
2077457508 135 1 20 1
2077457594 135 1 20 1
2077457715 135 1 20 1
2077457805 135 1 20 1
2077457891 135 1 20 1
2077457899 135 1 20 1
2077457985 135 1 20 1
2077458075 135 1 20 1
2077458161 135 1 20 1
2077458247 135 1 20 1
2077458333 135 1 20 1
2077458423 135 1 20 1
2077458509 135 1 20 1
2077458595 135 1 20 1
2077458681 135 1 20 1
2077458767 135 1 20 1
2077458857 135 1 20 1
2077458943 135 1 20 1
2077459029 135 1 20 1
2077459119 135 1 20 1
2077459205 135 1 20 1
2077459291 135 1 20 1
2077459377 135 1 20 1
2077459467 135 1 20 1
2077459553 135 1 20 1
2077461996 135 1 20 0
2077465952 135 1 20 1
2077466038 135 1 20 1
2077466124 135 1 20 1
2077466210 135 1 20 1
2077466300 135 1 20 1
2077466386 135 1 20 1
2077466472 135 1 20 1
2077466558 135 1 20 1
2077466648 135 1 20 1
2077466734 135 1 20 1
2077466820 135 1 20 1
2077466906 135 1 20 1
2077466909 135 1 20 1
2077466995 135 1 20 1
2077467085 135 1 20 1
2077467171 135 1 20 1
2077467257 135 1 20 1
2077467347 135 1 20 1
2077467433 135 1 20 1
2077467519 135 1 20 1
2077467613 135 1 20 1
2077467699 135 1 20 1
2077467785 135 1 20 1
2077467875 135 1 20 1
2077467965 135 1 20 1
2077468051 135 1 20 1
2077471114 135 1 20 0
2077475256 135 1 20 1
2077475425 135 1 20 1
2077475515 135 1 20 1
2077475605 135 1 20 1
2077475695 135 1 20 1
2077475785 135 1 20 1
2077475875 135 1 20 1
2077475961 135 1 20 1
2077476051 135 1 20 1
2077476141 135 1 20 1
2077476231 135 1 20 1
2077476325 135 1 20 1
2077476415 135 1 20 1
2077476505 135 1 20 1
2077476595 135 1 20 1
2077476689 135 1 20 1
2077476775 135 1 20 1
2077476865 135 1 20 1
2077476955 135 1 20 1
2077477049 135 1 20 1
2077477135 135 1 20 1
2077477225 135 1 20 1
2077477319 135 1 20 1
2077479421 135 1 20 0
2077483348 135 1 20 1
2077483351 135 1 20 0
2077483471 135 1 20 1
2077483561 135 1 20 1
2077483651 135 1 20 0
2077483654 135 1 20 1
2077483744 135 1 20 1
2077483834 135 1 20 1
2077483920 135 1 20 1
2077484010 135 1 20 1
2077484100 135 1 20 1
2077484186 135 1 20 1
2077484272 135 1 20 1
2077484362 135 1 20 1
2077484452 135 1 20 1
2077484542 135 1 20 1
2077484632 135 1 20 1
2077484718 135 1 20 1
2077484808 135 1 20 1
2077484894 135 1 20 1
2077484980 135 1 20 1
2077485066 135 1 20 1
2077485156 135 1 20 1
2077485242 135 1 20 1
2077485328 135 1 20 1
2077485418 135 1 20 1
2077485504 135 1 20 1
2077485590 135 1 20 1
2077485763 135 1 20 1
2077488118 135 1 20 0
2077492004 135 1 20 1
2077492007 135 1 20 0
2077492097 135 1 20 1
2077492183 135 1 20 1
2077492273 135 1 20 1
2077492363 135 1 20 1
2077492453 135 1 20 1
2077492539 135 1 20 1
2077492629 135 1 20 1
2077492715 135 1 20 1
2077492809 135 1 20 1
2077492895 135 1 20 1
2077492981 135 1 20 1
2077493067 135 1 20 1
2077493162 135 1 20 1
2077493248 135 1 20 1
2077493334 135 1 20 1
2077493424 135 1 20 1
2077493442 135 1 20 1
2077493593 135 1 20 1
2077493683 135 1 20 1
2077493769 135 1 20 1
2077493855 135 1 20 1
2077493877 135 1 20 1
2077494024 135 1 20 1
2077494114 135 1 20 1
2077494200 135 1 20 1
2077496930 135 1 20 0
2077500687 135 1 20 1
2077500773 135 1 20 0
2077500776 135 1 20 1
2077500862 135 1 20 0
2077500865 135 1 20 1
2077500951 135 1 20 1
2077501041 135 1 20 1
2077501127 135 1 20 1
2077501213 135 1 20 1
2077501299 135 1 20 1
2077501385 135 1 20 1
2077501471 135 1 20 1
2077501561 135 1 20 1
2077501647 135 1 20 1
2077501733 135 1 20 1
2077501819 135 1 20 1
2077501905 135 1 20 1
2077501991 135 1 20 1
2077502081 135 1 20 1
2077502087 135 1 20 1
2077502174 135 1 20 1
2077502233 135 1 20 1
2077502344 135 1 20 1
2077502399 135 1 20 1
2077502519 135 1 20 1
2077502565 135 1 20 1
2077502688 135 1 20 1
2077502775 135 1 20 1
2077502859 135 1 20 1
2077502949 135 1 20 1
2077504584 135 1 20 0
2077508795 135 1 20 1
2077508881 135 1 20 1
2077508915 135 1 20 1
2077508998 135 1 20 1
2077509135 135 1 20 1
2077509164 135 1 20 1
2077509305 135 1 20 1
2077509330 135 1 20 1
2077509413 135 1 20 1
2077509562 135 1 20 1
2077509579 135 1 20 1
2077509732 135 1 20 1
2077509745 135 1 20 1
2077509828 135 1 20 1
2077509911 135 1 20 1
2077510072 135 1 20 1
2077510079 135 1 20 1
2077510242 135 1 20 1
2077510249 135 1 20 1
2077510326 135 1 20 1
2077510409 135 1 20 1
2077510503 135 1 20 1
2077510575 135 1 20 1
2077510658 135 1 20 1
2077510741 135 1 20 1
2077510855 135 1 20 1
2077512501 135 1 20 0
2077517089 135 1 20 1
2077517153 135 1 20 0
2077517172 135 1 20 1
2077517259 135 1 20 1
2077517424 135 1 20 1
2077517511 135 1 20 1
2077517514 135 1 20 1
2077517602 135 1 20 1
2077517693 135 1 20 1
2077517779 135 1 20 1
2077517871 135 1 20 1
2077517961 135 1 20 1
2077518047 135 1 20 1
2077518133 135 1 20 1
2077518223 135 1 20 1
2077518313 135 1 20 1
2077518374 135 1 20 1
2077518484 135 1 20 1
2077518571 135 1 20 1
2077518662 135 1 20 1
2077518748 135 1 20 1
2077518874 135 1 20 1
2077518896 135 1 20 1
2077518979 135 1 20 1
2077519070 135 1 20 1
2077519153 135 1 20 1
2077519240 135 1 20 1
2077520568 135 1 20 0
2077532159 135 1 20 1
2077532162 135 1 20 0
2077532172 135 1 20 1
2077532241 135 1 20 0
2077532255 135 1 20 1
2077532338 135 1 20 1
2077532421 135 1 20 1
2077532504 135 1 20 1
2077532587 135 1 20 1
2077532670 135 1 20 1
2077532753 135 1 20 1
2077532836 135 1 20 1
2077532919 135 1 20 1
2077533002 135 1 20 1
2077533146 135 1 20 1
2077533168 135 1 20 1
2077533320 135 1 20 1
2077533334 135 1 20 1
2077533494 135 1 20 1
2077533500 135 1 20 1
2077533583 135 1 20 1
2077533669 135 1 20 1
2077533749 135 1 20 1
2077533832 135 1 20 1
2077533915 135 1 20 1
2077533998 135 1 20 1
2077534081 135 1 20 1
2077534164 135 1 20 1
2077534248 135 1 20 1
2077534404 135 1 20 1
2077535651 135 1 20 0
2077541893 135 1 20 1
2077541896 135 1 20 0
2077541903 135 1 20 1
2077541906 135 1 20 0
2077541992 135 1 20 1
2077542078 135 1 20 1
2077542164 135 1 20 1
2077542254 135 1 20 1
2077542340 135 1 20 1
2077542430 135 1 20 1
2077542516 135 1 20 1
2077542645 135 1 20 1
2077542652 135 1 20 1
2077542729 135 1 20 1
2077542815 135 1 20 1
2077542895 135 1 20 1
2077542985 135 1 20 1
2077543061 135 1 20 1
2077543151 135 1 20 1
2077543227 135 1 20 1
2077543329 135 1 20 1
2077543415 135 1 20 1
2077543501 135 1 20 1
2077543567 135 1 20 1
2077543657 135 1 20 1
2077543733 135 1 20 1
2077543827 135 1 20 1
2077543899 135 1 20 1
2077543993 135 1 20 1
2077544102 135 1 20 1
2077547962 135 1 20 0
2078082890 45 0 1 1
2078082893 45 0 1 0
2078083012 45 0 1 1
2078083104 45 0 1 0
2078083179 45 0 1 1
2078083270 45 0 1 0
2078083346 45 0 1 1
2078083440 45 0 1 0
2078083513 45 0 1 1
2078083680 45 0 1 1
2078083847 45 0 1 1
2078083989 45 0 1 1
2078084076 45 0 1 1
2078084243 45 0 1 1
2078084410 45 0 1 1
2078084577 45 0 1 1
2078084744 45 0 1 1
2078084911 45 0 1 1
2078085078 45 0 1 1
2078085245 45 0 1 1
2078085412 45 0 1 1
2078086282 45 0 1 0
2079401202 135 1 21 1
2079401223 135 1 21 0
2079401277 135 1 21 1
2079401360 135 1 21 1
2079401459 135 1 21 1
2079401526 135 1 21 1
2079401609 135 1 21 1
2079401692 135 1 21 1
2079401811 135 1 21 1
2079401858 135 1 21 1
2079401941 135 1 21 1
2079402024 135 1 21 1
2079402107 135 1 21 1
2079402265 135 1 21 1
2079402273 135 1 21 1
2079402356 135 1 21 1
2079402442 135 1 21 1
2079402522 135 1 21 1
2079402609 135 1 21 1
2079402688 135 1 21 1
2079402783 135 1 21 1
2079402869 135 1 21 1
2079402955 135 1 21 1
2079403020 135 1 21 1
2079403103 135 1 21 1
2079403202 135 1 21 1
2079403269 135 1 21 1
2079403352 135 1 21 1
2079405871 135 1 21 0
2079410845 135 1 21 1
2079410848 135 1 21 0
2079410892 135 1 21 1
2079410934 135 1 21 0
2079410975 135 1 21 1
2079411106 135 1 21 1
2079411145 135 1 21 1
2079411228 135 1 21 1
2079411335 135 1 21 1
2079411421 135 1 21 1
2079411481 135 1 21 1
2079411624 135 1 21 1
2079411651 135 1 21 1
2079411742 135 1 21 1
2079411889 135 1 21 1
2079411912 135 1 21 1
2079411999 135 1 21 1
2079412146 135 1 21 1
2079412173 135 1 21 1
2079412256 135 1 21 1
2079412407 135 1 21 1
2079412422 135 1 21 1
2079412505 135 1 21 1
2079412668 135 1 21 1
2079412675 135 1 21 1
2079412787 135 1 21 1
2079412845 135 1 21 1
2079413012 135 1 21 1
2079413020 135 1 21 1
2079416357 135 1 21 0
2079420123 135 1 21 1
2079420216 135 1 21 0
2079420219 135 1 21 1
2079420305 135 1 21 1
2079420376 135 1 21 1
2079420459 135 1 21 1
2079420542 135 1 21 1
2079420651 135 1 21 1
2079420720 135 1 21 1
2079420803 135 1 21 1
2079420890 135 1 21 1
2079420995 135 1 21 1
2079421081 135 1 21 1
2079421143 135 1 21 1
2079421226 135 1 21 1
2079421339 135 1 21 1
2079421396 135 1 21 1
2079421487 135 1 21 1
2079421574 135 1 21 1
2079421683 135 1 21 1
2079421752 135 1 21 1
2079421839 135 1 21 1
2079421926 135 1 21 1
2079422039 135 1 21 1
2079422100 135 1 21 1
2079422191 135 1 21 1
2079422383 135 1 21 1
2079424943 135 1 21 0
2079429021 135 1 21 1
2079429041 135 1 21 0
2079429187 135 1 21 1
2079429286 135 1 21 0
2079429289 135 1 21 1
2079429357 135 1 21 1
2079429407 135 1 21 1
2079429425 135 1 21 0
2079429490 135 1 21 1
2079429577 135 1 21 1
2079429709 135 1 21 1
2079429743 135 1 21 1
2079429830 135 1 21 1
2079429913 135 1 21 1
2079430045 135 1 21 1
2079430131 135 1 21 1
2079430166 135 1 21 1
2079430249 135 1 21 1
2079430381 135 1 21 1
2079430419 135 1 21 1
2079430502 135 1 21 1
2079430589 135 1 21 1
2079430721 135 1 21 1
2079430755 135 1 21 1
2079430842 135 1 21 1
2079430925 135 1 21 1
2079431065 135 1 21 1
2079431095 135 1 21 1
2079431178 135 1 21 1
2079431265 135 1 21 1
2079431401 135 1 21 1
2079431511 135 1 21 1
2079433579 135 1 21 0
2079437132 135 1 21 1
2079437223 135 1 21 1
2079437324 135 1 21 1
2079437397 135 1 21 1
2079437480 135 1 21 1
2079437571 135 1 21 1
2079437654 135 1 21 1
2079437745 135 1 21 1
2079437828 135 1 21 1
2079437915 135 1 21 1
2079438075 135 1 21 1
2079438161 135 1 21 1
2079438168 135 1 21 1
2079438251 135 1 21 1
2079438415 135 1 21 1
2079438425 135 1 21 1
2079438581 135 1 21 1
2079438595 135 1 21 1
2079438678 135 1 21 1
2079438834 135 1 21 1
2079438920 135 1 21 1
2079438935 135 1 21 1
2079439087 135 1 21 1
2079439105 135 1 21 1
2079439192 135 1 21 1
2079441308 135 1 21 0
2079445884 135 1 21 1
2079445970 135 1 21 0
2079445973 135 1 21 1
2079445979 135 1 21 0
2079446011 135 1 21 1
2079446133 135 1 21 0
2079446136 135 1 21 1
2079446222 135 1 21 1
2079446308 135 1 21 1
2079446394 135 1 21 1
2079446480 135 1 21 1
2079446566 135 1 21 1
2079446652 135 1 21 1
2079446683 135 1 21 1
2079446797 135 1 21 1
2079446883 135 1 21 1
2079446969 135 1 21 1
2079447019 135 1 21 1
2079447137 135 1 21 1
2079447223 135 1 21 1
2079447311 135 1 21 1
2079447397 135 1 21 1
2079447485 135 1 21 1
2079447549 135 1 21 1
2079447651 135 1 21 1
2079447738 135 1 21 1
2079447825 135 1 21 1
2079447897 135 1 21 1
2079448086 135 1 21 1
2079448255 135 1 21 1
2079449462 135 1 21 0
2079456646 135 1 21 1
2079456649 135 1 21 0
2079456668 135 1 21 1
2079456683 135 1 21 0
2079456751 135 1 21 1
2079456766 135 1 21 0
2079456834 135 1 21 1
2079456849 135 1 21 0
2079456942 135 1 21 1
2079457028 135 1 21 0
2079457031 135 1 21 1
2079457034 135 1 21 0
2079457091 135 1 21 1
2079457144 135 1 21 0
2079457239 135 1 21 1
2079457242 135 1 21 0
2079457265 135 1 21 1
2079457322 135 1 21 0
2079457435 135 1 21 1
2079457488 135 1 21 0
2079457575 135 1 21 1
2079457596 135 1 21 0
2079457601 135 1 21 1
2079457679 135 1 21 0
2079457684 135 1 21 1
2079457737 135 1 21 0
2079457911 135 1 21 1
2079457937 135 1 21 1
2079458011 135 1 21 0
2079458020 135 1 21 1
2079458098 135 1 21 0
2079458107 135 1 21 1
2079458124 135 1 21 1
2079458247 135 1 21 0
2079458250 135 1 21 1
2079458294 135 1 21 1
2079458377 135 1 21 1
2079458500 135 1 21 1
2079458602 135 1 21 1
2079458626 135 1 21 1
2079458713 135 1 21 1
2079458836 135 1 21 1
2079458922 135 1 21 1
2079459008 135 1 21 1
2079459177 135 1 21 1
2079459263 135 1 21 1
2079459349 135 1 21 1
2079459435 135 1 21 1
2079459491 135 1 21 1
2079459591 135 1 21 1
2079459657 135 1 21 1
2079459844 135 1 21 1
2079459847 135 1 21 0
2079459850 135 1 21 1
2079459935 135 1 21 1
2079460007 135 1 21 0
2079467834 135 1 21 1
2079467837 135 1 21 0
2079467923 135 1 21 1
2079468013 135 1 21 1
2079468016 135 1 21 0
2079468102 135 1 21 1
2079468105 135 1 21 0
2079468191 135 1 21 1
2079468277 135 1 21 1
2079468363 135 1 21 1
2079468449 135 1 21 1
2079468535 135 1 21 1
2079468538 135 1 21 0
2079468541 135 1 21 1
2079468627 135 1 21 0
2079468630 135 1 21 1
2079468716 135 1 21 0
2079468719 135 1 21 1
2079468722 135 1 21 0
2079468808 135 1 21 1
2079468811 135 1 21 0
2079468986 135 1 21 1
2079468989 135 1 21 0
2079469158 135 1 21 1
2079469244 135 1 21 1
2079469330 135 1 21 0
2079469333 135 1 21 1
2079469336 135 1 21 0
2079469422 135 1 21 1
2079469425 135 1 21 0
2079968053 129 1 21 1
2079968112 129 1 21 1
2079968195 129 1 21 1
2079968278 129 1 21 1
2079968358 129 1 21 0
2079968361 129 1 21 1
2079968444 129 1 21 1
2079968527 129 1 21 1
2079968610 129 1 21 1
2079968693 129 1 21 1
2079968776 129 1 21 1
2079968859 129 1 21 1
2079968942 129 1 21 1
2079969025 129 1 21 1
2079969108 129 1 21 1
2079969664 129 1 21 0
2079969695 129 1 21 1
2079969722 129 1 21 0
2080436402 133 1 20 1
2080436492 133 1 20 0
2080436495 133 1 20 1
2080436581 133 1 20 1
2080436671 133 1 20 1
2080436757 133 1 20 0
2080436760 133 1 20 1
2080436846 133 1 20 1
2080436932 133 1 20 1
2080437022 133 1 20 1
2080437108 133 1 20 1
2080437115 133 1 20 1
2080437201 133 1 20 1
2080437287 133 1 20 1
2080437373 133 1 20 1
2080437467 133 1 20 1
2080437553 133 1 20 1
2080437639 133 1 20 1
2080437725 133 1 20 1
2080437861 133 1 20 1
2080437947 133 1 20 1
2080438033 133 1 20 1
2080438036 133 1 20 1
2080438122 133 1 20 1
2080438208 133 1 20 1
2080438298 133 1 20 1
2080438384 133 1 20 1
2080438470 133 1 20 1
2080438643 133 1 20 1
2080438895 133 1 20 1
2080440155 133 1 20 0
2080445419 133 1 20 1
2080445444 133 1 20 0
2080445502 133 1 20 1
2080445531 133 1 20 0
2080445585 133 1 20 1
2080445588 133 1 20 0
2080445672 133 1 20 1
2080445701 133 1 20 0
2080445755 133 1 20 1
2080445838 133 1 20 1
2080445921 133 1 20 1
2080446004 133 1 20 1
2080446087 133 1 20 1
2080446170 133 1 20 1
2080446257 133 1 20 1
2080446340 133 1 20 1
2080446423 133 1 20 1
2080446506 133 1 20 1
2080446589 133 1 20 1
2080446672 133 1 20 1
2080446759 133 1 20 1
2080446842 133 1 20 1
2080446925 133 1 20 1
2080446988 74 0 1 1
2080447012 133 1 20 1
2080447071 74 0 1 1
2080447095 133 1 20 1
2080447154 74 0 1 1
2080447182 133 1 20 1
2080447237 74 0 1 1
2080447269 133 1 20 1
2080447320 74 0 1 1
2080447364 133 1 20 1
2080447403 74 0 1 1
2080447451 133 1 20 1
2080447486 74 0 1 1
2080447534 133 1 20 1
2080447569 74 0 1 1
2080447617 133 1 20 1
2080447700 133 1 20 1
2080447736 74 0 1 1
2080447787 133 1 20 1
2080447903 74 0 1 1
2080448070 74 0 1 1
2080448237 74 0 1 1
2080448404 74 0 1 1
2080448571 74 0 1 1
2080448738 74 0 1 1
2080448905 74 0 1 1
2080449072 74 0 1 1
2080449355 133 1 20 0
2080449437 74 0 1 0
2080454303 133 1 20 1
2080454326 133 1 20 0
2080454386 133 1 20 1
2080454389 133 1 20 0
2080454469 133 1 20 1
2080454496 133 1 20 0
2080454556 133 1 20 1
2080454579 133 1 20 0
2080454639 133 1 20 1
2080454722 133 1 20 1
2080454805 133 1 20 1
2080454888 133 1 20 1
2080454971 133 1 20 1
2080455054 133 1 20 1
2080455141 133 1 20 1
2080455224 133 1 20 1
2080455307 133 1 20 1
2080455390 133 1 20 1
2080455473 133 1 20 1
2080455556 133 1 20 1
2080455639 133 1 20 1
2080455726 133 1 20 1
2080455809 133 1 20 1
2080455892 133 1 20 1
2080455975 133 1 20 1
2080456058 133 1 20 1
2080456141 133 1 20 1
2080456224 133 1 20 1
2080456311 133 1 20 1
2080456414 133 1 20 1
2080456495 133 1 20 1
2080456582 133 1 20 1
2080456667 133 1 20 1
2080458169 133 1 20 0
2080464078 133 1 20 1
2080464164 133 1 20 0
2080464167 133 1 20 1
2080464253 133 1 20 1
2080464339 133 1 20 1
2080464425 133 1 20 1
2080464511 133 1 20 1
2080464597 133 1 20 1
2080464683 133 1 20 1
2080464703 133 1 20 1
2080464815 133 1 20 1
2080464877 133 1 20 1
2080464960 133 1 20 1
2080465047 133 1 20 1
2080465130 133 1 20 1
2080465213 133 1 20 1
2080465296 133 1 20 1
2080465383 133 1 20 1
2080465466 133 1 20 1
2080465549 133 1 20 1
2080465632 133 1 20 1
2080465715 133 1 20 1
2080465798 133 1 20 1
2080465881 133 1 20 1
2080465964 133 1 20 1
2080466051 133 1 20 1
2080466134 133 1 20 1
2080466250 133 1 20 1
2080467021 133 1 20 0
2080473198 133 1 20 1
2080473318 133 1 20 1
2080473364 133 1 20 1
2080473447 133 1 20 1
2080473530 133 1 20 1
2080473613 133 1 20 1
2080473733 133 1 20 1
2080473779 133 1 20 1
2080473866 133 1 20 1
2080473949 133 1 20 1
2080474036 133 1 20 1
2080474148 133 1 20 1
2080474214 133 1 20 1
2080474297 133 1 20 1
2080474388 133 1 20 1
2080474475 133 1 20 1
2080474576 133 1 20 1
2080474649 133 1 20 1
2080474732 133 1 20 1
2080474886 133 1 20 1
2080474972 133 1 20 1
2080475058 133 1 20 1
2080475144 133 1 20 1
2080475147 133 1 20 1
2080475233 133 1 20 1
2080476981 133 1 20 0
2080480672 133 1 20 1
2080480735 133 1 20 0
2080480755 133 1 20 1
2080480842 133 1 20 1
2080480925 133 1 20 1
2080481012 133 1 20 1
2080481172 133 1 20 1
2080481178 133 1 20 1
2080481265 133 1 20 1
2080481348 133 1 20 1
2080481431 133 1 20 1
2080481518 133 1 20 1
2080481650 133 1 20 1
2080481688 133 1 20 1
2080481771 133 1 20 1
2080481858 133 1 20 1
2080481941 133 1 20 1
2080482028 133 1 20 1
2080482192 133 1 20 1
2080482195 133 1 20 1
2080482281 133 1 20 1
2080482368 133 1 20 1
2080482451 133 1 20 1
2080482534 133 1 20 1
2080482666 133 1 20 1
2080482704 133 1 20 1
2080482821 133 1 20 1
2080483722 133 1 20 0
2080487798 132 1 21 1
2080487850 132 1 21 0
2080487881 132 1 21 1
2080487974 132 1 21 0
2080487977 132 1 21 1
2080488047 132 1 21 1
2080488140 132 1 21 1
2080488269 132 1 21 1
2080488296 132 1 21 1
2080488397 132 1 21 1
2080488462 132 1 21 1
2080488545 132 1 21 1
2080488650 132 1 21 1
2080488711 132 1 21 1
2080488794 132 1 21 1
2080488877 132 1 21 1
2080488982 132 1 21 1
2080489043 132 1 21 1
2080489126 132 1 21 1
2080489235 132 1 21 1
2080489292 132 1 21 1
2080489375 132 1 21 1
2080489484 132 1 21 1
2080489541 132 1 21 1
2080489654 132 1 21 1
2080489707 132 1 21 1
2080489790 132 1 21 1
2080489907 132 1 21 1
2080489956 132 1 21 1
2080490060 132 1 21 1
2080492601 132 1 21 0
2080500047 132 1 21 1
2080500162 132 1 21 0
2080500165 132 1 21 1
2080500213 132 1 21 1
2080500296 132 1 21 1
2080500379 132 1 21 1
2080500462 132 1 21 1
2080500545 132 1 21 1
2080500628 132 1 21 1
2080500751 132 1 21 1
2080500794 132 1 21 1
2080500877 132 1 21 1
2080500960 132 1 21 1
2080501043 132 1 21 1
2080501126 132 1 21 1
2080501209 132 1 21 1
2080501292 132 1 21 1
2080501423 132 1 21 1
2080501458 132 1 21 1
2080501541 132 1 21 1
2080501624 132 1 21 1
2080501707 132 1 21 1
2080501790 132 1 21 1
2080501873 132 1 21 1
2080501956 132 1 21 1
2080502107 132 1 21 1
2080502122 132 1 21 1
2080502248 132 1 21 1
2080502591 132 1 21 0
2080650459 86 0 1 1
2080650545 86 0 1 0
2080650548 86 0 1 1
2080650634 86 0 1 0
2080650637 86 0 1 1
2080650727 86 0 1 1
2080650813 86 0 1 1
2080650899 86 0 1 1
2080650989 86 0 1 1
2080651079 86 0 1 1
2080651169 86 0 1 1
2080651255 86 0 1 1
2080651345 86 0 1 1
2080651435 86 0 1 1
2080651521 86 0 1 1
2080651607 86 0 1 1
2080651697 86 0 1 1
2080651787 86 0 1 1
2080651794 86 0 1 1
2080651880 86 0 1 1
2080651970 86 0 1 1
2080652056 86 0 1 1
2080652146 86 0 1 1
2080652232 86 0 1 1
2080652322 86 0 1 1
2080652408 86 0 1 1
2080652498 86 0 1 1
2080652671 86 0 1 1
2080652757 86 0 1 1
2080653925 86 0 1 0
2083094459 133 1 19 1
2083094545 133 1 19 0
2083094552 133 1 19 1
2083094638 133 1 19 1
2083094724 133 1 19 1
2083094803 133 1 19 1
2083094897 133 1 19 1
2083094983 133 1 19 1
2083095073 133 1 19 1
2083095167 133 1 19 1
2083095257 133 1 19 1
2083095351 133 1 19 1
2083095441 133 1 19 1
2083095531 133 1 19 1
2083095621 133 1 19 1
2083095711 133 1 19 1
2083095722 133 1 19 1
2083095808 133 1 19 1
2083095898 133 1 19 1
2083095988 133 1 19 1
2083096078 133 1 19 1
2083096172 133 1 19 1
2083096262 133 1 19 1
2083096352 133 1 19 1
2083096446 133 1 19 1
2083096532 133 1 19 1
2083096713 133 1 19 1
2083100807 133 1 19 0
2083105000 133 1 19 1
2083105065 133 1 19 0
2083105083 133 1 19 1
2083105148 133 1 19 0
2083105166 133 1 19 1
2083105249 133 1 19 1
2083105332 133 1 19 1
2083105415 133 1 19 1
2083105502 133 1 19 1
2083105585 133 1 19 1
2083105668 133 1 19 1
2083105751 133 1 19 1
2083105834 133 1 19 1
2083105921 133 1 19 1
2083106004 133 1 19 1
2083106091 133 1 19 1
2083106178 133 1 19 1
2083106265 133 1 19 1
2083106348 133 1 19 1
2083106431 133 1 19 1
2083106522 133 1 19 1
2083106609 133 1 19 1
2083106696 133 1 19 1
2083106779 133 1 19 1
2083106866 133 1 19 1
2083106953 133 1 19 1
2083107040 133 1 19 1
2083107151 133 1 19 1
2083107238 133 1 19 1
2083110074 133 1 19 0
2083113251 133 1 19 1
2083113334 133 1 19 1
2083113417 133 1 19 1
2083113504 133 1 19 1
2083113587 133 1 19 1
2083113670 133 1 19 1
2083113753 133 1 19 1
2083113836 133 1 19 1
2083113919 133 1 19 1
2083114006 133 1 19 1
2083114089 133 1 19 1
2083114172 133 1 19 1
2083114255 133 1 19 1
2083114338 133 1 19 1
2083114425 133 1 19 1
2083114508 133 1 19 1
2083114591 133 1 19 1
2083114674 133 1 19 1
2083114757 133 1 19 1
2083114844 133 1 19 1
2083114927 133 1 19 1
2083115010 133 1 19 1
2083115093 133 1 19 1
2083115176 133 1 19 1
2083115263 133 1 19 1
2083119626 133 1 19 0
2083123191 133 1 19 1
2083123282 133 1 19 1
2083123369 133 1 19 1
2083123456 133 1 19 1
2083123543 133 1 19 1
2083123630 133 1 19 1
2083123713 133 1 19 1
2083123796 133 1 19 1
2083123879 133 1 19 1
2083123966 133 1 19 1
2083124049 133 1 19 1
2083124193 133 1 19 1
2083124215 133 1 19 1
2083124298 133 1 19 1
2083124450 133 1 19 1
2083124540 133 1 19 1
2083124626 133 1 19 1
2083124673 129 1 19 1
2083124712 133 1 19 1
2083124733 133 1 19 1
2083124841 129 1 19 0
2083124844 129 1 19 1
2083124855 129 1 19 1
2083124857 133 1 19 1
2083124946 129 1 19 1
2083124952 133 1 19 1
2083124998 133 1 19 1
2083125041 129 1 19 1
2083125106 133 1 19 1
2083125173 129 1 19 1
2083125193 133 1 19 1
2083125215 129 1 19 1
2083125255 133 1 19 1
2083125343 129 1 19 1
2083125397 129 1 19 1
2083125484 129 1 19 1
2083125625 129 1 19 1
2083125666 129 1 19 1
2083125837 129 1 19 1
2083125852 129 1 19 1
2083125947 129 1 19 1
2083126090 129 1 19 1
2083126137 129 1 19 1
2083126224 129 1 19 1
2083126388 129 1 19 1
2083126410 129 1 19 1
2083126584 129 1 19 1
2083126592 129 1 19 1
2083126750 129 1 19 1
2083126927 129 1 19 1
2083127593 133 1 19 0
2083131225 129 1 19 0
2083131778 133 1 19 1
2083131830 133 1 19 0
2083131930 133 1 19 1
2083131944 133 1 19 1
2083132056 133 1 19 0
2083132059 133 1 19 1
2083132114 133 1 19 1
2083132226 133 1 19 1
2083132280 133 1 19 1
2083132392 133 1 19 1
2083132450 133 1 19 1
2083132558 133 1 19 1
2083132616 133 1 19 1
2083132703 133 1 19 1
2083132786 133 1 19 1
2083132898 133 1 19 1
2083132952 133 1 19 1
2083133039 133 1 19 1
2083133122 133 1 19 1
2083133234 133 1 19 1
2083133288 133 1 19 1
2083133375 133 1 19 1
2083133500 133 1 19 1
2083133586 133 1 19 1
2083133672 133 1 19 1
2083133750 129 1 19 1
2083133758 133 1 19 1
2083133841 129 1 19 1
2083133848 133 1 19 1
2083133924 129 1 19 1
2083133938 133 1 19 1
2083134015 129 1 19 1
2083134024 133 1 19 1
2083134102 129 1 19 1
2083134189 129 1 19 1
2083134193 133 1 19 1
2083134272 129 1 19 1
2083134367 129 1 19 1
2083134484 129 1 19 1
2083134541 129 1 19 1
2083134632 129 1 19 1
2083134719 129 1 19 1
2083134802 129 1 19 1
2083134893 129 1 19 1
2083134980 129 1 19 1
2083135063 129 1 19 1
2083135150 129 1 19 1
2083135233 129 1 19 1
2083135324 129 1 19 1
2083135415 129 1 19 1
2083135502 129 1 19 1
2083135589 129 1 19 1
2083135676 129 1 19 1
2083135759 129 1 19 1
2083136752 133 1 19 0
2083141075 133 1 19 1
2083141078 133 1 19 0
2083141168 133 1 19 1
2083141171 133 1 19 0
2083141257 133 1 19 1
2083141260 133 1 19 0
2083141263 133 1 19 1
2083141349 133 1 19 1
2083141435 133 1 19 1
2083141521 133 1 19 1
2083141607 133 1 19 1
2083141693 133 1 19 1
2083141779 133 1 19 1
2083141865 133 1 19 1
2083141951 133 1 19 1
2083142041 133 1 19 1
2083142127 133 1 19 1
2083142213 133 1 19 1
2083142299 133 1 19 1
2083142385 133 1 19 1
2083142471 133 1 19 1
2083142557 133 1 19 1
2083142643 133 1 19 1
2083142733 133 1 19 1
2083142819 133 1 19 1
2083142905 133 1 19 1
2083142991 133 1 19 1
2083143029 133 1 19 1
2083143115 133 1 19 1
2083143201 133 1 19 1
2083143287 133 1 19 1
2083143290 129 1 19 1
2083143377 133 1 19 1
2083143380 129 1 19 0
2083143383 129 1 19 1
2083143469 129 1 19 1
2083143559 129 1 19 1
2083143645 129 1 19 1
2083143735 129 1 19 1
2083143904 129 1 19 1
2083143907 129 1 19 1
2083143997 129 1 19 1
2083144083 129 1 19 1
2083144169 129 1 19 1
2083144342 129 1 19 1
2083144428 129 1 19 1
2083144514 129 1 19 1
2083144604 129 1 19 1
2083144690 129 1 19 1
2083144776 129 1 19 1
2083144866 129 1 19 1
2083144956 129 1 19 1
2083145042 129 1 19 1
2083145128 129 1 19 1
2083145218 129 1 19 1
2083145308 129 1 19 1
2083145394 129 1 19 1
2083145484 129 1 19 1
2083145835 133 1 19 0
2083149712 133 1 19 1
2083149739 133 1 19 0
2083149799 133 1 19 1
2083149822 133 1 19 0
2083149886 133 1 19 1
2083149969 133 1 19 1
2083150052 133 1 19 1
2083150135 133 1 19 1
2083150218 133 1 19 1
2083150305 133 1 19 1
2083150393 133 1 19 1
2083150475 133 1 19 1
2083150562 133 1 19 1
2083150645 133 1 19 1
2083150732 133 1 19 1
2083150819 133 1 19 1
2083150902 133 1 19 1
2083150989 133 1 19 1
2083151072 133 1 19 1
2083151159 133 1 19 1
2083151242 133 1 19 1
2083151333 133 1 19 1
2083151416 133 1 19 1
2083151499 133 1 19 1
2083151586 133 1 19 1
2083151673 133 1 19 1
2083151756 133 1 19 1
2083151843 133 1 19 1
2083151930 133 1 19 1
2083152999 129 1 19 1
2083153002 129 1 19 0
2083153088 129 1 19 1
2083153174 129 1 19 1
2083153181 129 1 19 1
2083153267 129 1 19 1
2083153357 129 1 19 1
2083153443 129 1 19 1
2083153612 129 1 19 1
2083153619 129 1 19 1
2083153705 129 1 19 1
2083153791 129 1 19 1
2083153881 129 1 19 1
2083153967 129 1 19 1
2083154053 129 1 19 1
2083154139 129 1 19 1
2083154225 129 1 19 1
2083154311 129 1 19 1
2083154405 129 1 19 1
2083154491 129 1 19 1
2083154517 133 1 19 0
2083154577 129 1 19 1
2083154663 129 1 19 1
2083154753 129 1 19 1
2083154843 129 1 19 1
2083154929 129 1 19 1
2083155019 129 1 19 1
2083155109 129 1 19 1
2083158975 133 1 19 1
2083159032 133 1 19 0
2083159058 133 1 19 1
2083159141 133 1 19 1
2083159228 133 1 19 1
2083159311 133 1 19 1
2083159394 133 1 19 1
2083159477 133 1 19 1
2083159564 133 1 19 1
2083159647 133 1 19 1
2083159730 133 1 19 1
2083159813 133 1 19 1
2083159900 133 1 19 1
2083159983 133 1 19 1
2083160066 133 1 19 1
2083160149 133 1 19 1
2083160236 133 1 19 1
2083160319 133 1 19 1
2083160402 133 1 19 1
2083160485 133 1 19 1
2083160572 133 1 19 1
2083160655 133 1 19 1
2083160738 133 1 19 1
2083160821 133 1 19 1
2083160908 133 1 19 1
2083160991 133 1 19 1
2083161118 133 1 19 1
2083162775 129 1 19 1
2083162861 129 1 19 1
2083162951 129 1 19 1
2083163037 129 1 19 1
2083163123 129 1 19 1
2083163156 133 1 19 0
2083163213 129 1 19 1
2083163220 129 1 19 1
2083163306 129 1 19 1
2083163475 129 1 19 1
2083163482 129 1 19 1
2083163568 129 1 19 1
2083163658 129 1 19 1
2083163744 129 1 19 1
2083163834 129 1 19 1
2083163920 129 1 19 1
2083164006 129 1 19 1
2083164096 129 1 19 1
2083164182 129 1 19 1
2083164268 129 1 19 1
2083164354 129 1 19 1
2083164440 129 1 19 1
2083164526 129 1 19 1
2083164620 129 1 19 1
2083164710 129 1 19 1
2083164796 129 1 19 1
2083164886 129 1 19 1
2083166930 133 1 19 1
2083167007 133 1 19 0
2083167017 133 1 19 1
2083167100 133 1 19 1
2083167181 133 1 19 0
2083167184 133 1 19 1
2083167266 133 1 19 1
2083167349 133 1 19 1
2083167474 133 1 19 1
2083167531 133 1 19 1
2083167602 133 1 19 1
2083167685 133 1 19 1
2083167768 133 1 19 1
2083167851 133 1 19 1
2083167934 133 1 19 1
2083168021 133 1 19 1
2083168104 133 1 19 1
2083168187 133 1 19 1
2083168270 133 1 19 1
2083168353 133 1 19 1
2083168436 133 1 19 1
2083168523 133 1 19 1
2083168606 133 1 19 1
2083168689 133 1 19 1
2083168772 133 1 19 1
2083168855 133 1 19 1
2083168938 133 1 19 1
2083169093 133 1 19 1
2083169267 133 1 19 1
2083171250 133 1 19 0
2083172536 129 1 19 1
2083172622 129 1 19 1
2083172716 129 1 19 1
2083172802 129 1 19 1
2083172892 129 1 19 1
2083172978 129 1 19 1
2083173003 129 1 19 1
2083173093 129 1 19 1
2083173179 129 1 19 1
2083173265 129 1 19 1
2083173355 129 1 19 1
2083173445 129 1 19 1
2083173531 129 1 19 1
2083173625 129 1 19 1
2083173715 129 1 19 1
2083173801 129 1 19 1
2083173887 129 1 19 1
2083173961 129 1 19 1
2083174055 129 1 19 1
2083174091 129 1 19 1
2083174174 129 1 19 1
2083174261 129 1 19 1
2083174344 129 1 19 1
2083174431 129 1 19 1
2083174514 129 1 19 1
2083174601 129 1 19 1
2083175000 133 1 19 1
2083175077 133 1 19 0
2083175083 133 1 19 1
2083175166 133 1 19 1
2083175247 133 1 19 0
2083175250 133 1 19 1
2083175336 133 1 19 1
2083175419 133 1 19 1
2083175502 133 1 19 1
2083175585 133 1 19 1
2083175668 133 1 19 1
2083175751 133 1 19 1
2083175834 133 1 19 1
2083175917 133 1 19 1
2083176000 133 1 19 1
2083176084 133 1 19 1
2083176166 133 1 19 1
2083176198 133 1 19 1
2083176281 133 1 19 1
2083176368 133 1 19 1
2083176451 133 1 19 1
2083176534 133 1 19 1
2083176617 133 1 19 1
2083176700 133 1 19 1
2083176783 133 1 19 1
2083176866 133 1 19 1
2083176949 133 1 19 1
2083177032 133 1 19 1
2083177163 133 1 19 1
2083177333 133 1 19 1
2083179517 133 1 19 0
2083181857 129 1 19 1
2083181885 129 1 19 0
2083181940 129 1 19 1
2083182023 129 1 19 1
2083182106 129 1 19 1
2083182189 129 1 19 1
2083182272 129 1 19 1
2083182355 129 1 19 1
2083182438 129 1 19 1
2083182521 129 1 19 1
2083182604 129 1 19 1
2083182687 129 1 19 1
2083182770 129 1 19 1
2083182853 129 1 19 1
2083182936 129 1 19 1
2083183019 129 1 19 1
2083183102 129 1 19 1
2083183185 129 1 19 1
2083183268 129 1 19 1
2083183351 129 1 19 1
2083183434 129 1 19 1
2083183517 129 1 19 1
2083183600 129 1 19 1
2083183683 129 1 19 1
2083183766 129 1 19 1
2083183849 129 1 19 1
2083183932 129 1 19 1
2083184019 129 1 19 1
2083187495 129 1 19 0
2083194814 129 1 19 1
2083194897 129 1 19 1
2083194980 129 1 19 1
2083195063 129 1 19 1
2083195146 129 1 19 1
2083195229 129 1 19 1
2083195312 129 1 19 1
2083195395 129 1 19 1
2083195478 129 1 19 1
2083195561 129 1 19 1
2083195644 129 1 19 1
2083195727 129 1 19 1
2083195810 129 1 19 1
2083195893 129 1 19 1
2083195976 129 1 19 1
2083196059 129 1 19 1
2083196146 129 1 19 1
2083196229 129 1 19 1
2083196316 129 1 19 1
2083196399 129 1 19 1
2083196482 129 1 19 1
2083196569 129 1 19 1
2083196652 129 1 19 1
2083196739 129 1 19 1
2083196822 129 1 19 1
2083200417 129 1 19 0
2083204092 129 1 19 1
2083204158 129 1 19 0
2083204179 129 1 19 1
2083204241 129 1 19 0
2083204262 129 1 19 1
2083204324 129 1 19 0
2083204349 129 1 19 1
2083204407 129 1 19 0
2083204432 129 1 19 1
2083204494 129 1 19 0
2083204519 129 1 19 1
2083204577 129 1 19 0
2083204602 129 1 19 1
2083204660 129 1 19 0
2083204685 129 1 19 1
2083204743 129 1 19 0
2083204772 129 1 19 1
2083204826 129 1 19 0
2083204855 129 1 19 1
2083204909 129 1 19 0
2083204942 129 1 19 1
2083204992 129 1 19 0
2083205025 129 1 19 1
2083205075 129 1 19 0
2083205108 129 1 19 1
2083205195 129 1 19 1
2083205278 129 1 19 1
2083205361 129 1 19 1
2083205444 129 1 19 1
2083205531 129 1 19 1
2083205618 129 1 19 1
2083205701 129 1 19 1
2083205784 129 1 19 1
2083205871 129 1 19 1
2083205954 129 1 19 1
2083206041 129 1 19 1
2083206127 129 1 19 1
2083206241 129 1 19 0
2083206244 129 1 19 1
2083206324 129 1 19 0
2083206327 129 1 19 1
2083206410 129 1 19 1
2083206497 129 1 19 1
2083206584 129 1 19 1
2083206667 129 1 19 1
2083206750 129 1 19 1
2083206837 129 1 19 1
2083206920 129 1 19 1
2083207003 129 1 19 1
2083207090 129 1 19 1
2083207173 129 1 19 1
2083207320 129 1 19 0
2083210983 129 1 19 1
2083210988 129 1 19 0
2083211066 129 1 19 1
2083211149 129 1 19 1
2083211232 129 1 19 1
2083211315 129 1 19 1
2083211398 129 1 19 1
2083211481 129 1 19 1
2083211564 129 1 19 1
2083211647 129 1 19 1
2083211730 129 1 19 1
2083211813 129 1 19 1
2083211896 129 1 19 1
2083211979 129 1 19 1
2083212062 129 1 19 1
2083212145 129 1 19 1
2083212228 129 1 19 1
2083212311 129 1 19 1
2083212394 129 1 19 1
2083212477 129 1 19 1
2083212560 129 1 19 1
2083212643 129 1 19 1
2083212726 129 1 19 1
2083212809 129 1 19 1
2083212892 129 1 19 1
2083212975 129 1 19 1
2083213058 129 1 19 1
2083213141 129 1 19 1
2083214648 129 1 19 0
2083223457 129 1 19 1
2083223494 129 1 19 0
2083223540 129 1 19 1
2083223623 129 1 19 1
2083223706 129 1 19 1
2083223789 129 1 19 1
2083223872 129 1 19 1
2083223955 129 1 19 1
2083224038 129 1 19 1
2083224121 129 1 19 1
2083224204 129 1 19 1
2083224287 129 1 19 1
2083224370 129 1 19 1
2083224453 129 1 19 1
2083224536 129 1 19 1
2083224619 129 1 19 1
2083224702 129 1 19 1
2083224785 129 1 19 1
2083224868 129 1 19 1
2083224951 129 1 19 1
2083225034 129 1 19 1
2083225117 129 1 19 1
2083225200 129 1 19 1
2083225283 129 1 19 1
2083225366 129 1 19 1
2083225449 129 1 19 1
2083225532 129 1 19 1
2083225615 129 1 19 1
2083227320 129 1 19 0
2083230236 129 1 19 1
2083230319 129 1 19 1
2083230402 129 1 19 1
2083230485 129 1 19 1
2083230568 129 1 19 1
2083230651 129 1 19 1
2083230734 129 1 19 1
2083230817 129 1 19 1
2083230900 129 1 19 1
2083230983 129 1 19 1
2083231066 129 1 19 1
2083231149 129 1 19 1
2083231232 129 1 19 1
2083231315 129 1 19 1
2083231398 129 1 19 1
2083231481 129 1 19 1
2083231564 129 1 19 1
2083231647 129 1 19 1
2083231730 129 1 19 1
2083231813 129 1 19 1
2083231896 129 1 19 1
2083231979 129 1 19 1
2083232062 129 1 19 1
2083232145 129 1 19 1
2083232228 129 1 19 1
2083232311 129 1 19 1
2083234747 129 1 19 0
2083237248 129 1 19 1
2083237331 129 1 19 1
2083237414 129 1 19 1
2083237497 129 1 19 1
2083237580 129 1 19 1
2083237663 129 1 19 1
2083237746 129 1 19 1
2083237829 129 1 19 1
2083237912 129 1 19 1
2083237995 129 1 19 1
2083238078 129 1 19 1
2083238161 129 1 19 1
2083238244 129 1 19 1
2083238327 129 1 19 1
2083238410 129 1 19 1
2083238493 129 1 19 1
2083238576 129 1 19 1
2083238659 129 1 19 1
2083238742 129 1 19 1
2083238846 129 1 19 1
2083238908 129 1 19 1
2083238991 129 1 19 1
2083239107 129 1 19 1
2083239110 129 1 19 1
2083239166 129 1 19 1
2083239249 129 1 19 1
2083239332 129 1 19 1
2083241751 129 1 19 0
2083244501 129 1 19 1
2083244584 129 1 19 1
2083244667 129 1 19 1
2083244750 129 1 19 1
2083244833 129 1 19 1
2083244916 129 1 19 1
2083244999 129 1 19 1
2083245082 129 1 19 1
2083245165 129 1 19 1
2083245248 129 1 19 1
2083245331 129 1 19 1
2083245414 129 1 19 1
2083245495 129 1 19 1
2083245578 129 1 19 1
2083245661 129 1 19 1
2083245744 129 1 19 1
2083245827 129 1 19 1
2083245910 129 1 19 1
2083245993 129 1 19 1
2083246076 129 1 19 1
2083246159 129 1 19 1
2083246242 129 1 19 1
2083246325 129 1 19 1
2083246408 129 1 19 1
2083246491 129 1 19 1
2083246574 129 1 19 1
2083247696 129 1 19 0
2083250968 129 1 19 1
2083251051 129 1 19 1
2083251138 129 1 19 1
2083251225 129 1 19 1
2083251308 129 1 19 1
2083251391 129 1 19 1
2083251478 129 1 19 1
2083251569 129 1 19 1
2083251652 129 1 19 1
2083251739 129 1 19 1
2083251822 129 1 19 1
2083251909 129 1 19 1
2083251992 129 1 19 1
2083252079 129 1 19 1
2083252166 129 1 19 1
2083252249 129 1 19 1
2083252332 129 1 19 1
2083252419 129 1 19 1
2083252506 129 1 19 1
2083252589 129 1 19 1
2083252676 129 1 19 1
2083252763 129 1 19 1
2083252850 129 1 19 1
2083252933 129 1 19 1
2083253020 129 1 19 1
2083255103 129 1 19 0
2083259189 129 1 19 1
2083259272 129 1 19 1
2083259359 129 1 19 1
2083259442 129 1 19 1
2083259529 129 1 19 1
2083259616 129 1 19 1
2083259699 129 1 19 1
2083259786 129 1 19 1
2083259869 129 1 19 1
2083259956 129 1 19 1
2083260043 129 1 19 1
2083260126 129 1 19 1
2083260213 129 1 19 1
2083260304 129 1 19 1
2083260387 129 1 19 1
2083260404 129 1 19 1
2083260487 129 1 19 1
2083260570 129 1 19 1
2083260653 129 1 19 1
2083260740 129 1 19 1
2083260823 129 1 19 1
2083260906 129 1 19 1
2083260989 129 1 19 1
2083261072 129 1 19 1
2083261084 129 1 19 0
2083261155 129 1 19 1
2083261166 129 1 19 0
2083841310 134 1 18 1
2083841393 134 1 18 1
2083841467 134 1 18 1
2083841550 134 1 18 1
2083841637 134 1 18 1
2083841724 134 1 18 1
2083841811 134 1 18 1
2083841894 134 1 18 1
2083841981 134 1 18 1
2083842068 134 1 18 1
2083842159 134 1 18 1
2083842246 134 1 18 1
2083842412 134 1 18 1
2083842499 134 1 18 1
2083842509 134 1 18 1
2083843015 134 1 18 1
2083843133 134 1 18 0
2083854682 131 1 18 1
2083854717 131 1 18 0
2083854769 131 1 18 1
2083854852 131 1 18 1
2083854935 131 1 18 1
2083855018 131 1 18 1
2083855135 131 1 18 1
2083855184 131 1 18 1
2083855271 131 1 18 1
2083855354 131 1 18 1
2083855437 131 1 18 1
2083855520 131 1 18 1
2083855603 131 1 18 1
2083855686 131 1 18 1
2083855773 131 1 18 1
2083855856 131 1 18 1
2083855939 131 1 18 1
2083856022 131 1 18 1
2083856105 131 1 18 1
2083856188 131 1 18 1
2083856271 131 1 18 1
2083856361 131 1 18 1
2083856441 131 1 18 1
2083856524 131 1 18 1
2083856607 131 1 18 1
2083856690 131 1 18 1
2083856803 131 1 18 1
2083860080 131 1 18 0
2083863502 131 1 18 1
2083863589 131 1 18 1
2083863596 131 1 18 1
2083863672 131 1 18 1
2083863755 131 1 18 1
2083863838 131 1 18 1
2083863921 131 1 18 1
2083864004 131 1 18 1
2083864087 131 1 18 1
2083864170 131 1 18 1
2083864253 131 1 18 1
2083864336 131 1 18 1
2083864419 131 1 18 1
2083864506 131 1 18 1
2083864589 131 1 18 1
2083864672 131 1 18 1
2083864755 131 1 18 1
2083864901 131 1 18 1
2083864921 131 1 18 1
2083865004 131 1 18 1
2083865087 131 1 18 1
2083865170 131 1 18 1
2083865253 131 1 18 1
2083865340 131 1 18 1
2083865423 131 1 18 1
2083865506 131 1 18 1
2083868835 131 1 18 0
2083872091 131 1 18 1
2083872159 131 1 18 0
2083872178 131 1 18 1
2083872261 131 1 18 1
2083872344 131 1 18 1
2083872427 131 1 18 1
2083872510 131 1 18 1
2083872593 131 1 18 1
2083872676 131 1 18 1
2083872759 131 1 18 1
2083872846 131 1 18 1
2083872929 131 1 18 1
2083873012 131 1 18 1
2083873095 131 1 18 1
2083873216 131 1 18 1
2083873265 131 1 18 1
2083873382 131 1 18 1
2083873468 131 1 18 1
2083873526 131 1 18 1
2083873613 131 1 18 1
2083873700 131 1 18 1
2083873795 131 1 18 1
2083873878 131 1 18 1
2083873961 131 1 18 1
2083874044 131 1 18 1
2083874127 131 1 18 1
2083874245 131 1 18 1
2083877646 131 1 18 0
2083881234 131 1 18 1
2083881317 131 1 18 1
2083881400 131 1 18 1
2083881483 131 1 18 1
2083881566 131 1 18 1
2083881729 131 1 18 1
2083881736 131 1 18 1
2083881815 131 1 18 1
2083881902 131 1 18 1
2083881985 131 1 18 1
2083882068 131 1 18 1
2083882151 131 1 18 1
2083882234 131 1 18 1
2083882317 131 1 18 1
2083882400 131 1 18 1
2083882483 131 1 18 1
2083882566 131 1 18 1
2083882649 131 1 18 1
2083882732 131 1 18 1
2083882815 131 1 18 1
2083882902 131 1 18 1
2083882989 131 1 18 1
2083883076 131 1 18 1
2083883163 131 1 18 1
2083883246 131 1 18 1
2083885583 131 1 18 0
2083890424 131 1 18 1
2083890469 131 1 18 0
2083890507 131 1 18 1
2083890590 131 1 18 1
2083890673 131 1 18 1
2083890756 131 1 18 1
2083890843 131 1 18 1
2083890926 131 1 18 1
2083891009 131 1 18 1
2083891092 131 1 18 1
2083891175 131 1 18 1
2083891258 131 1 18 1
2083891345 131 1 18 1
2083891428 131 1 18 1
2083891511 131 1 18 1
2083891594 131 1 18 1
2083891677 131 1 18 1
2083891764 131 1 18 1
2083891847 131 1 18 1
2083891930 131 1 18 1
2083892013 131 1 18 1
2083892100 131 1 18 1
2083892183 131 1 18 1
2083892266 131 1 18 1
2083892349 131 1 18 1
2083892432 131 1 18 1
2083892555 131 1 18 1
2083893387 131 1 18 0
2084269152 130 1 21 1
2084269242 130 1 21 0
2084269245 130 1 21 1
2084269248 130 1 21 0
2084269334 130 1 21 1
2084269337 130 1 21 0
2084269423 130 1 21 1
2084269430 130 1 21 1
2084269516 130 1 21 1
2084269602 130 1 21 1
2084269688 130 1 21 1
2084269774 130 1 21 1
2084269864 130 1 21 1
2084269950 130 1 21 1
2084270036 130 1 21 1
2084270122 130 1 21 1
2084270212 130 1 21 1
2084270298 130 1 21 1
2084270384 130 1 21 1
2084270474 130 1 21 1
2084270564 130 1 21 1
2084270654 130 1 21 1
2084270740 130 1 21 1
2084270826 130 1 21 1
2084270912 130 1 21 1
2084270998 130 1 21 1
2084271084 130 1 21 1
2084271170 130 1 21 1
2084271260 130 1 21 1
2084271346 130 1 21 1
2084271432 130 1 21 1
2084271518 130 1 21 1
2084273952 130 1 21 0
2084278236 130 1 21 1
2084278239 130 1 21 0
2084278242 130 1 21 1
2084278328 130 1 21 1
2084278414 130 1 21 1
2084278504 130 1 21 1
2084278590 130 1 21 1
2084278676 130 1 21 1
2084278762 130 1 21 1
2084278848 130 1 21 1
2084278938 130 1 21 1
2084279024 130 1 21 1
2084279110 130 1 21 1
2084279196 130 1 21 1
2084279282 130 1 21 1
2084279368 130 1 21 1
2084279454 130 1 21 1
2084279544 130 1 21 1
2084279630 130 1 21 1
2084279716 130 1 21 1
2084279806 130 1 21 1
2084279896 130 1 21 1
2084279982 130 1 21 1
2084280072 130 1 21 1
2084280083 130 1 21 1
2084280169 130 1 21 1
2084280259 130 1 21 1
2084283448 130 1 21 0
2084287215 130 1 21 1
2084287218 130 1 21 0
2084287304 130 1 21 1
2084287311 130 1 21 0
2084287397 130 1 21 1
2084287483 130 1 21 1
2084287569 130 1 21 1
2084287659 130 1 21 1
2084287666 130 1 21 1
2084287752 130 1 21 1
2084287838 130 1 21 1
2084287924 130 1 21 1
2084288014 130 1 21 1
2084288100 130 1 21 1
2084288190 130 1 21 1
2084288276 130 1 21 1
2084288362 130 1 21 1
2084288452 130 1 21 1
2084288538 130 1 21 1
2084288624 130 1 21 1
2084288714 130 1 21 1
2084288800 130 1 21 1
2084288886 130 1 21 1
2084288976 130 1 21 1
2084289062 130 1 21 1
2084289148 130 1 21 1
2084289234 130 1 21 1
2084289324 130 1 21 1
2084289414 130 1 21 1
2084289500 130 1 21 1
2084292519 130 1 21 0
2085861316 131 1 20 1
2085861402 131 1 20 0
2085861405 131 1 20 1
2085861491 131 1 20 1
2085861577 131 1 20 1
2085861663 131 1 20 1
2085861749 131 1 20 1
2085861835 131 1 20 1
2085861921 131 1 20 1
2085862007 131 1 20 1
2085862093 131 1 20 1
2085862179 131 1 20 1
2085862265 131 1 20 1
2085862351 131 1 20 1
2085862437 131 1 20 1
2085862523 131 1 20 1
2085862609 131 1 20 1
2085862695 131 1 20 1
2085862781 131 1 20 1
2085862867 131 1 20 1
2085862953 131 1 20 1
2085863039 131 1 20 1
2085863125 131 1 20 1
2085863211 131 1 20 1
2085863297 131 1 20 1
2085863383 131 1 20 1
2085863552 131 1 20 1
2085864302 131 1 20 0
2085870209 131 1 20 1
2085870212 131 1 20 0
2085870298 131 1 20 1
2085870384 131 1 20 1
2085870470 131 1 20 1
2085870556 131 1 20 1
2085870642 131 1 20 1
2085870728 131 1 20 1
2085870814 131 1 20 1
2085870900 131 1 20 1
2085870986 131 1 20 1
2085871072 131 1 20 1
2085871158 131 1 20 1
2085871244 131 1 20 1
2085871330 131 1 20 1
2085871416 131 1 20 1
2085871502 131 1 20 1
2085871588 131 1 20 1
2085871674 131 1 20 1
2085871760 131 1 20 1
2085871846 131 1 20 1
2085871932 131 1 20 1
2085872018 131 1 20 1
2085872104 131 1 20 1
2085872190 131 1 20 1
2085872276 131 1 20 1
2085872362 131 1 20 1
2085873316 131 1 20 0
2085882018 131 1 20 1
2085882029 131 1 20 0
2085882105 131 1 20 1
2085882112 131 1 20 0
2085882258 131 1 20 1
2085882261 131 1 20 0
2085882279 131 1 20 1
2085882282 131 1 20 0
2085882507 131 1 20 1
2085882536 131 1 20 1
2085882682 131 1 20 0
2085882685 131 1 20 1
2085882705 131 1 20 0
2085882718 131 1 20 1
2085882848 131 1 20 0
2085882851 131 1 20 1
2085882871 131 1 20 0
2085882892 131 1 20 1
2085883014 131 1 20 1
2085883115 131 1 20 1
2085883205 131 1 20 1
2085883291 131 1 20 1
2085883377 131 1 20 1
2085883463 131 1 20 1
2085883549 131 1 20 1
2085883635 131 1 20 1
2085883711 131 1 20 1
2085883797 131 1 20 1
2085883883 131 1 20 1
2085883973 131 1 20 1
2085884059 131 1 20 1
2085884145 131 1 20 1
2085884231 131 1 20 1
2085884321 131 1 20 1
2085884361 131 1 20 1
2085884451 131 1 20 1
2085884541 131 1 20 1
2085884793 131 1 20 1
2085884966 131 1 20 1
2085885475 131 1 20 0
2085894782 131 1 20 1
2085894817 131 1 20 0
2085894930 131 1 20 1
2085894933 131 1 20 0
2085894952 131 1 20 1
2085895043 131 1 20 1
2085895183 131 1 20 1
2085895213 131 1 20 1
2085895296 131 1 20 1
2085895432 131 1 20 1
2085895470 131 1 20 1
2085895557 131 1 20 1
2085895681 131 1 20 1
2085895727 131 1 20 1
2085895810 131 1 20 1
2085895930 131 1 20 1
2085895984 131 1 20 1
2085896071 131 1 20 1
2085896171 131 1 20 1
2085896245 131 1 20 1
2085896337 131 1 20 1
2085896415 131 1 20 1
2085896503 131 1 20 1
2085896585 131 1 20 1
2085896671 131 1 20 1
2085896751 131 1 20 1
2085896839 131 1 20 1
2085896959 131 1 20 1
2085897045 131 1 20 1
2085898411 131 1 20 0
2085903789 131 1 20 1
2085903792 131 1 20 0
2085903814 131 1 20 1
2085903819 131 1 20 0
2085903955 131 1 20 1
2085903980 131 1 20 1
2085904125 131 1 20 1
2085904150 131 1 20 1
2085904291 131 1 20 1
2085904320 131 1 20 1
2085904457 131 1 20 1
2085904490 131 1 20 1
2085904627 131 1 20 1
2085904656 131 1 20 1
2085904797 131 1 20 1
2085904801 131 1 20 1
2085904884 131 1 20 1
2085904971 131 1 20 1
2085905054 131 1 20 1
2085905145 131 1 20 0
2085905148 131 1 20 1
2085905175 131 1 20 0
2085905204 131 1 20 1
2085905315 131 1 20 0
2085905318 131 1 20 1
2085905349 131 1 20 0
2085905378 131 1 20 1
2085905485 131 1 20 0
2085905488 131 1 20 1
2085905548 131 1 20 1
2085905651 131 1 20 1
2085905718 131 1 20 1
2085905817 131 1 20 1
2085905884 131 1 20 1
2085905983 131 1 20 1
2085906365 131 1 20 0
2085912778 131 1 20 1
2085912793 131 1 20 0
2085912873 131 1 20 1
2085912880 131 1 20 0
2085912960 131 1 20 1
2085913043 131 1 20 1
2085913158 131 1 20 0
2085913161 131 1 20 1
2085913299 131 1 20 0
2085913362 131 1 20 1
2085913473 131 1 20 0
2086207882 77 0 1 1
2086207889 77 0 1 0
2086207975 77 0 1 1
2086208061 77 0 1 0
2086208064 77 0 1 1
2086208154 77 0 1 1
2086208240 77 0 1 1
2086208330 77 0 1 1
2086208416 77 0 1 1
2086208502 77 0 1 1
2086208592 77 0 1 1
2086208678 77 0 1 1
2086208851 77 0 1 1
2086209020 77 0 1 1
2086209193 77 0 1 1
2086209366 77 0 1 1
2086209543 77 0 1 1
2086209637 77 0 1 1
2086209727 77 0 1 1
2086209817 77 0 1 1
2086209903 77 0 1 1
2086209993 77 0 1 1
2086210166 77 0 1 1
2086210679 77 0 1 0
2087339961 134 1 18 1
2087339973 134 1 18 1
2087340056 134 1 18 1
2087340139 134 1 18 1
2087340226 134 1 18 1
2087340309 134 1 18 1
2087340392 134 1 18 1
2087340475 134 1 18 1
2087340559 134 1 18 1
2087340719 134 1 18 1
2087340728 134 1 18 1
2087340811 134 1 18 1
2087340894 134 1 18 1
2087340977 134 1 18 1
2087341061 134 1 18 1
2087341147 134 1 18 1
2087341230 134 1 18 1
2087341336 134 1 18 1
2087341427 134 1 18 1
2087341513 134 1 18 1
2087341603 134 1 18 1
2087341689 134 1 18 1
2087341775 134 1 18 1
2087341861 134 1 18 1
2087341947 134 1 18 1
2087342037 134 1 18 1
2087345426 134 1 18 0
2087350668 134 1 18 1
2087350754 134 1 18 1
2087350848 134 1 18 1
2087350934 134 1 18 1
2087351020 134 1 18 1
2087351106 134 1 18 1
2087351196 134 1 18 1
2087351282 134 1 18 1
2087351376 134 1 18 1
2087351462 134 1 18 1
2087351548 134 1 18 1
2087351634 134 1 18 1
2087351720 134 1 18 1
2087351806 134 1 18 1
2087351892 134 1 18 1
2087351982 134 1 18 1
2087352068 134 1 18 1
2087352154 134 1 18 1
2087352240 134 1 18 1
2087352326 134 1 18 1
2087352412 134 1 18 1
2087352498 134 1 18 1
2087352588 134 1 18 1
2087352674 134 1 18 1
2087352760 134 1 18 1
2087360753 134 1 18 1
2087360756 134 1 18 0
2087360838 134 1 18 1
2087360919 134 1 18 1
2087361014 134 1 18 1
2087361100 134 1 18 1
2087361190 134 1 18 1
2087361276 134 1 18 1
2087361362 134 1 18 1
2087361448 134 1 18 1
2087361530 134 1 18 1
2087361591 134 1 18 1
2087361674 134 1 18 1
2087361761 134 1 18 1
2087361844 134 1 18 1
2087361927 134 1 18 1
2087362012 134 1 18 1
2087362097 134 1 18 1
2087362180 134 1 18 1
2087362265 134 1 18 1
2087362346 134 1 18 1
2087362433 134 1 18 1
2087362516 134 1 18 1
2087362599 134 1 18 1
2087362684 134 1 18 1
2087362769 134 1 18 1
2087362852 134 1 18 1
2087371705 134 1 18 1
2087371757 134 1 18 0
2087371792 134 1 18 1
2087371844 134 1 18 0
2087371875 134 1 18 1
2087371958 134 1 18 1
2087372041 134 1 18 1
2087372093 134 1 18 0
2087372111 134 1 18 1
2087372176 134 1 18 0
2087372194 134 1 18 1
2087372277 134 1 18 1
2087372362 134 1 18 1
2087372443 134 1 18 1
2087372530 134 1 18 1
2087372613 134 1 18 1
2087372696 134 1 18 1
2087372783 134 1 18 1
2087372866 134 1 18 1
2087372949 134 1 18 1
2087373032 134 1 18 1
2087373119 134 1 18 1
2087373202 134 1 18 1
2087373285 134 1 18 1
2087373368 134 1 18 1
2087373455 134 1 18 1
2087373538 134 1 18 1
2087373621 134 1 18 1
2087373704 134 1 18 1
2087373843 134 1 18 1
2087373932 134 1 18 1
2087374179 134 1 18 1
2087374270 134 1 18 1
2087375134 134 1 18 0
2087393474 131 1 21 1
2087393505 131 1 21 0
2087393512 131 1 21 1
2087393515 131 1 21 0
2087393607 131 1 21 1
2087393610 131 1 21 0
2087393773 131 1 21 1
2087393776 131 1 21 0
2087393947 131 1 21 1
2087393950 131 1 21 0
2087393955 131 1 21 1
2087393958 131 1 21 0
2087394117 131 1 21 1
2087394124 131 1 21 0
2087394153 131 1 21 1
2087394287 131 1 21 1
2087394298 131 1 21 0
2087394327 131 1 21 1
2087394465 131 1 21 1
2087394505 131 1 21 1
2087394627 131 1 21 1
2087394758 131 1 21 0
2087395786 131 1 21 1
2087395896 131 1 21 1
2087395964 131 1 21 1
2087396066 131 1 21 1
2087396142 131 1 21 1
2087396319 131 1 21 1
2087396384 131 1 21 1
2087396707 131 1 21 0
2087396844 131 1 21 1
2087396884 131 1 21 0
2087396987 131 1 21 1
2087397022 131 1 21 1
2087397151 131 1 21 1
2087397245 131 1 21 0
2087397248 131 1 21 1
2087397342 131 1 21 1
2087397432 131 1 21 1
2087397526 131 1 21 1
2087397612 131 1 21 1
2087397702 131 1 21 1
2087397792 131 1 21 1
2087397813 131 1 21 1
2087398277 131 1 21 0
2087399111 131 1 21 1
2087399186 131 1 21 0
2087399398 131 1 21 1
2087399908 131 1 21 0
2087400146 130 1 21 1
2087400236 130 1 21 1
2087400326 130 1 21 1
2087400412 130 1 21 1
2087400498 130 1 21 1
2087400537 131 1 21 1
2087400592 130 1 21 1
2087400663 131 1 21 1
2087400678 130 1 21 1
2087400707 131 1 21 1
2087400764 130 1 21 1
2087400829 131 1 21 1
2087400854 130 1 21 1
2087400915 131 1 21 1
2087400940 130 1 21 1
2087401005 131 1 21 1
2087401030 130 1 21 1
2087401095 131 1 21 1
2087401116 130 1 21 1
2087401123 130 1 21 1
2087401142 131 1 21 1
2087401213 130 1 21 1
2087401272 131 1 21 1
2087401299 130 1 21 1
2087401385 130 1 21 1
2087401410 131 1 21 1
2087401454 131 1 21 1
2087401471 130 1 21 1
2087401561 130 1 21 1
2087401647 130 1 21 1
2087401733 130 1 21 1
2087401819 130 1 21 1
2087401913 130 1 21 1
2087401994 131 1 21 1
2087401999 130 1 21 1
2087402085 130 1 21 1
2087402157 131 1 21 1
2087402172 131 1 21 1
2087402175 130 1 21 1
2087402323 131 1 21 1
2087402346 131 1 21 1
2087402493 131 1 21 1
2087402520 131 1 21 1
2087402663 131 1 21 1
2087404928 131 1 21 0
2087408474 131 1 21 1
2087408564 131 1 21 1
2087408658 131 1 21 1
2087408744 131 1 21 1
2087408830 131 1 21 1
2087408972 131 1 21 1
2087408987 131 1 21 1
2087409077 131 1 21 1
2087409225 131 1 21 1
2087409315 131 1 21 1
2087409331 131 1 21 1
2087409478 131 1 21 1
2087409564 130 1 21 1
2087409567 130 1 21 0
2087409572 131 1 21 1
2087409584 131 1 21 1
2087409657 130 1 21 1
2087409739 131 1 21 1
2087409747 130 1 21 1
2087409750 130 1 21 0
2087409833 131 1 21 1
2087409836 130 1 21 1
2087409919 131 1 21 1
2087409926 130 1 21 1
2087409933 130 1 21 1
2087409936 131 1 21 1
2087410023 130 1 21 1
2087410071 131 1 21 1
2087410109 130 1 21 1
2087410161 131 1 21 1
2087410193 131 1 21 1
2087410195 130 1 21 1
2087410293 130 1 21 1
2087410316 131 1 21 1
2087410379 130 1 21 1
2087410403 131 1 21 1
2087410458 131 1 21 1
2087410469 130 1 21 1
2087410555 130 1 21 1
2087410573 131 1 21 1
2087410645 130 1 21 1
2087410731 130 1 21 1
2087410821 130 1 21 1
2087410911 130 1 21 1
2087411001 130 1 21 1
2087411012 130 1 21 1
2087411098 130 1 21 1
2087411188 130 1 21 1
2087411278 130 1 21 1
2087411368 130 1 21 1
2087411454 130 1 21 1
2087411548 130 1 21 1
2087411634 130 1 21 1
2087411724 130 1 21 1
2087411897 130 1 21 1
2087411983 130 1 21 1
2087413763 131 1 21 0
2087414299 130 1 21 0
2087417080 131 1 21 1
2087417154 131 1 21 1
2087417250 131 1 21 1
2087417344 131 1 21 1
2087417419 131 1 21 1
2087417588 131 1 21 1
2087417597 131 1 21 1
2087417756 131 1 21 1
2087417771 131 1 21 1
2087417862 131 1 21 1
2087417960 130 1 21 1
2087417967 130 1 21 0
2087418009 131 1 21 1
2087418036 131 1 21 1
2087418057 130 1 21 1
2087418060 130 1 21 0
2087418123 131 1 21 1
2087418150 130 1 21 1
2087418157 130 1 21 0
2087418160 130 1 21 1
2087418254 130 1 21 1
2087418266 131 1 21 1
2087418301 131 1 21 1
2087418340 130 1 21 1
2087418418 131 1 21 1
2087418430 130 1 21 1
2087418471 131 1 21 1
2087418524 130 1 21 1
2087418562 131 1 21 1
2087418618 130 1 21 1
2087418680 131 1 21 1
2087418708 130 1 21 1
2087418770 131 1 21 1
2087418802 130 1 21 1
2087418827 131 1 21 1
2087418888 130 1 21 1
2087418929 131 1 21 1
2087418994 130 1 21 1
2087418997 131 1 21 1
2087419080 130 1 21 1
2087419103 131 1 21 1
2087419170 130 1 21 1
2087419189 130 1 21 1
2087419279 130 1 21 1
2087419369 130 1 21 1
2087419463 130 1 21 1
2087419553 130 1 21 1
2087419647 130 1 21 1
2087419737 130 1 21 1
2087419823 130 1 21 1
2087419838 130 1 21 1
2087419924 130 1 21 1
2087420010 130 1 21 1
2087420104 130 1 21 1
2087420198 130 1 21 1
2087422491 131 1 21 0
2087422688 130 1 21 0
2087426163 130 1 21 1
2087426170 130 1 21 0
2087426256 130 1 21 1
2087426346 130 1 21 1
2087426353 130 1 21 1
2087426436 131 1 21 1
2087426443 130 1 21 1
2087426448 131 1 21 1
2087426537 130 1 21 1
2087426606 131 1 21 1
2087426626 131 1 21 1
2087426627 130 1 21 1
2087426713 130 1 21 1
2087426772 131 1 21 1
2087426811 130 1 21 1
2087426812 131 1 21 1
2087426901 130 1 21 1
2087426946 131 1 21 1
2087426991 130 1 21 1
2087427032 131 1 21 1
2087427077 131 1 21 1
2087427081 130 1 21 1
2087427171 130 1 21 1
2087427199 131 1 21 1
2087427255 131 1 21 1
2087427257 130 1 21 1
2087427264 130 1 21 1
2087427350 130 1 21 1
2087427361 131 1 21 1
2087427425 131 1 21 1
2087427440 130 1 21 1
2087427531 131 1 21 1
2087427534 130 1 21 1
2087427607 131 1 21 1
2087427624 130 1 21 1
2087427697 131 1 21 1
2087427714 130 1 21 1
2087427777 131 1 21 1
2087427800 130 1 21 1
2087427868 131 1 21 1
2087427890 130 1 21 1
2087427980 130 1 21 1
2087427989 131 1 21 1
2087428066 130 1 21 1
2087428079 131 1 21 1
2087428137 131 1 21 1
2087428156 130 1 21 1
2087428246 130 1 21 1
2087428286 131 1 21 1
2087428319 131 1 21 1
2087428336 130 1 21 1
2087428406 131 1 21 1
2087428493 131 1 21 1
2087430217 130 1 21 0
2087431207 131 1 21 0
2087433882 130 1 21 1
2087433972 130 1 21 0
2087433975 130 1 21 1
2087433978 130 1 21 0
2087434155 130 1 21 1
2087434245 130 1 21 0
2087434248 130 1 21 1
2087434338 130 1 21 1
2087434428 130 1 21 1
2087434522 130 1 21 1
2087434612 130 1 21 1
2087434698 130 1 21 1
2087434792 130 1 21 1
2087434799 130 1 21 1
2087434804 131 1 21 1
2087434885 130 1 21 1
2087434906 131 1 21 0
2087434909 131 1 21 1
2087434983 130 1 21 1
2087434986 131 1 21 1
2087435073 130 1 21 1
2087435077 131 1 21 1
2087435159 130 1 21 1
2087435164 131 1 21 1
2087435249 130 1 21 1
2087435265 131 1 21 1
2087435339 130 1 21 1
2087435342 131 1 21 1
2087435425 130 1 21 1
2087435433 131 1 21 1
2087435515 130 1 21 1
2087435516 131 1 21 1
2087435609 130 1 21 1
2087435628 131 1 21 1
2087435694 131 1 21 1
2087435703 130 1 21 1
2087435710 130 1 21 1
2087435789 131 1 21 1
2087435800 130 1 21 1
2087435876 131 1 21 1
2087435890 130 1 21 1
2087435980 130 1 21 1
2087435991 131 1 21 1
2087436054 131 1 21 1
2087436070 130 1 21 1
2087436141 131 1 21 1
2087436160 130 1 21 1
2087436228 131 1 21 1
2087436250 130 1 21 1
2087436340 130 1 21 1
2087436354 131 1 21 1
2087436414 131 1 21 1
2087436497 131 1 21 1
2087436588 131 1 21 1
2087436718 131 1 21 1
2087436766 131 1 21 1
2087436853 131 1 21 1
2087436992 131 1 21 1
2087438261 130 1 21 0
2087439635 131 1 21 0
2087442351 130 1 21 1
2087442354 130 1 21 0
2087442440 130 1 21 1
2087442534 130 1 21 1
2087442624 130 1 21 1
2087442702 131 1 21 1
2087442714 130 1 21 1
2087442789 131 1 21 1
2087442804 130 1 21 1
2087442894 130 1 21 1
2087442941 131 1 21 1
2087442967 131 1 21 1
2087442988 130 1 21 1
2087443054 131 1 21 1
2087443078 130 1 21 1
2087443141 131 1 21 1
2087443164 130 1 21 1
2087443175 130 1 21 1
2087443265 130 1 21 1
2087443310 131 1 21 1
2087443313 131 1 21 1
2087443355 130 1 21 1
2087443406 131 1 21 1
2087443445 130 1 21 1
2087443493 131 1 21 1
2087443535 130 1 21 1
2087443580 131 1 21 1
2087443621 130 1 21 1
2087443679 131 1 21 1
2087443719 130 1 21 1
2087443754 131 1 21 1
2087443809 130 1 21 1
2087443845 131 1 21 1
2087443899 130 1 21 1
2087443932 131 1 21 1
2087443989 130 1 21 1
2087444048 131 1 21 1
2087444079 130 1 21 1
2087444082 130 1 21 1
2087444110 131 1 21 1
2087444201 131 1 21 1
2087444245 130 1 21 1
2087444248 130 1 21 1
2087444284 131 1 21 1
2087444338 130 1 21 1
2087444419 131 1 21 1
2087444428 130 1 21 1
2087444458 131 1 21 1
2087444518 130 1 21 1
2087444545 131 1 21 1
2087444705 131 1 21 1
2087444711 131 1 21 1
2087448053 130 1 21 0
2087448377 131 1 21 0
2087451237 131 1 21 1
2087451305 131 1 21 1
2087451349 130 1 21 1
2087451385 130 1 21 1
2087451396 131 1 21 1
2087451467 130 1 21 1
2087451479 131 1 21 1
2087451551 130 1 21 1
2087451600 131 1 21 1
2087451649 131 1 21 1
2087451714 130 1 21 1
2087451721 130 1 21 1
2087451732 131 1 21 1
2087451799 130 1 21 1
2087451815 131 1 21 1
2087451882 130 1 21 1
2087451965 130 1 21 1
2087451967 131 1 21 1
2087451985 131 1 21 1
2087452068 131 1 21 1
2087452087 130 1 21 1
2087452131 130 1 21 1
2087452151 131 1 21 1
2087452214 130 1 21 1
2087452234 131 1 21 1
2087452297 130 1 21 1
2087452326 131 1 21 1
2087452404 131 1 21 1
2087452452 130 1 21 1
2087452463 130 1 21 1
2087452487 131 1 21 1
2087452546 130 1 21 1
2087452578 131 1 21 1
2087452629 130 1 21 1
2087452689 131 1 21 1
2087452712 130 1 21 1
2087452744 131 1 21 1
2087452825 130 1 21 1
2087452827 131 1 21 1
2087452878 130 1 21 1
2087452910 131 1 21 1
2087452961 130 1 21 1
2087453044 130 1 21 1
2087453052 131 1 21 1
2087453080 131 1 21 1
2087453163 131 1 21 1
2087453190 130 1 21 1
2087453210 130 1 21 1
2087453250 131 1 21 1
2087453293 130 1 21 1
2087453376 130 1 21 1
2087456867 130 1 21 0
2087460202 130 1 21 1
2087460285 130 1 21 1
2087460395 130 1 21 1
2087460481 130 1 21 1
2087460576 130 1 21 1
2087460617 130 1 21 1
2087460746 130 1 21 1
2087460832 130 1 21 1
2087460922 130 1 21 1
2087460929 131 1 21 1
2087460949 130 1 21 1
2087461038 131 1 21 0
2087461041 131 1 21 1
2087461074 130 1 21 1
2087461095 131 1 21 1
2087461168 130 1 21 1
2087461182 131 1 21 1
2087461258 130 1 21 1
2087461265 131 1 21 1
2087461281 130 1 21 1
2087461401 131 1 21 1
2087461402 130 1 21 1
2087461431 131 1 21 1
2087461492 130 1 21 1
2087461518 131 1 21 1
2087461586 130 1 21 1
2087461601 131 1 21 1
2087461613 130 1 21 1
2087461738 130 1 21 1
2087461764 131 1 21 1
2087461771 131 1 21 1
2087461847 130 1 21 1
2087461850 131 1 21 1
2087461937 130 1 21 1
2087461941 131 1 21 1
2087461945 130 1 21 1
2087462028 131 1 21 1
2087462066 130 1 21 1
2087462111 130 1 21 1
2087462127 131 1 21 1
2087462194 131 1 21 1
2087462214 130 1 21 1
2087462277 131 1 21 1
2087462308 130 1 21 1
2087462364 131 1 21 1
2087462490 131 1 21 1
2087462530 131 1 21 1
2087462617 131 1 21 1
2087462700 131 1 21 1
2087462853 131 1 21 1
2087462866 131 1 21 1
2087462953 131 1 21 1
2087463124 131 1 21 1
2087465043 52 0 1 1
2087465109 52 0 1 1
2087465141 52 0 1 1
2087465224 52 0 1 1
2087465307 52 0 1 1
2087465390 52 0 1 1
2087465473 52 0 1 1
2087465556 52 0 1 1
2087465639 52 0 1 1
2087465726 52 0 1 1
2087465809 52 0 1 1
2087465936 52 0 1 1
2087465975 52 0 1 1
2087466031 130 1 21 0
2087466058 52 0 1 1
2087466141 52 0 1 1
2087466224 52 0 1 1
2087466307 52 0 1 1
2087466390 52 0 1 1
2087466473 52 0 1 1
2087466560 52 0 1 1
2087466647 52 0 1 1
2087466734 52 0 1 1
2087466821 52 0 1 1
2087466908 52 0 1 1
2087466995 52 0 1 1
2087467117 52 0 1 1
2087467935 131 1 21 0
2087469690 130 1 21 1
2087469780 130 1 21 1
2087469797 130 1 21 1
2087469918 130 1 21 1
2087470039 130 1 21 1
2087470129 130 1 21 1
2087470140 130 1 21 1
2087470226 130 1 21 1
2087470357 130 1 21 1
2087470465 130 1 21 1
2087470472 130 1 21 1
2087470566 130 1 21 1
2087470635 130 1 21 1
2087470726 130 1 21 1
2087470834 130 1 21 1
2087470888 130 1 21 1
2087470946 131 1 21 1
2087470999 130 1 21 1
2087471029 131 1 21 1
2087471054 130 1 21 1
2087471112 131 1 21 1
2087471141 130 1 21 1
2087471206 131 1 21 1
2087471247 52 0 1 0
2087471268 130 1 21 1
2087471282 131 1 21 1
2087471354 130 1 21 1
2087471365 131 1 21 1
2087471394 130 1 21 1
2087471460 131 1 21 1
2087471485 130 1 21 1
2087471565 131 1 21 1
2087471571 130 1 21 1
2087471630 131 1 21 1
2087471657 130 1 21 1
2087471717 131 1 21 1
2087471747 130 1 21 1
2087471800 131 1 21 1
2087471932 131 1 21 1
2087471974 131 1 21 1
2087472061 131 1 21 1
2087472152 131 1 21 1
2087472291 131 1 21 1
2087472330 131 1 21 1
2087472421 131 1 21 1
2087472508 131 1 21 1
2087472658 131 1 21 1
2087472694 131 1 21 1
2087472777 131 1 21 1
2087472864 131 1 21 1
2087473017 131 1 21 1
2087474001 52 0 1 1
2087474084 52 0 1 1
2087474213 52 0 1 1
2087474250 52 0 1 1
2087474333 52 0 1 1
2087474416 52 0 1 1
2087474499 52 0 1 1
2087474582 52 0 1 1
2087474665 52 0 1 1
2087474748 52 0 1 1
2087474831 52 0 1 1
2087474914 52 0 1 1
2087474997 52 0 1 1
2087475080 52 0 1 1
2087475163 52 0 1 1
2087475250 52 0 1 1
2087475333 52 0 1 1
2087475365 130 1 21 0
2087475403 131 1 21 0
2087475416 52 0 1 1
2087475499 52 0 1 1
2087475582 52 0 1 1
2087475665 52 0 1 1
2087475748 52 0 1 1
2087475906 52 0 1 1
2087475914 52 0 1 1
2087475997 52 0 1 1
2087476080 52 0 1 1
2087478806 52 0 1 0
2087479322 131 1 21 1
2087479412 131 1 21 0
2087479415 131 1 21 1
2087479426 130 1 21 1
2087479429 130 1 21 0
2087479501 131 1 21 1
2087479542 130 1 21 1
2087479587 131 1 21 1
2087479653 130 1 21 1
2087479673 131 1 21 1
2087479708 130 1 21 1
2087479759 131 1 21 1
2087479795 130 1 21 1
2087479845 131 1 21 1
2087479881 130 1 21 1
2087479935 131 1 21 1
2087479989 130 1 21 1
2087480021 131 1 21 1
2087480044 130 1 21 1
2087480107 131 1 21 1
2087480155 130 1 21 1
2087480197 131 1 21 1
2087480245 130 1 21 1
2087480283 131 1 21 1
2087480335 130 1 21 1
2087480369 131 1 21 1
2087480380 130 1 21 1
2087480455 131 1 21 1
2087480487 130 1 21 1
2087480541 131 1 21 1
2087480573 130 1 21 1
2087480627 131 1 21 1
2087480659 130 1 21 1
2087480712 130 1 21 1
2087480717 131 1 21 1
2087480803 131 1 21 1
2087480819 130 1 21 1
2087480882 130 1 21 1
2087480889 131 1 21 1
2087480975 131 1 21 1
2087480985 130 1 21 1
2087481061 131 1 21 1
2087481075 130 1 21 1
2087481147 131 1 21 1
2087481165 130 1 21 1
2087481214 130 1 21 1
2087481233 131 1 21 1
2087481313 130 1 21 1
2087481319 131 1 21 1
2087481384 130 1 21 1
2087481405 131 1 21 1
2087481483 130 1 21 1
2087481569 130 1 21 1
2087481578 131 1 21 1
2087482228 52 0 1 1
2087482311 52 0 1 1
2087482394 52 0 1 1
2087482549 52 0 1 1
2087482560 52 0 1 1
2087482643 52 0 1 1
2087482726 52 0 1 1
2087482809 52 0 1 1
2087482892 52 0 1 1
2087482975 52 0 1 1
2087483058 52 0 1 1
2087483141 52 0 1 1
2087483224 52 0 1 1
2087483307 52 0 1 1
2087483390 52 0 1 1
2087483473 52 0 1 1
2087483484 131 1 21 0
2087483560 52 0 1 1
2087483661 52 0 1 1
2087483726 52 0 1 1
2087483809 52 0 1 1
2087483843 130 1 21 0
2087483892 52 0 1 1
2087483975 52 0 1 1
2087484058 52 0 1 1
2087484141 52 0 1 1
2087484224 52 0 1 1
2087484307 52 0 1 1
2087486966 52 0 1 0
2087487103 130 1 21 1
2087487140 130 1 21 0
2087487186 130 1 21 1
2087487312 130 1 21 1
2087487398 130 1 21 1
2087487435 130 1 21 1
2087487547 130 1 21 1
2087487634 130 1 21 1
2087487720 130 1 21 1
2087487810 130 1 21 1
2087487896 130 1 21 1
2087487982 130 1 21 1
2087488076 130 1 21 1
2087488162 130 1 21 1
2087488248 130 1 21 1
2087488334 130 1 21 1
2087488420 130 1 21 1
2087488506 130 1 21 1
2087488600 130 1 21 1
2087488690 130 1 21 1
2087488697 130 1 21 1
2087488783 130 1 21 1
2087488869 130 1 21 1
2087488959 130 1 21 1
2087489045 130 1 21 1
2087489135 130 1 21 1
2087489146 131 1 21 1
2087489149 131 1 21 0
2087489235 131 1 21 1
2087489304 130 1 21 1
2087489321 131 1 21 0
2087489324 131 1 21 1
2087489410 131 1 21 1
2087489500 131 1 21 1
2087489586 131 1 21 1
2087489672 131 1 21 1
2087489758 131 1 21 1
2087489844 131 1 21 1
2087489934 131 1 21 1
2087490020 131 1 21 1
2087490106 131 1 21 1
2087490192 131 1 21 1
2087490282 131 1 21 1
2087490368 131 1 21 1
2087490454 131 1 21 1
2087490540 131 1 21 1
2087490626 131 1 21 1
2087490712 131 1 21 1
2087490798 131 1 21 1
2087490888 131 1 21 1
2087490974 131 1 21 1
2087491060 131 1 21 1
2087491146 131 1 21 1
2087491232 131 1 21 1
2087491318 131 1 21 1
2087491355 130 1 21 0
2087491408 131 1 21 1
2087492920 52 0 1 1
2087493003 52 0 1 1
2087493109 52 0 1 1
2087493169 52 0 1 1
2087493245 131 1 21 0
2087493252 52 0 1 1
2087493335 52 0 1 1
2087493418 52 0 1 1
2087493501 52 0 1 1
2087493584 52 0 1 1
2087493667 52 0 1 1
2087493750 52 0 1 1
2087493833 52 0 1 1
2087493916 52 0 1 1
2087493999 52 0 1 1
2087494086 52 0 1 1
2087494169 52 0 1 1
2087494290 52 0 1 1
2087494335 52 0 1 1
2087494422 52 0 1 1
2087494505 52 0 1 1
2087494588 52 0 1 1
2087494671 52 0 1 1
2087494754 52 0 1 1
2087494837 52 0 1 1
2087494920 52 0 1 1
2087495003 52 0 1 1
2087496561 131 1 21 1
2087496651 131 1 21 1
2087496737 131 1 21 1
2087496823 131 1 21 1
2087496931 52 0 1 0
2087496992 131 1 21 1
2087497082 131 1 21 1
2087497168 131 1 21 1
2087497262 131 1 21 1
2087497348 131 1 21 1
2087497438 131 1 21 1
2087497524 131 1 21 1
2087497614 131 1 21 1
2087497700 131 1 21 1
2087497790 131 1 21 1
2087497876 131 1 21 1
2087497970 131 1 21 1
2087498056 131 1 21 1
2087498146 131 1 21 1
2087498232 131 1 21 1
2087498306 131 1 21 1
2087498392 131 1 21 1
2087498478 131 1 21 1
2087498568 131 1 21 1
2087499432 52 0 1 1
2087499515 52 0 1 1
2087499598 52 0 1 1
2087499681 52 0 1 1
2087499764 52 0 1 1
2087499847 52 0 1 1
2087499934 52 0 1 1
2087500017 52 0 1 1
2087500100 52 0 1 1
2087500253 52 0 1 1
2087500256 52 0 1 1
2087500307 52 0 1 1
2087500390 52 0 1 1
2087500473 52 0 1 1
2087500556 52 0 1 1
2087500639 52 0 1 1
2087500722 52 0 1 1
2087500805 52 0 1 1
2087500888 52 0 1 1
2087500971 52 0 1 1
2087501054 52 0 1 1
2087501141 52 0 1 1
2087501224 52 0 1 1
2087501307 52 0 1 1
2087501424 52 0 1 1
2087501473 52 0 1 1
2087501927 131 1 21 0
2087504859 131 1 21 1
2087504945 131 1 21 0
2087504948 131 1 21 1
2087504956 52 0 1 0
2087505034 131 1 21 0
2087505037 131 1 21 1
2087505123 131 1 21 1
2087505209 131 1 21 1
2087505378 131 1 21 1
2087505464 131 1 21 1
2087505550 131 1 21 1
2087505636 131 1 21 1
2087505722 131 1 21 1
2087505812 131 1 21 1
2087505898 131 1 21 1
2087505988 131 1 21 1
2087506074 131 1 21 1
2087506164 131 1 21 1
2087506254 131 1 21 1
2087506340 131 1 21 1
2087506426 131 1 21 1
2087506516 131 1 21 1
2087506602 131 1 21 1
2087506692 131 1 21 1
2087506778 131 1 21 1
2087506868 131 1 21 1
2087507041 131 1 21 1
2087508155 131 1 21 0
2087508453 52 0 1 1
2087508536 52 0 1 1
2087508619 52 0 1 1
2087508702 52 0 1 1
2087508789 52 0 1 1
2087508930 52 0 1 1
2087508955 52 0 1 1
2087509038 52 0 1 1
2087509121 52 0 1 1
2087509204 52 0 1 1
2087509287 52 0 1 1
2087509370 52 0 1 1
2087509453 52 0 1 1
2087509536 52 0 1 1
2087509619 52 0 1 1
2087509702 52 0 1 1
2087509789 52 0 1 1
2087509872 52 0 1 1
2087509955 52 0 1 1
2087510475 52 0 1 1
2087510943 52 0 1 0
2087515853 131 1 21 1
2087515939 131 1 21 0
2087515942 131 1 21 1
2087516032 131 1 21 1
2087516118 131 1 21 1
2087516287 131 1 21 1
2087516296 131 1 21 1
2087516423 131 1 21 1
2087516482 131 1 21 1
2087516593 131 1 21 1
2087516668 131 1 21 1
2087516820 131 1 21 1
2087516910 131 1 21 1
2087516996 131 1 21 1
2087517082 131 1 21 1
2087517168 131 1 21 1
2087517254 131 1 21 1
2087517340 131 1 21 1
2087517426 131 1 21 1
2087517516 131 1 21 1
2087517602 131 1 21 1
2087517688 131 1 21 1
2087517857 131 1 21 1
2087517947 131 1 21 1
2087518037 131 1 21 1
2087521435 131 1 21 0
2087526909 131 1 21 1
2087526912 131 1 21 0
2087527085 131 1 21 1
2087527171 131 1 21 0
2087527174 131 1 21 1
2087527264 131 1 21 1
2087527350 131 1 21 1
2087527436 131 1 21 1
2087527526 131 1 21 1
2087527612 131 1 21 1
2087527702 131 1 21 1
2087527871 131 1 21 1
2087527961 131 1 21 1
2087528051 131 1 21 1
2087528141 131 1 21 1
2087528227 131 1 21 1
2087528317 131 1 21 1
2087528403 131 1 21 1
2087528489 131 1 21 1
2087528579 131 1 21 1
2087528665 131 1 21 1
2087528755 131 1 21 1
2087528845 131 1 21 1
2087528935 131 1 21 1
2087529021 131 1 21 1
2087529111 131 1 21 1
2087529197 131 1 21 1
2087529283 131 1 21 1
2087531299 131 1 21 0
2087533469 139 1 7 1
2087533513 139 1 7 0
2087533552 139 1 7 1
2087533643 139 1 7 1
2087533726 139 1 7 1
2087533813 139 1 7 1
2087533896 139 1 7 1
2087533983 139 1 7 1
2087534070 139 1 7 1
2087534161 139 1 7 1
2087534244 139 1 7 1
2087534335 139 1 7 1
2087534418 139 1 7 1
2087534505 139 1 7 1
2087534588 139 1 7 1
2087534671 139 1 7 1
2087534754 139 1 7 1
2087534837 139 1 7 1
2087534943 139 1 7 1
2087535029 139 1 7 1
2087535115 139 1 7 1
2087535201 139 1 7 1
2087535287 139 1 7 1
2087535373 139 1 7 1
2087535459 139 1 7 1
2087535545 139 1 7 1
2087535599 139 1 7 1
2087536013 131 1 21 1
2087536103 131 1 21 1
2087536193 131 1 21 1
2087536279 131 1 21 1
2087536369 131 1 21 1
2087536459 131 1 21 1
2087536549 131 1 21 1
2087536639 131 1 21 1
2087536729 131 1 21 1
2087536827 131 1 21 1
2087536917 131 1 21 1
2087537007 131 1 21 1
2087537097 131 1 21 1
2087537187 131 1 21 1
2087537277 131 1 21 1
2087537367 131 1 21 1
2087537457 131 1 21 1
2087537547 131 1 21 1
2087537637 131 1 21 1
2087537727 131 1 21 1
2087537774 139 1 7 0
2087537813 131 1 21 1
2087537899 131 1 21 1
2087537989 131 1 21 1
2087538075 131 1 21 1
2087540118 131 1 21 0
2087543045 139 1 7 1
2087543131 139 1 7 0
2087543134 139 1 7 1
2087543220 139 1 7 1
2087543306 139 1 7 1
2087543396 139 1 7 1
2087543482 139 1 7 1
2087543568 139 1 7 1
2087543658 139 1 7 1
2087543744 139 1 7 1
2087543830 139 1 7 1
2087543916 139 1 7 1
2087544006 139 1 7 1
2087544092 139 1 7 1
2087544117 139 1 7 1
2087544135 131 1 21 1
2087544138 131 1 21 0
2087544207 139 1 7 1
2087544228 131 1 21 1
2087544235 131 1 21 1
2087544293 139 1 7 1
2087544325 131 1 21 1
2087544379 139 1 7 1
2087544415 131 1 21 1
2087544465 139 1 7 1
2087544551 139 1 7 1
2087544584 131 1 21 1
2087544641 139 1 7 1
2087544678 131 1 21 1
2087544685 131 1 21 1
2087544727 139 1 7 1
2087544771 131 1 21 1
2087544817 139 1 7 1
2087544865 131 1 21 1
2087544903 139 1 7 1
2087544955 131 1 21 1
2087544989 139 1 7 1
2087545079 139 1 7 1
2087545124 131 1 21 1
2087545135 131 1 21 1
2087545165 139 1 7 1
2087545251 139 1 7 1
2087545304 131 1 21 1
2087545315 131 1 21 1
2087545405 131 1 21 1
2087545491 131 1 21 1
2087545581 131 1 21 1
2087545671 131 1 21 1
2087545761 131 1 21 1
2087545851 131 1 21 1
2087545937 131 1 21 1
2087546027 131 1 21 1
2087546200 131 1 21 1
2087546294 131 1 21 1
2087546380 131 1 21 1
2087547353 139 1 7 0
2087549369 131 1 21 0
2087552662 139 1 7 1
2087552665 139 1 7 0
2087552755 139 1 7 1
2087552758 139 1 7 0
2087552761 139 1 7 1
2087552847 139 1 7 0
2087552858 139 1 7 1
2087552861 139 1 7 0
2087553034 139 1 7 1
2087553128 139 1 7 1
2087553214 139 1 7 1
2087553308 139 1 7 1
2087553398 139 1 7 1
2087553488 139 1 7 1
2087553574 139 1 7 1
2087553664 139 1 7 1
2087553754 139 1 7 1
2087553761 139 1 7 1
2087553847 139 1 7 1
2087553854 139 1 7 0
2087553944 139 1 7 1
2087553947 139 1 7 0
2087554033 139 1 7 1
2087554040 139 1 7 0
2087554126 139 1 7 1
2087554129 139 1 7 0
2087554219 139 1 7 1
2087554226 139 1 7 0
2087554312 139 1 7 1
2087554315 139 1 7 0
2087555889 131 1 21 1
2087555892 131 1 21 0
2087555976 131 1 21 1
2087556063 131 1 21 1
2087556069 131 1 21 0
2087556232 131 1 21 1
2087556237 131 1 21 1
2087556272 131 1 21 0
2087556320 131 1 21 1
2087556411 131 1 21 1
2087556414 131 1 21 0
2087556502 131 1 21 1
2087556587 131 1 21 0
2087556590 131 1 21 1
2087556620 131 1 21 0
2087556684 131 1 21 1
2087556753 131 1 21 0
2087556851 131 1 21 1
2087556854 131 1 21 0
2087556857 131 1 21 1
2087556919 131 1 21 0
2087558089 131 1 21 1
2087558092 131 1 21 0
2087558155 131 1 21 1
2087558250 131 1 21 1
2087558334 131 1 21 0
2087558358 131 1 21 1
2087558399 131 1 21 0
2087558500 131 1 21 1
2087558583 131 1 21 1
2087558708 131 1 21 0
2087558711 131 1 21 1
2087558757 131 1 21 1
2087558844 131 1 21 1
2087558931 131 1 21 1
2087559018 131 1 21 1
2087559109 131 1 21 1
2087559195 131 1 21 1
2087559327 131 1 21 1
2087559366 131 1 21 1
2087559453 131 1 21 1
2087559544 131 1 21 1
2087559627 131 1 21 1
2087559714 131 1 21 1
2087559797 131 1 21 1
2087559884 131 1 21 1
2087559971 131 1 21 1
2087560062 131 1 21 1
2087560145 131 1 21 1
2087560228 139 1 7 1
2087560231 139 1 7 0
2087560236 131 1 21 1
2087560321 139 1 7 1
2087560324 139 1 7 0
2087560414 139 1 7 1
2087560417 139 1 7 0
2087560420 131 1 21 1
2087560424 139 1 7 1
2087560512 131 1 21 1
2087560514 139 1 7 1
2087560604 139 1 7 1
2087560618 131 1 21 0
2087560694 139 1 7 1
2087560784 139 1 7 1
2087560874 139 1 7 1
2087560960 139 1 7 1
2087561050 139 1 7 1
2087561140 139 1 7 1
2087561230 139 1 7 1
2087561320 139 1 7 1
2087561406 139 1 7 1
2087561496 139 1 7 0
2087561499 139 1 7 1
2087561589 139 1 7 0
2087561592 139 1 7 1
2087561682 139 1 7 1
2087561689 139 1 7 1
2087561775 139 1 7 0
2087561778 139 1 7 1
2087561864 139 1 7 0
2087567598 131 1 21 1
2087567601 131 1 21 0
2087567685 131 1 21 1
2087567769 131 1 21 0
2087567772 131 1 21 1
2087567859 131 1 21 1
2087567946 131 1 21 1
2087568037 131 1 21 1
2087568124 131 1 21 1
2087568211 131 1 21 1
2087568298 131 1 21 1
2087568389 131 1 21 1
2087568555 131 1 21 1
2087568567 131 1 21 1
2087568654 131 1 21 1
2087568741 131 1 21 1
2087568828 131 1 21 1
2087568915 131 1 21 1
2087569002 131 1 21 1
2087569089 131 1 21 1
2087569180 131 1 21 1
2087569267 131 1 21 1
2087569354 131 1 21 1
2087569449 131 1 21 1
2087569536 131 1 21 1
2087569627 131 1 21 1
2087569714 131 1 21 1
2087569856 131 1 21 1
2087571487 131 1 21 0
2087576404 131 1 21 1
2087576430 131 1 21 0
2087576491 131 1 21 1
2087576517 131 1 21 0
2087576574 131 1 21 1
2087576604 131 1 21 0
2087576661 131 1 21 1
2087576744 131 1 21 1
2087576831 131 1 21 1
2087576918 131 1 21 1
2087577001 131 1 21 1
2087577088 131 1 21 1
2087577175 131 1 21 1
2087577262 131 1 21 1
2087577349 131 1 21 1
2087577436 131 1 21 1
2087577523 131 1 21 1
2087577610 131 1 21 1
2087577697 131 1 21 1
2087577780 131 1 21 1
2087577863 131 1 21 1
2087578005 131 1 21 1
2087578029 131 1 21 1
2087578116 131 1 21 1
2087578203 131 1 21 1
2087578286 131 1 21 1
2087578369 131 1 21 1
2087578456 131 1 21 1
2087578539 131 1 21 1
2087578622 131 1 21 1
2087578705 131 1 21 1
2087581236 131 1 21 0
2087585758 131 1 21 1
2087585845 131 1 21 1
2087585932 131 1 21 1
2087586023 131 1 21 1
2087586110 131 1 21 1
2087586197 131 1 21 1
2087586284 131 1 21 1
2087586375 131 1 21 1
2087586466 131 1 21 1
2087586553 131 1 21 1
2087586644 131 1 21 1
2087586735 131 1 21 1
2087586822 131 1 21 1
2087586913 131 1 21 1
2087586996 131 1 21 1
2087586999 131 1 21 0
2087587087 131 1 21 1
2087587090 131 1 21 0
2088145584 133 1 20 1
2088145595 133 1 20 0
2088145598 133 1 20 1
2088145688 133 1 20 1
2088145778 133 1 20 1
2088145872 133 1 20 1
2088145962 133 1 20 1
2088146048 133 1 20 1
2088146138 133 1 20 1
2088146224 133 1 20 1
2088146314 133 1 20 1
2088146400 133 1 20 1
2088146471 133 1 20 1
2088146557 133 1 20 1
2088146643 133 1 20 1
2088146733 133 1 20 1
2088146819 133 1 20 1
2088146909 133 1 20 1
2088146995 133 1 20 1
2088147085 133 1 20 1
2088147171 133 1 20 1
2088147265 133 1 20 1
2088147351 133 1 20 1
2088147437 133 1 20 1
2088147527 133 1 20 1
2088147613 133 1 20 1
2088147699 133 1 20 1
2088155330 133 1 20 1
2088155333 133 1 20 0
2088155419 133 1 20 1
2088155505 133 1 20 0
2088155508 133 1 20 1
2088155594 133 1 20 1
2088155684 133 1 20 1
2088155770 133 1 20 1
2088155856 133 1 20 1
2088155942 133 1 20 1
2088156032 133 1 20 1
2088156118 133 1 20 1
2088156204 133 1 20 1
2088156290 133 1 20 1
2088156376 133 1 20 1
2088156466 133 1 20 1
2088156552 133 1 20 1
2088156642 133 1 20 1
2088156711 133 1 20 1
2088156778 133 1 20 1
2088156869 133 1 20 1
2088156956 133 1 20 1
2088157043 133 1 20 1
2088157130 133 1 20 1
2088157217 133 1 20 1
2088157304 133 1 20 1
2088157391 133 1 20 1
2088157478 133 1 20 1
2088157591 133 1 20 1
2088161220 94 0 1 1
2088161303 94 0 1 1
2088161386 94 0 1 1
2088161469 94 0 1 1
2088161552 94 0 1 1
2088161635 94 0 1 1
2088161718 94 0 1 1
2088161805 94 0 1 1
2088161888 94 0 1 1
2088161975 94 0 1 1
2088162058 94 0 1 1
2088162145 94 0 1 1
2088162228 94 0 1 1
2088162315 94 0 1 1
2088162398 94 0 1 1
2088162485 94 0 1 1
2088162568 94 0 1 1
2088162655 94 0 1 1
2088162738 94 0 1 1
2088162829 94 0 1 1
2088162912 94 0 1 1
2088162995 94 0 1 1
2088163078 94 0 1 1
2088163161 94 0 1 1
2088163186 94 0 1 1
2088163269 94 0 1 1
2088164764 133 1 20 1
2088164867 133 1 20 1
2088164938 133 1 20 1
2088165037 133 1 20 1
2088165124 133 1 20 1
2088165195 133 1 20 1
2088165298 133 1 20 1
2088165385 133 1 20 1
2088165460 133 1 20 1
2088165560 133 1 20 1
2088165646 133 1 20 1
2088165717 133 1 20 1
2088165820 133 1 20 1
2088165911 133 1 20 1
2088165982 133 1 20 1
2088166081 133 1 20 1
2088166175 133 1 20 1
2088166240 133 1 20 1
2088166346 133 1 20 1
2088166433 133 1 20 1
2088166496 133 1 20 1
2088166607 133 1 20 1
2088166694 133 1 20 1
2088166757 133 1 20 1
2088166872 133 1 20 1
2088170355 94 0 1 1
2088170438 94 0 1 1
2088170521 94 0 1 1
2088170604 94 0 1 1
2088170687 94 0 1 1
2088170770 94 0 1 1
2088170853 94 0 1 1
2088170936 94 0 1 1
2088171019 94 0 1 1
2088171102 94 0 1 1
2088171185 94 0 1 1
2088171268 94 0 1 1
2088171351 94 0 1 1
2088171434 94 0 1 1
2088171517 94 0 1 1
2088171600 94 0 1 1
2088171683 94 0 1 1
2088171766 94 0 1 1
2088171849 94 0 1 1
2088171932 94 0 1 1
2088172015 94 0 1 1
2088172098 94 0 1 1
2088172181 94 0 1 1
2088172264 94 0 1 1
2088172347 94 0 1 1
2088172430 94 0 1 1
2088173958 133 1 20 1
2088174045 133 1 20 1
2088174132 133 1 20 1
2088174215 133 1 20 1
2088174298 133 1 20 1
2088174381 133 1 20 1
2088174468 133 1 20 1
2088174559 133 1 20 1
2088174642 133 1 20 1
2088174725 133 1 20 1
2088174739 133 1 20 1
2088174822 133 1 20 1
2088174909 133 1 20 1
2088174992 133 1 20 1
2088175075 133 1 20 1
2088175162 133 1 20 1
2088175253 133 1 20 1
2088175336 133 1 20 1
2088175419 133 1 20 1
2088175502 133 1 20 1
2088175589 133 1 20 1
2088175680 133 1 20 1
2088175763 133 1 20 1
2088175846 133 1 20 1
2088175933 133 1 20 1
2088176020 133 1 20 1
2088179516 94 0 1 1
2088179599 94 0 1 1
2088179686 94 0 1 1
2088179769 94 0 1 1
2088179856 94 0 1 1
2088179939 94 0 1 1
2088180026 94 0 1 1
2088180109 94 0 1 1
2088180192 94 0 1 1
2088180275 94 0 1 1
2088180358 94 0 1 1
2088180441 94 0 1 1
2088180524 94 0 1 1
2088180607 94 0 1 1
2088180690 94 0 1 1
2088180773 94 0 1 1
2088180856 94 0 1 1
2088180939 94 0 1 1
2088181022 94 0 1 1
2088181105 94 0 1 1
2088181188 94 0 1 1
2088181271 94 0 1 1
2088181354 94 0 1 1
2088181437 94 0 1 1
2088181520 94 0 1 1
2088184332 133 1 20 1
2088184384 133 1 20 0
2088184415 133 1 20 1
2088184502 133 1 20 1
2088184593 133 1 20 1
2088184680 133 1 20 1
2088184763 133 1 20 1
2088184846 133 1 20 1
2088184868 133 1 20 1
2088184955 133 1 20 1
2088185038 133 1 20 1
2088185129 133 1 20 1
2088185212 133 1 20 1
2088185299 133 1 20 1
2088185390 133 1 20 1
2088185473 133 1 20 1
2088185549 128 1 20 1
2088185560 133 1 20 1
2088185643 133 1 20 1
2088185726 133 1 20 1
2088185775 128 1 20 1
2088185813 133 1 20 1
2088185900 133 1 20 1
2088185983 133 1 20 1
2088186002 128 1 20 1
2088186070 133 1 20 1
2088186157 133 1 20 1
2088186229 128 1 20 1
2088186240 133 1 20 1
2088186327 133 1 20 1
2088186406 128 1 20 1
2088186410 133 1 20 1
2088186489 128 1 20 1
2088186493 133 1 20 1
2088186683 128 1 20 1
2088186910 128 1 20 1
2088187140 128 1 20 1
2088187365 128 1 20 1
2088187592 128 1 20 1
2088188327 133 1 20 0
2088188606 94 0 1 1
2088188689 94 0 1 1
2088188772 94 0 1 1
2088188855 94 0 1 1
2088188935 94 0 1 1
2088189018 94 0 1 1
2088189101 94 0 1 1
2088189184 94 0 1 1
2088189267 94 0 1 1
2088189350 94 0 1 1
2088189433 94 0 1 1
2088189516 94 0 1 1
2088189599 94 0 1 1
2088189682 94 0 1 1
2088189765 94 0 1 1
2088189848 94 0 1 1
2088189931 94 0 1 1
2088190014 94 0 1 1
2088190023 128 1 20 0
2088190097 94 0 1 1
2088190180 94 0 1 1
2088190263 94 0 1 1
2088190346 94 0 1 1
2088190429 94 0 1 1
2088190512 94 0 1 1
2088190595 94 0 1 1
2088190678 94 0 1 1
2088191714 133 1 20 1
2088191717 133 1 20 0
2088191805 133 1 20 1
2088191896 133 1 20 1
2088191983 133 1 20 1
2088192070 133 1 20 1
2088192153 133 1 20 1
2088192240 133 1 20 1
2088192296 94 0 1 0
2088192327 133 1 20 1
2088192418 133 1 20 1
2088192445 128 1 20 1
2088192472 128 1 20 0
2088192501 133 1 20 1
2088192528 128 1 20 1
2088192588 133 1 20 1
2088192611 128 1 20 1
2088192675 133 1 20 1
2088192694 128 1 20 1
2088192766 133 1 20 1
2088192780 128 1 20 1
2088192849 133 1 20 1
2088192864 128 1 20 1
2088192940 133 1 20 1
2088192947 128 1 20 1
2088193030 128 1 20 1
2088193035 133 1 20 1
2088193113 128 1 20 1
2088193126 133 1 20 1
2088193196 128 1 20 1
2088193213 133 1 20 1
2088193279 128 1 20 1
2088193296 133 1 20 1
2088193362 128 1 20 1
2088193379 133 1 20 1
2088193445 128 1 20 1
2088193466 133 1 20 1
2088193532 128 1 20 1
2088193553 133 1 20 1
2088193615 128 1 20 1
2088193640 133 1 20 1
2088193698 128 1 20 1
2088193723 133 1 20 1
2088193781 128 1 20 1
2088193810 133 1 20 1
2088193868 128 1 20 1
2088193951 128 1 20 1
2088194038 128 1 20 1
2088194121 128 1 20 1
2088194148 128 1 20 1
2088194231 128 1 20 1
2088194314 128 1 20 1
2088194401 128 1 20 1
2088194484 128 1 20 1
2088194567 128 1 20 1
2088194797 94 0 1 1
2088194880 94 0 1 1
2088194963 94 0 1 1
2088195046 94 0 1 1
2088195129 94 0 1 1
2088195206 94 0 1 1
2088195289 94 0 1 1
2088195372 94 0 1 1
2088195455 94 0 1 1
2088195538 94 0 1 1
2088195621 94 0 1 1
2088195704 94 0 1 1
2088195787 94 0 1 1
2088195870 94 0 1 1
2088195953 94 0 1 1
2088196036 94 0 1 1
2088196119 94 0 1 1
2088196202 94 0 1 1
2088196285 94 0 1 1
2088196368 94 0 1 1
2088196451 94 0 1 1
2088196534 94 0 1 1
2088196617 94 0 1 1
2088196700 94 0 1 1
2088196783 94 0 1 1
2088196866 94 0 1 1
2088197637 133 1 20 0
2088200574 94 0 1 0
2088201226 133 1 20 1
2088201313 133 1 20 1
2088201385 133 1 20 0
2088201396 133 1 20 1
2088201479 133 1 20 1
2088201570 133 1 20 1
2088201657 133 1 20 1
2088201740 133 1 20 1
2088201827 133 1 20 1
2088201918 133 1 20 1
2088201923 128 1 20 1
2088202001 133 1 20 1
2088202021 128 1 20 1
2088202092 133 1 20 1
2088202111 128 1 20 1
2088202179 133 1 20 1
2088202205 128 1 20 1
2088202266 133 1 20 1
2088202291 128 1 20 1
2088202302 128 1 20 1
2088202349 133 1 20 1
2088202388 128 1 20 1
2088202432 133 1 20 1
2088202523 133 1 20 1
2088202533 128 1 20 1
2088202545 128 1 20 1
2088202606 133 1 20 1
2088202628 128 1 20 1
2088202693 133 1 20 1
2088202715 128 1 20 1
2088202780 133 1 20 1
2088202798 128 1 20 1
2088202867 133 1 20 1
2088202881 128 1 20 1
2088202950 133 1 20 1
2088202964 128 1 20 1
2088203041 133 1 20 1
2088203049 128 1 20 1
2088203128 133 1 20 1
2088203130 128 1 20 1
2088203213 128 1 20 1
2088203219 133 1 20 1
2088203296 128 1 20 1
2088203302 133 1 20 1
2088203383 128 1 20 1
2088203471 133 1 20 1
2088204320 94 0 1 1
2088204403 94 0 1 1
2088204406 94 0 1 0
2088204486 94 0 1 1
2088204569 94 0 1 1
2088204652 94 0 1 1
2088204735 94 0 1 1
2088204818 94 0 1 1
2088204901 94 0 1 1
2088204984 94 0 1 1
2088205067 94 0 1 1
2088205150 94 0 1 1
2088205233 94 0 1 1
2088205316 94 0 1 1
2088205399 94 0 1 1
2088205482 94 0 1 1
2088205565 94 0 1 1
2088205648 94 0 1 1
2088205731 94 0 1 1
2088205814 94 0 1 1
2088205897 94 0 1 1
2088205980 94 0 1 1
2088206063 94 0 1 1
2088206146 94 0 1 1
2088206229 94 0 1 1
2088206312 94 0 1 1
2088206355 133 1 20 0
2088206395 94 0 1 1
2088206492 94 0 1 1
2088207870 128 1 20 0
2088207888 94 0 1 0
2088209414 133 1 20 1
2088209501 133 1 20 1
2088209593 133 1 20 1
2088209675 133 1 20 1
2088209766 133 1 20 1
2088209853 133 1 20 1
2088209940 133 1 20 1
2088210103 133 1 20 1
2088210114 133 1 20 1
2088210205 133 1 20 1
2088210292 133 1 20 1
2088210383 133 1 20 1
2088210530 133 1 20 1
2088210557 133 1 20 1
2088210700 133 1 20 1
2088210739 133 1 20 1
2088210866 133 1 20 1
2088210957 133 1 20 1
2088211000 133 1 20 1
2088211083 133 1 20 1
2088211206 133 1 20 1
2088211257 133 1 20 1
2088211352 133 1 20 1
2088211484 133 1 20 1
2088214323 133 1 20 0
2088219346 133 1 20 1
2088219419 133 1 20 1
2088219506 133 1 20 1
2088219593 133 1 20 1
2088219676 133 1 20 1
2088219767 133 1 20 1
2088219858 133 1 20 1
2088219945 133 1 20 1
2088220032 133 1 20 1
2088220119 133 1 20 1
2088220210 133 1 20 1
2088220301 133 1 20 1
2088220396 133 1 20 1
2088220487 133 1 20 1
2088220578 133 1 20 1
2088220665 133 1 20 1
2088220760 133 1 20 1
2088220857 133 1 20 1
2088220942 133 1 20 1
2088221037 133 1 20 1
2088221132 133 1 20 1
2088221219 133 1 20 1
2088221314 133 1 20 1
2088221405 133 1 20 1
2088223929 133 1 20 0
2088228179 133 1 20 1
2088228260 133 1 20 0
2088228270 133 1 20 1
2088228365 133 1 20 1
2088228457 133 1 20 1
2088228547 133 1 20 1
2088228634 133 1 20 1
2088228729 133 1 20 1
2088228820 133 1 20 1
2088228907 133 1 20 1
2088228998 133 1 20 1
2088229089 133 1 20 1
2088229176 133 1 20 1
2088229267 133 1 20 1
2088229354 133 1 20 1
2088229445 133 1 20 1
2088229540 133 1 20 1
2088229627 133 1 20 1
2088229710 133 1 20 1
2088229801 133 1 20 1
2088229892 133 1 20 1
2088229983 133 1 20 1
2088230082 133 1 20 1
2088230165 133 1 20 1
2088230252 133 1 20 1
2088230347 133 1 20 1
2088231686 133 1 20 0
2088236434 133 1 20 1
2088236519 133 1 20 1
2088236600 133 1 20 0
2088236606 133 1 20 1
2088236609 133 1 20 0
2088236875 133 1 20 1
2088236962 133 1 20 1
2088237049 133 1 20 1
2088237136 133 1 20 1
2088237223 133 1 20 1
2088237314 133 1 20 1
2088237470 133 1 20 1
2088237569 133 1 20 1
2088237655 133 1 20 1
2088237666 133 1 20 1
2088237834 133 1 20 1
2088237844 133 1 20 1
2088238000 133 1 20 1
2088238091 133 1 20 1
2088238113 133 1 20 1
2088238273 133 1 20 1
2088238287 133 1 20 1
2088238455 133 1 20 1
2088238465 133 1 20 1
2088238686 133 1 20 1
2088238811 133 1 20 1
2088238869 133 1 20 1
2088238978 133 1 20 1
2088240328 133 1 20 0
2088246548 133 1 20 1
2088246634 133 1 20 0
2088246637 133 1 20 1
2088246723 133 1 20 1
2088246809 133 1 20 1
2088246899 133 1 20 1
2088246985 133 1 20 1
2088247071 133 1 20 1
2088247157 133 1 20 1
2088247247 133 1 20 1
2088247333 133 1 20 1
2088247423 133 1 20 1
2088247513 133 1 20 1
2088247599 133 1 20 1
2088247649 133 1 20 1
2088247762 133 1 20 1
2088247908 133 1 20 1
2088247994 133 1 20 1
2088248080 133 1 20 1
2088248174 133 1 20 1
2088248260 133 1 20 1
2088248346 133 1 20 1
2088248436 133 1 20 1
2088248522 133 1 20 1
2088248608 133 1 20 1
2088248785 133 1 20 1
2088250392 133 1 20 0
2088255173 133 1 20 1
2088255263 133 1 20 1
2088255349 133 1 20 1
2088255439 133 1 20 1
2088255525 133 1 20 1
2088255615 133 1 20 1
2088255701 133 1 20 1
2088255787 133 1 20 1
2088255873 133 1 20 1
2088255963 133 1 20 1
2088256053 133 1 20 1
2088256139 133 1 20 1
2088256247 133 1 20 1
2088256333 133 1 20 1
2088256419 133 1 20 1
2088256509 133 1 20 1
2088256595 133 1 20 1
2088256681 133 1 20 1
2088256771 133 1 20 1
2088256857 133 1 20 1
2088256943 133 1 20 1
2088257037 133 1 20 1
2088257123 133 1 20 1
2088257209 133 1 20 1
2088259557 83 0 1 1
2088259640 83 0 1 1
2088259723 83 0 1 1
2088259806 83 0 1 1
2088259889 83 0 1 1
2088259972 83 0 1 1
2088260055 83 0 1 1
2088260058 89 0 1 1
2088260138 83 0 1 1
2088260221 83 0 1 1
2088260225 89 0 1 1
2088260304 83 0 1 1
2088260387 83 0 1 1
2088260392 89 0 1 1
2088260470 83 0 1 1
2088260553 83 0 1 1
2088260559 89 0 1 1
2088260636 83 0 1 1
2088260719 83 0 1 1
2088260726 89 0 1 1
2088260802 83 0 1 1
2088260885 83 0 1 1
2088260893 89 0 1 1
2088260968 83 0 1 1
2088261051 83 0 1 1
2088261060 89 0 1 1
2088261134 83 0 1 1
2088261217 83 0 1 1
2088261227 89 0 1 1
2088261300 83 0 1 1
2088261383 83 0 1 1
2088261394 89 0 1 1
2088261466 83 0 1 1
2088261549 83 0 1 1
2088261561 89 0 1 1
2088261632 83 0 1 1
2088261728 89 0 1 1
2088261895 89 0 1 1
2088262062 89 0 1 1
2088265368 133 1 20 1
2088265458 133 1 20 1
2088265544 133 1 20 1
2088265634 133 1 20 1
2088265720 133 1 20 1
2088265853 133 1 20 1
2088265943 133 1 20 1
2088266029 133 1 20 1
2088266119 133 1 20 1
2088266205 133 1 20 1
2088266291 133 1 20 1
2088266381 133 1 20 1
2088266467 133 1 20 1
2088266553 133 1 20 1
2088266643 133 1 20 1
2088266730 133 1 20 1
2088266816 133 1 20 1
2088266902 133 1 20 1
2088266992 133 1 20 1
2088267078 133 1 20 1
2088267216 133 1 20 1
2088267302 133 1 20 1
2088267388 133 1 20 1
2088267478 133 1 20 1
2088268718 83 0 1 1
2088268801 83 0 1 1
2088268884 83 0 1 1
2088268967 83 0 1 1
2088269050 83 0 1 1
2088269133 83 0 1 1
2088269148 89 0 1 1
2088269216 83 0 1 1
2088269231 89 0 1 1
2088269299 83 0 1 1
2088269314 89 0 1 1
2088269382 83 0 1 1
2088269397 89 0 1 1
2088269465 83 0 1 1
2088269480 89 0 1 1
2088269548 83 0 1 1
2088269563 89 0 1 1
2088269631 83 0 1 1
2088269646 89 0 1 1
2088269714 83 0 1 1
2088269729 89 0 1 1
2088269745 89 0 1 1
2088269797 83 0 1 1
2088269880 83 0 1 1
2088269896 89 0 1 1
2088269963 83 0 1 1
2088270046 83 0 1 1
2088270063 89 0 1 1
2088270129 83 0 1 1
2088270212 83 0 1 1
2088270230 89 0 1 1
2088270295 83 0 1 1
2088270378 83 0 1 1
2088270397 89 0 1 1
2088270461 83 0 1 1
2088270544 83 0 1 1
2088270564 89 0 1 1
2088270627 83 0 1 1
2088270710 83 0 1 1
2088270731 89 0 1 1
2088270793 83 0 1 1
2088270898 89 0 1 1
2088271065 89 0 1 1
2088271232 89 0 1 1
2088274564 133 1 20 1
2088274647 133 1 20 1
2088274738 133 1 20 1
2088274825 133 1 20 1
2088274916 133 1 20 1
2088275007 133 1 20 1
2088275098 133 1 20 1
2088275185 133 1 20 1
2088275272 133 1 20 1
2088275359 133 1 20 1
2088275446 133 1 20 1
2088275533 133 1 20 1
2088275620 133 1 20 1
2088275711 133 1 20 1
2088275806 133 1 20 1
2088275889 133 1 20 1
2088275976 133 1 20 1
2088276063 133 1 20 1
2088276150 133 1 20 1
2088276245 133 1 20 1
2088276328 133 1 20 1
2088276415 133 1 20 1
2088276506 133 1 20 1
2088276593 133 1 20 1
2088277806 83 0 1 1
2088277935 83 0 1 1
2088277972 83 0 1 1
2088278105 83 0 1 1
2088278147 83 0 1 1
2088278318 89 0 1 1
2088278320 83 0 1 1
2088278323 83 0 1 1
2088278485 89 0 1 1
2088278486 83 0 1 1
2088278497 83 0 1 1
2088278589 83 0 1 1
2088278652 89 0 1 1
2088278747 83 0 1 1
2088278759 83 0 1 1
2088278819 89 0 1 1
2088278846 83 0 1 1
2088278986 89 0 1 1
2088279004 83 0 1 1
2088279034 83 0 1 1
2088279107 83 0 1 1
2088279153 89 0 1 1
2088279190 83 0 1 1
2088279273 83 0 1 1
2088279320 89 0 1 1
2088279356 83 0 1 1
2088279439 83 0 1 1
2088279507 89 0 1 1
2088279522 83 0 1 1
2088279605 83 0 1 1
2088279654 89 0 1 1
2088279688 83 0 1 1
2088279752 83 0 1 1
2088279821 89 0 1 1
2088279835 83 0 1 1
2088279988 89 0 1 1
2088280155 89 0 1 1
2088280322 89 0 1 1
2088283679 133 1 20 1
2088283762 133 1 20 1
2088283853 133 1 20 1
2088283936 133 1 20 1
2088284019 133 1 20 1
2088284106 133 1 20 1
2088284189 133 1 20 1
2088284272 133 1 20 1
2088284359 133 1 20 1
2088284446 133 1 20 1
2088284537 133 1 20 1
2088284624 133 1 20 1
2088284707 133 1 20 1
2088284790 133 1 20 1
2088284873 133 1 20 1
2088284964 133 1 20 1
2088285047 133 1 20 1
2088285130 133 1 20 1
2088285217 133 1 20 1
2088285316 133 1 20 1
2088285399 133 1 20 1
2088285482 133 1 20 1
2088285565 133 1 20 1
2088285652 133 1 20 1
2088285735 133 1 20 1
2088286921 83 0 1 1
2088287004 83 0 1 1
2088287091 83 0 1 1
2088287188 83 0 1 1
2088287275 83 0 1 1
2088287372 83 0 1 1
2088287429 89 0 1 1
2088287455 83 0 1 1
2088287491 89 0 1 1
2088287556 83 0 1 1
2088287574 89 0 1 1
2088287639 83 0 1 1
2088287657 89 0 1 1
2088287740 89 0 1 1
2088287740 83 0 1 1
2088287823 89 0 1 1
2088287823 83 0 1 1
2088287845 89 0 1 1
2088287924 83 0 1 1
2088287928 89 0 1 1
2088288007 83 0 1 1
2088288095 89 0 1 1
2088288108 83 0 1 1
2088288191 83 0 1 1
2088288262 89 0 1 1
2088288292 83 0 1 1
2088288375 83 0 1 1
2088288429 89 0 1 1
2088288476 83 0 1 1
2088288559 83 0 1 1
2088288596 89 0 1 1
2088288670 83 0 1 1
2088288753 83 0 1 1
2088288763 89 0 1 1
2088288864 83 0 1 1
2088288930 89 0 1 1
2088288947 83 0 1 1
2088289097 89 0 1 1
2088289264 89 0 1 1
2088289431 89 0 1 1
2088292896 133 1 20 1
2088292908 133 1 20 1
2088293059 133 1 20 1
2088293149 133 1 20 1
2088293239 133 1 20 1
2088293325 133 1 20 1
2088293335 133 1 20 1
2088293478 133 1 20 1
2088293509 133 1 20 1
2088293644 133 1 20 1
2088293735 133 1 20 1
2088293762 133 1 20 1
2088293897 133 1 20 1
2088293983 133 1 20 1
2088294015 133 1 20 1
2088294150 133 1 20 1
2088294236 133 1 20 1
2088294326 133 1 20 1
2088294412 133 1 20 1
2088294442 133 1 20 1
2088294533 133 1 20 1
2088294612 133 1 20 1
2088294700 133 1 20 1
2088294786 133 1 20 1
2088294876 133 1 20 1
2088294962 133 1 20 1
2088296033 83 0 1 1
2088296150 83 0 1 1
2088296229 83 0 1 1
2088296312 83 0 1 1
2088296423 83 0 1 1
2088296506 83 0 1 1
2088296517 89 0 1 1
2088296600 89 0 1 1
2088296617 83 0 1 1
2088296683 89 0 1 1
2088296704 83 0 1 1
2088296766 89 0 1 1
2088296814 83 0 1 1
2088296849 89 0 1 1
2088296897 83 0 1 1
2088296932 89 0 1 1
2088297008 83 0 1 1
2088297028 89 0 1 1
2088297095 83 0 1 1
2088297175 89 0 1 1
2088297178 89 0 1 1
2088297202 83 0 1 1
2088297265 89 0 1 1
2088297285 83 0 1 1
2088297396 83 0 1 1
2088297432 89 0 1 1
2088297479 83 0 1 1
2088297590 83 0 1 1
2088297599 89 0 1 1
2088297673 83 0 1 1
2088297766 89 0 1 1
2088297784 83 0 1 1
2088297867 83 0 1 1
2088297933 89 0 1 1
2088297978 83 0 1 1
2088298061 83 0 1 1
2088298100 89 0 1 1
2088298222 133 1 20 0
2088298267 89 0 1 1
2088298436 89 0 1 1
2088298608 89 0 1 1
2088303425 133 1 20 1
2088303503 133 1 20 1
2088303593 133 1 20 1
2088303683 133 1 20 1
2088303769 133 1 20 1
2088303863 133 1 20 1
2088303949 133 1 20 1
2088304043 133 1 20 1
2088304129 133 1 20 1
2088304189 133 1 20 1
2088304283 133 1 20 1
2088304369 133 1 20 1
2088304455 133 1 20 1
2088304541 133 1 20 1
2088304635 133 1 20 1
2088304721 133 1 20 1
2088304807 133 1 20 1
2088304893 133 1 20 1
2088304983 133 1 20 1
2088305069 133 1 20 1
2088305147 83 0 1 1
2088305159 133 1 20 1
2088305230 83 0 1 1
2088305245 133 1 20 1
2088305335 133 1 20 1
2088305352 83 0 1 1
2088305425 133 1 20 1
2088305432 133 1 20 1
2088305435 83 0 1 1
2088305557 83 0 1 1
2088305640 83 0 1 1
2088305694 89 0 1 1
2088305762 83 0 1 1
2088305845 83 0 1 1
2088305854 89 0 1 1
2088305940 89 0 1 1
2088305951 89 0 1 1
2088305967 83 0 1 1
2088306050 83 0 1 1
2088306111 89 0 1 1
2088306172 83 0 1 1
2088306197 89 0 1 1
2088306208 89 0 1 1
2088306255 83 0 1 1
2088306360 89 0 1 1
2088306377 83 0 1 1
2088306446 89 0 1 1
2088306460 83 0 1 1
2088306465 89 0 1 1
2088306582 83 0 1 1
2088306609 89 0 1 1
2088306665 83 0 1 1
2088306696 89 0 1 1
2088306722 89 0 1 1
2088306787 83 0 1 1
2088306862 89 0 1 1
2088306870 83 0 1 1
2088306948 89 0 1 1
2088306979 89 0 1 1
2088306992 83 0 1 1
2088307075 83 0 1 1
2088307115 89 0 1 1
2088307197 83 0 1 1
2088307202 89 0 1 1
2088307364 89 0 1 1
2088307533 89 0 1 1
2088307621 133 1 20 0
2088307702 89 0 1 1
2088311222 133 1 20 1
2088311225 133 1 20 0
2088311315 133 1 20 1
2088311318 133 1 20 1
2088311404 133 1 20 1
2088311490 133 1 20 1
2088311576 133 1 20 1
2088311662 133 1 20 1
2088311697 133 1 20 1
2088311787 133 1 20 1
2088311873 133 1 20 1
2088311959 133 1 20 1
2088312049 133 1 20 1
2088312139 133 1 20 1
2088312225 133 1 20 1
2088312311 133 1 20 1
2088312397 133 1 20 1
2088312483 133 1 20 1
2088312573 133 1 20 1
2088312659 133 1 20 1
2088312745 133 1 20 1
2088312831 133 1 20 1
2088312917 133 1 20 1
2088313003 133 1 20 1
2088313093 133 1 20 1
2088313179 133 1 20 1
2088313269 133 1 20 1
2088313359 133 1 20 1
2088313449 133 1 20 1
2088314283 83 0 1 1
2088314366 83 0 1 1
2088314449 83 0 1 1
2088314532 83 0 1 1
2088314563 133 1 20 0
2088314615 83 0 1 1
2088314698 83 0 1 1
2088314781 83 0 1 1
2088314793 89 0 1 1
2088314864 83 0 1 1
2088314884 89 0 1 1
2088314947 83 0 1 1
2088314958 89 0 1 1
2088315030 83 0 1 1
2088315058 89 0 1 1
2088315113 83 0 1 1
2088315149 89 0 1 1
2088315196 83 0 1 1
2088315215 89 0 1 1
2088315279 83 0 1 1
2088315323 89 0 1 1
2088315362 83 0 1 1
2088315410 89 0 1 1
2088315413 89 0 1 1
2088315445 83 0 1 1
2088315528 83 0 1 1
2088315576 89 0 1 1
2088315611 83 0 1 1
2088315694 83 0 1 1
2088315746 89 0 1 1
2088315777 83 0 1 1
2088315860 83 0 1 1
2088315916 89 0 1 1
2088315943 83 0 1 1
2088316026 83 0 1 1
2088316090 89 0 1 1
2088316109 83 0 1 1
2088316192 83 0 1 1
2088316259 89 0 1 1
2088316275 83 0 1 1
2088316358 83 0 1 1
2088316430 89 0 1 1
2088316554 89 0 1 1
2088316770 89 0 1 1
2088323444 83 0 1 1
2088323527 83 0 1 1
2088323610 83 0 1 1
2088323693 83 0 1 1
2088323776 83 0 1 1
2088323856 89 0 1 1
2088323859 83 0 1 1
2088323942 83 0 1 1
2088324025 83 0 1 1
2088324060 89 0 1 1
2088324108 83 0 1 1
2088324191 83 0 1 1
2088324230 89 0 1 1
2088324274 83 0 1 1
2088324357 83 0 1 1
2088324357 89 0 1 1
2088324440 83 0 1 1
2088324523 83 0 1 1
2088324570 89 0 1 1
2088324606 83 0 1 1
2088324689 83 0 1 1
2088324736 89 0 1 1
2088324776 83 0 1 1
2088324861 89 0 1 1
2088324863 83 0 1 1
2088324950 83 0 1 1
2088325041 83 0 1 1
2088325072 89 0 1 1
2088325124 83 0 1 1
2088325207 83 0 1 1
2088325238 89 0 1 1
2088325290 83 0 1 1
2088325362 89 0 1 1
2088325373 83 0 1 1
2088325458 83 0 1 1
2088325582 89 0 1 1
2088325740 89 0 1 1
2088325863 89 0 1 1
2088333022 89 0 1 1
2088333133 83 0 1 1
2088333136 83 0 1 0
2088333192 89 0 1 1
2088333283 89 0 1 1
2088333299 83 0 1 1
2088333373 83 0 1 0
2088333386 83 0 1 1
2088333389 83 0 1 0
2088333450 89 0 1 1
2088333469 83 0 1 1
2088333539 83 0 1 0
2088333552 83 0 1 1
2088333623 89 0 1 1
2088333635 83 0 1 1
2088333713 83 0 1 0
2088333722 83 0 1 1
2088333784 89 0 1 1
2088333805 83 0 1 1
2088333888 83 0 1 1
2088333971 83 0 1 1
2088333996 89 0 1 1
2088334054 83 0 1 1
2088334141 83 0 1 1
2088334170 89 0 1 1
2088334224 83 0 1 1
2088334307 83 0 1 1
2088334336 89 0 1 1
2088334390 83 0 1 1
2088334429 83 0 1 1
2088334502 89 0 1 1
2088334512 83 0 1 1
2088334595 83 0 1 1
2088334668 89 0 1 1
2088334678 83 0 1 1
2088334761 83 0 1 1
2088334838 89 0 1 1
2088334844 83 0 1 1
2088334927 83 0 1 1
2088335004 89 0 1 1
2088335010 83 0 1 1
2088335093 83 0 1 1
2088335176 83 0 1 1
2088335259 83 0 1 1
2088335342 83 0 1 1
2088335459 83 0 1 1
2088335542 83 0 1 1
2088335625 83 0 1 1
2088335799 83 0 1 1
2088336380 83 0 1 0
2088336836 89 0 1 0
2088348283 89 0 1 1
2088348444 89 0 1 1
2088348631 89 0 1 1
2088348793 89 0 1 1
2088348945 89 0 1 1
2088349133 89 0 1 1
2088349295 89 0 1 1
2088349468 89 0 1 1
2088349641 89 0 1 1
2088349801 89 0 1 1
2088349951 89 0 1 1
2088350118 89 0 1 1
2088350308 89 0 1 1
2088351644 89 0 1 0
2090378165 129 1 24 1
2090378212 129 1 24 0
2090378248 129 1 24 1
2090378295 129 1 24 0
2090378331 129 1 24 1
2090378378 129 1 24 0
2090378414 129 1 24 1
2090378501 129 1 24 1
2090378584 129 1 24 1
2090378667 129 1 24 1
2090378750 129 1 24 1
2090378833 129 1 24 1
2090378916 129 1 24 1
2090378999 129 1 24 1
2090379082 129 1 24 1
2090379169 129 1 24 1
2090379252 129 1 24 1
2090379335 129 1 24 1
2090379422 129 1 24 1
2090379505 129 1 24 1
2090379588 129 1 24 1
2090379671 129 1 24 1
2090379754 129 1 24 1
2090379837 129 1 24 1
2090379924 129 1 24 1
2090380011 129 1 24 1
2090380094 129 1 24 1
2090380177 129 1 24 1
2090380298 129 1 24 1
2090380381 129 1 24 1
2090380468 129 1 24 1
2090381117 129 1 24 0
2090992960 128 1 20 1
2090993050 128 1 20 1
2090993136 128 1 20 1
2090993226 128 1 20 1
2090993312 128 1 20 1
2090993398 128 1 20 1
2090993484 128 1 20 1
2090993570 128 1 20 1
2090993581 128 1 20 1
2090993671 128 1 20 1
2090993757 128 1 20 1
2090993843 128 1 20 1
2090993941 128 1 20 1
2090994027 128 1 20 1
2090994113 128 1 20 1
2090994203 128 1 20 1
2090994289 128 1 20 1
2090994383 128 1 20 1
2090994469 128 1 20 1
2090994555 128 1 20 1
2090994645 128 1 20 1
2090994731 128 1 20 1
2090994742 128 1 20 1
2090994828 128 1 20 1
2090994918 128 1 20 1
2090995012 128 1 20 1
2090999151 128 1 20 0
2091002390 128 1 20 1
2091002393 128 1 20 0
2091002479 128 1 20 1
2091002565 128 1 20 1
2091002655 128 1 20 1
2091002745 128 1 20 1
2091002831 128 1 20 1
2091002921 128 1 20 1
2091003007 128 1 20 1
2091003097 128 1 20 1
2091003183 128 1 20 1
2091003273 128 1 20 1
2091003359 128 1 20 1
2091003445 128 1 20 1
2091003535 128 1 20 1
2091003546 128 1 20 1
2091003715 128 1 20 1
2091003801 128 1 20 1
2091003808 128 1 20 1
2091003894 128 1 20 1
2091003980 128 1 20 1
2091004074 128 1 20 1
2091004160 128 1 20 1
2091004250 128 1 20 1
2091004336 128 1 20 1
2091004426 128 1 20 1
2091004516 128 1 20 1
2091007629 128 1 20 0
2091011123 128 1 20 1
2091011126 128 1 20 0
2091011216 128 1 20 1
2091011306 128 1 20 1
2091011392 128 1 20 1
2091011486 128 1 20 1
2091011576 128 1 20 1
2091011662 128 1 20 1
2091011748 128 1 20 1
2091011755 128 1 20 1
2091011845 128 1 20 1
2091011935 128 1 20 1
2091012021 128 1 20 1
2091012111 128 1 20 1
2091012197 128 1 20 1
2091012283 128 1 20 1
2091012369 128 1 20 1
2091012459 128 1 20 1
2091012549 128 1 20 1
2091012639 128 1 20 1
2091012725 128 1 20 1
2091012815 128 1 20 1
2091012901 128 1 20 1
2091012987 128 1 20 1
2091013077 128 1 20 1
2091013163 128 1 20 1
2091013170 128 1 20 1
2091013260 128 1 20 1
2091017946 128 1 20 0
2092233757 134 1 17 1
2092233820 134 1 17 0
2092233848 134 1 17 1
2092233961 134 1 17 1
2092234022 134 1 17 1
2092234133 134 1 17 1
2092234196 134 1 17 1
2092234287 134 1 17 1
2092234370 134 1 17 1
2092234457 134 1 17 1
2092234544 134 1 17 1
2092234631 134 1 17 1
2092234796 134 1 17 1
2092234799 134 1 17 1
2092234880 134 1 17 1
2092234963 134 1 17 1
2092235050 134 1 17 1
2092235137 134 1 17 1
2092235220 134 1 17 1
2092235307 134 1 17 1
2092235459 134 1 17 1
2092235489 134 1 17 1
2092235572 134 1 17 1
2092235655 134 1 17 1
2092235738 134 1 17 1
2092235825 134 1 17 1
2092235912 134 1 17 1
2092239393 134 1 17 0
2092970901 133 1 19 1
2092971003 133 1 19 1
2092971089 133 1 19 1
2092971179 133 1 19 1
2092971265 133 1 19 1
2092971351 133 1 19 1
2092971441 133 1 19 1
2092971527 133 1 19 1
2092971613 133 1 19 1
2092971699 133 1 19 1
2092971785 133 1 19 1
2092971875 133 1 19 1
2092971961 133 1 19 1
2092972047 133 1 19 1
2092972050 133 1 19 1
2092973981 133 1 19 0
2093045055 130 1 19 1
2093045168 130 1 19 0
2093045171 130 1 19 1
2093045229 130 1 19 1
2093045334 130 1 19 1
2093045403 130 1 19 1
2093045500 130 1 19 1
2093045581 130 1 19 1
2093045672 130 1 19 1
2093045840 130 1 19 1
2093045846 130 1 19 1
2093046006 130 1 19 1
2093046024 130 1 19 1
2093046180 130 1 19 1
2093046198 130 1 19 1
2093046358 130 1 19 1
2093046368 130 1 19 1
2093046463 130 1 19 1
2093046619 130 1 19 1
2093046709 130 1 19 1
2093046728 130 1 19 1
2093046811 130 1 19 1
2093046963 130 1 19 1
2093046981 130 1 19 1
2093047141 130 1 19 1
2093047259 130 1 19 1
2093049975 130 1 19 0
2093320195 130 1 19 1
2093320278 130 1 19 1
2093320361 130 1 19 1
2093320444 130 1 19 1
2093320608 130 1 19 1
2093320615 130 1 19 1
2093320697 130 1 19 1
2093320780 130 1 19 1
2093320863 130 1 19 1
2093320946 130 1 19 1
2093321084 130 1 19 1
2093321112 130 1 19 1
2093321195 130 1 19 1
2093321278 130 1 19 1
2093321361 130 1 19 1
2093321444 130 1 19 1
2093321608 130 1 19 1
2093321619 130 1 19 1
2093321697 130 1 19 1
2093321780 130 1 19 1
2093321863 130 1 19 1
2093321946 130 1 19 1
2093322078 130 1 19 1
2093322112 130 1 19 1
2093322195 130 1 19 1
2093322278 130 1 19 1
2093324771 130 1 19 0
2093328946 130 1 19 1
2093328972 130 1 19 1
2093329055 130 1 19 1
2093329138 130 1 19 1
2093329221 130 1 19 1
2093329304 130 1 19 1
2093329387 130 1 19 1
2093329523 130 1 19 1
2093329557 130 1 19 1
2093329640 130 1 19 1
2093329723 130 1 19 1
2093329874 130 1 19 1
2093329889 130 1 19 1
2093329972 130 1 19 1
2093330133 130 1 19 1
2093330138 130 1 19 1
2093330221 130 1 19 1
2093330304 130 1 19 1
2093330387 130 1 19 1
2093330470 130 1 19 1
2093330557 130 1 19 1
2093330651 130 1 19 1
2093330723 130 1 19 1
2093330806 130 1 19 1
2093330889 130 1 19 1
2093330972 130 1 19 1
2093333722 130 1 19 0
2093864895 133 1 19 1
2093865030 133 1 19 1
2093865061 133 1 19 1
2093865200 133 1 19 1
2093865231 133 1 19 1
2093865378 133 1 19 1
2093865401 133 1 19 1
2093865544 133 1 19 1
2093865567 133 1 19 1
2093865710 133 1 19 1
2093865796 133 1 19 1
2093865882 133 1 19 1
2093865972 133 1 19 1
2093866058 133 1 19 1
2093866148 133 1 19 1
2093866234 133 1 19 1
2093866320 133 1 19 1
2093866406 133 1 19 1
2093866492 133 1 19 1
2093866500 133 1 19 1
2093866623 133 1 19 1
2093866709 133 1 19 1
2093866795 133 1 19 1
2093866885 133 1 19 1
2093866971 133 1 19 1
2093870741 133 1 19 0
2093873701 133 1 19 1
2093873787 133 1 19 1
2093873873 133 1 19 1
2093873959 133 1 19 1
2093874049 133 1 19 1
2093874135 133 1 19 1
2093874221 133 1 19 1
2093874307 133 1 19 1
2093874393 133 1 19 1
2093874483 133 1 19 1
2093874569 133 1 19 1
2093874655 133 1 19 1
2093874741 133 1 19 1
2093874827 133 1 19 1
2093874913 133 1 19 1
2093874999 133 1 19 1
2093875089 133 1 19 1
2093875175 133 1 19 1
2093875261 133 1 19 1
2093875347 133 1 19 1
2093875433 133 1 19 1
2093875523 133 1 19 1
2093875609 133 1 19 1
2093875695 133 1 19 1
2093875781 133 1 19 1
2093879389 133 1 19 0
2093882401 133 1 19 1
2093882487 133 1 19 1
2093882573 133 1 19 1
2093882659 133 1 19 1
2093882745 133 1 19 1
2093882831 133 1 19 1
2093882917 133 1 19 1
2093883007 133 1 19 1
2093883093 133 1 19 1
2093883183 133 1 19 1
2093883269 133 1 19 1
2093883355 133 1 19 1
2093883441 133 1 19 1
2093883527 133 1 19 1
2093883617 133 1 19 1
2093883707 133 1 19 1
2093883793 133 1 19 1
2093883879 133 1 19 1
2093883965 133 1 19 1
2093884051 133 1 19 1
2093884141 133 1 19 1
2093884227 133 1 19 1
2093884313 133 1 19 1
2093884399 133 1 19 1
2093884485 133 1 19 1
2093888093 133 1 19 0
2093891371 133 1 19 1
2093891374 133 1 19 0
2093891543 133 1 19 1
2093891629 133 1 19 0
2093891632 133 1 19 1
2093891718 133 1 19 1
2093891804 133 1 19 0
2093891807 133 1 19 1
2093891897 133 1 19 1
2093891983 133 1 19 1
2093892069 133 1 19 1
2093892155 133 1 19 1
2093892241 133 1 19 1
2093892327 133 1 19 1
2093892421 133 1 19 1
2093892511 133 1 19 1
2093892597 133 1 19 1
2093892683 133 1 19 1
2093892773 133 1 19 1
2093892859 133 1 19 1
2093892945 133 1 19 1
2093893031 133 1 19 1
2093893121 133 1 19 1
2093893207 133 1 19 1
2093893293 133 1 19 1
2093893379 133 1 19 1
2093893465 133 1 19 1
2093893551 133 1 19 1
2093893637 133 1 19 1
2093893723 133 1 19 1
2093893892 133 1 19 1
2093896937 133 1 19 0
2093896983 95 0 1 1
2093897069 95 0 1 1
2093897155 95 0 1 1
2093897241 95 0 1 1
2093897327 95 0 1 1
2093897413 95 0 1 1
2093897499 95 0 1 1
2093897589 95 0 1 1
2093897675 95 0 1 1
2093897761 95 0 1 1
2093897847 95 0 1 1
2093897937 95 0 1 1
2093898027 95 0 1 1
2093898117 95 0 1 1
2093898203 95 0 1 1
2093898289 95 0 1 1
2093898375 95 0 1 1
2093898461 95 0 1 1
2093898547 95 0 1 1
2093898633 95 0 1 1
2093898719 95 0 1 1
2093898805 95 0 1 1
2093898891 95 0 1 1
2093898977 95 0 1 1
2093899063 95 0 1 1
2093900426 95 0 1 0
2093900986 133 1 19 1
2093901072 133 1 19 0
2093901075 133 1 19 1
2093901165 133 1 19 1
2093901251 133 1 19 1
2093901337 133 1 19 1
2093901423 133 1 19 1
2093901513 133 1 19 1
2093901599 133 1 19 1
2093901685 133 1 19 1
2093901771 133 1 19 1
2093901861 133 1 19 1
2093901947 133 1 19 1
2093902033 133 1 19 1
2093902119 133 1 19 1
2093902209 133 1 19 1
2093902295 133 1 19 1
2093902381 133 1 19 1
2093902471 133 1 19 1
2093902557 133 1 19 1
2093902643 133 1 19 1
2093902729 133 1 19 1
2093902819 133 1 19 1
2093902905 133 1 19 1
2093902991 133 1 19 1
2093903081 133 1 19 1
2093904081 95 0 1 1
2093904167 95 0 1 1
2093904253 95 0 1 1
2093904422 95 0 1 1
2093904508 95 0 1 1
2093904594 95 0 1 1
2093904680 95 0 1 1
2093904766 95 0 1 1
2093904852 95 0 1 1
2093904938 95 0 1 1
2093905024 95 0 1 1
2093905110 95 0 1 1
2093905196 95 0 1 1
2093905282 95 0 1 1
2093905368 95 0 1 1
2093905454 95 0 1 1
2093905540 95 0 1 1
2093905626 95 0 1 1
2093905712 95 0 1 1
2093905798 95 0 1 1
2093905884 95 0 1 1
2093905970 95 0 1 1
2093906056 95 0 1 1
2093906142 95 0 1 1
2093907547 133 1 19 0
2093910129 95 0 1 0
2093910772 133 1 19 1
2093910858 133 1 19 0
2093910861 133 1 19 1
2093910947 133 1 19 0
2093910958 133 1 19 1
2093911044 133 1 19 1
2093911134 133 1 19 1
2093911220 133 1 19 1
2093911310 133 1 19 1
2093911400 133 1 19 1
2093911494 133 1 19 1
2093911580 133 1 19 1
2093911670 133 1 19 1
2093911756 133 1 19 1
2093911850 133 1 19 1
2093911936 133 1 19 1
2093912022 133 1 19 1
2093912108 133 1 19 1
2093912202 133 1 19 1
2093912292 133 1 19 1
2093912386 133 1 19 1
2093912472 133 1 19 1
2093912558 133 1 19 1
2093912644 133 1 19 1
2093912730 133 1 19 1
2093912816 133 1 19 1
2093912902 133 1 19 1
2093912988 133 1 19 1
2093913074 133 1 19 1
2093914199 95 0 1 1
2093914285 95 0 1 1
2093914371 95 0 1 1
2093914466 95 0 1 1
2093914552 95 0 1 1
2093914638 95 0 1 1
2093914724 95 0 1 1
2093914810 95 0 1 1
2093914896 95 0 1 1
2093914982 95 0 1 1
2093915068 95 0 1 1
2093915154 95 0 1 1
2093915240 95 0 1 1
2093915326 95 0 1 1
2093915412 95 0 1 1
2093915498 95 0 1 1
2093915512 133 1 19 0
2093915584 95 0 1 1
2093915670 95 0 1 1
2093915756 95 0 1 1
2093915842 95 0 1 1
2093915928 95 0 1 1
2093916014 95 0 1 1
2093916100 95 0 1 1
2093916186 95 0 1 1
2093916272 95 0 1 1
2093918848 95 0 1 0
2093919294 133 1 19 1
2093919384 133 1 19 1
2093919387 133 1 19 0
2093919473 133 1 19 1
2093919559 133 1 19 1
2093919649 133 1 19 1
2093919735 133 1 19 1
2093919821 133 1 19 1
2093919907 133 1 19 1
2093919997 133 1 19 1
2093920083 133 1 19 1
2093920169 133 1 19 1
2093920255 133 1 19 1
2093920341 133 1 19 1
2093920431 133 1 19 1
2093920517 133 1 19 1
2093920603 133 1 19 1
2093920689 133 1 19 1
2093920775 133 1 19 1
2093920865 133 1 19 1
2093920955 133 1 19 1
2093921041 133 1 19 1
2093921127 133 1 19 1
2093921213 133 1 19 1
2093921303 133 1 19 1
2093921555 133 1 19 1
2093923554 95 0 1 1
2093923640 95 0 1 0
2093923643 95 0 1 1
2093923657 133 1 19 0
2093923729 95 0 1 1
2093923815 95 0 1 1
2093923901 95 0 1 1
2093923987 95 0 1 1
2093924073 95 0 1 1
2093924076 95 0 1 0
2093924162 95 0 1 1
2093924165 95 0 1 0
2093924251 95 0 1 1
2093924337 95 0 1 1
2093924423 95 0 1 1
2093924509 95 0 1 1
2093924595 95 0 1 1
2093924671 95 0 1 1
2093924758 95 0 1 1
2093924845 95 0 1 1
2093924988 95 0 1 0
2093924991 95 0 1 1
2093925012 95 0 1 0
2093925019 95 0 1 1
2093925022 95 0 1 0
2093927049 129 1 18 1
2093927052 129 1 18 0
2093927138 129 1 18 1
2093927145 129 1 18 1
2093927235 129 1 18 1
2093927325 129 1 18 1
2093927404 129 1 18 1
2093927490 129 1 18 1
2093927493 129 1 18 1
2093927587 129 1 18 1
2093927673 129 1 18 1
2093927688 133 1 19 1
2093927759 129 1 18 1
2093927774 133 1 19 0
2093927777 133 1 19 1
2093927845 129 1 18 1
2093927863 133 1 19 1
2093927939 129 1 18 1
2093927953 133 1 19 1
2093928025 129 1 18 1
2093928028 129 1 18 1
2093928039 133 1 19 1
2093928125 133 1 19 1
2093928126 129 1 18 1
2093928211 133 1 19 1
2093928220 129 1 18 1
2093928297 133 1 19 1
2093928306 129 1 18 1
2093928387 133 1 19 1
2093928396 129 1 18 1
2093928473 133 1 19 1
2093928486 129 1 18 1
2093928559 133 1 19 1
2093928572 129 1 18 1
2093928645 133 1 19 1
2093928662 129 1 18 1
2093928735 133 1 19 1
2093928752 129 1 18 1
2093928821 133 1 19 1
2093928842 129 1 18 1
2093928907 133 1 19 1
2093928936 129 1 18 1
2093928943 129 1 18 1
2093928997 133 1 19 1
2093929029 129 1 18 1
2093929083 133 1 19 1
2093929115 129 1 18 1
2093929169 133 1 19 1
2093929205 129 1 18 1
2093929255 133 1 19 1
2093929341 133 1 19 1
2093929427 133 1 19 1
2093929513 133 1 19 1
2093929590 133 1 19 1
2093929676 133 1 19 1
2093929762 133 1 19 1
2093929935 133 1 19 1
2093930402 129 1 18 0
2093931589 95 0 1 1
2093931592 95 0 1 0
2093931682 95 0 1 1
2093931693 133 1 19 0
2093931768 95 0 1 0
2093931775 95 0 1 1
2093931861 95 0 1 0
2093931868 95 0 1 1
2093931871 95 0 1 0
2093931961 95 0 1 1
2093931964 95 0 1 0
2093932000 95 0 1 1
2093932038 95 0 1 0
2093932150 95 0 1 1
2093932240 95 0 1 1
2093932257 95 0 1 1
2093932340 95 0 1 1
2093932427 95 0 1 1
2093932510 95 0 1 1
2093932652 95 0 1 1
2093932676 95 0 1 1
2093932823 95 0 1 1
2093932850 95 0 1 1
2093932933 95 0 1 1
2093933016 95 0 1 1
2093933099 95 0 1 1
2093933182 95 0 1 1
2093933269 95 0 1 1
2093933416 95 0 1 1
2093933435 95 0 1 1
2093933522 95 0 1 1
2093933609 95 0 1 1
2093933759 95 0 1 1
2093933762 95 0 1 0
2093933855 95 0 1 1
2093933882 95 0 1 0
2093933948 95 0 1 1
2093933958 95 0 1 0
2093935783 129 1 18 1
2093935869 129 1 18 0
2093935872 129 1 18 1
2093935962 129 1 18 1
2093936000 133 1 19 1
2093936003 133 1 19 0
2093936048 129 1 18 1
2093936089 133 1 19 1
2093936134 129 1 18 1
2093936175 133 1 19 1
2093936224 129 1 18 1
2093936261 133 1 19 1
2093936314 129 1 18 1
2093936347 133 1 19 1
2093936400 129 1 18 1
2093936433 133 1 19 1
2093936486 129 1 18 1
2093936519 133 1 19 1
2093936576 129 1 18 1
2093936605 133 1 19 1
2093936670 129 1 18 1
2093936691 133 1 19 1
2093936756 129 1 18 1
2093936777 133 1 19 1
2093936842 129 1 18 1
2093936863 133 1 19 1
2093936949 133 1 19 1
2093937035 133 1 19 1
2093937121 133 1 19 1
2093937207 133 1 19 1
2093937293 133 1 19 1
2093937379 133 1 19 1
2093937438 129 1 18 1
2093937469 133 1 19 1
2093937555 133 1 19 1
2093937611 129 1 18 0
2093937641 133 1 19 1
2093937727 133 1 19 1
2093937813 133 1 19 1
2093937899 133 1 19 1
2093937985 133 1 19 1
2093938071 133 1 19 1
2093938157 133 1 19 1
2093939670 133 1 19 0
2093945042 133 1 19 1
2093945045 133 1 19 0
2093945131 133 1 19 1
2093945134 133 1 19 0
2093945220 133 1 19 1
2093945310 133 1 19 1
2093945404 133 1 19 1
2093945407 133 1 19 1
2093945493 133 1 19 1
2093945579 133 1 19 1
2093945673 133 1 19 1
2093945759 133 1 19 1
2093945849 133 1 19 1
2093945935 133 1 19 1
2093946021 133 1 19 1
2093946115 133 1 19 1
2093946205 133 1 19 1
2093946291 133 1 19 1
2093946377 133 1 19 1
2093946467 133 1 19 1
2093946557 133 1 19 1
2093946647 133 1 19 1
2093946733 133 1 19 1
2093946819 133 1 19 1
2093946909 133 1 19 1
2093946999 133 1 19 1
2093947085 133 1 19 1
2093947171 133 1 19 1
2093947261 133 1 19 1
2093947351 133 1 19 1
2093948034 133 1 19 0
2093953406 133 1 19 1
2093953412 133 1 19 0
2093953493 133 1 19 1
2093953580 133 1 19 1
2093953667 133 1 19 1
2093953750 133 1 19 1
2093953841 133 1 19 1
2093953924 133 1 19 1
2093954015 133 1 19 1
2093954098 133 1 19 1
2093954249 133 1 19 1
2093954272 133 1 19 1
2093954355 133 1 19 1
2093954442 133 1 19 1
2093954529 133 1 19 1
2093954616 133 1 19 1
2093954703 133 1 19 1
2093954790 133 1 19 1
2093954877 133 1 19 1
2093954964 133 1 19 1
2093955047 133 1 19 1
2093955134 133 1 19 1
2093955221 133 1 19 1
2093955312 133 1 19 1
2093955343 133 1 19 1
2093955430 133 1 19 1
2093955521 133 1 19 1
2093956830 133 1 19 0
2093969601 133 1 19 1
2093969688 133 1 19 1
2093969775 133 1 19 1
2093969862 133 1 19 1
2093969949 133 1 19 1
2093970036 133 1 19 1
2093970123 133 1 19 1
2093970210 133 1 19 1
2093970297 133 1 19 1
2093970384 133 1 19 1
2093970471 133 1 19 1
2093970558 133 1 19 1
2093970645 133 1 19 1
2093970758 133 1 19 1
2093970819 133 1 19 1
2093970906 133 1 19 1
2093970993 133 1 19 1
2093971080 133 1 19 1
2093971167 133 1 19 1
2093971254 133 1 19 1
2093971341 133 1 19 1
2093971428 133 1 19 1
2093971515 133 1 19 1
2093971602 133 1 19 1
2093971865 133 1 19 0
2093989017 133 1 19 1
2093989055 133 1 19 0
2093989100 133 1 19 1
2093989138 133 1 19 0
2093989187 133 1 19 1
2093989221 133 1 19 0
2093989278 133 1 19 1
2093989304 133 1 19 0
2093989365 133 1 19 1
2093989448 133 1 19 1
2093989535 133 1 19 1
2093989618 133 1 19 1
2093989705 133 1 19 1
2093989792 133 1 19 1
2093989879 133 1 19 1
2093989962 133 1 19 1
2093990049 133 1 19 1
2093990136 133 1 19 1
2093990219 133 1 19 1
2093990306 133 1 19 1
2093990397 133 1 19 1
2093990480 133 1 19 1
2093990567 133 1 19 1
2093990654 133 1 19 1
2093990741 133 1 19 1
2093990876 133 1 19 1
2093990911 133 1 19 1
2093990998 133 1 19 1
2093991085 133 1 19 1
2093991168 133 1 19 1
2093991315 133 1 19 1
2093991401 133 1 19 1
2093991491 133 1 19 1
2093991747 133 1 19 0
2094476283 130 1 18 1
2094476314 130 1 18 0
2094476366 130 1 18 1
2094476401 130 1 18 0
2094476453 130 1 18 1
2094476488 130 1 18 0
2094476536 130 1 18 1
2094476623 130 1 18 1
2094476706 130 1 18 1
2094476793 130 1 18 1
2094476880 130 1 18 1
2094476963 130 1 18 1
2094477050 130 1 18 1
2094477133 130 1 18 1
2094477276 130 1 18 1
2094477315 130 1 18 1
2094477401 130 1 18 1
2094477473 130 1 18 1
2094477564 130 1 18 1
2094477647 130 1 18 1
2094477730 130 1 18 1
2094477813 130 1 18 1
2094477896 130 1 18 1
2094477983 130 1 18 1
2094478066 130 1 18 1
2094478149 130 1 18 1
2094478236 130 1 18 1
2094478319 130 1 18 1
2094478402 130 1 18 1
2094478489 130 1 18 1
2094478574 130 1 18 1
2094479682 130 1 18 0
2094488497 130 1 18 1
2094488527 130 1 18 0
2094488665 130 1 18 1
2094488668 130 1 18 0
2094488671 130 1 18 1
2094488697 130 1 18 0
2094488750 130 1 18 1
2094488780 130 1 18 0
2094488837 130 1 18 1
2094488920 130 1 18 1
2094489003 130 1 18 1
2094489086 130 1 18 1
2094489173 130 1 18 1
2094489256 130 1 18 1
2094489339 130 1 18 1
2094489422 130 1 18 1
2094489509 130 1 18 1
2094489592 130 1 18 1
2094489675 130 1 18 1
2094489758 130 1 18 1
2094489849 130 1 18 1
2094489932 130 1 18 1
2094490015 130 1 18 1
2094490098 130 1 18 1
2094490181 130 1 18 1
2094490264 130 1 18 1
2094490351 130 1 18 1
2094490434 130 1 18 1
2094490517 130 1 18 1
2094490613 130 1 18 1
2094490700 130 1 18 1
2094490783 130 1 18 1
2094490866 130 1 18 1
2094491796 130 1 18 0
2094499175 130 1 18 1
2094499178 130 1 18 0
2094499264 130 1 18 1
2094499267 130 1 18 0
2094499353 130 1 18 1
2094499356 130 1 18 0
2094499363 130 1 18 1
2094499449 130 1 18 0
2094499452 130 1 18 1
2094499542 130 1 18 1
2094499628 130 1 18 1
2094499714 130 1 18 1
2094499808 130 1 18 1
2094499894 130 1 18 1
2094499901 130 1 18 1
2094499987 130 1 18 1
2094500077 130 1 18 1
2094500163 130 1 18 1
2094500302 130 1 18 1
2094500388 130 1 18 1
2094500423 130 1 18 1
2094500509 130 1 18 1
2094500574 130 1 18 1
2094500661 130 1 18 1
2094500748 130 1 18 1
2094500839 130 1 18 1
2094500926 130 1 18 1
2094501013 130 1 18 1
2094501144 130 1 18 1
2094501183 130 1 18 1
2094501270 130 1 18 1
2094501294 130 1 18 1
2094501397 130 1 18 1
2094501583 130 1 18 1
2094501998 130 1 18 0
2094846062 134 1 21 1
2094846145 134 1 21 1
2094846188 134 1 21 0
2095216072 134 1 20 1
2095216075 134 1 20 0
2095216082 134 1 20 1
2095216168 134 1 20 1
2095216254 134 1 20 1
2095216344 134 1 20 1
2095216430 134 1 20 1
2095216520 134 1 20 1
2095216606 134 1 20 1
2095216692 134 1 20 1
2095216760 134 1 20 1
2095216850 134 1 20 1
2095216936 134 1 20 1
2095217026 134 1 20 1
2095217116 134 1 20 1
2095217202 134 1 20 1
2095217296 134 1 20 1
2095217412 134 1 20 1
2095217415 134 1 20 1
2095217505 134 1 20 1
2095217595 134 1 20 1
2095217685 134 1 20 1
2095217771 134 1 20 1
2095217857 134 1 20 1
2095217947 134 1 20 1
2095218033 134 1 20 1
2095218119 134 1 20 1
2095218205 134 1 20 1
2095218594 134 1 20 0
2095221233 131 1 20 1
2095221240 131 1 20 0
2095221330 131 1 20 1
2095221420 131 1 20 1
2095221510 131 1 20 1
2095221521 131 1 20 1
2095221611 131 1 20 1
2095221701 131 1 20 1
2095221787 131 1 20 1
2095221881 131 1 20 1
2095221967 131 1 20 1
2095222057 131 1 20 1
2095222147 131 1 20 1
2095222241 131 1 20 1
2095222331 131 1 20 1
2095222421 131 1 20 1
2095222511 131 1 20 1
2095222601 131 1 20 1
2095222691 131 1 20 1
2095222781 131 1 20 1
2095222792 131 1 20 1
2095222882 131 1 20 1
2095222972 131 1 20 1
2095223066 131 1 20 1
2095223160 131 1 20 1
2095223250 131 1 20 1
2095223344 131 1 20 1
2095223438 131 1 20 1
2095225499 134 1 20 1
2095225585 134 1 20 0
2095225588 134 1 20 1
2095225714 134 1 20 0
2095225717 134 1 20 1
2095225720 134 1 20 0
2095225823 134 1 20 1
2095225968 134 1 20 1
2095225971 134 1 20 0
2095226057 134 1 20 1
2095226147 134 1 20 0
2095226558 131 1 20 0
2095232589 131 1 20 1
2095232696 131 1 20 0
2095232699 131 1 20 1
2095232789 131 1 20 1
2095232842 131 1 20 1
2095232945 131 1 20 1
2095233039 131 1 20 1
2095233125 131 1 20 1
2095233211 131 1 20 1
2095233301 131 1 20 1
2095233348 131 1 20 1
2095233451 131 1 20 1
2095233537 131 1 20 1
2095233597 131 1 20 1
2095233708 131 1 20 1
2095233798 131 1 20 1
2095233858 131 1 20 1
2095233965 131 1 20 1
2095234055 131 1 20 1
2095234145 131 1 20 1
2095234235 131 1 20 1
2095234325 131 1 20 1
2095234368 131 1 20 1
2095234463 131 1 20 1
2095234553 131 1 20 1
2095234712 131 1 20 1
2095234814 131 1 20 1
2095242524 131 1 20 1
2095242610 131 1 20 1
2095242659 131 1 20 1
2095242781 131 1 20 1
2095242867 131 1 20 1
2095242908 131 1 20 1
2095243032 131 1 20 1
2095243118 131 1 20 1
2095243161 131 1 20 1
2095243283 131 1 20 1
2095243373 131 1 20 1
2095243414 131 1 20 1
2095243532 131 1 20 1
2095243622 131 1 20 1
2095243712 131 1 20 1
2095243802 131 1 20 1
2095243833 131 1 20 1
2095243959 131 1 20 1
2095244045 131 1 20 1
2095244086 131 1 20 1
2095244208 131 1 20 1
2095244302 131 1 20 1
2095244339 131 1 20 1
2095244465 131 1 20 1
2095244551 131 1 20 1
2095244588 131 1 20 1
2095252674 131 1 20 1
2095252786 131 1 20 1
2095252848 131 1 20 1
2095252944 131 1 20 1
2095253018 131 1 20 1
2095253118 131 1 20 1
2095253188 131 1 20 1
2095253280 131 1 20 1
2095253358 131 1 20 1
2095253446 131 1 20 1
2095253528 131 1 20 1
2095253624 131 1 20 1
2095253694 131 1 20 1
2095253782 131 1 20 1
2095253868 131 1 20 1
2095253954 131 1 20 1
2095254048 131 1 20 1
2095254117 131 1 20 1
2095254217 131 1 20 1
2095254342 131 1 20 1
2095254436 131 1 20 1
2095254457 131 1 20 1
2095254540 131 1 20 1
2095254652 131 1 20 1
2095254659 131 1 20 1
2095254736 131 1 20 1
2095258096 131 1 20 0
2095261687 131 1 20 1
2095261770 131 1 20 1
2095261871 131 1 20 1
2095261940 131 1 20 1
2095262023 131 1 20 1
2095262106 131 1 20 1
2095262208 131 1 20 1
2095262215 131 1 20 1
2095262292 131 1 20 1
2095262379 131 1 20 1
2095262462 131 1 20 1
2095262545 131 1 20 1
2095262632 131 1 20 1
2095262715 131 1 20 1
2095262798 131 1 20 1
2095262879 131 1 20 1
2095262966 131 1 20 1
2095263049 131 1 20 1
2095263137 131 1 20 1
2095263219 131 1 20 1
2095263302 131 1 20 1
2095263385 131 1 20 1
2095263472 131 1 20 1
2095263555 131 1 20 1
2095263638 131 1 20 1
2095263657 131 1 20 1
2095263758 131 1 20 1
2095267208 131 1 20 0
2096277126 33 0 1 1
2096277253 33 0 1 0
2096277256 33 0 1 1
2096277276 33 0 1 0
2096277296 33 0 1 1
2096277383 33 0 1 1
2096277484 33 0 1 1
2096277570 33 0 1 1
2096277636 33 0 1 1
2096277751 33 0 1 1
2096277802 33 0 1 1
2096277885 33 0 1 1
2096278001 33 0 1 1
2096278055 33 0 1 1
2096278138 33 0 1 1
2096278249 33 0 1 1
2096278304 33 0 1 1
2096278387 33 0 1 1
2096278498 33 0 1 1
2096278557 33 0 1 1
2096278664 33 0 1 1
2096278723 33 0 1 1
2096278806 33 0 1 1
2096278913 33 0 1 1
2096278976 33 0 1 1
2096279059 33 0 1 1
2096279146 33 0 1 1
2096279340 33 0 1 1
2096281844 33 0 1 0
2096285811 33 0 1 1
2096285897 33 0 1 0
2096285904 33 0 1 1
2096285974 33 0 1 1
2096286104 33 0 1 1
2096286120 33 0 1 1
2096286207 33 0 1 1
2096286290 33 0 1 1
2096286373 33 0 1 1
2096286460 33 0 1 1
2096286543 33 0 1 1
2096286689 33 0 1 1
2096286713 33 0 1 1
2096286796 33 0 1 1
2096286883 33 0 1 1
2096287017 33 0 1 1
2096287049 33 0 1 1
2096287132 33 0 1 1
2096287219 33 0 1 1
2096287306 33 0 1 1
2096287432 33 0 1 1
2096287480 33 0 1 1
2096287563 33 0 1 1
2096287650 33 0 1 1
2096287737 33 0 1 1
2096287830 33 0 1 1
2096287984 33 0 1 1
2096289428 33 0 1 0
2097029923 68 0 1 1
2097030052 68 0 1 0
2097030055 68 0 1 1
2097030090 68 0 1 1
2097030176 68 0 1 1
2097030259 68 0 1 1
2097030346 68 0 1 1
2097030429 68 0 1 1
2097030512 68 0 1 1
2097030599 68 0 1 1
2097030682 68 0 1 1
2097030769 68 0 1 1
2097030852 68 0 1 1
2097030935 68 0 1 1
2097031022 68 0 1 1
2097031105 68 0 1 1
2097031188 68 0 1 1
2097031275 68 0 1 1
2097031358 68 0 1 1
2097031445 68 0 1 1
2097031544 68 0 1 1
2097031615 68 0 1 1
2097031714 68 0 1 1
2097031785 68 0 1 1
2097031876 68 0 1 1
2097031951 68 0 1 1
2097032208 68 0 1 1
2097033702 68 0 1 0
2097528013 134 1 18 1
2097528103 134 1 18 0
2097528106 134 1 18 1
2097528225 134 1 18 1
2097528319 134 1 18 1
2097528326 134 1 18 1
2097528474 134 1 18 1
2097528492 134 1 18 1
2097528640 134 1 18 1
2097528730 134 1 18 1
2097528820 134 1 18 1
2097528832 134 1 18 1
2097528972 134 1 18 1
2097529062 134 1 18 1
2097529156 134 1 18 1
2097529180 134 1 18 1
2097529304 134 1 18 1
2097529350 134 1 18 1
2097529474 134 1 18 1
2097529560 134 1 18 1
2097529599 134 1 18 1
2097529719 134 1 18 1
2097529809 134 1 18 1
2097529903 134 1 18 1
2097529943 134 1 18 1
2097530045 134 1 18 1
2097530226 134 1 18 1
2097532569 134 1 18 0
2097536650 134 1 18 1
2097536740 134 1 18 1
2097536830 134 1 18 1
2097536924 134 1 18 1
2097537014 134 1 18 1
2097537100 134 1 18 1
2097537194 134 1 18 1
2097537280 134 1 18 1
2097537374 134 1 18 1
2097537460 134 1 18 1
2097537550 134 1 18 1
2097537640 134 1 18 1
2097537730 134 1 18 1
2097537820 134 1 18 1
2097537910 134 1 18 1
2097538000 134 1 18 1
2097538090 134 1 18 1
2097538180 134 1 18 1
2097538187 134 1 18 1
2097538273 134 1 18 1
2097538367 134 1 18 1
2097538453 134 1 18 1
2097538547 134 1 18 1
2097538633 134 1 18 1
2097538727 134 1 18 1
2097540383 134 1 18 0
2097545689 134 1 18 1
2097545783 134 1 18 0
2097545786 134 1 18 1
2097545872 134 1 18 1
2097545962 134 1 18 1
2097546052 134 1 18 1
2097546142 134 1 18 1
2097546232 134 1 18 1
2097546322 134 1 18 1
2097546412 134 1 18 1
2097546423 134 1 18 1
2097546509 134 1 18 1
2097546599 134 1 18 1
2097546689 134 1 18 1
2097546775 134 1 18 1
2097546865 134 1 18 1
2097546959 134 1 18 1
2097547045 134 1 18 1
2097547139 134 1 18 1
2097547225 134 1 18 1
2097547319 134 1 18 1
2097547413 134 1 18 1
2097547507 134 1 18 1
2097547514 134 1 18 1
2097547608 134 1 18 1
2097547698 134 1 18 1
2097547788 134 1 18 1
2097547886 134 1 18 1
2097549510 134 1 18 0
2097556077 134 1 18 1
2097556171 134 1 18 0
2097556174 134 1 18 1
2097556260 134 1 18 0
2097556263 134 1 18 1
2097556349 134 1 18 0
2097556352 134 1 18 1
2097556442 134 1 18 1
2097556532 134 1 18 1
2097556618 134 1 18 1
2097556704 134 1 18 1
2097556798 134 1 18 1
2097556884 134 1 18 1
2097556970 134 1 18 0
2097556973 134 1 18 1
2097557063 134 1 18 1
2097557149 134 1 18 0
2097557152 134 1 18 1
2097557242 134 1 18 0
2097557245 134 1 18 1
2097557248 134 1 18 0
2097557334 134 1 18 1
2097557341 134 1 18 0
2097557344 134 1 18 1
2097557347 134 1 18 0
2097557437 134 1 18 1
2097557440 134 1 18 0
2097557530 134 1 18 1
2097557533 134 1 18 0
2097557880 134 1 18 1
2097557966 134 1 18 0
2097557969 134 1 18 1
2097558059 134 1 18 0
2097558145 134 1 18 1
2097558235 134 1 18 0
2097558495 134 1 18 1
2097558498 134 1 18 0
2097566106 134 1 18 1
2097566196 134 1 18 0
2097566199 134 1 18 1
2097566285 134 1 18 0
2097566288 134 1 18 1
2097566461 134 1 18 0
